tree
version=v4
num_class=1
num_tree_per_iteration=1
label_index=0
max_feature_idx=50
objective=lambdarank
feature_names=term_alignment term_consensus term_coverage term_orthogonality term_third_axis term_camera_prior term_crop term_jacobian term_fov term_identity vertical_strength horizontal_strength crop_scale frozen_energy best_energy_gap frozen_rank_percentile prepared_line_count vp_cluster_count vertical_count vertical_total_length vertical_mean_length vertical_mean_score vertical_x_mean vertical_y_mean vertical_x_std vertical_y_std vertical_cell_coverage vertical_bbox_width vertical_bbox_height vertical_axis_alignment horizontal_count horizontal_total_length horizontal_mean_length horizontal_mean_score horizontal_x_mean horizontal_y_mean horizontal_x_std horizontal_y_std horizontal_cell_coverage horizontal_bbox_width horizontal_bbox_height horizontal_axis_alignment supporter_count_ratio supporter_length_ratio supporter_overlap supporter_center_distance intersection_finite_ratio intersection_inside_ratio intersection_x_std intersection_y_std intersection_center_distance
feature_infos=[0.72630947828292847:21.162357330322266] [0.2322557121515274:0.88719391822814941] [0:0.8125] [6.1568556702695787e-05:1.4901859760284424] [0.59904497861862183:1] [0.005450716707855463:3.8887088298797607] [0:26.00200080871582] [0.00086107273818925023:15.599103927612305] none [6.7009670601692051e-05:53.368961334228516] [0:1] [0.5:1] [1:2.000999927520752] [7.3475346565246582:139.80024719238281] [0:110.41178894042969] [0:1] [0.10546875:0.5] [0.796875:1.015625] [0.015625:1] [0.0014851407613605261:0.20913277566432953] [0.023762252181768417:0.081148989498615265] [19.666666030883789:108.625] [0.074422113597393036:0.92992007732391357] [0.2234821617603302:0.96985447406768799] [0.043876215815544128:0.42602482438087463] [0.00092881917953491211:0.35405334830284119] [0.0625:1] [0.10172826051712036:0.99605733156204224] [0.035022437572479248:0.99541795253753662] [0.48574402928352356:0.99979919195175171] [0.0703125:1] [0.0082598626613616943:0.23749449849128723] [0.024452179670333862:0.099127091467380524] [20.875:149.81817626953125] [0.094337359070777893:0.92362034320831299] [0.1538679301738739:0.96665918827056885] [0.033887863159179688:0.40426117181777954] [0.0077354530803859234:0.39835181832313538] [0.1875:1] [0.11699181795120239:0.99624282121658325] [0.055637061595916748:0.99593305587768555] [0.1439821720123291:0.9998822808265686] [0.01587301678955555:1] [0.012521128170192242:0.99999231100082397] [0:0.8571428656578064] [0.0017141086282208562:0.63619810342788696] [0.96296298503875732:1] [0.041666667908430099:1] [0.031863786280155182:1.5282458066940308] [0.025953482836484909:1.8778845071792603] [0.0015817442908883095:2.6869077682495117]
tree_sizes=3423 3424 3439 3449 3435 3451 3458 3462 3460 3447 3452 3460 3439 3444 3448 3456 3468 3450 3450 3474 3470 3435 3458 3468 3461 3473 3468 3442 3478 3446 3447 3480 3416 3466 3448 3434 3476 3467 3458 3443 3450 3404 3473 3232 3484 3174 3452 3476 3483 3430 3454 3479 3486 3497 3451 3452 3466 3471 3086 3473 3403 3424 3454 3493 3472 3442 3478 3495 3479 3491 3466 3486 3495 3458 3488 3477 3500 3395 3443 3237 3391 3482 3487 3490 3466 3495 3503 3438 3473 3478 3479 3433 3476 3473 3116 3476 3465 3487 3507 3488 3460 3448 3494 3504 3510 3502 3476 3509 3490 3433 3509 3510 3305 3431 3426 3461 3503 3501 3482 3496 3472 3488 3472 3473 3468 3489 3363 3512 3529 3437 3521 3492 3493 3516 3464 3524 3419 3496 3419 2760 3468 3467 3486 3481 3352 3504 3494 3505 3455 3516 3490 3503 3390 3415 3372 3469 2647 2698 3492 3342 3467 3464 3135 3397 3447 3388 2023 3432 3507 3074 3485 2878 3489 3507 2764 3454 3452 3489 3481 3488 3460 3446 3400 3458 3438 3462 3438 3008 3378 3525 3034 3401 3482 3293 3439 3061 3390 3491 3413 3414 3394 3490 3249 3377 3464 3478 3450 3453 3424 3403 3454 3525 3444 3532 3381 3408 3448 3421 3477 3447 3464 3440 3441 3463 3451 3416 3437 3434 3415 3374 3422 3412 3412 3482 3387 3359 3418 3380 3450 3473 3456 3437 3517 3417 3449 3461 3444 3369 3401 3506

Tree=0
num_leaves=31
num_cat=0
split_feature=14 41 0 14 15 32 23 4 5 0 11 14 48 49 27 29 15 41 15 29 40 22 36 41 27 2 14 23 46 2
split_gain=230.493 18.4366 16.45 19.1261 12.2992 10.8148 6.81586 6.49209 6.11576 6.03916 4.98168 4.89873 5.89089 6.35249 4.01252 3.33974 3.06629 2.70142 2.42174 2.40433 2.27975 2.22127 2.1553 2.01807 1.8552 1.50089 1.34146 1.25291 1.23223 1.17204
threshold=2.244282722473145 0.95334038138389599 12.854410171508791 6.3730554580688485 0.44505494832992559 0.056600682437419898 0.52144470810890209 0.94492921233177196 0.74799931049346935 9.2474179267883319 0.62500000000000011 0.30122286081314092 0.36955238878726965 0.49120835959911352 0.68354478478431713 0.997378170490265 0.51666668057441723 0.81655141711235057 0.2225274741649628 0.88592582941055309 0.82106226682662975 0.39673000574111944 0.32903383672237402 0.99775919318199169 0.91443690657615673 0.42187500000000006 23.201871871948246 0.38428433239459997 0.99013769626617443 0.45312500000000006
decision_type=2 2 2 2 2 2 2 2 2 2 2 2 2 2 2 2 2 2 2 2 2 2 2 2 2 2 2 2 2 2
left_child=1 10 3 8 5 14 26 23 15 18 11 12 13 -1 -3 16 -2 -14 -9 -8 -11 -13 -16 -5 -12 -17 -4 -23 -21 -6
right_child=2 4 6 7 29 -7 19 9 -10 20 24 21 17 -15 22 25 -18 -19 -20 28 -22 27 -24 -25 -26 -27 -28 -29 -30 -31
leaf_value=0.02474559159304868 -0.00054065907057452211 -0.0030358772766060924 0.0056980632102715308 -0.048895760940165442 -0.024534714040989496 -0.016476993430332435 -0.0095624847171920241 0.0024465003593151431 -0.03330647500990027 0.0053796228828035531 0.0015357935071746186 0.017664215153436844 0.042174835122241273 -0.027304050162078496 0.052120727530653478 -0.0005445004663701845 -0.023299456438219748 0 -0.040247487470837666 -0.0050582229611643185 -0.020927706983877532 -0.028727837139839275 0.0021929497034316029 0 0.046025664226614839 0.026371513733662245 -0.032550037636259285 -0.003326872545348367 0.03594441004161384 0.007992742788241804
leaf_weight=3.2805195655673769 12.068172654369851 1.0342646073549975 0.59624427335802321 43.237974202987971 1.7492421713541255 1.7639724896289397 0.90886382374446828 1.0266647879034341 9.0322790394129679 5.4696450220071693 1.2255678419023741 2.6504139241296789 7.6310227587819082 3.1567428428679705 52.464545368449762 3.373876855330308 9.0283297167334222 1.6593874003738163 15.800963527930433 0.34551437105983485 4.5020512606424745 1.3964721118682053 1.0083944704383601 0.65393166340072539 5.1032314916374162 2.57770022546174 2.1679903590702452 9.2548552556545456 5.0895097597385757 0.78195171168772493
leaf_count=99 1209 52 72 2030 182 98 250 41 1088 364 130 202 137 69 2357 368 1306 56 956 33 313 68 27 76 353 184 97 770 1142 173
internal_value=-5.61958e-05 0.0345941 -0.0282928 -0.0315822 0.0448659 0.0477779 0.00927984 -0.0406154 -0.0131847 -0.026928 0.016665 0.0105092 0.0213458 -0.000614732 0.0501708 -0.00541043 -0.0110298 0.0354348 -0.0374833 0.0255756 -0.00704914 -0.00269061 0.0512918 -0.0481198 0.0392047 0.0127982 -0.0241809 -0.00909442 0.0324906 -0.0142188
internal_weight=210.04 94.1606 115.88 106.772 58.8024 56.2712 9.10812 70.6912 36.0804 26.7993 35.3582 29.0294 15.7277 6.43726 54.5072 27.0481 21.0965 9.29041 16.8276 6.34389 9.9717 13.3017 53.4729 43.8919 6.3288 5.95158 2.76423 10.6513 5.43502 2.53119
internal_count=14302 4773 9529 7935 2889 2534 1594 3780 4155 1674 1884 1401 361 168 2436 3067 2515 193 997 1425 677 1040 2384 2106 483 552 169 838 1175 355
is_linear=0
shrinkage=0.03


Tree=1
num_leaves=31
num_cat=0
split_feature=15 14 0 41 14 4 11 23 7 14 4 32 29 44 40 41 45 0 14 5 32 41 15 22 9 4 10 13 1 35
split_gain=466.783 83.9986 95.909 48.669 35.0217 34.925 31.8733 26.1238 21.3798 21.1379 20.3565 18.9372 16.7163 18.956 14.3625 16.6636 13.1869 12.9244 15.4408 11.8861 11.8477 11.6528 10.8747 10.8236 10.7491 9.93496 9.27563 13.1324 8.87011 8.53682
threshold=0.14835165441036227 3.8798884153366093 10.423141479492189 0.95334038138389599 12.624236583709719 0.91865441203117382 0.62500000000000011 0.43055567145347601 2.2316734790802006 1.0000000180025095e-35 0.94492921233177196 0.038555186241865165 0.955944985151291 0.17902930825948718 0.51010772585868847 0.99191969633102428 0.073284186422824873 6.8312759399414071 1.9015154838562014 0.63865065574646007 0.050485622137784965 0.99964895844459545 0.57738095521926891 0.58940142393112194 0.39398631453514105 0.91330155730247509 0.62500000000000011 47.048004150390632 0.76099026203155529 0.49731068313121801
decision_type=2 2 2 2 2 2 2 2 2 2 2 2 2 2 2 2 2 2 2 2 2 2 2 2 2 2 2 2 2 2
left_child=3 6 4 9 8 12 16 -7 22 23 -10 -9 13 -4 15 28 -2 24 -19 20 -8 -17 -3 -1 -11 -21 27 -6 -5 -25
right_child=1 2 5 14 26 7 19 11 10 17 -12 -13 -14 -15 -16 21 -18 18 -20 25 -22 -23 -24 29 -26 -27 -28 -29 -30 -31
leaf_value=0.042019016054223736 0.016033043062119594 0.037760572700757916 0.0391701318614852 0.019047828484643255 -0.040272622202044084 -0.041011488419135426 0.04026897801676127 0.02952590274475294 -0.036965977504227615 -0.004926556024299142 -0.014635786918992814 0.00070963196860740995 -0.039785295299986499 -0.030093170435725788 0.051471731979111625 0.046665096653349593 -0.0095699279989412325 -0.02461738703958663 0.016125016284187357 0.037941722348455352 -0.0036565518298216546 -0.017224363286921427 -0.0078524603025934125 -0.031150340928595106 0.039394666480760017 -0.013884252653881999 -0.05189131142728149 0 -0.037690627542924314 0.025056705794338184
leaf_weight=31.736747278366238 20.955600678455085 5.6900395806878832 5.8178152067121101 4.0417050290852812 36.27203213237226 7.1692406302317968 28.87068034010008 40.651730137178674 78.953486202983186 7.2187072448432472 73.064465547213331 40.99610561132431 22.27887164754793 6.4253021813929081 113.82528838608414 19.890668668784205 102.00949001871049 17.738777610240508 14.138294761767609 3.5838388791307798 6.4372757961973539 2.3374352306127539 14.839500681031494 3.0399870574474317 12.634940132265909 11.15417120978236 67.111223657149822 9.2276815949007851 3.917038768529892 5.0923830103129148
leaf_count=283 454 115 389 53 470 63 1111 770 1528 78 1446 919 294 105 1139 279 2286 304 184 119 208 23 414 21 237 336 468 137 13 54
internal_value=6.20704e-05 -0.0143679 -0.0217741 0.0355991 -0.031306 0.000313828 0.00312656 0.010294 -0.0225547 0.0181624 -0.0264188 0.0152769 -0.0248453 0.00306603 0.0464674 0.0264563 -0.00508835 0.00524285 -0.00651501 0.023074 0.0322978 0.0393652 0.00581716 0.0343138 0.0236723 0.000137702 -0.0443722 -0.0323396 -0.00963224 0.002607
internal_weight=817.121 581.509 408.497 235.612 285.158 123.339 173.011 88.8171 172.547 91.5998 152.018 81.6478 34.522 12.2431 144.012 30.1868 122.965 51.7307 31.8771 50.046 35.308 22.2281 20.5295 39.8691 19.8536 14.738 112.611 45.4997 7.95874 8.13237
internal_count=14300 11632 7118 2668 4578 2540 4514 1752 3503 1161 2974 1689 788 494 1507 368 2740 803 488 1774 1319 302 529 358 315 455 1075 607 66 75
is_linear=0
shrinkage=0.03


Tree=2
num_leaves=31
num_cat=0
split_feature=14 0 14 41 0 32 23 44 5 39 34 35 41 40 15 29 4 41 21 24 29 15 5 35 5 3 6 30 36 3
split_gain=333.713 61.8671 68.5365 56.8955 29.9984 20.2462 18.9462 16.1819 16.069 17.0947 19.8901 15.9625 17.4578 15.9185 15.6941 15.596 15.5645 14.9208 14.403 12.1232 12.0407 11.2377 10.9127 10.6615 9.69934 9.62836 8.86263 8.74234 6.83322 5.94224
threshold=1.8718484044075014 12.854410171508791 5.3130140304565439 0.95334038138389599 10.423141479492189 0.056600682437419898 0.63347890973091137 0.29893617331981664 0.74799931049346935 0.90321826934814464 0.57327276468276989 0.45295611023902899 0.81655141711235057 0.81440076231956493 0.72380954027175914 0.98121124505996715 0.92706185579299938 0.95334038138389599 41.394445419311531 0.26211702823638922 0.99960452318191539 0.14835165441036227 0.21691232174634936 0.51151019334793102 0.37272305786609655 0.51719594001770031 0.10398589074611665 0.11328125000000001 0.32903383672237402 0.30598346889019018
decision_type=2 2 2 2 2 2 2 2 2 2 2 2 2 2 2 2 2 2 2 2 2 2 2 2 2 2 2 2 2 2
left_child=3 2 8 6 17 14 11 15 9 23 -11 12 -1 16 20 26 -6 21 -13 -19 28 -4 -8 -2 -20 -24 27 -3 -5 -9
right_child=1 7 4 5 13 -7 22 29 -10 10 -12 18 -14 -15 -16 -17 -18 19 24 -21 -22 -23 25 -25 -26 -27 -28 -29 -30 -31
leaf_value=-0.035648728537771998 0.0097792465838926357 -0.014148171014468185 0.00469261487542574 0.046487863152740713 -0.022514563767884459 -0.018665293273780848 -0.034314924122265784 0.01275304269528372 -0.022507271426262403 0.0184030218994987 -0.014914071450222945 -0.0182525208960982 0.032355559193547011 -0.028771094496303058 -0.031986734357110108 -0.037581938580603554 0.015753358877940077 0.019941090557408836 0.033877869095390416 -0.025323513816559305 -0.013890990433517497 -0.038239501327700952 0.030800226980556709 -0.025277766113914048 -0.0025651218522919489 -0.033422024449759002 -0.018524824652499369 0.040694686538128952 -0.0075065354748543485 -0.037810891961856372
leaf_weight=8.5569128786446509 10.47162767825648 2.2935709916055229 5.3327161229681215 130.84647930623032 13.972937269951215 4.335785834118723 10.743258154485376 2.5772115518338969 27.374515905510634 62.488247883971781 20.681740023661405 5.7816757382825008 4.3060309737920752 23.556701290886849 1.7472360134124745 2.2746610939502707 25.44547392334789 7.2865680796094265 45.989884909242392 14.023090623086317 2.6257935371249905 165.70426159631461 5.4405972082167855 24.462959740310907 7.3095388575457028 2.14057443337515 2.2133317552506915 29.331796473008581 1.7843663841485966 4.6443100521573797
leaf_count=136 294 31 57 2325 263 90 135 35 933 1778 553 107 179 408 22 16 310 418 742 374 40 2633 153 536 118 19 48 1372 28 67
internal_value=0.000197785 -0.0150155 -0.018704 0.029323 -0.0280397 0.0411588 0.0105102 0.018684 -0.00221931 0.00260737 0.0100037 0.0174354 -0.0119752 -0.00980111 0.0431953 0.0268407 0.0018926 -0.033914 0.0239812 -0.00951132 0.0444161 -0.036864 -0.0160192 -0.0147062 0.0288696 0.0105356 0.0322118 0.0363136 0.0456883 -0.0200445
internal_weight=675.744 444.136 400.801 231.608 255.322 141.34 90.2685 43.3349 145.479 118.105 83.17 71.944 12.8629 62.9751 137.004 36.1134 39.4184 192.347 59.0811 21.3097 135.257 171.037 18.3244 34.9346 53.2994 7.58117 33.8387 31.6254 132.631 7.22152
internal_count=14220 10126 8557 4094 4463 2505 1589 1569 4094 3161 2331 1282 315 981 2415 1467 573 3482 967 792 2393 2690 307 830 860 172 1451 1403 2353 102
is_linear=0
shrinkage=0.03


Tree=3
num_leaves=31
num_cat=0
split_feature=14 15 0 14 4 0 41 44 0 37 41 14 23 34 39 16 29 5 36 29 36 49 19 28 50 28 5 15 4 5
split_gain=251.335 37.1155 32.1005 39.879 24.1992 19.6853 16.4481 16.3766 16.2086 14.793 14.5664 13.9683 11.5458 10.7735 11.5251 10.545 10.4127 10.1143 9.97357 24.0596 9.89076 9.13205 11.767 8.48342 7.85729 7.52202 6.97328 6.79649 9.69587 6.72521
threshold=1.8718484044075014 0.069047622382640853 12.854410171508791 3.7055462598800664 0.93325790762901317 6.2989847660064706 0.9809255599975587 0.29893617331981664 9.3771729469299334 0.15131669491529467 0.88144513964653026 9.53045701980591 0.58265525102615368 0.56564378738403331 0.90727195143699657 0.36035156250000006 0.98451656103134166 0.36752028763294226 0.26329404115676885 0.99684152007102977 0.32064116001129156 0.94084015488624584 0.046429147943854339 0.73828485608100902 0.21226840466260913 0.9317646622657777 0.11719531565904619 0.29670330882072454 0.94526639580726635 0.1443305239081383
decision_type=2 2 2 2 2 2 2 2 2 2 2 2 2 2 2 2 2 2 2 2 2 2 2 2 2 2 2 2 2 2
left_child=1 10 3 13 6 20 -5 12 11 -10 21 -6 15 14 24 -4 -15 -16 -12 -20 27 22 -1 -8 -2 -17 -18 -3 -29 -24
right_child=2 5 7 4 8 -7 23 -9 9 -11 18 -13 -14 16 17 25 26 -19 19 -21 -22 -23 29 -25 -26 -27 -28 28 -30 -31
leaf_value=0.033711116545391689 0.012369619002129016 0.031403326377685385 -0.033343488948678265 -0.03583306965735298 -0.012032786430019629 -0.010162877859522751 -0.017316042257763915 -0.03295666156242754 0.025228457024952539 -0.010344697796268646 0.050132340973353472 -0.035874216737955156 0.034781606902718802 0.017677359086316777 0.024741695686413896 0.035218175645251155 0.0015181340878568106 -0.0053995876709592473 0.041964012836263817 -0.013963612434351071 -0.024478012108820685 0.035936924546543181 -0.029805406452531914 0.032019988988888637 -0.028741335413940194 -0.012764929877270879 -0.037196036630760841 0.025094215527485669 -0.020203918519294341 0.016016962404430304
leaf_weight=5.8921547792851987 5.8497937110951161 34.771533900639042 4.7544781081378451 114.76193108444568 58.38113229861483 27.109460701816715 7.0157533190213126 5.4377571035874999 13.464265298913231 37.555910374969244 59.952178568579257 36.949790078215301 18.139881490496919 5.6090187216177609 30.51634416426532 6.2777779649477434 5.598665444180372 14.019877368351443 26.290213412372395 8.6246003429405373 3.2130839885212472 12.206372514832763 7.7490404655691218 4.1447845648508519 10.146319731604306 4.1295915362425148 13.35449843876995 9.4535107880365086 6.1765908482484511 3.4395745270885527
leaf_count=82 175 1074 76 2165 1711 677 363 101 218 694 816 617 1139 363 897 133 96 556 351 57 49 88 152 164 245 144 304 459 199 113
internal_value=-0.000478336 0.0264168 -0.0144283 -0.0172423 -0.0228271 0.0103503 -0.0324779 0.0112358 -0.0143391 -0.000594734 0.0366729 -0.0215812 0.0192898 0.000649903 0.00747633 -6.45465e-05 -0.0156905 0.0152772 0.042418 0.0280612 0.0207736 0.0171782 0.00236063 0.001886 -0.0136873 0.0164658 -0.0261068 0.0241368 0.00687473 -0.0153143
internal_weight=600.986 204.878 396.108 357.368 272.274 80.7242 125.922 38.7395 146.351 51.0202 124.154 95.3309 33.3017 85.0945 60.5323 15.1618 24.5622 44.5362 94.867 34.9148 53.6147 29.2871 17.0808 11.1605 15.9961 10.4074 18.9532 50.4016 15.6301 11.1886
internal_count=14278 4117 10161 8568 5932 2458 2692 1593 3240 912 1659 2328 1492 2636 1873 353 763 1453 1224 408 1781 435 347 527 420 277 400 1732 658 265
is_linear=0
shrinkage=0.03


Tree=4
num_leaves=31
num_cat=0
split_feature=15 15 0 49 14 11 4 38 49 32 3 34 22 14 3 39 23 26 1 7 42 0 22 10 14 37 6 0 49 6
split_gain=198.742 38.3349 42.0954 33.7468 24.957 20.4083 16.1441 18.6424 13.1482 13.1226 10.6982 9.42245 9.0324 8.94246 8.658 8.65713 8.52049 8.25656 8.10824 8.10517 6.89958 6.55731 6.58418 6.39299 5.70425 7.95973 5.63763 5.35365 4.81773 4.93464
threshold=0.13809524476528171 0.51666668057441723 10.423141479492189 0.41047483682632452 5.3837177753448495 0.62500000000000011 0.91865441203117382 0.65625000000000011 0.89732366800308239 0.057384574785828597 0.63235116004943859 0.57327276468276989 0.38681267201900488 0.30122286081314092 0.20668851584196093 0.94840544462203991 0.43704141676425939 0.71875000000000011 0.6292540729045869 2.1526013612747197 0.95875850319862377 12.854410171508791 0.39673000574111944 0.87500000000000011 13.783210277557375 0.085477281361818327 0.23797596991062167 6.2300810813903817 0.5404668152332307 0.09819332137703897
decision_type=2 2 2 2 2 2 2 2 2 2 2 2 2 2 2 2 2 2 2 2 2 2 2 2 2 2 2 2 2 2
left_child=3 5 4 9 14 19 18 16 17 10 -1 -9 23 -10 15 -3 -8 28 -4 -2 -16 22 -21 -7 25 -6 -14 -19 -5 -30
right_child=1 2 6 8 24 12 7 11 13 -11 -12 -13 26 -15 20 -17 -18 27 -20 21 -22 -23 -24 -25 -26 -27 -28 -29 29 -31
leaf_value=0.04204360891214412 0.01587509951859296 -0.011372777487868722 0.016686996471103048 0.026752218188894415 0.0069608238111754563 -0.032031236581102684 -0.031206080644116112 -0.035208542964794171 0.042414262754921286 -0.018089623688726165 -0.022735977928131562 0.016137393420380231 0.03340961834168333 0 -0.019750967571941145 0.026067325244912082 0.022144436306490989 0.01538763271619548 -0.02987607512041883 0.0054327798687331787 0.031740732687638502 0.020169940429917804 -0.014259704948146911 0.024993839376152169 -0.040536750190928263 -0.029242790568784347 -0.017459813210705818 -0.034029419115571821 0.019731572129471065 -0.018038777521843692
leaf_weight=97.472982289735228 13.988941367249934 10.96627362817526 3.3834621063433614 6.1512422661762747 5.4335227820556602 3.5143360048532513 1.9765080213546742 9.6680047542322409 11.190770357614385 2.9321278128772965 1.6994378641247738 3.8199843694455913 24.192084037233148 7.1024249447509638 41.686265107593499 9.3809602151159179 40.751148826093413 1.7547162575647224 16.653560128994286 18.711717661237344 1.5570279858075071 6.0062686973251393 69.047674061730504 1.9433959154412148 56.321535699535161 66.087225068244152 1.4423980191349972 8.8114861751091649 3.9198312896769476 7.4377579408464953
leaf_count=1809 402 427 183 135 157 91 23 286 78 70 19 112 1131 100 1376 459 1001 47 481 460 52 305 1973 85 784 1790 24 163 96 144
internal_value=-0.000349191 -0.0112065 -0.017822 0.0292353 -0.0252976 0.00156227 0.000991232 0.00927801 0.00771029 0.0388116 0.0406877 -0.0203495 0.0225906 0.0268246 -0.00966735 0.00616071 0.0189507 -0.00513533 -0.0214513 -0.00462971 -0.0171536 -0.00785573 -0.0100132 -0.0105351 -0.0329136 -0.0263929 0.0298866 -0.0249426 0.00735761 -0.00421853
internal_weight=555.005 406.532 267.685 148.473 191.433 138.847 76.2527 56.2156 46.3682 102.105 99.1724 13.488 31.0922 18.2932 63.5905 20.3472 42.7277 28.075 20.037 107.755 43.2433 93.7657 87.7594 5.45773 127.842 71.5207 25.6345 10.5662 17.5088 11.3576
internal_count=14263 11602 7131 2661 5045 4471 2086 1422 763 1898 1828 398 1331 178 2314 886 1024 585 664 3140 1428 2738 2433 176 2731 1947 1155 210 375 240
is_linear=0
shrinkage=0.03


Tree=5
num_leaves=31
num_cat=0
split_feature=15 14 0 49 38 4 14 13 1 47 11 39 5 5 18 5 40 44 13 45 4 42 20 22 27 0 49 34 34 36
split_gain=173.979 32.396 43.7785 25.9363 18.7956 16.882 15.3456 12.2314 11.4129 9.32963 9.19786 9.0732 8.29727 8.26218 14.0481 8.21678 8.13339 7.43296 6.89391 6.66532 6.28419 6.96154 5.36086 5.33145 5.30414 4.97545 6.362 4.82319 4.45732 4.8036
threshold=0.13809524476528171 3.6633921861648564 10.423141479492189 0.41047483682632452 0.65625000000000011 0.91865441203117382 8.4336061477661151 31.716367721557621 0.70909976959228527 0.4066032618284226 0.62500000000000011 0.86127284169197094 0.26946231722831732 0.29970858991146093 0.25390625000000006 0.55729258060455333 0.56049644947052013 0.025807525962591175 19.142564773559574 0.074393868446350112 0.89014217257499706 0.56550341844558727 0.054606419056653983 0.36003781855106359 0.91952073574066173 6.0535261631011972 0.76291969418525707 0.56564378738403331 0.44274760782718664 0.26834981143474584
decision_type=2 2 2 2 2 2 2 2 2 2 2 2 2 2 2 2 2 2 2 2 2 2 2 2 2 2 2 2 2 2
left_child=3 10 6 7 5 17 13 -1 11 -7 19 -5 23 14 -3 -12 -9 -4 -15 28 -18 -22 -8 -13 -10 27 -27 -21 -2 -30
right_child=1 2 4 8 -6 9 22 16 24 -11 15 12 -14 18 -16 -17 20 -19 -20 25 21 -23 -24 -25 -26 26 -28 -29 29 -31
leaf_value=0.041881599720797621 0.033638996149007262 0.036973921715511116 0.01281661446840488 0.028599246921916874 -0.025665299733705155 -0.022160890837097009 -0.03355432160338611 -0.015267136663310858 -0.0081750008347431756 0.020747811981109712 0.024566786019170929 0.019598307740195185 0.023622516892699261 0.019280026931913382 -0.01189150538096505 -0.0061145944946750554 0.045324207211977906 -0.027977342506314423 -0.029081082903053841 0.0095761012755851832 -0.023552206052204937 0.024405018240055629 0.0054006278550695576 -0.027086856518595943 0.033169489755967327 -0.023183402802085404 0.0061460575968681555 -0.01532236078486149 -0.013600153753092556 0.022800424673332837
leaf_weight=79.291725251823664 5.3470509112812605 5.0643916209228328 4.8935770320240435 5.0205255476757911 17.398998820222914 4.1495556699810541 97.418115293723531 5.1079659108072546 2.8316747741773751 47.896475680987351 24.873995521571487 1.7276296452619195 3.6343014305457464 2.1345627335831514 40.685202003573067 10.59197953075636 6.949667117791253 12.648979548364876 31.459468310698867 20.391551728127528 3.1934121032245439 6.8282869113609195 2.8835343830287448 15.80081066302955 14.969927747501059 23.547715172637258 8.4422992655308899 9.3864670917391759 6.6735632638446969 4.6591906007379293
leaf_count=1489 119 146 203 78 599 100 1984 96 47 1183 1203 26 83 146 1292 476 86 470 1216 817 88 169 44 364 178 799 246 290 191 132
internal_value=0.000245865 -0.0104154 -0.0161211 0.0280584 0.00131648 0.00837316 -0.0245419 0.0363588 0.00847891 0.0169169 0.00293764 -0.00408221 -0.0129113 -0.0143384 -0.00574284 0.0154051 0.0154401 -0.0163584 -0.025453 -0.00278403 0.0251844 0.00810087 -0.0323625 -0.0215142 0.0263483 -0.00736624 -0.0154006 0.00138743 0.0134718 0.00175713
internal_weight=525.903 380.547 266.633 145.356 86.9876 69.5886 179.645 101.371 43.9849 52.046 113.914 26.1833 21.1627 79.3436 45.7496 35.466 22.0793 17.5426 33.594 78.4478 16.9714 10.0217 100.302 17.5284 17.8016 61.768 31.99 29.778 16.6798 11.3328
internal_count=14360 11656 7383 2704 2555 1956 4828 1928 776 1283 4273 551 473 2800 1438 1679 439 673 1362 2594 343 257 2028 390 225 2152 1045 1107 442 323
is_linear=0
shrinkage=0.03


Tree=6
num_leaves=31
num_cat=0
split_feature=15 14 0 0 38 4 36 32 3 1 11 4 38 22 37 37 45 46 23 36 1 28 34 5 42 50 10 47 48 32
split_gain=144.946 30.2329 40.0136 25.6557 14.1096 13.4068 13.3348 10.9916 9.41603 9.35591 8.203 8.2559 8.06379 8.57037 7.25612 7.00255 7.92021 6.55374 6.50368 6.19348 5.69473 5.69376 5.51061 4.94036 4.65595 7.05606 4.62458 5.04317 4.56432 3.94703
threshold=0.13809524476528171 4.3121290206909189 10.423141479492189 6.7514281272888192 0.65625000000000011 0.91865441203117382 0.33418841660022741 0.035328542813658721 0.18597942590713504 0.70588874816894542 0.87500000000000011 0.93543070554733287 0.53125000000000011 0.48640643060207372 0.1873060613870621 0.20016822963953021 0.21548955142498019 0.99530422687530529 0.3584305495023728 0.32200439274311071 0.62818551063537609 0.86350297927856456 0.54856255650520336 0.43249391019344335 0.41980020701885229 0.32433055341243749 0.62500000000000011 0.84570160508155834 0.24697645008563998 0.053566453978419311
decision_type=2 2 2 2 2 2 2 2 2 2 2 2 2 2 2 2 2 2 2 2 2 2 2 2 2 2 2 2 2 2
left_child=3 8 10 6 5 20 29 -7 19 24 11 -3 13 -11 -13 16 17 -10 -12 22 -4 -18 23 -2 25 -5 -17 -28 -24 -1
right_child=1 2 4 9 -6 7 -8 -9 15 12 18 14 -14 -15 -16 26 21 -19 -20 -21 -22 -23 28 -25 -26 -27 27 -29 -30 -31
leaf_value=0.038383987199141496 0.028575701449757875 -0.034228318159423891 0.013747242916512404 0.025286410886006468 -0.024082835137018348 0.035289388378980796 -0.015984624736040499 0.0049195187437206462 0.03456616362836025 -0.029220425051034376 -0.033136362304314153 -0.0091395163791367293 0.030643133807108123 0.021525395002412181 -0.028989626805011146 -0.031078678315932976 -0.022783801517507897 0.0033259471208402672 0.016719542741392389 -0.025267009372998021 -0.025802946684819476 0.023077230012865674 0.022782237933442633 0.00077703509542730996 -0.025698268215757041 -0.029621397759934918 -0.017245837617088589 0.010784188934492544 -0.012619407129257196 0.0062143895114148435
leaf_weight=88.842279993928969 23.795874115312476 72.306148900301196 3.5569549167994401 4.7844319716095915 15.248811961733734 15.075912294443695 3.8605561256408683 34.355068717733957 7.4223279030993607 4.8476850828155893 2.353323142975567 35.919429801870137 14.753548745997248 5.1261597645934671 33.229599752579816 9.76804013061337 11.877125042257829 23.274571779242251 6.8750584759982303 2.6886196162085971 12.0552750431234 2.0907325986772767 3.8664917484857133 7.8588616842171168 8.3817510217195359 2.3101774299284443 13.84186593280174 8.4672893597744388 9.0035808712709677 4.245377271436154
leaf_count=1674 949 1815 181 122 557 415 34 834 110 67 34 920 162 63 938 312 415 1130 477 65 485 129 212 429 362 66 389 374 475 93
internal_value=0.00036463 -0.00975321 -0.0161466 0.026451 0.000931242 0.00711686 0.034747 0.0147576 0.00216999 0.00601535 -0.0252125 -0.0269901 0.0172475 -0.00328088 -0.0189985 -0.00427981 0.00334611 0.0118265 0.00171586 0.0125872 -0.0163265 -0.0146356 0.0154437 0.0220012 -0.0117064 0.00558587 -0.0147691 -0.00647228 -0.000891826 0.0370304
internal_weight=492.083 354.931 230.976 137.152 80.292 65.0432 96.9482 49.431 123.955 40.2038 150.684 141.455 24.7274 9.97384 69.149 76.742 44.6648 30.6969 9.22838 47.2134 15.6122 13.9679 44.5248 31.6547 15.4764 7.09461 32.0772 22.3092 12.8701 93.0877
internal_count=14288 11645 6656 2643 2472 1915 1801 1249 4989 842 4184 3673 292 130 1858 2859 1784 1240 511 2130 666 544 2065 1378 550 188 1075 763 687 1767
is_linear=0
shrinkage=0.03


Tree=7
num_leaves=31
num_cat=0
split_feature=15 14 0 41 4 32 27 42 45 32 44 44 37 41 11 4 37 30 35 44 11 1 27 43 36 36 28 25 25 10
split_gain=128.035 24.501 39.1636 21.8331 12.5636 12.9386 10.6739 10.0333 8.50688 8.31315 8.02282 8.01227 7.9561 7.9116 7.52983 7.43406 7.5002 7.13851 6.96285 6.59981 6.34583 5.82923 5.42759 5.79216 5.32896 6.73747 5.04418 4.74243 5.25332 4.35278
threshold=0.14835165441036227 4.2155039310455331 10.423141479492189 0.90966805815696727 0.91865441203117382 0.035566134378314025 0.6937910020351411 0.37161172926425939 0.074393868446350112 0.053566453978419311 0.47213622927665716 0.53033089637756359 0.10961584001779558 0.96454370021820079 0.62500000000000011 0.94526639580726635 0.14679285883903506 0.17578125000000003 0.53934013843536388 0.098476104438304915 0.87500000000000011 0.62818551063537609 0.93876400589942943 0.38911654055118566 0.28536699712276464 0.29283788800239569 0.85519936680793773 0.14631973206996921 0.16262669861316684 0.62500000000000011
decision_type=2 2 2 2 2 2 2 2 2 2 2 2 2 2 2 2 2 2 2 2 2 2 2 2 2 2 2 2 2 2
left_child=3 8 13 7 21 18 -5 11 17 24 -7 -1 -9 15 22 -3 -17 -2 -6 26 -15 -4 -10 -24 -8 -26 -14 -19 -29 -16
right_child=1 2 4 6 5 10 9 12 14 -11 -12 -13 19 20 29 16 -18 27 -20 -21 -22 -23 23 -25 25 -27 -28 28 -30 -31
leaf_value=0.036858037044758589 -0.025057780369748935 -0.033513272529635894 0.011432611676756453 -0.020180120230353569 -0.01527436600896381 0.00388681972387499 0.042176840048663601 0.035395389223469333 -0.020788305423017267 -0.0063277464885844736 -0.035749630368462751 -0.019026203712789715 -0.0097807960304461851 -0.015178261582913324 -0.0069934882025439711 0.0018144674992568108 -0.024009389444560849 0.040861555980528243 0.035970691345817637 -0.02475214085165894 0.025016812384738584 -0.027327126865608658 0.015753227432767292 -0.0083399655508955197 -0.00426444769465962 0.033854856878734803 0.025814907316969105 -0.020599127436245087 0.01994746550112541 0.018640788332729159
leaf_weight=11.565622220106887 2.3217397360131171 73.295208613970317 3.742554358905184 2.4838491417467585 2.1268695592880276 37.382226490648463 62.817462876206264 3.137245393125343 19.872888471232727 3.5995876183733335 4.217671262100338 2.0961277633905402 7.5330856653163227 11.43933163047768 7.8666764972731498 12.672289906244258 43.309667206252925 7.4622993692755726 15.560780892148612 11.76141607458703 3.9282178571447721 14.88998943089973 11.068396717542781 33.88018298544921 5.9601632263511446 10.733247176627627 5.1668003370286897 2.8099000612273803 11.233196254353969 17.904237943468615
leaf_count=186 62 1760 226 51 45 1171 1406 41 852 99 43 13 251 616 306 377 1113 221 456 209 385 558 294 1324 57 178 192 91 437 1284
internal_value=-3.39436e-05 -0.00971368 -0.0154937 0.0255313 0.00161668 0.0084196 0.0341103 0.00727725 0.00154024 0.0359891 -0.000806223 0.0273662 -0.00317142 -0.0246795 -0.00266741 -0.0270878 -0.0181819 0.0171219 0.0291605 -0.00943146 -0.0038197 -0.0192032 -0.00812342 -0.0021281 0.0379969 0.0206035 0.00530917 0.02272 0.010805 0.0107348
internal_weight=463.839 336.984 222.565 126.855 77.9201 59.2875 85.5943 41.2603 114.42 83.1105 41.5999 13.6617 27.5985 144.645 90.5924 129.277 55.982 23.8271 17.6877 24.4613 15.3675 18.6325 64.8215 44.9486 79.5109 16.6934 12.6999 21.5054 14.0431 25.7709
internal_count=14304 11621 6750 2683 2499 1715 1791 892 4871 1740 1214 199 693 4251 4060 3250 1490 811 501 652 1001 784 2470 1618 1641 235 443 749 528 1590
is_linear=0
shrinkage=0.03


Tree=8
num_leaves=31
num_cat=0
split_feature=15 14 0 41 44 4 40 0 27 32 49 11 1 42 45 5 32 48 23 43 50 41 7 7 28 22 14 24 13 50
split_gain=122.321 22.6405 34.1633 16.4013 12.761 10.5039 11.5164 12.5991 9.24204 8.73283 8.36209 8.12044 8.07925 9.14801 7.58259 6.90319 5.90896 5.73228 6.15391 5.09926 7.14735 5.76712 5.00979 4.76301 4.54236 4.13585 3.85228 3.82539 3.92038 3.76377
threshold=0.14835165441036227 4.269073724746705 13.113867759704592 0.90966805815696727 0.29893617331981664 0.92373934388160717 0.81942409276962291 9.1815624237060565 0.68354478478431713 0.053566453978419311 0.2381062060594559 0.62500000000000011 0.70838674902915966 0.31158185005187994 0.066886480897665038 0.63865065574646007 0.050485622137784965 0.43502137064933782 0.58509990572929393 0.38911654055118566 0.22499596327543261 0.97901478409767162 4.421894073486329 3.7396190166473393 0.97887596487998974 0.36003781855106359 0.92949101328849804 0.30470621585845953 33.153144836425788 0.23204655945301059
decision_type=2 2 2 2 2 2 2 2 2 2 2 2 2 2 2 2 2 2 2 2 2 2 2 2 2 2 2 2 2 2
left_child=3 11 5 12 17 10 7 -7 -5 -10 23 14 13 -1 27 16 -13 18 -4 20 -16 -21 25 -3 -12 -15 -14 28 -2 -17
right_child=1 2 4 8 -6 6 -8 -9 9 -11 24 15 26 22 19 29 -18 -19 -20 21 -22 -23 -24 -25 -26 -27 -28 -29 -30 -31
leaf_value=0.024519309057284357 0.015122481184466015 0.016944128846265148 -0.016938981484114782 -0.02032742449432294 -0.026946809422887196 -0.017149942270883255 -0.025737173617987382 0.0083754736587519467 0.036643477403491789 -0.0089176809305820219 -0.034696939181052905 0.028803260377775787 0.034795505619083081 0.011854932725189882 0.028264524059707152 -0.020813341466044907 -0.010043906591583922 0.04060208828413945 0.0268137622355097 -0.019656282520705934 -0.01116622688248944 0.0013409572758899674 0.016775654415347896 -0.02290025217270086 0.0077142412348356372 -0.027451174787744163 0.0016506274842116675 0.036540943868980852 -0.022464313427714204 0.014384556903079279
leaf_weight=7.3339478824054849 7.0610717611853016 4.7841799684101698 4.1596123450435751 2.1716118957847348 4.0432522820774457 39.813783529098146 46.215867927763611 29.350042654608842 76.831820187740959 3.5012590265832833 59.054032227024436 18.979484027484435 10.623273992445318 2.2348079262301352 6.5052106025395906 5.9124975135782716 3.6233099400997153 10.895194753305985 5.626701359404251 34.534734329790808 8.2329799735452962 17.038312756805681 3.1453449563123277 4.0489295362494886 1.9012540499679733 12.126828898093661 4.7419679049635297 4.0912679440807542 2.6056284587830305 3.5396663884166628
leaf_count=117 222 341 72 50 90 1250 1469 613 1658 106 1404 1152 136 53 223 269 210 734 464 1313 273 831 137 175 40 361 104 86 96 263
internal_value=-0.000146177 -0.00986751 -0.0156597 0.0252138 0.0168848 -0.0200888 -0.0142719 -0.00631035 0.0328295 0.0345356 -0.0293258 0.000991422 0.00909574 -0.00151368 -0.00409913 0.0135371 0.0222871 0.0264399 0.0080925 -0.00835312 0.00673735 -0.0127688 -0.013317 -0.00148619 -0.0332225 -0.0207659 0.0254757 0.0153778 0.00355362 -0.00723019
internal_weight=444.728 322.017 209.893 122.711 24.7248 185.168 115.38 69.1638 82.5047 80.3331 69.7884 112.124 40.2062 24.8409 80.0692 32.055 22.6028 20.6815 9.78631 66.3112 14.7382 51.573 17.507 8.83311 60.9553 14.3616 15.3652 13.758 9.6667 9.45216
internal_count=14312 11590 6652 2722 1360 5292 3332 1863 1814 1764 1960 4938 908 668 3044 1894 1362 1270 536 2640 496 2144 551 516 1444 414 240 404 318 532
is_linear=0
shrinkage=0.03


Tree=9
num_leaves=31
num_cat=0
split_feature=14 41 0 14 4 37 0 44 22 15 49 45 37 41 11 49 50 0 29 31 37 5 11 42 35 10 22 31 6 1
split_gain=105.933 21.7492 17.9427 15.9026 11.796 13.2917 11.4991 8.81468 8.38138 8.36975 8.30051 6.94818 10.6539 7.7809 6.54762 9.14426 5.71902 5.55808 5.45436 5.14273 4.99616 4.9061 6.28571 5.46364 4.78084 4.72916 4.28432 3.88071 3.17534 3.04012
threshold=1.842205345630646 0.95334038138389599 13.113867759704592 4.269073724746705 0.91865441203117382 0.15131669491529467 9.1815624237060565 0.29893617331981664 0.59696170687675487 0.72380954027175914 0.22332095354795459 0.156180314719677 0.15652737021446231 0.983227699995041 0.62500000000000011 0.89732366800308239 0.1703191623091698 5.4284374713897714 0.97061944007873546 0.035084281116724021 0.23316847532987597 0.74799931049346935 0.62500000000000011 0.95875850319862377 0.58601048588752758 1.0000000180025095e-35 0.708166003227234 0.045074095949530608 0.10986624658107759 0.53983518481254589
decision_type=2 2 2 2 2 2 2 2 2 2 2 2 2 2 2 2 2 2 2 2 2 2 2 2 2 2 2 2 2 2
left_child=1 8 3 21 10 6 -6 18 14 11 27 -3 13 -13 15 20 -7 28 25 -17 -1 22 23 -2 -24 26 -4 -5 -10 -12
right_child=2 9 7 4 5 16 -8 -9 17 -11 29 12 -14 -15 -16 19 -18 -19 -20 -21 -22 -23 24 -25 -26 -27 -28 -29 -30 -31
leaf_value=-0.010094736721361684 -0.0059357774113984766 0.040028755647562253 0.03451955273434041 -0.014828536482596921 -0.010891613739889415 -0.0040093870173910735 0.023596531359270333 -0.023544839676898847 -0.013950847832346685 -0.028319531922772364 0.0021242196242960898 -0.027290618895964937 0.036879034190596946 0.015327796398403945 0.037245483206547303 0.036861027270451679 -0.022424193404852199 -0.034578055288915992 -0.016383741467662347 -0.010424586759381257 0.018529421925950446 -0.018289557558511194 0.030834195376160198 0.030474235617321353 -0.0022540216337451377 -0.020285995471309697 -0.018297066552347547 0.026303524582518795 0.030917442643920188 -0.0334912351776342
leaf_weight=20.922131527389869 49.130369745311327 47.283140390063636 16.376944337331238 3.7212329076137385 19.34420278610196 20.787421044660732 14.181933891901279 3.8335002921521655 1.9516859408467992 1.3187519488856185 1.9626674302853633 4.3145208400674191 17.363522595260292 12.980549637461079 6.7477533286437383 9.2935183597728592 66.267635895841522 5.6703979810699821 2.2441357672214499 2.0046972233685656 6.301107410399708 12.1717673020903 9.0538336518220586 2.997744493186473 5.9795010619563973 1.0284075140953053 0.81698860100004722 2.6517203054390848 1.7692183284088967 52.658081911678892
leaf_count=563 1666 1504 1259 233 720 636 308 98 53 22 43 96 440 448 324 93 1992 225 37 88 180 661 613 65 347 27 58 180 28 1282
internal_value=-5.12725e-05 0.0214365 -0.0104914 -0.0127992 -0.0176741 -0.0120258 0.00387126 0.0136955 0.00649387 0.0310173 -0.028418 0.0323383 0.0209342 0.00362144 0.0119013 0.00655578 -0.0181566 -0.0179199 0.0215825 0.0280615 -0.00294129 -0.00152328 0.00169503 -0.00325128 0.0181665 0.0270233 0.0309773 0.0031255 0.00877769 -0.0321424
internal_weight=423.129 137.921 285.208 260.908 181.575 120.581 33.5261 24.3 54.6605 83.2605 60.9937 81.9417 34.6586 17.2951 45.2692 38.5215 87.0551 9.3913 20.4665 11.2982 27.2232 79.3332 67.1614 52.1281 15.0333 18.2223 17.1939 6.37295 3.7209 54.6207
internal_count=14289 4064 10225 8746 5394 3656 1028 1479 1554 2510 1738 2488 984 544 1248 924 2628 306 1381 181 743 3352 2691 1731 960 1344 1317 413 81 1325
is_linear=0
shrinkage=0.03


Tree=10
num_leaves=31
num_cat=0
split_feature=15 0 14 41 4 6 40 47 46 1 0 35 25 11 45 37 27 37 45 0 10 11 36 49 22 40 6 10 6 5
split_gain=101.28 18.9457 24.5179 18.6093 11.9334 10.0414 9.89557 8.95659 8.70071 7.68172 7.37782 7.0898 6.78351 6.12591 7.38422 6.48848 5.93782 5.52592 6.65805 5.25906 4.99769 4.21814 4.15301 4.15083 3.49713 3.49298 3.34263 3.23491 3.16865 2.91277
threshold=0.13809524476528171 13.113867759704592 4.3121290206909189 0.92779958248138439 0.94492921233177196 0.12468560039997102 0.81725746393203746 0.88553577661514293 0.99013769626617443 0.70759594440460216 6.1646330356597909 0.49731068313121801 0.24501974880695346 0.62500000000000011 0.03998635150492192 0.13686621189117434 0.96154338121414196 0.14827832579612735 0.23776593804359439 10.785425186157228 0.87500000000000011 0.87500000000000011 0.24480546265840533 0.87012416124343883 0.708166003227234 0.73801746964454662 0.10398589074611665 0.62500000000000011 0.16332352906465533 0.19731187820434573
decision_type=2 2 2 2 2 2 2 2 2 2 2 2 2 2 2 2 2 2 2 2 2 2 2 2 2 2 2 2 2 2
left_child=3 2 13 9 7 6 -6 21 -3 10 11 -1 24 14 -2 28 -14 18 27 -9 -17 -4 -11 29 26 -16 -10 -5 -15 -12
right_child=1 8 4 17 5 -7 -8 19 12 22 23 -13 16 15 25 20 -18 -19 -20 -21 -22 -23 -24 -25 -26 -27 -28 -29 -30 -31
leaf_value=-0.017490147236681724 0.024344946514687722 -0.031153052407297228 -0.030914659737267255 -0.0017187383069153929 0.0076870260228875656 -0.026979303683389296 -0.017011021331017711 -0.013365246223161438 0.040859222159819089 -0.013421886737006863 -0.033230562672086926 0.030255982283479126 0.030930232592847006 0.03641013006088397 -0.0011008431171961267 -0.010027654638797715 -0.018615987430936884 0.039786336791820975 -0.012729859106391473 0.025208677681761302 0.01664156184538151 0.010154383869967119 0.028131985202217519 0.014099431354139293 -0.01474456486154848 -0.014791937321976988 -0.009989268562391726 0.03248458782883467 -0.01330134727712467 -0.00057352957745718399
leaf_weight=3.2856988552957791 6.1342347809113553 2.2017193834763047 74.571422286797315 2.6483788136392876 33.329216947429813 20.447551202145405 24.36035774910124 12.58173884951975 12.704822428437181 1.7876590611413146 7.7683099847636168 7.561987787950784 2.3820335808559312 8.166413214639757 35.744465969502926 13.007258702185936 5.0959813522640616 47.581357092130929 3.9568677213974288 3.1457616887055329 10.492138554807752 1.7635953332064662 15.367119956645181 2.469071853964123 0.6635485505685218 31.786115993512794 0.78976670838892538 14.64993126410991 0.7113986089825638 3.7285926549229771
leaf_count=97 154 47 2078 63 910 728 766 628 1001 49 269 125 147 388 1600 716 228 1105 85 52 806 81 209 77 61 1143 19 419 30 168
internal_value=8.33546e-06 -0.00903879 -0.0112694 0.0243981 -0.0182908 -0.00942865 -0.00280316 -0.025598 0.0161021 0.0082838 -0.00236627 0.0152852 0.0222072 3.77055e-05 -0.00471089 0.0107491 -0.000693043 0.0339204 0.0194566 -0.0044247 0.00195055 -0.029808 0.0231357 -0.0163822 0.0337483 -0.00771072 0.0371925 0.0272763 0.0311796 -0.0237729
internal_weight=410.885 300.08 276.242 110.805 170.2 78.1371 57.6896 92.0625 23.8379 41.9684 24.8137 10.8477 21.6362 106.042 73.6648 32.3772 7.47801 68.8365 21.2552 15.7275 23.4994 76.335 17.1548 13.966 14.1581 67.5306 13.4946 17.2983 8.87781 11.4969
internal_count=14249 11583 10080 2666 5243 2404 1676 2839 1503 994 736 222 1456 4837 2897 1940 375 1672 567 680 1522 2159 258 514 1081 2743 1020 482 418 437
is_linear=0
shrinkage=0.03


Tree=11
num_leaves=31
num_cat=0
split_feature=14 41 0 11 14 4 40 0 42 19 49 3 44 49 18 7 24 29 49 35 4 9 35 23 19 45 34 0 39 45
split_gain=81.2504 19.5865 17.7007 12.3818 10.3108 9.87528 9.25793 8.72379 8.14351 8.16138 8.67276 7.59683 7.58981 7.58183 6.25153 5.70694 7.9573 6.12625 5.40744 4.98838 4.90065 4.7862 4.1393 4.06169 4.41597 5.12058 4.34108 3.48248 3.3791 3.35396
threshold=2.2132431268692021 0.99108582735061657 12.854410171508791 0.62500000000000011 4.3121290206909189 0.93325790762901317 0.81942409276962291 9.3771729469299334 0.36548800766468054 0.050308907404541976 0.37539285421371466 0.25752384960651403 0.29893617331981664 0.14556781202554706 0.13671875000000003 4.290034532546998 0.27021782100200659 0.93895801901817333 0.30066804587841039 0.44473792612552648 0.98343965411186229 0.41985744237899786 0.60800582170486461 0.43704141676425939 0.024159425869584087 0.12320027872920038 0.56564378738403331 10.977052688598635 0.98320010304451 0.31578941643238073
decision_type=2 2 2 2 2 2 2 2 2 2 2 2 2 2 2 2 2 2 2 2 2 2 2 2 2 2 2 2 2 2
left_child=1 3 4 8 23 18 7 -7 19 13 -11 14 15 -10 -5 -4 17 -17 27 -1 29 -13 -21 26 -25 -26 -2 -6 -18 -3
right_child=2 20 12 11 5 6 -8 -9 9 10 -12 21 -14 -15 -16 16 28 -19 -20 22 -22 -23 -24 24 25 -27 -28 -29 -30 -31
leaf_value=-0.018434692727665347 0.020214407414236621 0.038733793678179196 0.040192836665571857 -0.020527742497301656 -0.013950279590829329 -0.011615744036699693 -0.021502599992160407 0.012152081138734597 -0.027350607513330558 0.0097212226422995953 -0.030491869314005958 -0.023409879057028401 -0.023062091589516543 0.014361442673564106 0.035796838197124294 0.028627827319145874 0.029027764924163681 -0.027486176676530912 -0.028973027780854668 0.036958209218741309 0.011500522813966458 0.019584750999990456 0.0020063934846454787 -0.030628937882951339 0.00960651661505957 -0.01219839580243196 -0.012463288188423301 0.021664784598427082 -0.017860939638119796 -0.0038612105065809316
leaf_weight=1.9117277935147274 11.093446199083699 40.171508639468811 6.5251786006847459 1.2154161557555259 13.482162002590483 34.043206122005358 36.857054025458638 21.993567250901833 3.8327651806175735 6.2535265684127834 14.714221852424087 3.6864290519151828 3.8717196857905938 19.870525535428897 23.019492148654535 1.3949188129045094 9.8367077047296299 6.0111524026142433 59.593887133756652 8.8048813068307918 9.7522923746146244 3.6177483620122075 4.8735254876082754 5.0797426967183119 15.968261377711313 21.50419475347735 4.3352383680175981 1.9974902401445422 0.82574905059300441 1.4213468236848701
leaf_count=29 438 1397 573 33 680 1149 1269 475 105 301 463 92 106 585 818 138 537 193 1674 117 333 216 158 230 744 1118 172 65 42 63
internal_value=-5.69157e-05 0.0179437 -0.0102273 0.00942304 -0.013043 -0.0167922 -0.010029 -0.00218514 0.00129589 -0.00521317 -0.0184654 0.0243422 0.0117057 0.00666113 0.0321517 0.0179835 0.00811847 -0.014412 -0.0248796 0.0193174 0.0326494 -0.00195941 0.0256946 -0.00203045 -0.00683606 -0.00282044 0.0106501 -0.00813671 0.0239191 0.0371513
internal_weight=397.559 143.145 254.414 91.8003 225.948 167.967 92.8938 56.0368 60.2612 44.671 20.9677 31.5391 28.4654 23.7033 24.2349 24.5937 18.0685 7.40607 75.0735 15.5901 51.3451 7.30418 13.6784 57.9809 42.5522 37.4725 15.4287 15.4797 10.6625 41.5929
internal_count=14313 4710 9603 2917 8014 5312 2893 1624 1758 1454 764 1159 1589 690 851 1483 910 331 2419 304 1793 308 275 2702 2092 1862 610 745 579 1460
is_linear=0
shrinkage=0.03


Tree=12
num_leaves=31
num_cat=0
split_feature=15 41 14 4 40 6 32 41 10 18 1 20 45 34 29 49 25 24 10 5 40 27 1 1 37 50 49 1 45 5
split_gain=73.6017 16.3609 13.871 13.6472 11.2845 9.32156 8.31252 6.38859 6.37857 6.08727 5.7613 6.02572 5.54396 5.35314 5.04337 5.0262 7.5483 4.93279 4.92978 5.11044 4.8288 4.38659 4.13398 3.90085 3.58121 3.53741 3.47381 3.45178 3.33919 3.32671
threshold=0.13809524476528171 0.95334038138389599 4.269073724746705 0.92752137780189525 0.81237336993217479 0.12468560039997102 0.053566453978419311 0.9809255599975587 0.62500000000000011 0.17578125000000003 0.70759594440460216 0.042142869904637344 0.15368522703647616 0.44163423776626592 0.99759337306022655 0.37539285421371466 0.1732369810342789 0.23371794819831851 1.0000000180025095e-35 0.60340002179145824 0.55718955397605907 0.93463715910911571 0.66127020120620739 0.77338722348213207 0.17863973975181582 0.22204531729221347 0.47098280489444738 0.80519592761993419 0.1658347696065903 0.1149316430091858
decision_type=2 2 2 2 2 2 2 2 2 2 2 2 2 2 2 2 2 2 2 2 2 2 2 2 2 2 2 2 2 2
left_child=1 10 12 7 5 9 8 -4 28 -5 11 22 13 25 15 16 -14 -12 19 -6 23 -16 24 -15 -1 -2 -13 -10 -3 -22
right_child=2 6 3 4 18 -7 -8 -9 27 -11 17 26 14 20 21 -17 -18 -19 -20 -21 29 -23 -24 -25 -26 -27 -28 -29 -30 -31
leaf_value=0.018467323241002729 0.034944643183512133 0.027505685906286402 -0.025788789093752349 -0.022566793930791598 0.0063376457114559378 -0.020311416143849154 -0.015204520374874039 0.011125790697109648 0.039410977065338353 0.010183537077439754 -0.014400845920214719 0.034903936023690144 -0.020161421243944655 0.03057928504702212 -0.0078250047449338715 -0.025089905324568323 0.018250605949337192 0.026640250407705911 -0.024714082601157046 -0.02632231457010533 0.0082887100839288217 0.026332023425597307 -0.025898286907802201 -0.0058519694808372401 -0.014277784246147189 0.0046850834879746993 -6.5098420454948262e-05 0 -0.016910689670135374 -0.011712662758355218
leaf_weight=4.9312802636995965 7.916436310624702 1.4769646245986212 62.637268667691387 4.6810259955236679 12.290453396970408 13.085371835390104 2.5364453024230889 3.8606713868211946 48.195482183247805 50.231455468456261 2.3779943734407452 4.1759843479376269 8.3131246702978441 6.70927468332229 5.9412627767305803 14.726644336478783 8.0915112599614059 15.502178894239476 29.768499769619666 5.3675352189457035 10.803053898853252 5.6985231200233102 7.8766585353878318 3.4134886170504615 5.0651784384390339 6.7009924509329721 4.7100719286827371 2.1438628174364558 2.9559656119672582 19.320985171711072
leaf_count=116 335 64 2254 141 494 585 86 336 1277 1417 41 125 576 455 231 609 677 245 1185 255 442 244 215 89 315 328 109 23 48 985
internal_value=0.000110742 0.0218142 -0.00784286 -0.0127181 -0.00635067 0.00146992 0.032318 -0.0234681 0.0348056 0.0069844 0.00785099 -0.000960482 0.0012475 0.00752534 -0.00672476 -0.01296 -0.00108248 0.0205494 -0.0174242 -0.00430797 0.00161796 0.00942027 -0.0109655 0.018603 0.00181309 0.0224532 0.0179334 0.0377869 0 -0.00440755
internal_weight=381.506 101.948 279.558 181.922 115.424 67.9979 57.3087 66.4979 54.7723 54.9125 44.6393 26.7592 97.6353 54.8642 42.7711 31.1313 16.4046 17.8802 47.4265 17.658 40.2468 11.6398 17.8731 10.1228 9.99646 14.6174 8.88606 50.3393 4.43293 30.124
internal_count=14302 2664 11638 6667 4077 2143 1498 2590 1412 1558 1166 880 4971 2634 2337 1862 1253 286 1934 749 1971 475 646 544 431 663 234 1300 112 1427
is_linear=0
shrinkage=0.03


Tree=13
num_leaves=31
num_cat=0
split_feature=15 41 5 4 12 11 33 41 32 41 49 7 10 48 1 1 0 45 41 42 31 35 1 5 33 1 30 28 48 4
split_gain=70.903 11.2248 10.9857 12.7909 16.4374 16.0414 8.32127 8.09519 7.80494 6.61107 6.49824 6.44225 4.85751 4.82292 4.58201 7.28713 5.14177 4.49739 4.42151 4.17991 3.49945 3.37064 3.24079 3.00748 2.95294 2.93899 2.9284 2.81964 2.65954 2.50051
threshold=0.13809524476528171 0.95334038138389599 0.65703910589218151 0.9037490487098695 1.3632916808128359 0.62500000000000011 55.716793060302741 0.93894585967063915 0.053566453978419311 0.38739128410816198 0.30434226989746099 4.9202213287353525 0.62500000000000011 0.20856802165508273 0.70838674902915966 0.67876577377319347 6.629401922225953 0.1658347696065903 0.92611071467399608 0.80982521176338207 0.032804729416966445 0.68304860591888439 0.80519592761993419 0.12062825635075571 39.697221755981452 0.55514484643936168 0.25390625000000006 0.58662265539169323 0.36498717963695532 0.87818995118141185
decision_type=2 2 2 2 2 2 2 2 2 2 2 2 2 2 2 2 2 2 2 2 2 2 2 2 2 2 2 2 2 2
left_child=1 14 3 5 6 10 9 20 12 -5 26 -8 17 -9 15 16 29 -3 -6 -20 -4 27 -14 -18 -7 -12 -2 -16 -26 -1
right_child=2 8 7 4 18 24 11 13 -10 -11 25 -13 22 -15 21 -17 23 -19 19 -21 -22 -23 -24 -25 28 -27 -28 -29 -30 -31
leaf_value=-0.010927542886155057 -0.012107953653806371 0.030769835475474738 0.0068610553985327767 -0.028663420677645175 -0.024417454127794218 -0.017895929826648782 -0.0083647228336432011 0.028597942163840262 -0.018019749974888057 0.014647235118215985 -0.00013603107933982982 0.0093771601871812556 0.037557584149637759 -0.010437440286959261 -0.0021983897745296204 -0.023937831695985071 -0.027876599560201321 -0.019089364570661314 0.022720711716180307 -0.021258437283587044 -0.031065969954983494 -0.010086370292275071 0 0.0073483548554815238 0.031346225370864636 -0.033937744768023567 0.022576924574344341 0.031803137572166677 -0.0018237641193206541 0.026997379275464084
leaf_weight=1.1364094726741374 6.1259879823774082 1.8709064507856954 1.8637977408943687 2.4079210925847283 27.403682026779279 1.2087813713587809 54.504525053547695 2.7221175014274186 2.1375977718271306 55.081906405161135 2.6953043912071726 26.506351841846481 46.441097859758884 11.071138032653833 2.2861149236559895 6.3714189809979862 2.8505052161635822 2.742798371356912 3.3779939245432606 2.484885067678988 31.061478198622353 1.985752467997371 2.0924627278000107 4.1056288836407475 5.9783077246975136 31.226102221320616 2.1521251241210848 12.31623455043882 2.7690446870401502 10.593125877669079
leaf_count=17 417 66 140 35 1062 39 2342 393 78 1946 53 736 1271 804 31 172 145 50 548 141 1257 59 26 244 334 1022 214 189 57 308
internal_value=0.000178456 0.0220708 -0.00770362 -0.0048759 -0.000872526 -0.0177396 0.00368753 -0.0208078 0.0308764 0.0123229 -0.025748 -0.00247953 0.0331949 -0.00111854 0.0098609 0.00143383 0.011014 0.00247424 -0.0194988 0.00326218 -0.0286917 0.0216145 0.0359458 -0.00839868 0.0151825 -0.0314187 -0.00130585 0.0264879 0.0214284 0.0225176
internal_weight=367.572 96.9301 270.641 223.923 171.767 52.1557 138.501 46.7185 55.2849 57.4898 42.1995 81.0109 53.1473 13.7933 41.6452 25.0571 18.6857 4.6137 33.2666 5.86288 32.9253 16.5881 48.5336 6.95613 9.95613 33.9214 8.27811 14.6023 8.74735 11.7295
internal_count=14196 2656 11540 8946 6810 2136 5059 2594 1491 1981 1706 3078 1413 1197 1165 886 714 116 1751 689 1397 279 1297 389 430 1075 631 220 391 325
is_linear=0
shrinkage=0.03


Tree=14
num_leaves=31
num_cat=0
split_feature=14 49 0 14 4 32 20 24 40 0 26 33 39 11 5 27 21 6 3 3 42 42 24 45 46 0 45 25 0 14
split_gain=62.641 12.5881 9.93696 13.441 10.3597 8.5118 7.52501 7.48229 6.45704 7.37322 5.83608 6.73112 6.43863 5.7084 6.35494 5.64351 4.87745 4.72538 5.38581 4.48119 4.26834 5.05827 3.8098 3.71183 3.56965 3.52436 3.56345 3.41897 3.29026 3.04967
threshold=1.242519795894623 0.41047483682632452 13.113867759704592 3.8445662260055546 0.94492921233177196 0.056600682437419898 0.042142869904637344 0.2274354621767998 0.85569366812706005 9.8722143173217791 0.71875000000000011 47.218070983886726 0.8800005614757539 0.62500000000000011 0.43673050403594976 0.68354478478431713 43.102083206176765 0.095621250569820418 0.88141933083534252 1.1653231382369997 0.36023256182670599 0.28629976511001592 0.26651635766029363 0.077160429209470763 0.99013769626617443 10.785425186157228 0.34891529381275183 0.19226835668087008 6.8312759399414071 21.504723548889164
decision_type=2 2 2 2 2 2 2 2 2 2 2 2 2 2 2 2 2 2 2 2 2 2 2 2 2 2 2 2 2 2
left_child=1 5 3 13 7 15 17 16 9 -6 11 -3 -12 20 -15 -1 -5 18 24 -10 21 -2 28 -22 -4 26 -17 -16 -13 -8
right_child=2 10 6 4 8 -7 29 -9 19 -11 12 22 -14 14 27 25 -18 -19 -20 -21 23 -23 -24 -25 -26 -27 -28 -29 -30 -31
leaf_value=-0.015054750130027253 -0.0066118500963254353 -0.011036140478583775 -0.015034875505121389 0.02669551906277445 -0.0070339921141096247 -0.022049702337586827 0.019469891388179606 -0.024416697759576365 -0.020954375518559467 0.016388548640224005 0.021257501598699498 0.018486805904860019 -0.029266995319395282 0.026694756272356585 -0.017940100268461014 0.034195921367452926 -0.011372219717735676 -0.014455393501625396 -0.0094359030604266939 0.018065732017696758 0.0078990518325120374 0.030030300444506483 0.035308506891633423 -0.012345288019148267 0.0399823037090829 -0.013480357099721283 -0.0013988729472779959 0.017831945003776994 -0.024444917033464988 -0.028282150059393881
leaf_weight=1.7519325651228417 6.0770271796500293 6.2433596507180544 0.57448609138373896 3.5310281042475244 37.4156469333102 2.1639380550477645 0.73865522397681971 72.330457908858079 25.274166055722166 16.647544258157723 2.3487139663193357 3.1085525695234528 6.5071854144334793 13.147422640409788 5.720471791806629 59.675343821756542 8.1023245911346731 2.0287261912599197 2.3104065519291899 2.1003400804474941 9.6278970902785641 5.6852575028315187 8.8160922813694906 34.592819472309202 11.100475691549944 0.91800293698906799 2.3926813248544923 2.7371202961076051 1.6279182835714889 3.915424358448945
leaf_count=53 153 165 34 184 1319 93 142 2517 951 416 56 74 215 924 375 2115 410 106 102 37 375 209 170 1592 1025 28 50 208 50 106
internal_value=0.000551074 0.021241 -0.00698786 -0.00870258 -0.013513 0.0282916 0.0125044 -0.0208682 -0.00573217 0.000290617 0.00427765 0.0132414 -0.0147655 0.00155559 0.0143214 0.0303298 0.00114336 0.0221061 0.0282206 -0.0173236 -0.00348324 0.0118292 0.0246215 -0.00779407 0.0360658 0.0318546 0.0327758 -0.00538465 0.00151919 -0.0180697
internal_weight=359.211 95.5537 263.658 242.99 165.402 66.9019 20.6682 83.9638 81.4377 54.0632 28.6518 19.7959 8.8559 77.588 21.605 64.738 11.6334 16.0141 13.9854 27.3745 55.983 11.7623 13.5526 44.2207 11.675 62.986 62.068 8.45759 4.73647 4.65408
internal_count=14254 3069 11185 9670 5834 2339 1515 3111 2723 1735 730 459 271 3836 1507 2246 594 1267 1161 988 2329 362 294 1967 1059 2193 2165 583 124 248
is_linear=0
shrinkage=0.03


Tree=15
num_leaves=31
num_cat=0
split_feature=15 41 6 5 4 11 41 32 13 41 19 37 14 41 25 0 36 4 35 36 35 39 49 14 39 32 28 50 2 42
split_gain=57.0556 14.0779 9.76627 9.55729 12.2554 14.4215 9.00039 7.09792 6.8952 6.77019 5.91562 5.59549 5.40759 4.40192 4.29864 4.09443 5.39221 5.88092 4.19131 4.05931 3.94296 3.63684 3.1958 3.17857 3.01533 2.97745 2.44557 2.42374 2.364 2.29545
threshold=0.13809524476528171 0.96035918593406688 0.12337806448340417 0.71680071949958812 0.90943261981010448 0.62500000000000011 0.82868278026580822 0.053566453978419311 56.478122711181648 0.99598923325538646 0.063206624239683165 0.22210992127656939 0.80871155858039867 0.99796685576438915 0.24332069605588916 6.7514281272888192 0.30627982318401342 0.94211879372596752 0.55294653773307811 0.33418841660022741 0.51759418845176708 0.96201255917549144 0.89732366800308239 7.8958661556243905 0.98149356245994579 0.031910995021462447 0.86146211624145519 0.13763625174760821 0.20312500000000003 0.9004950523376466
decision_type=2 2 2 2 2 2 2 2 2 2 2 2 2 2 2 2 2 2 2 2 2 2 2 2 2 2 2 2 2 2
left_child=1 15 3 4 5 13 29 -3 11 25 20 -6 -7 -2 -10 19 18 -18 26 21 -8 -1 -20 28 -23 -5 -17 -11 -12 -4
right_child=2 7 6 9 8 12 10 -9 14 27 23 -13 -14 -15 -16 16 17 -19 22 -21 -22 24 -24 -25 -26 -27 -28 -29 -30 -31
leaf_value=0.029321297797168511 -0.027574717976076118 0.034320432498202741 -0.028477168526463693 0.011857764220068925 0.0049666696890775797 -0.016895031911419792 0.01571417086971693 -0.015868523700841221 0.028394531396417007 -0.013100003119103592 -0.0038656782145256815 -0.010823853596267516 0.031944808416999836 0.017321106684660366 -0.0010954901875534799 -0.0106019526413418 -0.024293594122425821 0.028883527314553053 -0.029190715787354139 -0.019867331004393005 -0.017827285590485822 -0.015644777449360887 0.014095824490908163 -0.0064333308200579089 0.026250122158353342 -0.026231457127337258 0.024669862387628725 0.025151057977363497 0.037950069698389884 0.0023306302658765098
leaf_weight=13.414467046037322 27.739680245693311 46.52842108590994 33.04127351794159 1.3188604454044313 81.884915213915519 2.0636523575521988 2.8977260013925905 2.0396285664755842 14.163595630554484 1.4148602805798862 1.215433435398152 25.666019734926522 5.9703163154190406 1.3711089971475292 5.9218690302222958 2.4031002577394274 1.562129552825352 6.8693826267262921 8.2011283003375848 1.5045826490968455 17.579248917114455 3.3323830226436248 1.1181890557054419 3.0053351875394583 1.4002778562717138 25.234963687253185 2.7509454418323003 3.2511005557607859 4.0204793786397204 1.9797045902814705
leaf_count=324 1077 1346 1025 120 2825 66 214 77 667 51 150 994 301 147 224 97 40 134 310 18 1453 122 26 174 54 1228 121 262 547 66
internal_value=0.000658585 0.0209592 -0.00650505 -0.00313146 -0.000190011 -0.01514 -0.016624 0.0318746 0.0042213 -0.0180758 -0.00382837 0.00110577 0.018586 -0.0248555 0.019918 0.00798727 -0.000594938 0.017182 -0.011586 0.0176799 -0.0124304 0.0218246 -0.0228436 0.0162528 -0.000309033 -0.0238691 0.00868629 0.0127578 0.0286988 -0.026636
internal_weight=350.865 91.1246 259.74 196.001 164.781 37.1448 63.7392 48.568 127.636 31.2198 28.7182 107.551 8.03397 29.1108 20.0855 42.5566 22.9049 8.43151 14.4734 19.6517 20.477 18.1471 9.31932 8.24125 4.73266 26.5538 5.15405 4.66596 5.23591 35.021
internal_count=14260 2669 11591 7962 6301 1591 3629 1423 4710 1661 2538 3819 367 1224 891 1246 728 174 554 518 1667 500 336 871 176 1348 218 313 697 1091
is_linear=0
shrinkage=0.03


Tree=16
num_leaves=31
num_cat=0
split_feature=14 41 14 0 14 14 32 4 3 11 41 3 35 45 38 11 47 23 19 45 24 33 37 13 22 42 19 39 38 35
split_gain=49.9177 10.7785 9.78 18.4554 6.72537 6.54539 6.1114 5.39772 6.15944 5.24876 5.1572 4.48406 4.35406 3.97805 3.97683 3.88294 3.81975 4.639 3.64759 3.53348 3.59752 3.46746 4.78016 3.11974 3.04032 2.741 2.41869 2.30824 2.97302 2.31259
threshold=1.3045738935470583 0.99108582735061657 4.269073724746705 10.977052688598635 12.624236583709719 23.201871871948246 0.051567858085036285 0.95106831192970287 0.34819826483726507 0.62500000000000011 0.97655159235000621 0.28003308176994329 0.5751970410346986 0.32822290062904363 0.65625000000000011 0.62500000000000011 0.84381175041198742 0.52144470810890209 0.024159425869584087 0.073284186422824873 0.2274354621767998 68.089572906494155 0.15774922072887423 27.505098342895511 0.51941847801208507 0.75119048357009899 0.045383732765913017 0.91268944740295421 0.71875000000000011 0.56612619757652294
decision_type=2 2 2 2 2 2 2 2 2 2 2 2 2 2 2 2 2 2 2 2 2 2 2 2 2 2 2 2 2 2
left_child=1 6 15 4 7 14 9 10 -9 21 -4 -11 -8 -3 26 18 17 -7 -2 24 -21 22 -1 -23 -20 27 -5 29 -29 -17
right_child=2 13 3 5 -6 16 12 8 -10 11 -12 -13 -14 -15 -16 25 -18 -19 19 20 -22 23 -24 -25 -26 -27 -28 28 -30 -31
leaf_value=-0.0039290758154362946 -0.022698706341509792 0.033768613702746093 -0.02457393901675373 0.0060174340207554845 -0.027097779908198508 -0.028345168045359925 0.01836483030997051 0.011399180473128094 -0.013360478804529188 0.032580790830592336 0.0037557379282233076 -0.007545235467354864 -0.035320298989475106 -0.015429830951839489 -0.010104837736958347 0.011816496233738379 0.020325631642730276 -3.8454854558725618e-06 0.026584413956410206 -0.021097151220024968 0.00036582059005985573 0.019244492766751133 0.019487937471664184 -0.028991336332194976 -0.0048199933479427873 0.027587510146587724 0.027650400422891321 0.023764076630488226 -0.0051097068651298622 -0.025846688641573041
leaf_weight=12.689412770036144 6.171900746470782 33.177885053562932 31.171823261887766 8.7803225349634939 43.680565458256751 8.0144695813069173 1.1633662064559747 14.352918232558293 20.914177997707156 14.64282363606617 6.5383812937070607 2.4515035627409807 3.3222969938069582 0.91385582648217578 4.1871309956768519 1.5202915151603544 2.923362380010075 12.780794597376369 6.3517821328714472 7.6319562831195062 36.306992065103259 0.81250089267268677 17.742551911389455 3.2686870346660726 3.7986689971294254 6.0638480389025053 12.491408794536254 6.2920877226861176 4.9527259634342045 2.7764385562040843
leaf_count=376 255 1251 1331 292 1237 168 87 701 816 600 487 87 76 32 370 167 104 727 197 312 1715 22 526 125 172 498 575 470 427 115
internal_value=-0.000171975 0.0188066 -0.00714172 -0.0113114 -0.0177701 0.00399891 0.0103387 -0.0118557 -0.00316467 0.013367 -0.0196144 0.0265615 -0.0200404 0.0319622 0.0143423 0.00130303 -0.00711305 -0.0118636 -0.00259449 1.54521e-05 -0.00368193 0.00618342 0.0098138 -0.0169004 0.0151844 0.0119405 0.0195268 0.00435544 0.011423 -0.0122391
internal_weight=337.887 90.1849 247.702 165.835 116.658 49.1775 56.0931 72.9773 35.2671 51.6075 37.7102 17.0943 4.48566 34.0917 25.4589 81.8667 23.7186 20.7953 60.2613 54.0894 43.9389 34.5132 30.432 4.08119 10.1505 21.6054 21.2717 15.5415 11.2448 4.29673
internal_count=14318 3182 11136 6808 4572 2236 1899 3335 1517 1736 1818 687 163 1283 1237 4328 999 895 2651 2396 2027 1049 902 147 369 1677 867 1179 897 282
is_linear=0
shrinkage=0.03


Tree=17
num_leaves=31
num_cat=0
split_feature=14 41 0 14 4 0 5 44 11 32 42 11 15 19 21 5 50 4 27 45 32 29 49 47 7 36 27 50 24 0
split_gain=49.3857 15.1573 9.64261 8.62556 7.0627 6.7771 6.33449 6.23049 5.26571 5.10489 5.03036 8.17579 4.30611 4.27358 4.65039 4.14236 4.61571 4.24122 4.13443 3.91788 3.88857 3.84642 4.20349 3.78011 3.41247 2.79022 2.72807 2.12315 2.09265 1.4063
threshold=1.842205345630646 0.95334038138389599 12.854410171508791 5.3130140304565439 0.92518514394760143 9.4428324699401873 0.13393231481313708 0.29893617331981664 0.87500000000000011 0.054847577586770065 0.32366947829723364 0.62500000000000011 0.72380954027175914 0.046429147943854339 43.614583969116218 0.74799931049346935 0.21789156645536426 0.94911500811576854 0.68354478478431713 0.23191344738006595 0.056600682437419898 0.97061944007873546 0.60828259587287914 0.76797458529472362 4.290034532546998 0.32903383672237402 0.8990183174610139 0.2591263502836228 0.23706092685461047 2.5069502592086796
decision_type=2 2 2 2 2 2 2 2 2 2 2 2 2 2 2 2 2 2 2 2 2 2 2 2 2 2 2 2 2 2
left_child=1 10 3 15 8 9 -7 21 28 -6 -1 13 18 14 -12 16 19 -18 -3 -2 25 22 24 -15 -4 -20 -13 29 -5 -17
right_child=2 12 7 4 5 6 -8 -9 -10 -11 11 26 -14 23 -16 27 17 -19 20 -21 -22 -23 -24 -25 -26 -27 -28 -29 -30 -31
leaf_value=0.024175876356810507 0.014046666693533884 -0.011318690384958132 0.025305364129452911 -0.0087039131633600154 -0.019254698137385114 0.016029473227796298 -0.0096745342657033762 -0.02303695375451072 0.020939937682496437 0.013334416613887854 -0.016224749618570348 -0.0073156423367065383 -0.020484685145314877 -0.024898103562264368 0.022187037226369985 0.0029822156522217331 0.0058008147004949984 -0.015609319784823987 0.031966808959137338 -0.015299310987323633 -0.0097147336942666022 -0.011394861560235081 0.037945723875778832 0.0011467376018273259 -0.0076319734416691121 -0.0099430783664693351 0.034998097742432802 0 -0.028371186614050196 -0.027831117263889187
leaf_weight=7.8704309551976612 26.779981030093044 1.7034290153533209 4.0965532253030776 7.3709368651034302 41.430630488903262 14.362780104158444 18.630660418653861 3.2649343611556096 1.5109036903595541 4.0032495921477667 3.6606909960974026 1.218892978504299 0.9287386866635633 12.695868276699914 6.2939175181090832 1.1532793734222631 14.015241801156664 17.703051774122287 54.343452931498177 3.8614352815784505 1.6404067957773794 2.9008407332003108 7.4277542373456518 7.4430663031525901 5.4066787968622521 0.92955454997718234 5.4013329213485122 4.873660165234468 38.442279459559359 7.9154732119641267
leaf_count=153 1277 58 318 360 1636 387 532 105 97 128 174 83 20 376 173 84 911 784 2321 215 76 53 694 310 408 30 303 424 1320 425
internal_value=0.000337958 0.0173343 -0.00755132 -0.009662 -0.0144633 -0.00869894 0.00156912 0.0104234 -0.0235763 -0.0160933 0.00388611 -0.000909626 0.0271235 -0.00778642 0.00759606 -0.00162562 0.00170453 -0.00616907 0.0282591 0.00988703 0.0296704 0.0169175 0.0223006 -0.0155315 0.00733817 0.0310445 0.0268761 -0.0158383 -0.0255245 -0.0237076
internal_weight=329.28 104.13 225.15 202.054 125.751 78.4273 32.9934 23.0968 47.3241 45.4339 44.5842 36.7138 59.5456 30.0935 9.95461 76.3021 62.3597 31.7183 58.6168 30.6414 56.9134 19.8318 16.931 20.1389 9.50323 55.273 6.62023 13.9424 45.8132 9.06875
internal_count=14235 4077 10158 8580 4460 2683 919 1578 1777 1764 1572 1419 2505 1033 347 4120 3187 1695 2485 1492 2427 1473 1420 686 726 2351 386 933 1680 509
is_linear=0
shrinkage=0.03


Tree=18
num_leaves=31
num_cat=0
split_feature=15 41 6 41 37 4 19 33 41 41 25 27 32 16 34 20 18 47 39 33 23 3 39 32 40 46 25 13 13 3
split_gain=43.1673 9.60633 8.80108 7.73369 7.68666 7.16221 7.12447 6.37892 6.24264 5.92804 6.10477 4.7122 4.7615 4.52538 4.07377 4.04552 3.97479 3.92566 3.88263 3.25655 3.23269 3.07861 2.80308 2.64491 2.14896 2.09008 2.28807 1.88569 1.63375 1.58081
threshold=0.13809524476528171 0.90966805815696727 0.13198086619377139 0.82868278026580822 0.16301929205656054 0.91231206059455883 0.032182553783059127 62.605356216430671 0.98176404833793651 0.99955081939697277 0.19187828153371814 0.68354478478431713 0.055387111380696304 0.35058593750000006 0.58911201357841503 0.03641518950462342 0.17578125000000003 0.80209243297576915 0.85157442092895519 59.377975463867195 0.48583693802356726 0.25752384960651403 0.86127284169197094 0.034071747213602073 0.87850666046142589 0.99013769626617443 0.10973208770155908 30.427571296691898 33.923471450805671 0.37659031152725225
decision_type=2 2 2 2 2 2 2 2 2 2 2 2 2 2 2 2 2 2 2 2 2 2 2 2 2 2 2 2 2 2
left_child=1 13 4 -4 5 8 23 -8 27 10 16 -3 29 17 19 -15 -6 25 -12 28 24 -10 -22 -7 -17 -1 -27 -2 -5 -13
right_child=2 11 3 14 9 6 7 -9 21 -11 18 12 -14 15 -16 20 -18 -19 -20 -21 22 -23 -24 -25 -26 26 -28 -29 -30 -31
leaf_value=-0.0041427376769948496 0 -0.013546231789586303 -0.028772835586713553 -0.0017324934233493572 -0.038015671382548924 0.0099395102127715906 0.021513782780741387 -0.002772582297494689 0.025203573072802677 0.0302842401770618 0.011229995467416513 0.031885538414352772 -0.011349447362118167 -0.03205758415994435 0.019200813813914839 0.027323102628406145 -0.013244743353541541 -0.015252960212968476 -0.0069522248221108264 0.0091295829575095445 0.019820934747341552 -0.0086975773953951504 -0.020913453665912789 -0.022738410986601364 -0.0087491932424238403 -0.0043630680924651661 0.031829785149133788 -0.022929043955370248 -0.024835980044855311 0.0074937443366868252
leaf_weight=1.8357494681840787 3.837932206806733 1.8739314787089814 25.354718661314109 4.4446710004704135 6.550317372661083 2.3544884012080711 32.571979621017817 13.121275968267581 4.8673268358688784 2.4685169043950728 12.529328626813365 44.154243752243929 2.0052088443189851 3.1484737817663691 4.2120106354122973 4.0179791878908855 44.056600956246257 2.2105378769338122 46.759647204249632 4.642776673892512 1.0839477167464791 3.2487191087566316 5.1136798958177678 6.484396030602511 1.3965019388124345 1.4177912403829385 9.6331002910737862 14.645355969667433 8.8765953077236173 3.6318057975731781
leaf_count=35 123 48 896 461 134 111 1170 569 444 79 476 1582 71 130 484 85 2031 87 2255 772 38 170 194 372 73 26 216 667 435 62
internal_value=7.56534e-05 0.0188216 -0.00630402 -0.0177503 -0.00340009 0.00358633 0.00978292 0.0145654 -0.00890298 -0.00845815 -0.00962069 0.0265534 0.0283586 0.00491867 -0.0043207 -0.00656087 -0.0171836 0.016039 -0.00293754 -0.0107156 0.00210805 0.0118389 -0.0116083 -0.0136033 0.0176381 0.0223346 0.0269607 -0.0183049 -0.0179962 0.0302848
internal_weight=322.55 81.523 241.027 47.5308 193.496 81.1315 54.5321 45.6933 26.5993 112.364 109.896 51.6652 49.7913 29.8578 22.1761 14.7606 50.6069 15.0972 59.289 17.964 11.6121 8.11605 6.19763 8.83888 5.41448 12.8866 11.0509 18.4833 13.3213 47.786
internal_count=14296 2647 11649 3048 8601 3626 2222 1739 1404 4975 4896 1763 1715 884 2152 520 2165 364 2731 1668 390 614 232 483 158 277 242 790 896 1644
is_linear=0
shrinkage=0.03


Tree=19
num_leaves=31
num_cat=0
split_feature=14 0 14 41 4 47 37 44 19 45 50 5 49 30 22 3 45 19 50 29 42 11 0 32 29 11 49 36 13 18
split_gain=39.898 10.2703 9.37404 8.62951 6.10681 6.43287 6.21613 5.12759 4.87623 4.85963 4.67997 4.5631 4.1651 6.13958 4.09713 3.66495 3.50849 3.36495 3.84676 3.1337 3.08487 3.05686 3.05225 2.90847 2.68735 2.64579 2.52876 2.44288 2.38454 2.22842
threshold=1.3045738935470583 12.854410171508791 4.3121290206909189 0.99108582735061657 0.94492921233177196 0.88022392988204967 0.21676731109619143 0.29893617331981664 0.034161712974309928 0.32822290062904363 0.25184348225593572 0.10127421841025354 0.51555976271629345 0.18359375000000003 0.37462341785430914 0.2909382581710816 0.17247315496206286 0.090821929275989546 0.18011319637298587 0.98121124505996715 0.95480081439018261 0.87500000000000011 10.423141479492189 0.039152666926383979 0.99318701028823864 0.62500000000000011 1.04696261882782 0.18322262167930606 59.213825225830085 0.15234375000000003
decision_type=2 2 2 2 2 2 2 2 2 2 2 2 2 2 2 2 2 2 2 2 2 2 2 2 2 2 2 2 2 2
left_child=3 2 11 8 5 21 10 19 16 -5 -6 25 15 -14 -15 -10 -1 20 -19 23 -13 -4 -7 29 -18 26 -2 -8 -25 -3
right_child=1 7 4 9 6 22 27 -9 12 -11 -12 17 13 14 -16 -17 24 18 -20 -21 -22 -23 -24 28 -26 -27 -28 -29 -30 -31
leaf_value=0.0095707584199054476 -0.0022115804185759195 -0.0086086760633327965 -0.025249371205125652 0.032117116647174482 0.0089223559598756927 -0.008986621052835984 0.0083547403122643422 -0.01952774122503851 0.026015391134011474 -0.018494437947391269 -0.010054310322991178 -0.003347161006285823 0.024473143147552591 0.019754999588092112 -0.018577036436091578 -0.0083056322516343057 0.0063276454153263911 0.0072614306024253962 -0.029273572256767719 -0.019272622142943494 0.025104670277910923 0.014144256149890634 0.021466731529073347 -0.0096640580088191465 -0.035074242442826233 0.030035866747309532 0.022458707853752605 -0.023107085848210432 0.018989086325405309 0.035655956080851828
leaf_weight=4.2565131848677975 12.292900770436978 0.64016792969779146 54.56390923197614 30.040077669778842 22.789328184357146 9.5367453635553812 1.8424637306015963 2.9917488636565386 20.943363164435144 1.1079758806154121 21.985960621212143 42.424302952247672 6.3644885026151341 2.3356039375066748 9.5280950521118921 2.5895681583788237 1.4643020932562647 3.0221688440069538 7.861658182926476 1.0488381758332241 2.716075306525453 1.1291902373777691 3.1163471250329158 3.6447986310813558 3.7634796742349863 4.2422445614356539 4.1842850353568783 19.029468599183019 5.0072350715927314 8.9492449540412036
leaf_count=164 581 70 2050 1234 823 668 37 105 915 32 852 2571 110 48 364 141 81 206 281 16 127 75 58 303 69 383 52 740 427 709
internal_value=-0.00040494 -0.0067622 -0.00882634 0.0174037 -0.0135865 -0.0198448 -0.00682588 0.0121715 0.00944436 0.0297042 -0.000346281 -0.000408697 0.0138349 0.00262876 -0.00984833 0.0219318 -0.00907771 -0.00489727 -0.0191189 0.0179558 -0.00106322 -0.0241623 -0.000243551 0.0211426 -0.0238419 0.0112567 0.00480821 -0.0199376 0.00685703 0.0318837
internal_weight=315.413 233.019 210.737 82.3935 133.993 68.3462 65.6472 22.282 51.2454 31.1481 44.7753 76.7436 41.7611 18.2282 11.8637 23.5329 9.48429 56.0242 10.8838 19.2903 45.1404 55.6931 12.6531 18.2414 5.22778 20.7194 16.4772 20.8719 8.65203 9.58941
internal_count=14292 11134 9504 3158 5303 2851 2452 1630 1892 1266 1675 4201 1578 522 412 1056 314 3185 487 1525 2698 2125 726 1509 150 1016 633 777 730 779
is_linear=0
shrinkage=0.03


Tree=20
num_leaves=31
num_cat=0
split_feature=15 41 5 4 37 0 15 31 6 13 4 24 35 35 48 32 43 49 26 32 47 49 34 35 27 39 47 39 3 27
split_gain=41.0172 9.26445 10.3349 11.4959 11.2935 6.71841 6.61115 5.95716 5.7523 5.51308 5.39876 4.14528 3.72194 4.88514 3.6944 3.29463 3.03545 2.88685 2.72653 3.15747 2.32459 3.26245 2.21565 3.12473 3.10129 2.01903 1.92954 1.91502 1.8556 1.59403
threshold=0.074175827205181136 0.96581584215164196 0.64491742849349987 0.9037490487098695 0.16221740096807483 13.52400064468384 0.44505494832992559 0.061060085892677314 0.14420247822999957 27.259869575500492 0.89014217257499706 0.28315848112106329 0.61278155446052562 0.69689443707466137 0.33850029110908514 0.055387111380696304 0.70560339093208324 0.24076459556818011 0.71875000000000011 0.034216783940792091 0.78910326957702648 0.13567085564136508 0.4070661216974259 0.66342765092849743 0.86515852808952343 0.94898539781570446 0.95153984427452099 0.89187073707580578 1.1137107014656069 0.92917475104331981
decision_type=2 2 2 2 2 2 2 2 2 2 2 2 2 2 2 2 2 2 2 2 2 2 2 2 2 2 2 2 2 2
left_child=9 2 3 7 8 -6 12 17 -5 15 -11 16 -3 26 20 -1 25 -2 19 -16 -12 -22 24 28 -4 -8 -14 -20 -24 -26
right_child=1 6 22 4 5 -7 11 -9 -10 10 14 -13 13 -15 18 -17 -18 -19 27 -21 21 -23 23 -25 29 -27 -28 -29 -30 -31
leaf_value=0.035824380727359696 0.007635539579789033 0.028766232374111314 -0.025446422847203755 0.014319120234351314 -0.0099591142032194845 0.01846864491495771 0.0015594210467096829 0.016899971530902402 -0.014409219926009279 0.031185902993669794 -0.024131506330965304 -0.018030435164572759 -0.01936824621649309 0.022590442216318604 -0.0087179293816327368 -0.010868191369482817 -0.011363201704737553 -0.026698222827751091 0.013006718728758188 0.030421876317228716 -0.025394602683240317 0.016261808591798453 -0.034838320070124967 -0.0046080730044550386 0.02654258937453707 0.028352957141791937 0.010999467862699536 -0.021294261986751946 0.0063203430224736765 -0.0049956606487062023
leaf_weight=24.33387912390754 1.8221117425709987 12.01223198301159 3.2116007879376438 44.476506356761092 77.178534213860985 7.2878005380625828 5.5490320408134739 2.7330482000252223 6.3510230890824451 10.501623023301361 3.6500940788537282 10.175495266332289 5.2849832433275861 6.6089019533246756 1.7202950216596935 0.90519452653825183 5.0797232880140646 27.626777060504537 1.8633798705413931 8.0054770125425403 1.4436173001304267 4.4482955997809768 17.985579721978873 4.9642791429650961 1.5570531499106435 4.323280639218865 1.7925887745805082 1.9767016723053528 0.61503060907125373 2.4511877329205163
leaf_count=848 98 768 188 1583 2980 562 428 150 363 219 86 680 239 778 59 35 368 1126 38 157 31 200 941 346 90 519 118 125 11 144
internal_value=0.00075933 -0.00457203 -0.00750351 -0.00447489 -0.000566889 -0.00728386 0.00672919 -0.0203016 0.0104628 0.0230747 0.0142771 -0.00407389 0.0171615 0.00550686 0.00549345 0.0336851 0.00577095 -0.0242943 0.0151797 0.0230518 -0.00812647 0.00341624 -0.0232263 -0.0276289 -0.00687852 0.0150974 -0.0108959 -0.00478163 -0.0330713 0.0095103
internal_weight=307.935 249.087 198.261 167.476 135.294 84.4663 50.8262 32.1819 50.8275 58.8486 33.6095 25.1275 25.6987 13.6865 23.1079 25.2391 14.952 29.4489 13.5659 9.72577 9.54201 5.89191 30.7847 23.5649 7.21984 9.87231 7.07757 3.84008 18.6006 4.00824
internal_count=14278 12480 8582 6862 5488 3542 3898 1374 1946 1798 915 1995 1903 1135 696 883 1315 1224 379 216 317 231 1720 1298 422 947 357 163 952 234
is_linear=0
shrinkage=0.03


Tree=21
num_leaves=31
num_cat=0
split_feature=15 14 0 11 38 14 36 41 32 49 37 49 31 42 34 49 48 13 27 6 31 20 4 21 39 0 21 34 13 0
split_gain=35.4129 7.89888 13.7708 6.15289 6.02639 4.9806 4.80276 4.78755 4.8625 4.4047 4.80023 4.03762 3.71987 5.89063 4.66976 4.26191 3.78838 3.49666 3.29413 3.18463 3.1392 3.11227 3.67211 2.85173 2.21087 2.65686 2.0602 2.03122 1.72594 1.72161
threshold=0.069047622382640853 5.3130140304565439 10.977052688598635 0.62500000000000011 0.65625000000000011 23.201871871948246 0.2701068669557572 0.998783439397812 0.061862893402576453 0.51555976271629345 0.14827832579612735 0.89732366800308239 0.03401909954845906 0.93788579106330883 0.36919410526752477 0.28211081027984625 0.42191600799560552 59.213825225830085 0.9721493422985078 0.078313827514648451 0.030486395582556728 0.035353053361177451 0.88733771443367015 53.760433197021491 0.97413951158523571 3.5155181884765629 54.309019088745124 0.50861385464668285 67.802379608154311 6.1646330356597909
decision_type=2 2 2 2 2 2 2 2 2 2 2 2 2 2 2 2 2 2 2 2 2 2 2 2 2 2 2 2 2 2
left_child=9 3 7 12 5 23 18 8 20 10 21 29 14 15 -2 -14 -16 -7 19 -5 -3 22 -1 -4 -12 -26 -13 -15 -6 -11
right_child=1 2 4 6 28 17 -8 -9 -10 11 24 26 13 27 16 -17 -18 -19 -20 -21 -22 -23 -24 -25 25 -27 -28 -29 -30 -31
leaf_value=0.018288905438768797 -0.019910521423344301 -0.010694537340864705 0.0080051410295252784 -0.012160730962505721 -0.024154709432875444 -0.014545563198814736 0.029535419043090167 0.019971852095500418 0.016934497734755149 0.010069438801710949 0.036245155534798804 0.029725328347283024 -0.00061083343905027083 0.032578248193318636 0.015465878419622766 -0.018987858285943231 -0.011697971642075967 0.010497313600528912 0.025423514552099766 0.01156277957313147 -0.02376206292534724 0.025647564637788844 -0.020273543615348256 0.032559082726015015 0.029676182643814407 -0.0052511317116384817 0 -0.0043206379339781296 0.0059694619662516131 -0.01967818168963233
leaf_weight=2.8470998173579556 4.7570242061628987 29.026316553208744 11.215800288482571 10.55240392446286 6.7913054257514869 9.3476305112126301 8.7533997858990897 2.2187308149877927 2.6285402762587173 1.6744922300567839 24.442995759658519 4.8752571025397611 19.425677069288213 2.998776299878954 20.680776935303587 27.827924287499627 4.9521978448028667 8.6904986993758921 4.070742985000833 8.0660926310229097 53.788299995125271 4.2786405240185559 4.2324340408667922 7.5142200076952568 2.8014257992617777 3.2880433537065983 3.4188602038193494 1.506744315382093 1.5662973920989314 4.5396691885543987
leaf_count=128 144 1079 505 662 394 409 581 123 66 54 738 56 1308 111 931 1312 204 456 506 803 2424 148 130 322 96 141 56 102 79 215
internal_value=-0.00010132 -0.00503662 -0.00997798 0.000750262 0.00338941 0.00871678 0.0118465 -0.0168536 -0.0180645 0.0211185 0.0259997 0.00606346 -0.00355213 -0.00840452 0.00462116 -0.0116646 0.0098631 -0.00240506 0.00393679 -0.00166457 -0.0194 0.00806458 -0.00404983 0.0191588 0.0321091 0.0123133 0.0189489 0.0211501 -0.0181539 -0.0109618
internal_weight=302.778 246.379 132.788 113.592 45.1258 36.7681 31.4426 87.6619 85.4432 56.3989 41.8906 14.5083 82.1491 51.7591 30.39 47.2536 25.633 18.0381 22.6892 18.6185 82.8146 11.3582 7.07953 18.73 30.5325 6.08947 8.29412 4.50552 8.3576 6.21416
internal_count=14283 12521 5857 6664 2165 1692 2552 3692 3569 1762 1381 381 4112 2833 1279 2620 1135 865 1971 1465 3503 406 258 827 975 237 112 213 473 269
is_linear=0
shrinkage=0.03


Tree=22
num_leaves=31
num_cat=0
split_feature=15 40 9 6 0 15 32 45 37 49 32 15 34 25 49 31 44 2 14 5 1 37 9 49 5 22 6 40 39 45
split_gain=34.2176 7.16554 6.3998 6.32493 5.3609 4.22436 4.13311 4.68608 4.43547 3.9895 4.02876 3.83163 3.75877 3.74859 3.90344 3.58944 3.41793 3.16447 3.82414 2.85804 2.67151 2.62508 2.10725 1.84556 1.8205 1.53981 1.52857 1.43955 2.08767 1.35417
threshold=0.074175827205181136 0.80007666349411022 0.84942549467086803 0.10846414789557458 13.113867759704592 0.93095237016677868 0.035636959597468383 0.21548955142498019 0.20812931656837466 0.51555976271629345 0.057384574785828597 0.74166667461395275 0.62518256902694713 0.1732369810342789 0.43318036198616033 0.033794378861784942 0.4629120826721192 0.35937500000000006 0.10688938945531846 0.43249391019344335 0.80519592761993419 0.23061657696962359 8.5653100013732928 0.89732366800308239 0.17219264805316928 0.41636468470096594 0.036138042807579047 0.52637445926666271 0.84687674045562755 0.063345577567815795
decision_type=2 2 2 2 2 2 2 2 2 2 2 2 2 2 2 2 2 2 2 2 2 2 2 2 2 2 2 2 2 2
left_child=9 3 5 6 22 13 12 8 -8 10 20 16 15 23 -15 -2 19 25 -19 -5 27 -6 26 -3 -9 -11 -4 28 -1 -7
right_child=1 2 4 11 21 29 7 24 -10 17 -12 -13 -14 14 -16 -17 -18 18 -20 -21 -22 -23 -24 -25 -26 -27 -28 -29 -30 -31
leaf_value=-0.010735447609660888 0.026022016863015033 -0.021071121682152801 -0.0010158508939292097 0.0040960940093420599 -0.015852082577297866 0.0043351909035487472 0.0079725318554271715 -0.020642813606110363 -0.017411065762400129 0.011718089362896233 -0.015411270349510888 -0.023121803015878663 -0.014405638839421179 0.013206048761120219 -0.005678993269206528 0 -0.027304859053091681 0.0279268544642675 -0.0072811035131127048 -0.016399114552086352 -0.0040639157735928976 0.022948316448309219 0.0054297660855096375 0.0084232299948613348 -0.00093303388434058101 -0.02100143741857731 -0.027336668110646889 0.033383737670864749 0.022024029844533437 -0.029573835192399093
leaf_weight=1.5234291716478754 15.472122409148147 8.7874800474382919 2.4547176454216233 26.519377153483219 1.6134562309598539 0.80436664912849565 47.113344257493736 9.8770090695470589 6.0988814029842606 0.97106638480909069 1.2970599401742209 12.026681808201827 2.771472515189088 18.515338704222813 18.79290559416404 6.9236526440363368 3.9111636196030295 6.8128984660143015 3.5947519189212471 6.866899693151935 1.784698050469159 2.9951903309120098 1.5887903179973353 1.6312698763795186 7.592868785141035 3.3099825852550566 31.068982363038231 28.986963901435956 5.9805134625639766 5.7400952285970561
leaf_count=42 749 487 88 1998 97 35 1861 366 158 40 48 639 186 1338 951 378 69 113 92 602 28 260 37 53 462 156 1346 1021 248 345
internal_value=0.000282851 -0.00460534 -0.0110126 -0.000389446 -0.0200352 -0.00411172 0.00407499 0.000257199 0.00474037 0.0215761 0.0264959 -0.00903319 0.014263 -0.000733734 0.00371504 0.0184031 -0.00392681 0.00728653 0.015931 -0.00038644 0.0283486 0.00842524 -0.0239837 -0.0158572 -0.0127532 -0.0121981 -0.0255815 0.03008 0.0145402 -0.0249863
internal_weight=293.427 239.166 93.9926 145.173 39.7211 54.2715 95.8494 70.6821 53.2122 54.2614 39.5727 49.3241 25.1672 47.727 37.3082 22.3958 37.2974 14.6887 10.4077 33.3863 38.2756 4.60865 35.1125 10.4187 17.4699 4.28105 33.5237 36.4909 7.50394 6.54446
internal_count=14293 12505 5037 7468 1828 3209 4160 2847 2019 1788 1387 3308 1313 2829 2289 1127 2669 401 205 2600 1339 357 1471 540 828 196 1434 1311 290 380
is_linear=0
shrinkage=0.03


Tree=23
num_leaves=31
num_cat=0
split_feature=14 49 5 1 35 14 0 37 42 31 13 10 0 32 15 35 27 37 35 10 25 49 11 20 35 49 32 14 24 36
split_gain=26.1868 8.57175 6.21523 5.99094 6.87149 6.38612 5.75002 5.32861 5.23662 6.34162 4.64028 4.45207 4.30021 4.18779 4.12822 3.99447 3.97482 3.9122 3.24324 3.21954 3.12401 5.15293 3.08534 2.94047 2.93943 2.76913 2.73437 2.57708 2.52955 2.37459
threshold=2.244282722473145 0.38630369305610662 0.36752028763294226 0.69016978144645702 0.5815606713294984 9.9895138740539569 9.6589250564575213 0.16221740096807483 0.81974595785141002 0.035084281116724021 23.144374847412113 0.62500000000000011 13.197704792022707 0.052243800833821304 0.29670330882072454 0.45552200078964239 0.6937910020351411 0.16221740096807483 0.70800262689590465 0.62500000000000011 0.19187828153371814 0.44982625544071203 0.62500000000000011 0.03641518950462342 0.67564699053764354 0.76879093050956737 0.038130093365907676 21.504723548889164 0.21564272046089175 0.31446082890033727
decision_type=2 2 2 2 2 2 2 2 2 2 2 2 2 2 2 2 2 2 2 2 2 2 2 2 2 2 2 2 2 2
left_child=1 13 3 4 6 18 7 -2 9 15 19 17 -6 14 16 -3 -1 -7 29 -4 -12 -22 28 -23 -18 -17 -16 -8 -11 -5
right_child=2 8 10 5 12 11 27 -9 -10 22 20 -13 -14 -15 26 25 24 -19 -20 -21 21 23 -24 -25 -26 -27 -28 -29 -30 -31
leaf_value=-0.011314250192383838 0.013573365250417121 -0.023469018061330674 -0.0097641603031391258 0.01956457352772081 -0.021254719454101054 0.013271080602889979 0.029381271944640262 -0.015452480395314395 0.025879825044459671 0.011201490547641279 -0.025366215240322901 -0.024795497707601033 0.0071046299546453076 -0.0056659926551667307 0.019888466839052217 -0.0045795316248936711 0.030968327291827618 -0.012690576125361182 -0.0078738257746296322 0.029495802201503451 0.010315012517798428 0.0028046339895215783 0.011028877026695524 -0.029090861747895817 0.012484770792889783 0.021172267618567903 -0.0079561040661600968 0.00014043197464624793 -0.030184375463739265 -0.0058147309686359255
leaf_weight=2.0480394018813959 6.9866760214790729 2.3266398473642829 3.2664395302999756 24.241007079283012 34.525482944503892 10.032515779079409 6.0192404268309456 18.942985402361955 4.8934267231670665 0.87980812741443415 27.151071428670548 7.753748513874597 4.8983605822431846 5.4050625859526908 4.3270349876256642 4.9831396955414666 33.359908545389771 8.8965588397113589 5.1738858283497384 2.3932964004343376 7.150096895114987 3.1672816399950525 1.7307478054426599 8.2193262517539534 13.3976286581601 10.017834598780608 6.7840424040332437 4.776782353175804 10.139478654426055 3.1640499138738951
leaf_count=66 277 47 173 950 1684 330 364 812 214 44 1689 289 468 299 409 226 1431 330 352 378 538 189 136 377 894 178 429 158 431 119
internal_value=-0.000315596 0.0119684 -0.00695692 -0.00350502 -0.00903305 0.00358057 0.000272571 -0.00730654 0 -0.00496385 -0.0157619 -0.00708863 -0.0175683 0.0183056 0.0205748 0.00664569 0.0242811 0.00089419 0.0123591 0.00832312 -0.0189242 -0.00851946 -0.0202955 -0.0204665 0.0261073 0.0126788 0.00338664 0.0178065 -0.0259734 0.0164272
internal_weight=287.052 100.293 186.759 135.411 76.1495 59.2618 36.7257 25.9297 34.9711 30.0776 51.3475 26.6828 39.4238 65.3217 59.9167 17.3276 48.8056 18.9291 32.5789 5.65974 45.6878 18.5367 12.75 11.3866 46.7575 15.001 11.1111 10.796 11.0193 27.4051
internal_count=14281 4804 9477 6133 3763 2370 1611 1089 1276 1062 3344 949 2152 3528 3229 451 2391 660 1421 551 2793 1104 611 566 2325 404 838 522 475 1069
is_linear=0
shrinkage=0.03


Tree=24
num_leaves=31
num_cat=0
split_feature=14 5 11 41 4 1 47 7 40 32 7 36 39 29 30 0 45 25 41 35 18 27 34 50 48 45 49 3 50 20
split_gain=24.5196 8.18393 10.8424 7.81723 7.28186 6.24388 5.77184 5.43139 5.28417 4.37491 3.93515 3.60322 3.54185 3.1186 2.93861 2.42126 2.40402 2.24678 2.65605 2.49401 2.12563 1.96151 1.57395 1.56901 1.50374 1.41702 1.33997 3.24806 1.29088 1.25243
threshold=0.30122286081314092 0.54919657111167919 0.62500000000000011 0.99859309196472179 0.95605885982513439 0.68932089209556591 0.93421071767807018 6.2423205375671396 0.89193516969680797 0.052243800833821304 5.0028898715972909 0.25528876483440405 0.95340165495872509 0.99728330969810497 0.36328125000000006 8.794166564941408 0.18135019391775134 0.22431258857250216 0.89107081294059765 0.71994838118553173 0.097656250000000014 0.75784814357757579 0.39456285536289221 0.16401940584182742 0.25151170790195471 0.22489445656538012 0.5452609956264497 0.18597942590713504 0.075161863118410124 0.041914381086826331
decision_type=2 2 2 2 2 2 2 2 2 2 2 2 2 2 2 2 2 2 2 2 2 2 2 2 2 2 2 2 2 2
left_child=12 2 4 17 6 10 14 9 -7 21 -6 -8 15 16 -2 26 28 19 22 20 -3 -4 -19 -5 -11 -18 -1 -28 -14 -15
right_child=1 3 7 23 5 8 11 -9 -10 24 -12 -13 13 29 -16 -17 25 18 -20 -21 -22 -23 -24 -25 -26 -27 27 -29 -30 -31
leaf_value=0.033371950849859659 -0.015879891844334817 0.0060778644834811272 -0.0013292481052615066 -0.0016995292927678657 -0.01039701528159644 0.0159916991372058 0.025736211172562064 -0.019564235704298952 -0.015117951261959707 0.01693519131513618 0.0071812472721147743 -0.0083724510390158768 -0.0042720702120679606 -0.021524121363493701 0.0018059256690044359 -0.008992316987247697 -0.015174435609316778 0.0072896230782225901 0.024851225915513024 -0.0013442334887126888 -0.028281148345434472 0.028001293525046798 -0.023957005976725374 0.035443836056990682 -0.016689753770000024 0.014953423965394414 -0.012306981943911922 0.027970963751463986 0.028487251540186827 0.0089325150586071697
leaf_weight=18.422971148509539 67.02122574893292 1.2304430510848785 1.9765140344388878 1.2124447626993053 37.123273054923629 29.24845109533635 4.9776805399451387 2.7089542271569362 4.948025653633521 0.70694530056789462 15.359912470681591 4.3428690184373409 0.80228427890687992 2.8241241779178377 9.0946054154774156 1.0221931961132202 2.4197770948521797 1.5026468286669104 1.291579632554203 4.4379569082520893 27.096656937297666 18.681449576397426 2.9885461424710229 1.9331720743793992 3.0907372556393966 1.3564432607963679 2.1866082039196035 3.3624442592263222 6.7421898180036806 0.95481909066438664
leaf_count=571 3071 39 64 39 1823 990 324 93 197 81 490 305 29 85 456 64 76 74 276 495 1786 1716 210 207 190 67 51 40 376 32
internal_value=-0.000946785 -0.00459226 -0.00201063 -0.0165252 -0.00482284 0.00127645 -0.0109888 0.0152397 0.0111034 0.0198299 -0.00515833 0.0102814 0.020469 0.00797213 -0.0137318 0.0273062 0.0156808 -0.0203733 -0.00211738 -0.0233484 -0.02653 0.0251247 -0.0135326 0.0234471 -0.0075799 -0.00285923 0.0292722 0.0121856 0.0245602 -0.0129421
internal_weight=281.068 240.974 199.281 41.6934 172.116 86.6797 85.4364 27.1646 34.1965 24.4556 52.4832 9.32055 40.0939 15.0996 76.1158 24.9942 11.3207 38.5478 5.78277 32.7651 28.3271 20.658 4.49119 3.14562 3.79768 3.77622 23.972 5.54905 7.54447 3.77894
internal_count=14317 12926 9800 3126 7656 3500 4156 2144 1187 2051 2313 629 1391 665 3527 726 548 2880 560 2320 1825 1780 284 246 271 143 662 91 405 117
is_linear=0
shrinkage=0.03


Tree=25
num_leaves=31
num_cat=0
split_feature=15 41 41 5 4 12 40 15 31 27 1 11 2 35 35 42 22 12 41 36 32 25 32 25 35 12 36 48 44 35
split_gain=26.6503 6.79545 6.75742 6.59489 8.8013 6.54754 5.90462 4.483 4.34441 4.18393 3.04058 2.94625 2.76709 2.30848 2.75711 3.51733 2.297 2.11083 2.08862 1.98187 3.55749 1.9513 1.96928 2.79541 1.85774 1.84005 1.70593 1.65111 2.30593 1.57786
threshold=0.069047622382640853 0.90966805815696727 0.98176404833793651 0.49760779738426214 0.9037490487098695 1.3584285974502566 0.56766384840011608 0.44505494832992559 0.061060085892677314 0.88230139017105114 0.80519592761993419 0.62500000000000011 0.26562500000000006 0.61278155446052562 0.69689443707466137 0.87577161192893993 0.58872514963150036 1.4518804550170901 0.99950441718101513 0.28536699712276464 0.038130093365907676 0.19187828153371814 0.039223875850439079 0.19435254484415057 0.66707316040992748 1.2415896058082583 0.29165551066398626 0.36248585581779486 0.022991543635725979 0.67722371220588695
decision_type=2 2 2 2 2 2 2 2 2 2 2 2 2 2 2 2 2 2 2 2 2 2 2 2 2 2 2 2 2 2
left_child=1 12 3 4 8 6 -6 13 11 24 19 -2 -1 -4 25 -16 27 -7 -11 -3 -21 29 26 -24 -9 -15 -23 28 -14 -5
right_child=2 10 7 21 5 17 -8 9 -10 18 -12 -13 16 14 15 -17 -18 -19 -20 20 -22 22 23 -25 -26 -27 -28 -29 -30 -31
leaf_value=-0.020135058430870763 -0.026393818175556239 0.033388245292743979 0.02553813500292372 -0.028980155515921351 0.016852489626575175 -0.0089788975218798757 -0.0012099932375363625 0.029923919993637811 0.013350788071986048 -0.015426853325557981 -0.0076797443983193285 0.001709849310411289 0.022130033560189593 0.011426739390450231 0.032581632364526526 -0.013524077777967446 -0.011395941494530926 -0.03116682931336549 0.015528873670767857 0.027062282838696258 -0.012057005999288915 0.014707652109164176 0.020406317688471978 -0.022502750948592106 -0.003207034487985799 -0.020504500808474605 -0.012674719967757703 0.021277052600826234 -0.016946090181455632 -0.0048114598136567597
leaf_weight=2.6226176237105419 23.393862026568975 23.442398673854775 9.6391437056008744 16.63129014958395 20.032435166154755 21.736992221616678 70.676160469767638 2.9043588953209136 2.6118993465788654 13.94725429403479 1.6260325592011202 3.5278878239914766 1.2278616996482008 1.6109992861747722 3.5677483989275061 1.429715607082471 3.0446086595766237 4.4529275251552454 1.3453287796583016 4.0838585062883785 2.6652511116117239 3.6539310296066132 0.71116951061412592 9.3290415047376865 1.9642425626807378 3.5106429474544711 2.6187507290160283 8.4507172145531495 2.4567364547401667 3.7016033168183631
leaf_count=167 1155 1025 610 883 795 1492 3175 265 150 1153 26 110 47 47 576 98 103 126 80 90 60 233 22 632 179 245 96 179 74 408
internal_value=-0.000762077 0.0188875 -0.00521257 -0.00765315 -0.00470905 -0.000927767 0.00288655 0.00582056 -0.0190571 -0.00396204 0.0270072 -0.0226743 0.00355134 0.0156572 0.0045248 0.0188355 0.00882055 -0.0138692 -0.0117335 0.0291579 0.0116644 -0.0189001 -0.00993083 -0.0176186 0.0177772 -0.00974465 0.00269251 0.0146025 -0.00133961 -0.0251527
internal_weight=272.617 49.6201 222.997 183.078 146.432 116.899 90.7086 39.9194 29.5336 20.1612 31.8175 26.9217 17.8025 19.7582 10.1191 4.99746 15.1799 26.1899 15.2926 30.1915 6.74911 36.6458 16.3129 10.0402 4.8686 5.12164 6.27268 12.1353 3.6846 20.3329
internal_count=14301 1771 12530 9277 7003 5588 3970 3253 1415 1677 1201 1265 570 1576 966 674 403 1618 1233 1175 150 2274 983 654 444 292 329 300 121 1291
is_linear=0
shrinkage=0.03


Tree=26
num_leaves=31
num_cat=0
split_feature=15 37 41 0 50 41 45 35 0 15 5 40 6 49 0 23 22 15 5 48 49 3 46 30 3 32 39 44 9 15
split_gain=23.955 6.69463 8.06677 5.86272 5.55728 5.38502 4.23299 4.07175 4.64367 4.60794 4.36052 3.89585 3.71797 3.64137 3.56515 3.47095 3.22675 3.42148 2.74555 3.72366 2.5692 2.24474 2.15946 2.13556 2.12202 2.08699 1.7196 1.30383 1.29021 1.27258
threshold=0.069047622382640853 0.16221740096807483 0.94855192303657543 13.113867759704592 0.17471884191036227 0.99108582735061657 0.0601144377142191 0.63501557707786571 11.088821887969972 0.57738095521926891 0.71680071949958812 0.90613824129104625 0.10273755714297296 0.13123106211423877 6.8312759399414071 0.58265525102615368 0.57300525903701793 0.29670330882072454 0.07681556418538095 0.36784663796424871 0.64380118250846874 0.23772940039634707 0.98826056718826305 0.17578125000000003 0.37659031152725225 0.04167591221630574 0.93998098373413097 0.24744898080825808 1.8517969846725466 0.72380954027175914
decision_type=2 2 2 2 2 2 2 2 2 2 2 2 2 2 2 2 2 2 2 2 2 2 2 2 2 2 2 2 2 2
left_child=5 6 3 4 11 13 23 10 9 -9 12 -3 -8 -1 20 25 17 24 -16 -20 -15 -22 -6 -2 -4 -5 -10 -17 -25 -19
right_child=1 2 16 15 22 -7 7 8 26 -11 -12 -13 -14 14 18 27 -18 29 19 -21 21 -23 -24 28 -26 -27 -28 -29 -30 -31
leaf_value=-0.021404749785089071 -0.0040621227245555992 0.0045166230347754499 0.023198573609398289 0.012659067261221632 0.0079380555569982612 0.031773078526390351 0.01689575609173051 -0.0008344668679223352 0.00028185549294960265 -0.022023769938825311 -0.024806080225790329 -0.019505743821834783 -0.005648689444408629 0.029278190623642508 -0.024631135917706649 0.031714155749089777 0.026448640024902898 -0.00067387560010862826 -0.0068023472915588216 0.02456548167908798 -0.016496846388245019 0.017000779302977994 -0.020134029503018326 0.028552078883268415 -0.012443478608553065 -0.019782421142179853 0.025784470399240908 -0.00401000752595584 -0.0042787309590805577 -0.020337243626900939
leaf_weight=2.0270886514335862 2.4531620363413813 18.745813907124106 5.743881715461618 2.0465777957724622 1.9016056009568263 16.65916865086183 21.685269699490167 19.071005538949976 5.886495541490147 17.650503424723865 2.5098303257836951 7.7441246521775602 8.4542100101243687 11.900299748405819 1.9396155476570118 3.7427028099773452 4.6526708120363756 7.7187477174447832 6.6815095826750603 5.1506244303309359 2.0419449415057889 3.3640057872980833 67.821207252214663 7.5405901169870031 1.1266097088810054 3.3325398716260679 3.3242340751457959 0.70868469704873849 0.78296400210820127 4.2591190221428405
leaf_count=45 126 807 484 125 59 622 928 1401 418 1094 180 522 466 537 85 622 606 656 180 213 58 28 2873 340 57 190 279 50 24 309
internal_value=-0.000413595 -0.00471102 -0.00904608 -0.012561 -0.0148231 0.0181512 0.00157094 -0.000895285 -0.00662794 -0.0114127 0.00703776 -0.00285109 0.0104973 0.0104778 0.0132534 0.00862542 0.00655728 0.000410849 0.00138336 0.00746881 0.0219437 0.00327961 -0.0192246 0.0183579 0.0161344 -0.00691966 0.0114036 0.0257841 0.0250144 -0.0089253
internal_weight=268.667 218.903 129.544 106.043 96.2128 49.7643 89.3583 78.5815 45.9322 36.7215 32.6493 26.4899 30.1395 33.1051 31.078 9.83051 23.501 18.8484 13.7717 11.8321 17.3063 5.40595 69.7228 10.7767 6.87049 5.37912 9.21073 4.45139 8.32355 11.9779
internal_count=14384 12616 7360 5248 4261 1768 5256 4766 3192 2495 1574 1329 1394 1146 1101 987 2112 1506 478 393 623 86 2932 490 541 315 697 672 364 965
is_linear=0
shrinkage=0.03


Tree=27
num_leaves=31
num_cat=0
split_feature=15 6 41 5 4 41 40 41 7 20 30 0 5 7 19 4 31 31 33 39 15 41 37 23 33 47 6 3 33 43
split_gain=19.6176 6.16334 5.64709 5.12283 5.56852 8.06329 4.52496 4.41421 3.69719 3.63461 3.97439 3.63655 3.49034 3.35118 3.06447 2.89897 2.56629 2.3487 2.10258 1.92527 1.89594 1.85189 1.74615 1.67413 1.50847 1.48872 1.47275 1.42184 1.37148 1.2419
threshold=0.069047622382640853 0.12847103178501132 0.83257314562797557 0.78860053420066845 0.9037490487098695 0.98241087794303905 0.81237336993217479 0.99108582735061657 3.3026608228683476 0.03469235077500344 0.30078125000000006 6.8312759399414071 0.07681556418538095 4.0395894050598153 0.063206624239683165 0.88512960076332103 0.066491581499576582 0.041222635656595237 40.907741546630866 0.96465602517128002 0.57738095521926891 0.99887213110923778 0.17748580873012546 0.46178789436817175 84.045551300048842 0.87228640913963329 0.23797596991062167 1.1653231382369997 54.418979644775398 0.4992018342018128
decision_type=2 2 2 2 2 2 2 2 2 2 2 2 2 2 2 2 2 2 2 2 2 2 2 2 2 2 2 2 2 2
left_child=7 3 -3 4 5 16 8 9 -6 10 22 19 -13 -8 15 20 -2 29 -7 -11 -4 27 -1 -17 -9 -21 -16 -19 -14 -5
right_child=1 2 14 17 6 18 13 24 -10 11 -12 12 28 -15 26 23 -18 21 -20 25 -22 -23 -24 -25 -26 -27 -28 -29 -30 -31
leaf_value=-0.025550151907833423 -0.023105354467781097 -0.022280891570521631 0.026077491461558397 -0.011601248994730085 -0.00082578554711966218 -0.0099038992743214309 0.0043705589844788865 0.032346207363649661 0.012788099703408254 0.031363485067162272 0.022141154400420051 -0.029630159468301418 0.025072779443677851 -0.011888863028452339 0.018477835486146583 0.014647397313888418 0.012706098990602821 -0.023814489319425806 0.025100557170285809 -0.010621450445954 -0.010959859879486668 0.0063580944740504906 0.0042578515357052345 -0.018859552661212201 -0.0028975587986869401 0.021246598403419463 -0.012210959641598691 0.01079961182400936 0 0.015484607731548835
leaf_weight=4.6623159215669165 18.759256669844042 25.728018697584048 2.1313977313693644 1.5839489067439014 26.465822111524176 1.3449198949383561 21.79566245310707 14.946896155830469 51.636496990773594 10.622477377764882 2.383328958414495 1.5691715888679008 2.3758227252401412 21.711074814578751 6.2707569478079668 0.66574210347607632 1.2439161774964294 15.235513699706644 4.8291982862283476 2.0132463579066093 1.1992184799746608 1.739855091087519 1.9756499707000328 11.536425535130546 0.83945051953196603 1.3191460066009311 0.88632734958082426 0.46699143946170885 4.501280946249608 2.6554651347687468
leaf_count=109 973 1077 310 104 1364 101 1151 598 1966 278 175 68 82 1256 887 55 88 1131 485 76 128 114 61 1172 25 86 31 12 189 148
internal_value=0.000208104 -0.00359693 -0.0129242 -0.0008543 0.00115683 -0.01111 0.00389091 0.0175423 0.00818484 0.0103386 -0.00509838 0.0166357 0.000476761 -0.00376076 -0.00169535 -0.0091622 -0.0202366 -0.0141413 0.0167397 0.0255295 0.0125977 -0.0188358 -0.0168897 -0.0158332 0.0302324 0.00329354 0.0132785 -0.0220205 0.0106167 0.00450936
internal_weight=265.095 217.886 48.4179 169.468 147.786 26.1773 121.609 47.2088 78.1023 31.4224 9.02129 22.4011 8.44628 43.5067 22.6899 15.5328 20.0032 21.6818 6.17412 13.9549 3.33062 17.4424 6.63797 12.2022 15.7863 3.33239 7.15708 15.7025 6.8771 4.23941
internal_count=14300 12553 3660 8893 7384 1647 5737 1747 3330 1124 345 779 339 2407 2583 1665 1061 1509 586 440 438 1257 170 1227 623 162 918 1143 271 252
is_linear=0
shrinkage=0.03


Tree=28
num_leaves=31
num_cat=0
split_feature=15 40 9 11 4 47 7 30 3 7 10 27 40 7 15 25 10 39 18 39 22 10 36 3 20 1 22 40 44 49
split_gain=20.7166 6.06464 6.12129 5.60291 7.40667 5.3192 5.25808 5.71317 4.7778 3.76522 3.06355 2.99242 3.15479 2.88968 2.70677 2.7365 2.64218 2.43394 2.35745 2.20994 2.05946 2.09703 1.97024 1.88065 1.79365 1.71224 1.70978 1.6458 1.30441 1.22591
threshold=0.069047622382640853 0.81237336993217479 0.86257991194725048 0.62500000000000011 0.91865441203117382 0.76412835717201244 4.9202213287353525 0.26171875000000006 0.36560940742492681 6.2423205375671396 0.62500000000000011 0.9721493422985078 0.95209553837776195 2.4397786855697636 0.86190477013587963 0.19226835668087008 1.0000000180025095e-35 0.97543969750404369 0.30078125000000006 0.85437244176864635 0.38681267201900488 0.87500000000000011 0.2701068669557572 0.53495711088180553 0.036323627457022674 0.80519592761993419 0.47275695204734808 0.94182518124580394 0.079156223684549346 0.46646161377429968
decision_type=2 2 2 2 2 2 2 2 2 2 2 2 2 2 2 2 2 2 2 2 2 2 2 2 2 2 2 2 2 2
left_child=5 3 11 4 13 17 8 -8 -6 20 26 14 22 -2 15 -3 27 18 -1 -20 21 -5 -13 -22 -21 29 -7 28 -4 -12
right_child=1 2 16 9 6 10 7 -9 -10 -11 25 12 -14 -15 -16 -17 -18 -19 19 24 23 -23 -24 -25 -26 -27 -28 -29 -30 -31
leaf_value=0.028802803851519076 0.0031323974549626564 -0.015868330001320152 -0.02155540868972599 -0.020214172778030361 0.0050295028317419461 -0.016805108108760979 0.019543779457460331 -0.014904639375969742 -0.012125618589910302 -0.019090753316375466 0.032176491176145357 0.021711063996973846 -0.015886146552254898 -0.018895223049645284 -0.0246273698676104 0.0040019465462082958 -0.027664146810937526 -0.016945113158324098 0.021476508582548289 -0.021512339829455687 0.026560940615461031 0.01650312829436543 -0.0019213775844903924 -0.0046455244025621102 0.0042791233391999677 -0.0046942703534861643 0.018222486051974181 0.0063686569285616628 0.0037883428591384992 0.0038781318983424936
leaf_weight=3.163954111980277 6.0883030149270772 9.0901599057251641 6.0736595952184889 1.7195351836271646 30.241995185875567 1.8950965027324884 21.298847688536629 4.4943091446766621 26.340028931736015 1.8475255647208531 23.350094754016034 8.1018286531325412 3.2672394509427241 25.968129359360319 6.5705826510093166 15.189520855783483 18.768999309802894 2.9249460557475677 2.6728583488147697 2.9546466326573846 13.282625941530567 1.8669411856099032 4.3052016113069831 1.4895979542052362 5.2716697732103057 0.90904503501951595 1.1953553752973674 3.802941426896723 1.8541215263539923 2.0331900101155034
leaf_count=93 430 624 284 161 1678 52 485 170 1170 71 1009 467 231 2001 438 1027 1072 109 54 92 1274 122 285 162 164 16 79 259 76 79
internal_value=9.09263e-05 -0.0038943 -0.0105494 -1.52023e-05 -0.00264083 0.0180432 0.0021173 0.0130971 -0.00297633 0.0141361 0.0255952 -0.00347485 0.00681452 -0.0146527 -0.00884664 -0.00365212 -0.0207928 0.00411765 0.0095317 0.00173489 0.0184483 -0.00101596 0.0137553 0.0231289 -0.00598684 0.0288104 -0.00138067 -0.00825365 -0.0155317 0.0302564
internal_weight=258.033 211.662 77.0243 134.638 114.432 46.3709 82.3752 25.7932 56.582 20.2062 29.3828 46.5245 15.6743 32.0564 30.8503 24.2797 30.4997 16.9881 14.0631 10.8992 18.3587 3.58648 12.407 14.7722 8.22632 26.2923 3.09045 11.7307 7.92778 25.3833
internal_count=14234 12487 4763 7724 5934 1747 3503 655 2848 1790 1235 3072 983 2431 2089 1651 1691 512 403 310 1719 283 752 1436 256 1104 131 619 360 1088
is_linear=0
shrinkage=0.03


Tree=29
num_leaves=31
num_cat=0
split_feature=15 6 41 9 40 19 6 0 41 16 13 3 42 11 4 13 45 35 28 50 36 44 9 40 28 29 46 39 41 32
split_gain=18.3217 5.6149 5.55767 5.20919 4.59996 4.29451 4.21314 4.00497 4.52166 3.72198 3.47054 3.31924 3.06597 3.01681 4.95556 3.98706 2.91495 3.68596 2.85522 2.85261 2.80163 2.47817 2.4344 2.41414 2.16657 1.92541 1.61722 1.5647 1.54498 1.48416
threshold=0.069047622382640853 0.10846414789557458 0.88144513964653026 0.76659014821052562 0.80007666349411022 0.046429147943854339 0.17195969820022586 13.113867759704592 0.84748679399490368 0.38964843750000006 26.218254089355472 0.12568638473749164 0.40075758099555975 0.62500000000000011 0.94765979051589977 28.791631698608402 0.1658347696065903 0.70159947872161876 0.52969026565551769 0.3097145557403565 0.2539577335119248 0.23166368901729587 0.11311697214841844 0.74176833033561718 0.9317646622657777 0.97093707323074352 0.99463710188865673 0.95408338308334362 0.92779958248138439 0.058228246867656715
decision_type=2 2 2 2 2 2 2 2 2 2 2 2 2 2 2 2 2 2 2 2 2 2 2 2 2 2 2 2 2 2
left_child=2 4 5 6 13 -1 10 8 29 -10 -3 23 19 14 22 -16 -4 18 -18 26 -15 25 -2 -5 -12 -9 -7 -19 -13 -6
right_child=1 3 16 11 7 12 -8 21 9 -11 24 28 -14 20 15 -17 17 27 -20 -21 -22 -23 -24 -25 -26 -27 -28 -29 -30 -31
leaf_value=0.02430190815064312 0.016206187136875421 0.010820376985096799 0.031344273257001516 0.014109189477917092 -0.018940767282361468 0.029840529866397247 0.016916041836778192 0.027373217757902739 -0.015623026428008769 0.010964013630958652 -0.016886506405842373 -0.029298416590718822 -0.023952107886709997 0.000884362397194555 -0.0091072025038824826 0.012492259921637558 -0.0087726284467148554 0.0085320167707726366 0.028151892173258298 -0.018099366043979184 0.027602312071695327 -0.017387196769232401 -0.010573597958587285 -0.017680016422846914 0.0014873708239581673 -0.011840779106667452 -0.0033794137277732778 -0.025138916534788738 0 0.010911399769227835
leaf_weight=4.1890471272636196 2.4331013718619969 6.0999218201613976 18.209083061781715 3.256404756044506 28.569782264996324 2.6018986147828382 6.1146799662383264 4.8290002142311996 6.5185495604528141 11.763939209107773 22.658944896538745 18.726729053392777 4.9067847187398002 6.7296604709699732 8.999561117438132 32.823577598319389 1.7830562554299811 1.2439355198293918 7.2367469640448689 2.0202647119294852 7.2290607938775793 1.0629120726371182 28.517907616333105 3.3139991906937212 7.0550485937565091 0.67925832420587529 1.5559466711711136 2.1145581414457411 1.744756948086432 0.82912023551762004
leaf_count=107 160 926 837 274 1261 41 570 652 381 859 1482 875 250 557 337 1099 37 98 226 41 438 42 1613 204 401 12 58 84 349 17
internal_value=-0.000392951 -0.0041721 0.016564 -0.0111228 -0.000696264 0.00140125 -0.00422469 -0.00748975 -0.0105715 0.00101032 -0.00827709 -0.0211794 -0.00829961 0.00355589 0.000975842 0.00767027 0.0237566 0.0108619 0.0204061 0.00531896 0.0158421 0.0129183 -0.00793318 -0.0017459 -0.0125199 0.0210002 0.0185824 -0.0128832 -0.0269051 -0.0176689
internal_weight=255.817 209.956 45.8613 68.9705 140.985 15.2739 41.9286 54.2526 47.6814 18.2825 35.8139 27.0419 11.0849 86.7329 72.7741 41.8231 30.5874 12.3783 9.0198 6.17811 13.9587 6.57117 30.951 6.5704 29.714 5.50826 4.15785 3.35849 20.4715 29.3989
internal_count=14288 12509 1779 5081 7428 497 3379 3224 2518 1240 2809 1702 390 4204 3209 1436 1282 445 263 140 995 706 1773 478 1883 664 99 182 1224 1278
is_linear=0
shrinkage=0.03


Tree=30
num_leaves=31
num_cat=0
split_feature=15 40 9 41 45 35 11 4 31 3 41 49 13 1 9 7 35 7 25 46 36 29 13 10 1 30 28 42 5 6
split_gain=18.2001 5.45747 6.1036 4.55179 4.00861 3.59583 3.34981 4.15396 5.14281 2.87861 3.14227 2.7274 2.69419 3.2795 2.98712 2.68803 2.62057 2.59179 2.54915 2.52657 2.33446 2.78919 2.21355 2.18457 2.06905 2.52967 1.71837 1.66466 1.5938 1.36603
threshold=0.074175827205181136 0.80007666349411022 0.86257991194725048 0.56154060363769542 0.0601144377142191 0.43618023395538336 0.62500000000000011 0.90527912974357616 0.033605577424168594 0.22379656136035922 0.85040917992591869 0.30434226989746099 30.71190166473389 0.70759594440460216 1.0818664431571963 4.8782019615173349 0.70800262689590465 5.8555271625518808 0.17142392694950107 0.99270033836364757 0.26219025254249578 0.99684152007102977 44.976240158081062 0.87500000000000011 0.63148751854896557 0.14453125000000003 0.60882267355918895 0.96238207817077648 0.1615608632564545 0.084398820996284499
decision_type=2 2 2 2 2 2 2 2 2 2 2 2 2 2 2 2 2 2 2 2 2 2 2 2 2 2 2 2 2 2
left_child=3 4 9 -1 24 17 7 11 -9 10 22 -6 20 14 28 23 26 -4 -12 -11 -5 -22 -3 -8 -2 -26 -15 -21 -14 -27
right_child=1 2 5 12 6 -7 15 8 -10 19 18 -13 13 16 -16 -17 -18 -19 -20 27 21 -23 -24 -25 25 29 -28 -29 -30 -31
leaf_value=-0.017883068133145438 -0.0057662757200346937 -0.017477034950832325 -0.014465287454964315 0.034046771662616472 -0.00082089726215327208 -0.023417271250899787 0.0017903247763101551 0.0060254049316300759 -0.0098060170821502556 0.013755561045028415 -0.01044244662353446 -0.023722296073815659 -0.027700190146061707 0 0.020971401140423663 -0.014724910635256255 -0.009632108658994035 0.024351483591059507 0.02249483211407519 -0.013368347975072532 0.023191191293467757 -0.0070419738180825435 0.016191881559864976 0.025944706742485793 -0.015978546044219263 0.033232379504340874 0.030507737686590562 0.013321825937654136 0.0037952509589820396 0.0097284673192270365
leaf_weight=2.2911198296933426 3.1234888836042947 5.2497137244790819 2.1631733148824415 14.025652894284578 7.6154499738477197 28.381753497960744 6.5283177207747922 42.357758035213919 31.124274719710229 3.1371565563895301 1.9108502459712315 12.798937461426247 3.2648567510186721 2.0220030769705755 1.5623509936849584 2.3025721758604041 1.7581448646960769 2.0158608935889788 8.9326754695503023 25.614810724218845 6.5879872296936792 3.5162644353695214 1.4763895801734177 7.1066719857190037 0.88088851887732644 5.6131086938839854 7.6465116001199931 1.3835642881458614 1.6298748289700595 5.8396898467908613
leaf_count=44 204 284 186 719 793 1471 694 1759 1796 96 161 812 154 32 100 143 86 149 752 1745 308 81 159 715 34 167 130 51 143 348
internal_value=-7.37342e-06 -0.00379608 -0.00985137 0.0172004 0.000106684 -0.0196764 -0.00192184 -0.00412216 -0.000681549 -0.00281747 0.00651108 -0.0157565 0.0195546 0.00965739 -0.00649319 0.0103423 0.0188134 0.00476623 0.0160457 -0.008387 0.0260943 0.0127132 -0.00855917 0.0154973 0.0139439 0.0192186 0.0246852 -0.0114665 -0.017839 0.0232325
internal_weight=249.862 205.557 80.2659 44.3048 125.291 32.5608 109.834 93.8964 73.482 47.7052 17.5696 20.4144 42.0136 17.8837 6.45708 15.9376 11.4267 4.17903 10.8435 30.1355 24.1299 10.1043 6.7261 13.635 15.4572 12.3337 9.66851 26.9984 4.89473 11.4528
internal_count=14316 12519 5054 1797 7465 1806 6712 5160 3555 3248 1356 1605 1753 645 397 1552 248 335 913 1892 1108 389 443 1409 753 549 162 1796 297 515
is_linear=0
shrinkage=0.03


Tree=31
num_leaves=31
num_cat=0
split_feature=14 41 5 4 11 37 50 15 48 50 41 10 39 25 49 21 30 23 11 4 0 22 27 0 48 9 41 30 0 35
split_gain=15.4844 5.89491 4.99285 5.10746 7.08851 4.67383 4.34261 4.21529 4.12282 3.18917 2.71415 2.51375 2.34292 2.30308 3.39071 2.87181 2.19774 1.82228 1.49672 1.43659 1.41312 2.00267 1.39786 1.37625 1.36641 1.33864 1.98694 1.19704 1.03031 1.02436
threshold=0.30122286081314092 0.99108582735061657 0.54919657111167919 0.95605885982513439 0.62500000000000011 0.1672831475734711 0.18904620409011844 0.48333333432674414 0.28702162206172949 0.26702763140201574 0.99933713674545299 0.62500000000000011 0.96201255917549144 0.19187828153371814 0.41987407207489019 50.010000228881843 0.18359375000000003 0.49889841675758367 0.62500000000000011 0.92812600731849682 3.5155181884765629 0.43894858658313757 0.97442224621772777 5.7845218181610116 0.19964148849248889 0.44297191500663763 0.99868491291999828 0.41015625000000006 1.8547893762588503 0.69347289204597484
decision_type=2 2 2 2 2 2 2 2 2 2 2 2 2 2 2 2 2 2 2 2 2 2 2 2 2 2 2 2 2 2
left_child=11 2 3 4 9 8 -7 25 -5 -2 18 23 24 22 17 -16 -6 -15 27 -20 -14 -22 29 -1 -13 -3 -27 -9 -12 -4
right_child=1 7 13 5 16 6 -8 10 -10 -11 28 12 20 14 15 -17 -18 -19 19 -21 21 -23 -24 -25 -26 26 -28 -29 -30 -31
leaf_value=0.014211841289448031 -0.017608193772131461 0.020730235894432843 -0.02989078988627485 -0.0063011804083075492 -0.0096397874333563043 0.008815944711205434 -0.0099807840323409783 -0.021229418649527418 0.017781951286281742 -0.0036123068661323213 -0.004291448061453154 -0.003784453465270802 0.023915275088369194 0.021895614849240904 0.0078573230928663442 -0.02794039092457944 0.020076132704313823 -0.0077274447807425097 0.023342060502622448 -0.0090417872336532885 0.014575494119293746 -0.015166351840468998 0.0022721834104880594 -0.016040710954489806 0.028766020555514648 0.019953971516373147 -0.019487476810687607 0.0083238868095129141 0.026534240356293225 -0.0059688695393684977
leaf_weight=1.3248467831872397 37.702192383294459 16.029327888158154 11.871629789879085 7.9258326613344279 2.1267014457844189 16.07112730568042 30.222482006152859 6.9375073481060081 22.955353006633231 25.584027010772843 0.8524005170911545 0.82830047328025713 1.9162377610336969 3.4533093315549177 2.1876712798257358 5.7740451053541619 8.3657663807389309 2.3410499882302247 1.1355960378423333 1.888539315041271 2.8429181692190468 3.3112709532724693 1.3555027090478677 2.1835695193149149 19.866826779907569 1.11804803519044 1.4965724912472067 0.75196499575395126 2.0592298252740875 2.8858148738800073
leaf_count=65 1692 1001 814 433 61 808 1534 416 978 1649 20 56 133 271 131 332 697 300 204 273 95 213 149 130 680 391 94 82 160 401
internal_value=5.36232e-05 -0.00289347 -0.00501661 -0.00272462 -0.00832614 0.00263004 -0.00334351 0.00870669 0.011503 -0.0121411 -0.00369013 0.0191044 0.0219618 -0.0160393 -0.00606752 -0.0179902 0.0134773 0.0101099 -0.0108586 0.00515183 0.00665556 -0.000890922 -0.0235252 -0.00333296 0.0272106 0.0176458 -0.000937423 -0.0173688 0.0179528 -0.0260789
internal_weight=245.366 213.092 180.823 150.953 73.7787 77.1748 46.2936 32.2692 30.8812 63.2862 13.6252 32.274 28.7656 29.869 13.7561 7.96172 10.4925 5.79436 10.7136 3.02414 8.07043 6.15419 16.1129 3.50842 20.6951 18.6439 2.61462 7.68947 2.91163 14.7574
internal_count=14263 12891 10250 7852 4099 3753 2342 2641 1411 3341 1155 1372 1177 2398 1034 463 758 571 975 477 441 308 1364 195 736 1486 485 498 180 1215
is_linear=0
shrinkage=0.03


Tree=32
num_leaves=31
num_cat=0
split_feature=14 6 5 11 4 33 13 41 20 41 15 11 9 4 45 22 30 48 32 42 13 31 20 45 39 32 47 15 25 7
split_gain=13.2369 5.37682 4.45759 5.31351 5.57235 5.39383 3.80155 3.69567 5.08388 3.22021 2.9173 2.36166 2.33917 2.2212 2.09271 2.09061 1.6724 1.58572 1.46437 1.34702 1.54535 1.16927 1.50634 1.11611 1.11247 1.09418 1.25625 0.989946 0.926888 0.892951
threshold=0.50632169842720043 0.10846414789557458 0.70386335253715526 0.62500000000000011 0.89789465069770824 52.17028999328614 26.480503082275394 0.99576106667518627 0.03469235077500344 0.99670004844665538 0.74166667461395275 0.62500000000000011 0.11957099661231042 0.88423511385917675 0.027880853042006496 0.34735116362571722 0.17578125000000003 0.37958812713623052 0.031910995021462447 0.80746060609817516 26.218254089355472 0.090021118521690383 0.04510071128606797 0.16800710558891299 0.93998098373413097 0.050485622137784965 0.99149304628372203 0.37087912857532507 0.23364196717739108 1.9688922166824343
decision_type=2 2 2 2 2 2 2 2 2 2 2 2 2 2 2 2 2 2 2 2 2 2 2 2 2 2 2 2 2 2
left_child=7 2 3 4 12 -6 17 8 13 18 11 14 -2 -1 -8 29 -17 25 -4 20 -15 22 -10 -19 -11 26 -3 -13 -20 -5
right_child=1 6 9 15 5 -7 10 -9 21 24 -12 27 -14 19 -16 16 -18 23 28 -21 -22 -23 -24 -25 -26 -27 -28 -29 -30 -31
leaf_value=0.015398046495352377 0.011152758605218123 0.025674827313159433 0.0090753460923103293 -0.022167230952599568 0.013416434572290057 -0.0022168782123898351 0.020272606034041227 0.030600500335989832 0.025660974187093809 -0.0041394784246171273 -0.024835585445866375 0.019144621240240942 -0.022494722903445254 0.0010502960085392869 -0.012039394716265757 0 0.026847890580121502 -0.019694494204868795 -0.02344074988288835 0.0053364026744974116 -0.02990958539070495 -0.0023873353078672681 0 0.0099092529884120036 0.023793960105574337 -0.0061614172646406165 -0.0066967456861432061 -0.004484542880494896 0 0.0086116109056155708
leaf_weight=1.8792474477086232 1.445546181173994 4.5586117820203054 0.92677790625021117 0.82321061426773556 28.335346396517707 60.160677944862982 0.935728779877535 10.804725792957468 12.196361548820279 1.7373739202739664 12.844968879711812 2.7618955792859188 11.037175081000894 1.6971758001018313 42.193963685684139 2.7731834076112127 11.240404949290676 1.832648723619059 12.715932787279597 1.5893507718574253 3.984865280915983 1.62003607477527 2.6330451397225252 0.97970820928458113 1.6197165716439483 1.0950891582760958 0.72932407329790283 1.9389909380115566 1.7228755770483974 0.65973256388679147
leaf_count=127 58 939 107 23 1249 2573 53 527 478 94 821 175 753 111 2553 71 1141 65 924 107 135 180 93 67 180 141 103 224 159 48
internal_value=-2.09036e-06 -0.0029946 0.000489315 0.00272254 0.000112687 0.00284918 -0.00968998 0.016404 0.0093743 -0.0126853 -0.0124165 -0.0085796 -0.0178375 -0.00779358 -0.0108269 0.0185093 0.0220775 0.00745991 -0.0184038 -0.015287 -0.0214399 0.0189958 0.0215246 -0.00870069 0.011017 0.0152007 0.020378 0.00979497 -0.0208355 -0.00931256
internal_weight=241.474 205.069 135.198 116.475 100.979 88.496 69.8709 36.4048 25.6001 18.7227 60.6755 47.8306 12.4827 9.15064 43.1297 15.4965 14.0136 9.19538 15.3656 7.27139 5.68204 16.4494 14.8294 2.81236 3.35709 6.38303 5.28794 4.70089 14.4388 1.48294
internal_count=14279 12521 7380 5916 4633 3822 5141 1758 1231 1464 3826 3005 811 480 2606 1283 1212 1315 1190 353 246 751 571 132 274 1183 1042 399 1083 71
is_linear=0
shrinkage=0.03


Tree=33
num_leaves=31
num_cat=0
split_feature=15 49 31 4 33 13 1 47 15 0 6 30 45 34 39 48 32 1 39 4 22 13 14 10 49 4 10 49 32 4
split_gain=12.4297 5.01663 4.54478 6.22858 5.38842 4.55673 4.19157 3.68411 3.47583 3.14744 3.06767 2.82954 4.76462 2.80017 2.73673 2.53314 2.50164 2.40725 3.60075 3.12627 2.39725 2.23961 2.20349 2.22073 1.83002 1.97976 1.75164 1.71119 1.70068 1.58613
threshold=0.13809524476528171 0.48677098751068121 0.03401909954845906 0.90527912974357616 52.17028999328614 29.983133316040043 0.70909976959228527 0.38598966598510748 0.79285714030265819 14.781014442443849 0.14127323776483539 0.25390625000000006 0.19275382161140445 0.34548245370388037 0.85437244176864635 0.29716135561466223 0.053566453978419311 0.64241042733192455 0.92861801385879528 0.95220488309860241 0.5791832208633424 34.335622787475593 1.8718484044075014 0.62500000000000011 0.18368119001388553 0.89087405800819408 0.62500000000000011 0.22332095354795459 0.039152666926383979 0.88875979185104381
decision_type=2 2 2 2 2 2 2 2 2 2 2 2 2 2 2 2 2 2 2 2 2 2 2 2 2 2 2 2 2 2
left_child=1 16 3 27 7 8 14 -5 15 11 -9 12 -7 -13 -3 26 21 18 -6 -19 -10 22 23 -1 -23 -26 -4 28 -2 -17
right_child=2 6 5 4 17 9 -8 10 20 -11 -12 13 -14 -15 -16 29 -18 19 -20 -21 -22 24 -24 -25 25 -27 -28 -29 -30 -31
leaf_value=-0.0035721777951057587 0.014562017595728173 0.012976038082664246 -0.0020693151804958149 -0.0205023518910942 -0.023524083430899602 0.0057071902578569389 0.015516189756659571 0.022015310286808715 -0.024298599590438303 0.019622206108852562 -0.0075071002915621174 0.00026770718370346699 -0.022673437497989689 -0.02010975838079648 -0.019187670049665151 0.019555640885066301 -0.010372412428338898 -0.010566256639191342 0.011653962704271045 0.011700845872618701 0.013725989566982589 0.02197040831029844 -0.0046214229391783766 0.02866065410273707 0.018797564004468373 -0.015787705351593975 0.020105644794677146 -0.02091775728027916 -0.016670778079351928 -0.0087698417655039732
leaf_weight=1.6854057256132424 2.5372142487904048 2.2388272217940566 3.8766750039067128 1.5107742287218595 7.7451576575404015 14.611207330162872 7.4321225229650727 22.632037176896123 5.5807745869387864 1.7587837995961297 2.9936383867170653 6.6702001812373046 7.0560580890160045 43.16846209281357 8.9622360299690609 1.116281910217366 1.8644174633081991 8.1579810866969638 2.8930161668686196 13.79501666892611 1.1132176870596593 2.3236670806072643 1.775174256064928 23.451529608806595 1.1343656751560045 3.9053900118451566 10.529269308492076 11.042943811131407 1.8103989061200989 9.8067700634710473
leaf_count=105 319 64 275 43 296 641 190 967 444 405 215 366 391 2792 381 146 126 421 145 474 192 77 99 1373 50 202 1397 724 126 807
internal_value=-0.00048497 0.0118888 -0.00430314 0.00129471 0.00574376 -0.0082998 -0.000626008 0.0153825 0.00104249 -0.0123826 0.0183014 -0.013471 -0.00399529 -0.0173719 -0.0119764 0.00627915 0.0182651 -0.00241147 -0.0135204 0.0031956 -0.016623 0.0201578 0.0240891 0.0263307 0.00426839 -0.00568301 0.0141966 -0.0150851 0.00030994 -0.00422613
internal_weight=235.179 54.7731 180.406 75.1182 59.7276 105.288 18.6332 27.1364 32.023 73.2647 25.6257 71.5059 21.6673 49.8387 11.2011 25.329 36.1399 32.5912 10.6382 21.953 6.69399 34.2755 26.9121 25.1369 7.36342 5.03976 14.4059 15.3906 4.34761 10.9231
internal_count=14253 2667 11586 3730 2561 7856 635 1225 3261 4595 1182 4190 1032 3158 445 2625 2032 1336 441 895 636 1906 1577 1478 329 252 1672 1169 445 953
is_linear=0
shrinkage=0.03


Tree=34
num_leaves=31
num_cat=0
split_feature=14 41 30 4 15 35 47 9 24 0 32 0 41 27 13 34 0 40 18 9 24 50 13 5 29 48 50 5 22 5
split_gain=13.5511 5.23515 5.0335 6.80266 4.76195 4.80516 4.53091 4.60729 3.69091 3.18505 2.56692 2.39626 2.2299 2.21803 2.13088 2.11061 1.83783 1.81948 1.81321 1.72829 1.52669 1.39474 1.2138 1.48052 1.45767 1.13372 1.06287 1.36796 0.935451 0.89026
threshold=0.30122286081314092 0.90580332279205333 0.25390625000000006 0.9037490487098695 0.51666668057441723 0.61278155446052562 0.38598966598510748 0.32538577914237982 0.30983379483222967 13.625747203826906 0.038750734180212028 4.8832900524139413 0.99933713674545299 0.97442224621772777 40.858566284179695 0.31429564952850347 12.988608360290529 0.43051156401634222 0.21484375000000003 3.0418508052825932 0.19979121536016467 0.1703191623091698 33.300685882568366 0.87807849049568187 0.97012647986412059 0.19964148849248889 0.3097145557403565 0.07681556418538095 0.37296865880489355 0.37272305786609655
decision_type=2 2 2 2 2 2 2 2 2 2 2 2 2 2 2 2 2 2 2 2 2 2 2 2 2 2 2 2 2 2
left_child=14 2 3 -2 5 22 -5 -8 9 15 17 -12 19 18 25 -4 -15 -7 -10 20 -6 -11 23 -3 -24 -1 28 -28 -27 -29
right_child=1 4 8 6 12 10 7 -9 13 21 11 -13 -14 16 -16 -17 -18 -19 -20 -21 -22 -23 24 -25 -26 26 27 29 -30 -31
leaf_value=-0.0023686080711367479 -0.022007766832853604 0.027101525566584465 0.005728164641985594 -0.02597161744794085 0.011799855685493752 -0.010350847118637107 -0.020056038076659285 0.0056395979455028363 -0.0086635689997849909 -0.012193722127251779 0.0049391755544234252 -0.021192479482146812 0.016378825967713107 -0.020182915659332723 -0.010182114293931782 -0.02266290380401853 0.014216071783074578 0.018482681796674089 0.021105262080160166 0.013464166214690499 -0.013235642367244598 0.022768658283748997 0.020072663943285707 -0.0041565469636118905 -0.012878700595057762 -0.0013488399589809716 -0.012621273751236619 0.020503969085722353 0.026742114954988419 -0.0022644916989133725
leaf_weight=1.4724287607241482 12.19969522822066 14.03636059217388 1.9678166497324117 4.1102231936238232 1.5333657526935081 1.7722401649225519 5.9156661328161126 65.768282723700395 1.9340367367258275 0.75165752414613907 5.1087485270691086 5.7086870180792175 2.6881454357644534 4.4911367865279317 1.5223410483449686 33.305941685190191 0.9774130719306412 6.743746975727845 4.4478585604811087 1.9539573978399847 21.428830844146432 1.660431226773653 1.1769268573261791 1.0508602980989952 1.6809113223571328 0.81660633347929135 1.1407377026043821 4.762499175267294 18.367202731198631 1.55546548217535
leaf_count=94 789 1218 115 170 319 232 219 2627 57 53 455 378 179 222 134 2100 146 648 230 45 2029 381 95 76 101 52 42 258 734 67
internal_value=-0.000397811 -0.00321016 -0.00651688 -0.00211668 0.00374599 0.0106478 0.00129078 0.00323105 -0.0140773 -0.0185664 0 -0.00922379 -0.00551618 0.000299067 0.0181896 -0.0208821 -0.0123236 0.0117098 0.0117259 -0.00853499 -0.011016 0.0106138 0.0213857 0.0246148 0.00159936 0.0201258 0.0215182 0.00938069 0.0253901 0.014945
internal_weight=232.05 202.413 137.53 87.9939 64.8828 37.2785 75.7942 71.6839 49.5363 37.6858 19.3334 10.8174 27.6043 11.8504 29.6373 35.2738 5.46855 8.51599 6.3819 24.9162 22.9622 2.41209 17.9451 15.0872 2.85784 28.1149 26.6425 7.4587 19.1838 6.31796
internal_count=14265 12884 7109 3805 5775 3203 3016 2846 3304 2649 1713 833 2572 655 1381 2215 368 880 287 2393 2348 434 1490 1294 196 1247 1153 367 786 325
is_linear=0
shrinkage=0.03


Tree=35
num_leaves=31
num_cat=0
split_feature=41 14 5 11 4 33 7 12 12 32 7 20 25 49 14 31 31 33 40 13 15 34 22 47 30 41 24 0 50 32
split_gain=10.9014 6.62427 5.52528 3.94141 5.10208 5.34153 5.16618 4.02895 3.33343 3.12925 2.79799 2.93835 2.35339 3.26531 2.40469 2.31746 2.30194 2.14673 1.60682 1.5547 1.54235 1.50892 1.44773 1.44377 1.35166 1.19055 1.1905 1.15393 1.07917 1.04265
threshold=0.99108582735061657 1.9600051641464236 0.36752028763294226 0.62500000000000011 0.91865441203117382 53.451297760009773 5.0028898715972909 1.4160298109054568 1.3522198200225832 0.04913380183279515 6.6719944477081308 0.032440342009067542 0.19187828153371814 0.42904996871948248 2.0768648386001591 0.09300470352172853 0.052288647741079337 61.218109130859382 0.44913125038146978 25.021240234375004 0.57738095521926891 0.46302290260791784 0.37462341785430914 0.93769410252571117 0.25390625000000006 0.99670004844665538 0.28631600737571722 6.8312759399414071 0.24195712804794314 0.030247011221945289
decision_type=2 2 2 2 2 2 2 2 2 2 2 2 2 2 2 2 2 2 2 2 2 2 2 2 2 2 2 2 2 2
left_child=2 -2 3 4 7 8 -7 19 -6 10 11 -5 14 18 27 17 22 24 -14 -1 -9 -19 -15 -11 -3 -17 -23 -4 -20 -16
right_child=1 15 12 9 5 6 -8 20 -10 23 -12 -13 13 16 29 25 -18 21 28 -21 -22 26 -24 -25 -26 -27 -28 -29 -30 -31
leaf_value=0.0091551172782782797 0.024406307258315694 -0.0046082769761995367 0.010038150850393652 -0.004857185627600194 0.01443442409768169 -0.010249023744920517 0.007662844650330518 0.02300986079022483 -0.0068418777018659479 -0.020161087201650447 -0.015745409399019382 0.0289836934842507 -0.018222329494691641 0.020695250634010596 0.0061647938339208456 -0.0065822440072215343 -0.024703049770189757 0.0066160978110822184 0 -0.019192641181562633 -0.0093939465096900907 -0.0023287332714760356 -0.0084974456398615918 0.010650324198124511 0.0194779487126991 0.029133224422446286 -0.02900941765954233 -0.015791489322211853 0.023193565863015748 -0.024781534061444319
leaf_weight=1.1510901188012272 22.210172942955978 3.470447484287436 3.1492829999187988 2.3731852724449736 29.204602939920733 42.54918441711925 20.668880138196982 2.6958781675784844 7.6255812188028349 2.6098211469361554 1.1310043018311251 10.70113934407709 0.64048025012016552 1.3135151728056351 0.49810922588221984 0.54587109445128534 6.4002177718502935 1.7700868610409068 2.9942563506774604 24.179673315375112 1.2137211355729958 2.7960117963375524 3.4440055936574936 1.2719336102018131 2.9922219659201801 2.1878747045993805 4.0041012433357537 1.4880192726850507 4.0477710930863395 18.064372473716503
leaf_count=99 1630 351 260 224 1051 2345 707 207 447 201 52 890 17 54 84 109 406 136 355 1458 53 247 195 111 317 190 182 81 369 1470
internal_value=-0.000170874 0.013853 -0.00320363 -0.000418006 -0.00229986 0.000927077 -0.00431797 -0.0131058 0.00988552 0.0122923 0.0186253 0.0227192 -0.0126626 -0.00424147 -0.0189195 0 -0.0142043 -0.00489741 0.00985201 -0.0174917 0.0124748 -0.0141772 0.00123596 -0.00933703 0.00725735 0.0213453 -0.0201287 0 0.0147268 -0.0235251
internal_weight=229.393 39.9768 189.416 147.376 129.289 100.048 63.2181 29.2404 36.8302 18.0871 14.2053 13.0743 42.04 18.8402 23.1998 17.7666 11.1577 15.0329 7.68251 25.3308 3.9096 8.5702 4.75752 3.88175 6.46267 2.73375 6.80011 4.6373 7.04203 18.5625
internal_count=14298 3162 11136 7845 6367 4550 3052 1817 1498 1478 1166 1114 3291 1396 1895 1532 655 1233 741 1557 260 565 249 312 668 299 429 341 724 1554
is_linear=0
shrinkage=0.03


Tree=36
num_leaves=31
num_cat=0
split_feature=15 6 31 4 1 49 13 22 11 32 5 1 34 39 35 1 48 32 43 1 49 39 5 39 7 48 36 32 21 31
split_gain=13.3295 5.26745 4.0702 3.5805 4.78533 3.53046 3.19177 2.99588 3.93949 3.91184 3.31201 2.85197 2.6342 2.3669 2.2071 2.19336 1.95337 1.90554 1.86 1.81033 1.68988 1.67548 1.74574 1.57874 1.55228 1.42578 1.0852 1.06759 1.05143 1.02241
threshold=0.069047622382640853 0.1091166138648987 0.03401909954845906 0.9116569757461549 0.62205031514167797 0.35136757791042333 26.480503082275394 0.33986561000347143 0.62500000000000011 0.054847577586770065 0.87807849049568187 0.70909976959228527 0.66942009329795849 0.90568789839744579 0.73879489302635204 0.81397110223770153 0.20856802165508273 0.057384574785828597 0.97877609729766857 0.67876577377319347 0.16679176688194278 0.85437244176864635 0.25405973196029669 0.98149356245994579 3.7948671579360966 0.37838238477706915 0.16508842259645465 0.050485622137784965 58.987577438354499 0.036051560193300254
decision_type=2 2 2 2 2 2 2 2 2 2 2 2 2 2 2 2 2 2 2 2 2 2 2 2 2 2 2 2 2 2
left_child=5 2 3 20 13 15 25 16 9 -9 -10 19 -6 -5 18 17 -4 26 23 21 -2 -7 -23 -8 29 27 -1 -3 -18 -16
right_child=1 6 7 4 12 11 14 8 10 -11 -12 -13 -14 -15 24 -17 28 -19 -20 -21 -22 22 -24 -25 -26 -27 -28 -29 -30 -31
leaf_value=-0.0019465737688574014 0.010237496781921396 0.020264108077223533 0.0075231296912368238 -0.019065447463332955 0.01794566826497878 0.022900145117825923 -0.019016648846955312 -0.0081905326463554921 0.018933310072500979 0.021243321817121297 -0.010993607004685317 0.018498125162074237 -0.012814660465400736 0.012973413613585264 0.019363859142274419 -0.011018663154954573 -0.03151937834506896 -0.0088280954487377668 0.011262200535516751 -0.024360786218337063 -0.015486939297901344 -0.016305082152301632 0.015864877763970924 0.00080933320203365909 -0.012300941846883403 -0.0086025249649822732 0.027757157829471361 -0.0068065927484922259 -6.2359512242866116e-05 -0.0056337744289808832
leaf_weight=0.83552094921470654 2.2188922971254197 4.2788272322795802 1.2624347017845119 5.5850464762188485 30.003869487729393 1.4494530914816985 38.940379767474951 50.577975772888749 11.114194662775843 3.4105117666767901 3.699850706383585 5.7259761629975392 1.9108010998461384 2.0906483018770814 3.1339661151287128 0.99103246629238029 5.4680401255609468 0.87450355943292279 1.3690801740158338 2.4647425694856793 7.4771136380149983 3.7365050630760379 1.2372633724007753 3.5698118964210144 3.5610047001100611 2.9491542285541072 20.938031808240339 1.0018300265073774 1.3529455310199408 1.4804234299226662
leaf_count=18 214 1047 160 229 1143 33 2355 2879 1244 147 315 141 69 116 360 17 295 42 58 93 548 203 63 348 375 156 1147 130 108 219
internal_value=-0.000209632 -0.0035505 -2.16709e-05 0.0066082 0.0106093 0.0156739 -0.0107663 -0.00434043 -0.00212118 -0.0059241 0.0110467 0.00348226 0.0156795 -0.00950363 -0.0134989 0.022642 -0.0205864 0.0246454 -0.0161133 -0.00678059 -0.00891278 0.00193415 -0.00648421 -0.0173025 0.000432759 0.00578261 0.0264502 0.0143847 -0.0264692 0.0112346
internal_weight=224.71 186.457 126.172 49.2864 39.5904 38.253 60.2845 76.886 68.8025 53.9885 14.814 14.6139 31.9147 7.67569 52.0547 23.6391 8.08342 22.6481 43.8793 8.88796 9.69601 6.42322 4.97377 42.5102 8.17539 8.22981 21.7736 5.28066 6.82099 4.61439
internal_count=14272 12515 7467 2319 1557 1757 5048 5148 4585 3026 1559 533 1212 345 3715 1224 563 1207 2761 392 762 299 266 2703 954 1333 1165 1177 403 579
is_linear=0
shrinkage=0.03


Tree=37
num_leaves=31
num_cat=0
split_feature=41 14 5 41 49 33 41 19 0 4 7 31 34 24 27 4 45 25 38 24 4 22 4 42 41 13 36 36 50 33
split_gain=9.05095 5.66554 5.60104 3.20043 4.27943 4.58212 4.15763 7.6587 4.33137 3.04759 2.77478 1.93873 2.07462 1.46569 1.39322 1.35881 1.18362 1.13894 1.00467 0.948113 0.944398 0.855806 0.844907 0.709448 0.680344 0.615409 0.604942 1.85724 1.47141 0.7088
threshold=0.99108582735061657 1.6285243034362795 0.74799931049346935 0.38739128410816198 0.94084015488624584 55.971561431884773 0.82684683799743663 0.064208030700683608 13.113867759704592 0.9037490487098695 5.0028898715972909 0.099157784134149565 0.45839004218578344 0.30332203209400183 0.91197562217712413 0.9301733970642091 0.32822290062904363 0.22956309467554095 0.40625000000000006 0.24206434190273288 0.91287332773208629 0.55989533662796032 0.93325790762901317 0.59910714626312267 0.89107081294059765 23.410919189453129 0.2875626832246781 0.29283788800239569 0.39554347097873693 84.045551300048842
decision_type=2 2 2 2 2 2 2 2 2 2 2 2 2 2 2 2 2 2 2 2 2 2 2 2 2 2 2 2 2 2
left_child=2 16 3 -1 6 9 8 -8 -5 -6 -7 12 19 17 -15 18 26 20 -14 -3 -4 -17 -13 -16 -19 -22 28 -28 29 -2
right_child=1 11 13 4 5 10 7 -9 -10 -11 -12 22 15 14 23 21 -18 24 -20 -21 25 -23 -24 -25 -26 -27 27 -29 -30 -31
leaf_value=-0.026682035814552293 0.031804920875629174 -0.0034823671540563277 -0.0047497380548021054 -0.011999528347916615 -0.0096292643438793922 -0.0089279720458715107 -0.0050497404745600454 0.016112640365083294 0.011692474519324857 0.024430093641949695 0.016248997847464013 -0.00073749914981108429 -0.013130944710351047 0.021846558187359196 -0.018917773586170247 -0.021048816040668609 -0.0043188135793418457 -0.0098938189830893412 0.013179969515667106 0.022132508061850804 0 0.00013731508393374417 0.029469398156321928 0.0063381611600060372 0.014061227767452927 -0.030317064391806325 -0.013872460278521162 0.021971517120678598 -0.0029372130408452115 -0.00052779043484264051
leaf_weight=3.4146300109568974 13.24936096504098 1.4487939942628174 2.5587788289703957 52.640030584851047 2.1078936689009433 13.255842046026375 46.902959860526607 21.64132199640153 7.0401694644970112 14.182860254615662 4.4204035868460769 0.87951680750120376 1.0182391201378771 0.78035265672951881 1.7181324812117966 6.2493650753749517 0.8241850882768621 2.4171109334565695 2.6068381906370632 2.3458089149789885 0.61409032126539287 1.8671878251479936 1.6133599816821513 0.74053217412438233 0.51961588044650842 10.303178407135418 1.1635726627428078 2.3677121751243249 0.92083392385393459 0.41394944302737791
leaf_count=107 998 97 317 2640 97 553 2764 1932 680 336 232 72 114 29 80 366 44 171 455 283 117 164 194 29 130 870 57 172 144 36
internal_value=-0.000591425 0.0127448 -0.00332295 -0.00145691 -0.000747216 0.00854498 -0.00327904 0.00172428 -0.00900863 0.0195476 -0.00193827 0.000367402 -0.00378784 -0.0180708 0 -0.0100584 0.0237674 -0.0215187 0.00389975 0.0130404 -0.0250248 -0.0163655 0.0207932 -0.0108103 -0.00239809 -0.0287278 0.0253613 0.00904372 0.0282859 0.0306516
internal_weight=222.227 36.9687 185.258 165.606 162.191 33.967 128.224 68.5443 59.6802 16.2908 17.6762 18.0291 15.5362 19.6518 3.23902 11.7416 18.9396 16.4128 3.62508 3.7946 13.476 8.11655 2.49288 2.45866 2.93673 10.9173 18.1154 3.53128 14.5841 13.6633
internal_count=14280 3196 11084 9341 9234 1218 8016 4696 3320 433 785 1745 1479 1743 138 1099 1451 1605 569 380 1304 530 266 109 301 987 1407 229 1178 1034
is_linear=0
shrinkage=0.03


Tree=38
num_leaves=31
num_cat=0
split_feature=15 40 0 36 9 7 12 32 34 14 50 3 10 31 4 14 48 0 49 18 37 3 24 43 33 34 4 42 0 41
split_gain=12.1514 4.97506 3.68705 3.85319 3.2398 2.84635 2.76987 2.87608 3.3808 2.91012 3.73267 2.67958 2.59211 2.55838 2.46765 2.12353 2.088 3.22714 2.05204 2.06968 2.23247 2.02905 2.19798 2.46137 1.56058 1.48894 1.46735 1.36448 1.28192 1.15036
threshold=0.069047622382640853 0.81237336993217479 5.9039576053619394 0.28653083741664892 0.6127416491508485 8.3438363075256365 1.3293389678001406 0.035636959597468383 0.62518256902694713 14.016976356506349 0.22204531729221347 0.8332481086254121 0.62500000000000011 0.035084281116724021 0.89014217257499706 5.1327908039093026 0.55598893761634838 10.692234516143801 0.89732366800308239 0.30078125000000006 0.15861733257770541 0.47961659729480749 0.28015834093093878 0.83050739765167247 55.323701858520515 0.52163463830947887 0.94492921233177196 0.34321042895317083 12.724411010742189 0.95854246616363536
decision_type=2 2 2 2 2 2 2 2 2 2 2 2 2 2 2 2 2 2 2 2 2 2 2 2 2 2 2 2 2 2
left_child=2 6 3 -1 12 16 7 8 13 10 -9 -11 28 -2 -4 25 29 -18 19 20 -16 22 23 -8 -20 -14 -24 -21 -3 -6
right_child=1 4 14 -5 5 -7 21 9 -10 11 -12 -13 15 -15 18 -17 17 -19 24 27 -22 -23 26 -25 -26 -27 -28 -29 -30 -31
leaf_value=0.032100336270304314 0.023827823771866413 -0.016869390413080977 0.023801258767042022 0 -0.022603688733503716 0.0069045488695823869 0.015332156709450272 0.014263554311013034 -0.016297838556289194 -0.015190266331324869 -0.0034852367533278967 0.010781948877033801 0.018646138883267025 -0.0010994086713097542 -0.014927564051739376 -0.011808614209238646 -0.021538757676433151 0.017297454324605784 0.026587764764530387 0.0057296622261795768 0.021978345269340571 -0.016822897663475452 -0.01430469352919048 -0.013556238002241403 -0.0065003580429411631 -7.9429746887781211e-05 0.0041799302257052072 -0.025800081347944287 0.0083074369671154846 0.0073122230006621627
leaf_weight=14.063889513025062 13.531495320814434 9.3913472741842288 3.6941432328894761 4.3558648002799591 26.666153172816852 3.8868190466600927 8.992995274660645 18.910164474553312 2.1695220778929061 14.242963352357039 21.878856645489577 3.744755942025221 7.641111379896758 4.5571555218484709 1.6312321112491175 4.1127999963064203 2.6741194175556293 3.0309446348983329 2.3507998054847117 1.0026409409474579 2.3580878775101155 10.082654697151154 10.969687667093238 2.6456129717698778 1.3570789267541838 6.2721878496813588 4.8377995733753769 4.4559162409277633 1.3991291462443758 0.60831308532215089
leaf_count=906 819 572 139 131 1779 184 1223 920 192 690 1250 86 540 364 58 350 155 296 41 61 76 636 887 247 46 510 375 300 281 130
internal_value=4.57083e-05 -0.00308098 0.0159242 0.0249145 -0.00961957 -0.0154033 0.000628446 0.00382774 0.0132884 0.000349041 0.00481589 -0.00934219 -0.00185113 0.017662 0.00508315 0.00494955 -0.0182465 -0.000956126 -0.00127106 -0.00878277 0.00631896 -0.00595582 -0.00140714 0.00797504 0.0150319 0.0105641 -0.00855697 -0.0195537 -0.0129227 -0.0215953
internal_weight=217.516 182.247 35.2697 18.4198 65.6829 36.8663 116.564 79.0349 20.2582 58.7767 40.789 17.9877 28.8166 18.0887 16.8499 18.0261 32.9795 5.70506 13.1558 9.44788 3.98932 37.5288 27.4461 11.6386 3.70788 13.9133 15.8075 5.45856 10.7905 27.2745
internal_count=14244 12486 1758 1037 4797 2544 7689 4321 1375 2946 2170 776 2253 1183 721 1400 2360 451 582 495 134 3368 2732 1470 87 1050 1262 361 853 1909
is_linear=0
shrinkage=0.03


Tree=39
num_leaves=31
num_cat=0
split_feature=15 6 9 30 13 1 4 0 41 34 3 34 35 29 9 34 23 0 47 4 49 18 40 22 0 45 0 15 4 13
split_gain=8.73993 4.7799 3.59763 3.41233 5.08766 4.93375 5.08063 3.35989 3.14828 2.89238 2.87714 2.66463 2.57712 3.11704 2.52191 2.52149 2.37324 2.21708 2.01494 1.95627 2.06207 1.89728 1.79664 1.5723 1.74212 1.44692 1.3635 1.2693 1.26386 1.24524
threshold=0.069047622382640853 0.1091166138648987 0.76659014821052562 0.24609375000000003 33.300685882568366 0.62391895055770885 0.9037490487098695 13.743603229522707 0.5714605748653413 0.63168969750404369 0.12568638473749164 0.34207732975482946 0.61963248252868663 0.99776142835617077 0.36060281097888952 0.53964295983314525 0.48396743834018713 5.943204641342164 0.62157469987869274 0.89014217257499706 0.89732366800308239 0.30078125000000006 0.74176833033561718 0.37296865880489355 6.9186081886291513 0.32822290062904363 5.2721762657165536 0.72380954027175914 0.93973094224929821 50.109338760375984
decision_type=2 2 2 2 2 2 2 2 2 2 2 2 2 2 2 2 2 2 2 2 2 2 2 2 2 2 2 2 2 2
left_child=8 3 15 5 12 18 14 11 -1 -8 22 -6 13 -5 -7 23 26 25 -2 -19 21 -21 29 -3 -25 -10 -17 -18 -14 -4
right_child=1 2 10 4 7 6 9 -9 17 -11 -12 -13 28 -15 -16 16 27 19 -20 20 -22 -23 -24 24 -26 -27 -28 -29 -30 -31
leaf_value=-0.016392161224538994 -0.019304460362866687 0.007247490603940184 0.022455602638343793 0.022005563327531032 0.0041707009722453626 0.007531938801826869 0.015939657181477381 0.015572324603324084 0.02554762344700803 -0.007919830409966442 -0.024647047633827114 -0.019836590085093482 0.002267673234950559 -0.0031221264712802876 -0.01958974714755057 0.0072877675263574877 0.019892657429508975 0.022325467583462339 0.0056080861862778447 0.0077308833766724094 0.020230125852287284 -0.01732488107337838 -0.015207582908817581 -0.0021611631878383037 -0.020822830907229081 -0.0063994900786755521 -0.022248238534224668 -0.0050156404977115127 -0.020168057918159354 -0.01065348427128005
leaf_weight=2.0039944568125057 8.0114352218806726 3.4795058957242899 2.3774749085423568 9.8276084404788033 4.4250204319978428 4.3733673635288124 41.486062345720711 2.5419576188141937 16.347113250638362 4.3432181398384264 16.458241038053529 22.896969941852149 4.1234343149117185 6.8427149754425036 6.3999252251232974 1.5886180814122774 7.4248791884747316 4.2586504726205012 3.5370318525237954 3.8573888781829719 2.4453311410034066 5.2071172441937961 2.6730697554303333 8.8736021206714231 9.743027900985906 0.83540825569070776 2.2991670094197616 1.6850952394306657 3.1491960043786094 0.63105223351158191
leaf_count=46 291 364 234 914 175 281 1619 598 991 200 1232 1226 403 610 506 125 847 140 357 133 61 349 195 999 621 37 111 268 258 28
internal_value=0.000371801 -0.00231039 -0.0093875 0.00103576 -0.0045347 0.00547914 0.00915593 -0.0126443 0.013887 0.0134936 -0.0186123 -0.0158325 0.00556144 0.0119286 -0.00862043 -0.00313026 0.00690042 0.0162454 -0.0115964 0.00716318 0 -0.00665563 0 -0.00920386 -0.0126443 0.0235628 -0.0105437 0.0149482 -0.00834837 0.0138372
internal_weight=214.147 179.192 57.2337 121.958 53.8069 68.151 56.6026 29.8639 34.955 45.8293 22.1398 27.322 23.943 16.6703 10.7733 35.0939 12.9978 32.951 11.5485 15.7685 11.5098 9.06451 5.6816 22.0961 18.6166 17.1825 3.88779 9.10997 7.27263 3.00853
internal_count=14219 12462 5024 7438 4184 3254 2606 1999 1757 1819 1689 1401 2185 1524 787 3335 1351 1711 648 683 543 482 457 1984 1620 1028 236 1115 661 262
is_linear=0
shrinkage=0.03


Tree=40
num_leaves=31
num_cat=0
split_feature=41 5 15 11 4 38 35 41 6 43 32 7 13 45 34 35 43 13 3 50 50 32 13 27 6 41 41 33 10 48
split_gain=8.98851 4.49693 3.65523 2.68626 4.83539 3.65688 3.44554 2.44172 2.30633 2.02198 1.75146 1.68972 1.53926 1.60571 1.52139 1.72094 1.53988 1.36292 1.28188 1.24144 1.2326 1.23144 1.38457 1.16979 1.14719 0.901503 0.994678 0.895027 0.989861 0.856797
threshold=0.99108582735061657 0.49760779738426214 0.44505494832992559 0.62500000000000011 0.91144996881484996 0.71875000000000011 0.64049857854843151 0.38739128410816198 0.17308082431554797 0.61877489089965831 0.038555186241865165 5.0766348838806161 46.412832260131843 0.047394618391990669 0.52163463830947887 0.66180765628814708 0.34534761309623724 25.021240234375004 0.96981966495513927 0.31948879361152654 0.14169204235076907 0.051567858085036285 35.141698837280281 0.98722070455551159 0.095158714801073088 0.96735224127769481 0.67721009254455578 84.045551300048842 0.62500000000000011 0.45056800544261938
decision_type=2 2 2 2 2 2 2 2 2 2 2 2 2 2 2 2 2 2 2 2 2 2 2 2 2 2 2 2 2 2
left_child=1 3 11 4 8 7 12 -6 17 18 24 27 13 -5 15 16 -4 -1 25 -7 -12 22 -8 -18 -11 26 -3 28 -2 -22
right_child=2 9 14 6 5 19 21 -9 -10 10 20 -13 -14 -15 -16 -17 23 -19 -20 -21 29 -23 -24 -25 -26 -27 -28 -29 -30 -31
leaf_value=0.0085373684645294774 0 0 -0.0068604664313833977 -0.003546920385329254 -0.022776800216082079 -0.020802122275590675 0.011449354060101131 0.0032409176596232695 0.0090745773428451536 0.019357151674089967 0.011344700304307417 -0.011381259966560911 -0.0097294129004673619 0.02576786591187789 -0.010777684857911573 -0.0084536219059798169 0.030552301879484961 -0.019290495998589747 0.0050579325783625482 0.0082204744179747383 -0.019432313602887042 -0.024947957694948904 -0.016915243164605989 -0.0070093751208086729 -0.0056392080213149313 0.00065523528375852308 -0.025326792496308558 -0.00057385739491464568 0.025241598877336215 0.0072853189252334409
leaf_weight=1.0054970376659245 1.4721566934604293 1.3693475683685523 1.122765711392274 1.5250365207903094 2.3528720526956013 7.7992767779505794 3.1983049500267944 90.049279193146504 2.593604613968636 2.8719974170089682 0.91001418104860921 0.73420157935470243 0.88481449848041016 9.6705255754059163 5.2989785055397078 2.6001814074988943 3.5015132854459812 20.294478632771643 1.240145391318946 0.85066589328926046 6.3188164397579385 1.4412194988690314 1.4405623851343987 0.35817857540678222 2.0089319621038157 1.231450921302893 14.795999202819074 1.1791262342594553 18.904824725817889 0.55903029174078245
leaf_count=83 173 99 82 98 83 587 281 4356 220 276 91 43 55 1071 616 329 292 1381 53 89 403 63 45 22 202 301 1095 83 1533 94
internal_value=-0.000299345 -0.0031197 0.013303 -0.000809261 -0.00241504 0.000469223 0.00963151 0.00230953 -0.0142627 -0.0132364 -0.00330769 0.0203977 0.0184752 0.0215653 0.000225152 0.00862367 0.0179606 -0.0175184 -0.0193207 -0.017081 -0.0117429 -0.00764373 0.000671265 0.0257242 0.00934935 -0.0214021 -0.0231975 0.0220697 0.0234859 -0.0162308
internal_weight=209.584 174.412 35.1719 143.106 124.946 101.052 18.1605 92.4022 23.8936 31.3057 12.6688 22.2903 12.0804 11.1956 12.8816 7.58264 4.98246 21.3 18.6369 8.64994 7.78786 6.08009 4.63887 3.85969 4.88093 17.3968 16.1653 21.5561 20.377 6.87785
internal_count=14199 11026 3173 8412 6799 5115 1613 4439 1684 2614 1066 1832 1224 1169 1341 725 396 1464 1548 676 588 389 326 314 478 1495 1194 1789 1706 497
is_linear=0
shrinkage=0.03


Tree=41
num_leaves=31
num_cat=0
split_feature=41 5 15 11 4 40 6 35 48 7 0 41 14 36 3 45 10 32 4 16 32 14 4 11 38 18 48 23 3 20
split_gain=8.28844 3.81269 3.54662 2.93505 5.26859 4.14955 5.18289 2.90711 2.41628 2.41509 2.02632 1.83309 1.62142 1.51381 1.35851 1.2975 1.16816 1.21766 1.23985 1.14877 1.148 1.30369 1.12176 0.949565 0.885202 0.867495 0.851209 0.752361 0.737922 0.725105
threshold=0.99108582735061657 0.64491742849349987 0.44505494832992559 0.62500000000000011 0.93805477023124706 0.89572617411613475 0.13330774754285815 0.64049857854843151 0.58197692036628734 8.1055359840393084 4.989051580429078 0.99933713674545299 8.2901487350463885 0.21740861982107165 0.96981966495513927 0.025461321696639064 0.62500000000000011 0.04700251296162606 0.93973094224929821 0.24609375000000003 0.051567858085036285 1.7857380509376528 0.92788788676261913 0.62500000000000011 0.40625000000000006 0.097656250000000014 0.20856802165508273 0.299536943435669 0.18790631741285327 0.037859119474887855
decision_type=2 2 2 2 2 2 2 2 2 2 2 2 2 2 2 2 2 2 2 2 2 2 2 2 2 2 2 2 2 2
left_child=1 3 16 4 9 6 -6 12 -7 10 -1 22 15 26 19 -5 -2 24 -19 -15 21 -9 23 -4 -18 -21 -3 -26 -11 -24
right_child=2 13 11 7 5 8 -8 20 -10 28 -12 -13 -14 14 -16 -17 17 18 -20 25 -22 -23 29 -25 27 -27 -28 -29 -30 -31
leaf_value=0.0061649663693584579 -0.00342583089636722 0.019081809201157998 -0.0060492424157602863 -0.0098527354031302684 0.0086897321954158158 -0.016331883047771698 -0.01238816374185835 0.012432651922800624 0.012169694290084255 -0.0046107406205870942 -0.014502793152530731 0.017781877693754698 -0.0072028969526605298 0 0.0066039384377240985 0.023602081157179901 0 0.017309185828347635 -0.011871295990975771 0.005138396610898488 -0.023541665270460015 -0.013180354197440616 -0.018769332537609981 0.019919408044186723 0 -0.024351567547606076 -0.0064686955913818064 0.027529873934600393 0.019225265572965368 0.0011750786923311728
leaf_weight=3.9783568361308417 1.3384262151084865 0.90398441662546547 1.821815885661634 0.47579629288520919 56.437160507150111 13.921081634878648 11.829084343946304 3.1222326053539282 2.3727043929975471 1.0753594861598679 41.541656426867121 2.7649607985513276 1.4475185899063934 2.3212134581408526 1.2518685301765788 10.599220843054352 1.1846923534758449 1.5742075454909346 1.627009125193581 0.44492790475487609 1.3287053105887023 2.131080680876039 4.5561237374495249 1.2975918027805162 0.76215227693319576 14.162394709041108 1.9700174380268434 15.659943110309539 2.16300166642759 1.7848333925358018
leaf_count=330 185 131 295 36 2124 758 798 221 289 71 2731 206 85 264 56 1225 174 170 100 4 63 133 384 245 7 1475 217 1216 59 202
internal_value=-0.000348943 -0.00304571 0.0128784 -0.00132799 -0.00293706 0.00157247 0.00486795 0.00933897 -0.0115443 -0.0106925 -0.0125383 0 0.0174225 -0.014721 -0.0178193 0.0212194 0.0197827 0.0215017 0.00246867 -0.0200604 -0.005914 0.00111645 -0.00662649 0.00623799 0.0244824 -0.0229894 0.00364464 0.0261892 0.0113819 -0.0133514
internal_weight=207.849 173.477 34.3718 152.423 133.318 84.56 68.2662 19.1046 16.2938 48.7584 45.52 12.2253 12.5225 21.0544 18.1804 11.075 22.1464 20.808 3.20122 16.9285 6.58202 5.25331 9.46036 3.11941 17.6068 14.6073 2.874 16.4221 3.23836 6.34096
internal_count=14254 11070 3184 8923 7160 3969 2922 1763 1047 3191 3061 1332 1346 2147 1799 1261 1852 1667 270 1743 417 354 1126 540 1397 1479 348 1223 130 586
is_linear=0
shrinkage=0.03


Tree=42
num_leaves=31
num_cat=0
split_feature=41 5 14 11 4 37 41 32 35 3 49 31 43 34 3 45 29 32 18 24 32 9 32 13 34 0 0 45 15 48
split_gain=8.75899 4.54682 4.45481 3.47196 3.49667 3.5473 4.56237 3.08235 2.70661 1.86114 1.79113 1.76698 1.71067 1.67933 1.52459 1.7033 1.47304 1.37455 1.50866 1.22984 1.29539 1.11569 1.04198 1.34007 0.984007 0.919382 0.918537 0.845616 0.852897 0.78752
threshold=0.99108582735061657 0.49760779738426214 1.9015154838562014 0.62500000000000011 0.87021389603614818 0.1687145605683327 0.94147798418998729 0.035288020968437202 0.64049857854843151 0.96981966495513927 0.3808147013187409 0.099157784134149565 0.61877489089965831 0.44490811228752142 0.65147179365158092 0.038230527192354209 0.96675267815589916 0.038555186241865165 0.41015625000000006 0.28631600737571722 0.038038311526179321 0.61702919006347667 0.051567858085036285 35.141698837280281 0.53858718276023876 3.2451562881469731 12.017917633056642 0.32822290062904363 0.20714285969734195 0.2052789852023125
decision_type=2 2 2 2 2 2 2 2 2 2 2 2 2 2 2 2 2 2 2 2 2 2 2 2 2 2 2 2 2 2
left_child=1 3 27 4 10 6 -6 -7 14 12 16 13 29 25 15 -5 -1 21 -19 24 -21 -14 23 -10 -15 -4 -12 28 -2 -3
right_child=2 9 11 8 5 7 -8 -9 22 -11 26 -13 17 19 -16 -17 -18 18 -20 20 -22 -23 -24 -25 -26 -27 -28 -29 -30 -31
leaf_value=0.020151631384497437 0.027811461894051617 -0.00031088027792014196 -0.0061191387105712473 -0.007512338802841933 0.0077336629487866843 0.0061518746740494836 -0.019490028136613945 -0.0094392665809670557 0.012108016728676509 0.013521852382615735 -0.029428942917775817 0.020951681887947087 0.020257859490411648 0.010954638937609973 -0.0097273076516248089 0.025513771359038383 -0.014618096179088871 -0.021552856281998007 0.0042609212566644371 0.0044175786430776624 -0.025470555729219527 -0.0048931595918436715 -0.023038257315069914 -0.017166927638320062 -0.011052354940242665 0.023640358184793125 0 -0.0035376474584797343 0.0077822961210915059 -0.023424551071530596
leaf_weight=1.1026563738123498 13.627242960850714 1.7626249931345324 0.70431029901374076 1.0080378265120096 46.286640419973992 13.773812232073395 5.2643225082429117 49.113133217324503 3.1203511762432745 1.2879301373613987 6.3351812745677307 2.2407133156666523 1.7452283205930124 3.0468707756372151 0.84185107401572246 10.031381892622447 1.2631999620934946 4.8503440266795224 2.4266355386935174 1.2087747573386876 3.8820180273323786 2.761133391992189 1.07734689861536 1.1152579477056859 2.3041237922152504 1.7109182995627632 0.88964361592661578 0.59679579152725537 3.8514959871245074 15.225417697991359
leaf_count=143 1026 348 52 74 2221 737 435 2774 285 64 384 256 210 344 97 1075 64 347 245 140 238 253 60 41 315 233 96 48 533 1179
internal_value=-0.000495763 -0.00325947 0.013364 -0.000944095 -0.0027389 -0.00117412 0.00457855 -0.00593462 0.0112766 -0.0136602 -0.0192531 0.000918139 -0.0153911 -0.00361683 0.018822 0.0218754 0.00186826 -0.00557619 -0.0131076 -0.00906997 -0.0183211 0.00621256 -0.00543036 0.00202017 0.000757938 0.014833 -0.0259205 0.0230092 0.0242203 -0.0213437
internal_weight=204.455 171.282 33.1733 141.223 124.029 114.438 51.551 62.8869 17.1942 30.0593 9.59068 15.0977 28.7714 12.857 11.8813 11.0394 2.36586 11.7833 7.27698 10.4418 5.09079 4.50636 5.31296 4.23561 5.35099 2.41523 7.22482 18.0755 17.4787 16.988
internal_count=14317 11132 3185 8486 6854 6167 2656 3511 1632 2646 687 1578 2582 1322 1246 1149 207 1055 592 1037 378 463 386 326 659 285 480 1607 1559 1527
is_linear=0
shrinkage=0.03


Tree=43
num_leaves=29
num_cat=0
split_feature=14 14 11 13 10 45 14 32 3 0 10 44 32 41 1 34 1 1 1 0 44 37 35 48 22 22 1 29
split_gain=7.73159 3.782 3.17114 3.95878 2.96445 2.85389 2.33598 1.73556 2.34853 1.52687 1.5234 1.54668 1.46577 1.62446 1.80484 1.23816 1.08997 0.842324 1.09956 0.806568 0.754464 0.959381 0.674236 0.623116 0.590842 0.565019 0.518783 0.409588
threshold=0.30122286081314092 54.980937957763679 0.62500000000000011 57.214778900146491 1.0000000180025095e-35 0.03998635150492192 24.557260513305668 0.052243800833821304 0.53495711088180553 8.8580789566040057 1.0000000180025095e-35 0.30151516199111944 0.054847577586770065 0.95334038138389599 0.70759594440460216 0.479712724685669 0.79064396023750316 0.6481388807296754 0.52455687522888195 6.4215145111083993 0.12973351776599887 0.17628560960292819 0.77168217301368724 0.19964148849248889 0.56189125776290905 0.37296865880489355 0.70838674902915966 0.99560058116912853
decision_type=2 2 2 2 2 2 2 2 2 2 2 2 2 2 2 2 2 2 2 2 2 2 2 2 2 2 2 2
left_child=12 2 3 5 16 9 -7 8 -6 -2 11 -5 13 14 17 -9 24 18 -1 -19 21 -16 23 -15 -4 -25 -24 -3
right_child=1 27 4 10 7 6 -8 15 -10 -11 -12 -13 -14 22 20 -17 -18 19 -20 -21 -22 -23 26 25 -26 -27 -28 -29
leaf_value=-0.013718987740026129 0.020601373996893806 -0.029847483767697042 -0.022698098163138978 0.016716608967597919 0.019675390878509273 -0.0048356291245662437 -0.022705447058826385 0.016463916647805991 -0.010524699150423754 -0.0057890752022537063 -0.013050221779063396 -0.011004258272259032 -0.0099877224296398854 0 -0.012973871469700467 -0.013632737476011065 0.011607734868918746 -0.02272328968361979 0.015145358016455848 0.0033421672803850499 0.028017987782145388 0.016709238826660169 0.012881457640184411 0.001084246035137006 0.0016331968487162422 0.029691877782379021 -0.010817314982383874 -0.0028268823077597189
leaf_weight=0.80015838798136085 4.9323595724999896 3.8184976619668296 3.1137934371363403 13.286704814949188 16.687321085759329 118.97986105730524 6.2115736328414632 0.76671833154978175 1.8921909058990412 2.1873769437661394 1.2886884901672591 1.2409441503696133 1.154255351400933 0.61373823019675811 0.92607874888926722 2.9715606657846365 0.56058961153030384 1.7018896727822723 2.4648289351025596 1.1057522288174366 2.539116227068007 0.95942006004042923 0.67949968541506567 0.97349468991160293 0.70473144110292185 10.08794497780036 0.61371268448419869 1.1034618476405738
leaf_count=62 241 110 151 1220 2430 7391 363 106 244 141 34 57 56 42 37 215 25 46 171 90 43 34 131 49 93 576 49 53
internal_value=0 -0.00218313 -0.00135833 -0.00309708 0.00794432 -0.00482448 -0.00591894 0.0124158 0.0160661 0.0124096 0.0106026 0.0135993 0.0154266 0.0171564 0.00698709 -0.00465488 -0.0123582 -0.00333374 0.00581003 -0.0134882 0.0197084 0.00164676 0.0240837 0.0262112 -0.018178 0.0277215 0.000513849 -0.0257966
internal_weight=204.366 179.746 174.824 148.128 26.6969 132.311 125.191 22.3178 18.5795 7.11974 15.8163 14.5276 24.6199 23.4656 10.4972 3.73828 4.37911 6.07263 3.26499 2.80764 4.42462 1.8855 12.9684 11.6752 3.81852 11.0614 1.29321 4.92196
internal_count=14260 12874 12711 9447 3264 8136 7754 2995 2674 382 1311 1277 1386 1330 483 321 269 369 233 136 114 71 847 667 244 625 180 163
is_linear=0
shrinkage=0.03


Tree=44
num_leaves=31
num_cat=0
split_feature=14 6 5 41 33 32 19 13 23 36 35 18 35 10 45 23 35 49 40 49 41 27 48 48 32 7 45 27 27 0
split_gain=7.72921 4.28968 3.41323 2.80107 2.80883 2.78135 2.64251 2.63102 2.05894 2.03036 1.99229 1.71374 1.66142 1.61704 1.53656 1.97706 1.5021 1.28035 2.56974 1.25603 1.13909 1.07715 1.07365 0.995888 1.39083 1.18151 1.131 0.965054 0.897959 0.712226
threshold=0.50632169842720043 0.1091166138648987 0.63865065574646007 0.38739128410816198 52.343135833740241 0.052243800833821304 0.081596389412879958 27.108560562133793 0.52775126695632946 0.29534307122230535 0.74241924285888683 0.48828125000000006 0.62825810909271251 0.62500000000000011 0.08291740715503694 0.56607839465141307 0.75741770863533031 0.52320739626884472 0.72981965541839611 0.21909335255622867 0.88360834121704113 0.68354478478431713 0.43790623545646673 0.35980458557605749 0.04985324293375016 1.8524637222290041 0.16800710558891299 0.9721493422985078 0.95223113894462597 9.0830941200256365
decision_type=2 2 2 2 2 2 2 2 2 2 2 2 2 2 2 2 2 2 2 2 2 2 2 2 2 2 2 2 2 2
left_child=5 2 3 -2 6 13 -5 23 11 -6 14 27 -7 28 15 -9 -12 21 -19 -10 -16 -15 -21 24 25 -3 -25 -4 -1 -18
right_child=1 7 8 4 9 12 -8 10 19 -11 16 -13 -14 17 20 -17 29 18 -20 22 -22 -23 -24 26 -26 -27 -28 -29 -30 -31
leaf_value=0.012052760706243349 -0.025743904949663013 -0.0067877082794151888 -0.023810288864016694 0.0060100405905602686 0.0025845262294118582 0.011860537189874357 0.02667747162832167 0.011971000911565496 0.018315040178284128 -0.011783072158622478 0.019790042666927313 0.014874445384117179 -0.027250006208838346 -0.0073532347252378187 -0.020059374887663788 -0.015032078144128285 -0.012069568730316121 0.018195813920057917 -0.01619277298814889 -0.014823568369438912 -0.0055975881575974782 0.02520837866356614 0.012986675392708294 -0.016369103725082691 -0.0095880551951005779 0.026214115119614256 0.011924153190601939 0.0039506301328684863 -0.012086969724181943 0.0075025199698475547
leaf_weight=1.4801474438281794 1.9249455763492722 0.62993851469945905 9.6838153827993647 26.076697760639945 53.537372717051767 0.76338423113338594 6.6940554934553793 3.8146733607863998 1.9042320000007738 9.5580371305113641 1.9522070671955578 0.50969005213119167 1.4462854000739751 0.39989940635860577 25.564992774423445 3.9088729195063934 4.0048473060014658 4.4939066629158324 2.0384436156600714 2.9372809309861627 7.9803327038534908 16.452888949541375 0.83500872281729233 2.2184565349016343 1.1003513229079542 3.5085953175876057 1.092140874447068 0.76779213710688132 2.0963789976958651 1.5047243976732714
leaf_count=119 72 79 721 1740 3313 66 148 235 262 492 120 85 44 23 1324 369 521 97 99 343 838 1168 191 125 155 963 109 80 127 273
internal_value=3.39882e-05 -0.00239877 0.000943869 0.00313022 0.00400075 0.0140581 0.0109855 -0.00902947 -0.0111855 0.000211359 -0.0117129 -0.0183045 -0.0133181 0.0168051 -0.0142492 -0.00150788 0.00198654 0.0195787 0.00634135 0.00279445 -0.0169674 0.0238991 -0.00660771 0.0055763 0.012981 0.0202636 -0.00573847 -0.0213421 -0.000990536 -0.00593197
internal_weight=200.88 171.709 114.429 97.7911 95.8662 29.1713 32.7708 57.2801 16.6378 63.0954 48.7307 10.9613 2.20967 26.9617 41.2689 7.72355 7.46178 23.3851 6.53235 5.67652 33.5453 16.8528 3.77229 8.54948 5.23889 4.13853 3.3106 10.4516 3.57653 5.50957
internal_count=14301 12558 7447 5765 5693 1743 1888 5111 1682 3805 3680 886 110 1633 2766 604 914 1387 196 796 2162 1191 534 1431 1197 1042 234 801 246 794
is_linear=0
shrinkage=0.03


Tree=45
num_leaves=28
num_cat=0
split_feature=14 14 32 43 27 22 19 13 39 41 35 41 34 3 3 32 21 48 35 29 14 35 13 25 5 22 41
split_gain=7.01391 3.31562 3.22793 4.07925 3.45474 3.59371 3.32546 3.18027 2.67075 4.62947 2.28538 2.28276 2.06835 1.93743 1.83468 1.44075 1.38342 1.18239 1.15506 0.955863 0.876965 0.787669 0.756451 0.64955 0.362923 0.29204 0.149353
threshold=0.30122286081314092 41.560781478881843 0.040209813043475158 0.61225575208663952 0.96328410506248485 0.5957227647304536 0.059811083599925048 46.412832260131843 0.85157442092895519 0.84748679399490368 0.59464344382286083 0.9952150583267213 0.6604614555835725 1.0664143562316897 0.061884598806500442 0.052243800833821304 74.722400665283217 0.19964148849248889 0.65420201420784008 0.99588418006896984 17.54146766662598 0.64681035280227672 40.858566284179695 0.10973208770155908 0.079808648675680174 0.37766580283641821 0.87543946504592907
decision_type=2 2 2 2 2 2 2 2 2 2 2 2 2 2 2 2 2 2 2 2 2 2 2 2 2 2 2
left_child=15 2 3 4 5 -2 11 -6 10 -10 -8 13 14 -4 -5 16 17 25 -13 24 -14 -17 23 -19 -3 -1 -24
right_child=1 19 6 12 7 -7 8 -9 9 -11 -12 18 20 -15 -16 21 -18 22 -20 -21 -22 -23 26 -25 -26 -27 -28
leaf_value=0.0048487873048240395 -0.01843073762483018 -0.00099335577349721183 -0.017459928625850475 -0.0036339455100544036 -0.0031140650898605115 0.0066401907653913031 0.022216683537051887 0.015976667349853511 -0.012921915011459588 0.0086440832657793103 -0.0030399821118380654 0.019736441156127486 -0.017925132976790232 0.016438269574420822 0.015585010167012433 0.0086235030671173128 -0.01071674042905814 0.0025145896939727354 -0.0055345107302530996 0.0024132924974636836 0.0089972505608145181 -0.02060616273372777 0.0043465887914268522 0.023364134846140805 -0.030348848466970949 -0.013037954510861021 -0.0087233037283836121
leaf_weight=0.54841084592045308 16.20009554769786 0.71821595315122877 27.27160369450576 4.6052706985501564 20.467527914181122 6.519973687361925 6.4758906061761063 11.327635100809855 21.647664003772661 13.780153528845402 4.9683689657831565 1.7723969924845722 2.3388292604067824 0.75212399335577984 27.943541957938578 0.58305324765387812 0.79463846236467262 2.0851042033173206 2.9020651464816183 0.76764308707788576 0.71722139290068287 0.81520540593191981 0.51886705553624679 17.36946081800852 4.0214659525663592 0.66621059691533446 0.45191047783009708
leaf_count=22 1508 49 1995 458 1187 612 356 536 1374 1412 276 217 200 38 2158 49 34 143 293 48 52 34 90 922 163 58 24
internal_value=0.000107709 -0.00198149 -0.00115002 0.00270351 -0.00241327 -0.011133 -0.00553109 0.00387567 -0.000291288 -0.00444414 0.0116476 -0.0127217 0.0104718 -0.0159117 0.0127491 0.0150478 0.0169592 0.0185365 0.00530821 -0.0230258 -0.0102066 -0.00865334 0.0202508 0.0215084 -0.0273713 -0.00506455 -0.0015545
internal_weight=199.031 175.198 169.69 90.1201 54.5152 22.7201 79.5703 31.7952 46.8721 35.4278 11.4443 32.6982 35.6049 28.0237 32.5488 23.8329 22.4346 21.64 4.67446 5.50732 3.05605 1.39826 20.4253 19.4546 4.73968 1.21462 0.970778
internal_count=14308 12932 12672 6711 3843 2120 5961 1723 3418 2786 632 2543 2868 2033 2616 1376 1293 1259 510 260 252 83 1179 1065 212 80 114
is_linear=0
shrinkage=0.03


Tree=46
num_leaves=31
num_cat=0
split_feature=14 6 18 4 10 33 24 14 32 4 3 41 3 0 22 32 37 7 5 48 43 5 15 7 11 11 32 41 25 0
split_gain=6.33165 4.38505 3.06406 2.68641 2.58764 2.52572 4.15893 3.14649 2.36612 2.3135 2.25482 1.90372 1.99382 1.58231 1.41983 1.33373 1.38511 1.26425 1.76821 1.54817 1.20605 1.206 1.11864 1.16385 0.978598 0.952199 0.936761 0.725466 0.725442 0.719984
threshold=0.50632169842720043 0.10846414789557458 0.17578125000000003 0.85529214143753063 0.62500000000000011 48.911823272705085 0.29749411344528204 2.108245968818665 0.057384574785828597 0.91356202960014354 0.26672722399234777 0.95334038138389599 0.19628507643938067 5.3894550800323495 0.49264667928218847 0.0468507967889309 0.12667571008205417 3.9046275615692143 0.072072245180606856 0.26740892231464392 0.42036058008670812 0.24500644207000735 0.81666666269302379 1.8844829201698305 0.87500000000000011 0.62500000000000011 0.053566453978419311 0.63752615451812755 0.22956309467554095 9.0830941200256365
decision_type=2 2 2 2 2 2 2 2 2 2 2 2 2 2 2 2 2 2 2 2 2 2 2 2 2 2 2 2 2 2
left_child=4 2 9 -4 20 6 -5 -7 11 25 13 12 14 22 -6 16 -15 18 19 -12 -1 -20 23 -3 -22 -2 -19 -14 -11 -17
right_child=1 10 3 5 8 7 -8 -9 -10 28 17 -13 27 15 -16 29 -18 26 21 -21 24 -23 -24 -25 -26 -27 -28 -29 -30 -31
leaf_value=0.011439484607042739 -0.00641843983733231 -0.0093551574202671538 -0.019627445596224542 -5.5614653373988241e-05 0.0089935304277279915 0.013682902275998714 0.025562783479721823 -0.001959380085037763 -0.016201164647639297 -0.024898780260112507 0.0067309786263808347 0.026280536514370258 0 -0.016087810224495486 -0.017111407202491317 -0.025028002371517866 0.0025845320350412239 -0.024823428075757117 0.0028332744252047783 -0.030914271034891243 -0.024356551575311438 -0.012873956845997852 -0.011920466658790277 0.020020181935537732 0.0057103354146453107 0.015286871693879526 0.0030723157495268754 0.024636984748320923 0.0013044553604305096 0.0028283172852690813
leaf_weight=1.127332901465709 3.6049492287565936 0.75309972290415572 3.6362073410709845 11.223089487568361 2.6892347787506932 13.242442783899603 10.119966497790299 60.195260777545627 1.0692193533759553 6.809320351225324 0.69672657555202633 12.249411797500214 1.1224151253700254 3.808016282564501 2.7690672329626977 3.3218889373820271 12.584021768328965 10.64324475341709 9.6129669994697924 3.6691026013868395 2.2510929167910949 6.4132394348271182 0.89239186202757981 4.6858340300241252 0.7300033508799969 1.9605228187865575 0.76110978913493532 3.925251392647624 0.72985785742639553 0.57411496737040568
leaf_count=93 332 68 294 812 133 1069 402 3977 43 318 64 998 21 380 163 177 1103 693 709 169 142 657 83 949 29 128 64 129 28 78
internal_value=-0.000511162 -0.00271983 0.000756017 0.00263088 0.0124517 0.00371213 0.0125577 0.000966891 0.0162032 -0.0122999 -0.00930712 0.01847 0.00760991 -0.00257376 -0.00438425 -0.00671543 -0.00225633 -0.0146023 -0.00912908 -0.0242127 -0.00762875 -0.00366308 0.00939431 0.0146656 -0.0166553 0.00193444 -0.0226223 0.0196562 -0.0221551 -0.0205711
internal_weight=197.87 169.937 111.522 98.417 27.933 94.7808 21.3431 73.4377 23.8246 13.1047 58.4158 22.7554 10.506 26.6194 5.4583 20.288 16.392 31.7964 20.392 4.36583 4.10843 16.0262 6.33133 5.43893 2.9811 5.56547 11.4044 5.04767 7.53918 3.896
internal_count=14305 12554 7360 6554 1751 6260 1214 5046 1487 806 5194 1444 446 2838 296 1738 1483 2356 1599 233 264 1366 1100 1017 171 460 757 150 346 255
is_linear=0
shrinkage=0.03


Tree=47
num_leaves=31
num_cat=0
split_feature=14 12 13 34 5 11 4 29 25 16 45 13 35 10 49 32 39 44 31 23 5 48 47 41 36 18 22 47 20 36
split_gain=6.68737 3.38706 2.78315 2.59002 2.6125 2.0149 4.00945 1.8088 1.6775 1.97918 1.97637 1.54184 1.50366 1.40743 1.12007 1.07808 1.05312 0.987697 1.7349 0.927097 0.864267 0.851493 0.85501 0.844537 0.718354 0.612028 0.555445 0.553375 0.52717 0.557368
threshold=0.30122286081314092 1.3293389678001406 27.108560562133793 0.66942009329795849 0.801800698041916 0.62500000000000011 0.89789465069770824 0.9640149474143983 0.24332069605588916 0.35253906250000006 0.13914722949266436 47.388017654418952 0.64049857854843151 0.62500000000000011 0.21909335255622867 0.054847577586770065 0.97578072547912609 0.021858576685190204 0.030971670523285869 0.49481059610843664 0.1149316430091858 0.50190296769142162 0.98797121644020092 0.5714605748653413 0.2858701497316361 0.31640625000000006 0.53870391845703136 0.71705958247184765 0.030710475519299511 0.16006642580032351
decision_type=2 2 2 2 2 2 2 2 2 2 2 2 2 2 2 2 2 2 2 2 2 2 2 2 2 2 2 2 2 2
left_child=13 3 16 4 5 6 -2 -5 9 10 -4 23 -7 20 -11 17 21 28 -19 26 -1 22 -3 -10 -21 -20 -6 -13 -15 -30
right_child=1 2 8 7 19 12 -8 -9 11 14 -12 27 -14 15 -16 -17 -18 18 25 24 -22 -23 -24 -25 -26 -27 -28 -29 29 -31
leaf_value=-0.016678507699569113 -0.015878441633095663 0.02000194183833395 0.0013458573940736064 0.0084744870865227917 -0.023212754407677068 0.020312960871846544 0.0043866190678297284 -0.025077477988419923 -0.01022998031389343 0.0027428113315611166 -0.01464137641888393 -0.020925147463600597 -0.00014910883563149229 0.0017625266508333227 -0.023272992496203179 -0.0075135957691009978 -0.0088031520928176319 0.019899576174680574 0.0072397774800467083 0.0071189515662577162 0.0086738943814211201 -0.0096688070039048172 -0.0063934187270197852 0.016209240024730641 -0.015064001687050872 -0.013879682112635515 -0.0040171212668074557 0.0036411640699429834 -0.0018589947166074493 0.027521424352224877
leaf_weight=1.2207163323182642 8.9276470867625886 5.3953933660377498 12.503789348993452 1.2541795917495608 3.9898860961548035 9.431640091002917 74.008698213554453 4.3961411234922707 0.49492253293283184 1.2051489783334535 13.476381164975463 1.5668203290551903 4.24499975220533 1.2776632966706589 14.488419256726045 0.77468058909289439 1.8210175776912363 3.7677003019489339 0.99260765255894545 3.3658969993120991 1.5927818442578425 0.52591442828997959 0.65009788470342744 4.3033478412835393 0.87400796043220896 2.2670079465024173 3.148827016557334 0.56601429358124722 0.28412155341356893 10.716558021376839
leaf_count=51 799 1102 926 264 295 1075 3662 238 15 354 845 107 387 131 1105 47 308 82 47 443 143 12 122 393 127 83 248 65 10 787
internal_value=0.0001905 -0.00186495 -0.00777191 0.00111348 0.00223751 0.00388795 0.00200627 -0.0170245 -0.0105339 -0.0127759 -0.00707112 0.002479 0.01418 0.0150732 -0.0210508 0.0177751 0.00732323 0.0192577 0.00796732 -0.0107156 -0.00302838 0.0127607 0.0162332 0.0116708 0 -0.00655435 -0.0166483 -0.0143669 0.0244069 0.0264209
internal_weight=193.533 170.639 56.9973 113.642 107.992 96.613 82.9363 5.65032 48.6048 41.6737 25.9802 6.9311 13.6766 22.8938 15.6936 20.0803 8.39242 19.3057 7.02732 11.3786 2.8135 6.57141 6.04549 4.79827 4.2399 3.25962 7.13871 2.13283 12.2783 11.0007
internal_count=14273 12892 5354 7538 7036 5923 4461 502 3810 3230 1771 580 1462 1381 1459 1187 1544 1140 212 1113 194 1236 1224 408 570 130 543 172 928 797
is_linear=0
shrinkage=0.03


Tree=48
num_leaves=31
num_cat=0
split_feature=15 0 40 4 9 6 34 18 35 48 50 35 3 30 18 39 48 41 4 50 20 42 36 39 49 10 25 20 41 44
split_gain=5.70874 3.44628 3.10437 3.00741 2.61606 2.67324 2.70286 2.43778 2.9671 4.32013 2.54227 2.37956 2.18279 2.24205 2.16438 2.40772 1.98245 2.03705 1.89041 1.77637 1.76286 1.65596 1.60324 1.60039 1.52309 1.50099 1.44151 1.85091 1.24686 1.20303
threshold=0.069047622382640853 4.6359872817993173 0.7761581838130952 0.89014217257499706 0.78971576690673839 0.07339124754071237 0.34207732975482946 0.16796875000000003 0.57991307973861705 0.41589742898941046 0.08674615249037744 0.46811428666114813 0.22379656136035922 0.19921875000000003 0.59765625000000011 0.93938326835632335 0.35713535547256475 0.55298280715942394 0.93973094224929821 0.19845236092805865 0.034929255023598678 0.96238207817077648 0.22342596948146823 0.8041471838951112 0.48677098751068121 1.0000000180025095e-35 0.18989469110965732 0.043971218168735511 0.99859309196472179 0.025807525962591175
decision_type=2 2 2 2 2 2 2 2 2 2 2 2 2 2 2 2 2 2 2 2 2 2 2 2 2 2 2 2 2 2
left_child=1 -1 7 -3 12 6 -6 23 9 10 -9 -8 26 22 15 -10 20 -18 -16 -11 -5 -15 -14 -2 -22 -7 29 -28 -25 -4
right_child=2 3 4 16 5 25 11 8 14 19 -12 -13 13 21 18 -17 17 -19 -20 -21 24 -23 -24 28 -26 -27 27 -29 -30 -31
leaf_value=0.028589485629381038 0.017996208748933453 0.022469878152803519 0.0066922958333198194 -0.022237229253183294 0.017268502465658052 0.0012567261785563781 0.011366627407818724 -0.0081985556519954123 -0.0055362448892177386 0.0051832197292715583 0.019431432778650708 -0.016859647108955718 -0.012279548723181214 -0.014680273870858308 0.0075507381866758835 0.0083926684465169005 -0.01634709757331337 0.015405574667631922 -0.022182480490395586 -0.022915770969193838 0.016299153209764449 0.013874533233227177 0.016426670690534502 -0.018118360375395267 -0.012561689835697977 -0.025158094889062892 0.022750725655356765 -0.004098960370756805 0.0096129617710776771 -0.018658450297937178
leaf_weight=7.2711345495190498 0.59325204649940033 5.7279813259374377 2.8639272302971213 4.3363868521992135 3.149473700119418 1.882593088550492 2.6476906043826594 2.7220594235404922 20.907495148305316 2.9943278182763597 21.80903783076792 10.004764373981741 1.6066002324223543 16.907518290274314 1.8995173200964917 21.639750872738659 1.3803372723050396 7.084675536461873 6.0324505254102405 3.3068398622563109 2.3824688568711281 1.1417005769908417 4.4560866294195876 9.3046855324937461 2.1666707553667948 13.450188943490501 6.0407135106797778 2.7865422302857041 0.91107556840870607 1.9529678943508768
leaf_count=700 37 266 343 165 130 137 226 191 1816 114 1205 611 73 1625 205 2026 32 339 340 125 180 50 202 831 90 1084 701 225 116 150
internal_value=6.8428e-05 0.0118013 -0.00218383 0.00541979 -0.00696042 -0.0132671 -0.00395308 0.00139244 0.00323557 0.0104204 0.016047 -0.0103333 -0.00147418 -0.00687143 -0.00121177 0.00150923 -0.00096326 0.00873084 -0.014678 -0.0102711 -0.010451 -0.012083 0.00773324 -0.0113185 0.00222605 -0.0218528 0.00767687 0.0144151 -0.0147411 -0.00451087
internal_weight=191.361 30.3497 161.011 23.0785 68.8908 31.1347 15.8019 92.1205 81.3115 30.8323 24.5311 12.6525 37.7561 24.1119 50.4792 42.5472 17.3505 8.46501 7.93197 6.30117 8.88553 18.0492 6.06269 10.809 4.54914 15.3328 13.6442 8.82726 10.2158 4.8169
internal_count=14335 1772 12563 1072 5557 2188 967 7006 6022 1635 1396 837 3369 1950 4387 3842 806 371 545 239 435 1675 275 984 270 1221 1419 926 947 493
is_linear=0
shrinkage=0.03


Tree=49
num_leaves=31
num_cat=0
split_feature=14 14 11 13 14 44 32 10 5 39 45 32 30 35 22 41 31 20 39 30 39 49 40 49 30 27 15 50 29 22
split_gain=5.05586 2.91785 3.06814 4.12671 4.8602 2.93859 2.83537 2.30457 2.51989 2.21766 1.97493 1.88058 1.8712 1.50455 1.46108 1.20293 1.52834 1.18005 1.17644 1.15757 1.02611 0.984444 0.920161 0.913652 0.881922 0.669756 0.540852 0.565733 0.469799 0.461955
threshold=0.50632169842720043 54.980937957763679 0.62500000000000011 46.412832260131843 12.624236583709719 0.064172957092523589 0.040209813043475158 0.62500000000000011 0.49760779738426214 0.92615583539009105 0.1658347696065903 0.046711089089512832 0.13671875000000003 0.65420201420784008 0.44186450541019445 0.86064261198043834 0.040547799319028861 0.02922296337783337 0.93457746505737316 0.23828125000000003 0.95408338308334362 0.22968939691782 0.77864012122154247 0.14969270676374438 0.17578125000000003 0.9681367576122285 0.14835165441036227 0.061643986031413085 0.99318701028823864 0.36003781855106359
decision_type=2 2 2 2 2 2 2 2 2 2 2 2 2 2 2 2 2 2 2 2 2 2 2 2 2 2 2 2 2 2
left_child=10 2 3 4 5 -2 12 8 18 -8 15 24 -5 14 19 16 -1 -6 -4 -12 25 -13 -16 -10 -9 -15 27 -17 -24 -29
right_child=1 -3 7 6 17 -7 9 11 23 -11 13 21 -14 20 22 26 -18 -19 -20 -21 -22 -23 28 -25 -26 -27 -28 29 -30 -31
leaf_value=0.015333828385849683 -0.0089642504920041353 -0.025315218983106038 -0.0056763244945435311 -0.0095781034327275874 0.006466864411914585 0.0021810601105437064 0.0084104605247986089 0 0.010292086628304489 -0.014069482068517386 -0.02029867553500464 0.0088528945057166682 0.013216044941270067 0.016287293675927871 0.0257093821386386 -0.00030628915104444736 -0.015689908799247525 -0.025765340940181111 0.026137012711085386 0.0099890947393545277 -0.021008818377859652 -0.016237756075709979 0.0098459762639397947 -0.019338735552562967 0.024223677561942183 -0.0091887812116332838 0 0 -0.012559154368712001 0.028385787342406401
leaf_weight=2.467531940812481 44.73356303453329 3.7668471754877819 0.98881084902677807 2.8425658220076029 0.56940628401935001 38.601975274505094 5.4181654064741442 1.6720888169948001 0.32817814673762757 9.2303445969300792 1.3186823391588389 2.0854308623820557 23.738536454970017 0.91567094239871927 3.2151287428569049 0.48859409976284673 1.4046673781704155 11.509808148577575 1.7768904820550231 1.2212466448545454 2.3551699465606362 1.5415455850306896 0.68416003382299073 4.8402784969075583 9.433520427279289 0.76039098855108023 0.83100539597217071 0.6948716826736917 0.64896733447676525 8.9366380829596874
leaf_count=99 3633 153 96 149 41 1875 519 76 60 734 37 385 1536 112 91 34 118 762 122 75 131 249 67 371 1783 65 83 36 33 735
internal_value=-0.000148016 -0.00214051 -0.00141935 -0.00314272 -0.00656293 -0.0038014 0.00466936 0.00853691 -0.00391569 -0.00555682 0.0118802 0.0152565 0.0104108 0.00172451 0.00981221 0.0187183 0.00255358 -0.0236383 0.0154793 -0.00618033 -0.0110237 -0.00236742 0.0187881 -0.0156074 0.0209802 0.00449364 0.023491 0.0252356 -0.000483229 0.0267205
internal_weight=189.021 163.078 159.311 136.644 95.4148 83.3355 41.2296 22.6667 7.93416 14.6485 25.9427 14.7326 26.5811 11.1194 7.08819 14.8233 3.8722 12.0792 2.7657 2.53993 4.03123 3.62698 4.54826 5.16846 11.1056 1.67606 10.9511 10.1201 1.33313 9.63151
internal_count=14260 12544 12391 9249 6311 5508 2938 3142 649 1253 1716 2493 1685 611 303 1105 217 803 218 112 308 634 191 431 1859 177 888 805 100 771
is_linear=0
shrinkage=0.03


Tree=50
num_leaves=31
num_cat=0
split_feature=15 40 9 13 6 9 3 32 11 33 1 20 37 41 3 30 20 25 9 34 3 6 34 4 6 50 40 42 36 35
split_gain=5.40506 3.54949 3.45932 3.04104 2.94492 2.4533 2.84306 2.33644 2.15199 1.96927 2.38071 1.93693 2.87012 1.90523 1.89022 2.15522 1.92551 2.12087 1.87436 1.38414 1.36906 1.34964 1.21143 1.39155 1.20331 1.17748 1.2869 1.12481 1.05429 0.947483
threshold=0.069047622382640853 0.80007666349411022 0.79551774263381969 27.259869575500492 0.10846414789557458 2.2981762886047368 0.11454724520444871 0.044098729267716415 0.62500000000000011 58.516757965087898 0.69751486182212841 0.034852340817451484 0.15861733257770541 0.86263683438301098 0.22379656136035922 0.19921875000000003 0.044920168817043311 0.1735436096787453 8.5653100013732928 0.31009228527545935 0.6129627823829652 0.036138042807579047 0.5840192735195161 0.94492921233177196 0.079720541834831252 0.32433055341243749 0.63490355014801036 0.96238207817077648 0.19653071463108066 0.57156425714492809
decision_type=2 2 2 2 2 2 2 2 2 2 2 2 2 2 2 2 2 2 2 2 2 2 2 2 2 2 2 2 2 2
left_child=3 4 14 25 5 8 -7 -8 13 11 -11 12 -5 -2 16 28 17 -3 19 24 22 -21 23 -6 -4 -1 -27 -17 -16 -12
right_child=1 2 18 9 20 6 7 -9 -10 10 29 -13 -14 -15 15 27 -18 -19 -20 21 -22 -23 -24 -25 -26 26 -28 -29 -30 -31
leaf_value=0.02830320604175084 0.0044327596180880969 -0.0075015323500133412 0.01275764326107289 -0.017907672061567081 -0.011771480182492161 -0.015098273195828512 0.028937561740428344 -0.0089552507270543383 0.014505741057736849 -0.02577723420492951 0.01797866117503593 0.02052338297928066 0.019374217017608216 -0.0077071096315538502 -0.011181908979362542 -0.013812031996784182 -0.0099597149137413011 0.022528831036822981 0.010280688399818588 0.0058899454397874093 -0.018859806147546912 -0.022245956636619602 0.0077498931042843076 0.0047023464667416684 -0.016757723100564493 -0.014077797530121203 0.018744116325199758 0.011341824194946313 0.015806797077488961 -0.0066635965600721631
leaf_weight=8.7534493760904315 28.514168785084621 2.1770136103150417 2.0016325566684894 3.3630521551240253 12.971873832444553 1.2424683996359807 8.1007944440934789 1.1313341051572923 9.7988811163813789 2.7449749557999885 1.8707615217426794 6.692637944535818 2.2199255219602492 18.172592486225767 0.8325572675094034 15.174136329675093 2.9951727899024254 6.6825803699612152 1.55634908468346 1.0790614960715199 5.1128074905136591 20.004477898706682 6.2931210751703466 5.9119050171284462 1.1167822000570593 1.1601004472468042 1.1111087792087344 0.8965311318170287 3.9842097195796669 1.75703505333513
leaf_count=699 1543 235 92 129 1595 88 213 42 987 262 38 286 116 1311 35 1495 218 831 66 97 364 1656 679 661 59 90 80 43 193 69
internal_value=0.000339998 -0.00189899 -0.00768153 0.0118688 0.00159173 0.0051077 0.0178142 0.0235795 0.00243034 0.00385965 -0.00858489 0.0107061 -0.0019366 -0.000292242 -0.00101174 -0.00642353 0.00804809 0.014833 -0.015693 -0.0178239 -0.00599983 -0.0204686 -0.00265297 -0.00648606 0 0.0237192 0.00188353 -0.0116508 0.00950578 0.00653457
internal_weight=185.423 155.75 58.5005 29.673 97.2499 66.9602 10.4746 9.23213 56.4856 18.6484 6.37277 12.2756 5.58298 46.6868 32.7422 20.8874 11.8548 8.85959 25.7583 24.202 30.2897 21.0835 25.1769 18.8838 3.11841 11.0247 2.27121 16.0707 4.81677 3.6278
internal_count=14272 12503 5020 1769 7483 4184 343 255 3841 900 369 531 245 2854 3050 1766 1284 1066 1970 1904 3299 1753 2935 2256 151 869 170 1538 228 107
is_linear=0
shrinkage=0.03


Tree=51
num_leaves=31
num_cat=0
split_feature=14 6 37 39 49 29 3 45 32 27 21 0 13 23 2 20 20 13 4 49 36 44 21 49 42 39 29 3 44 5
split_gain=4.51887 3.28984 3.0034 2.92203 2.36016 2.58631 2.2998 2.15539 2.75405 2.62226 2.2297 1.87577 1.83458 1.7745 1.55468 2.29717 1.98498 1.52848 1.32642 1.17543 1.70446 1.4758 2.24334 1.04108 1.02342 0.965697 0.893571 0.85716 0.913189 0.84217
threshold=0.50632169842720043 0.10846414789557458 0.20088688284158709 0.83502897620201122 0.41987407207489019 0.94639942049980175 0.35498379170894628 0.22489445656538012 0.038418419659137733 0.95317909121513378 53.861251831054695 4.6359872817993173 27.108560562133793 0.37515324354171758 0.26562500000000006 0.03469235077500344 0.033371044322848327 56.172307968139656 0.92972347140312206 0.21356076002120974 0.22111550718545916 0.059262510389089591 55.12347602844239 0.14556781202554706 0.24626532942056659 0.77005887031555187 0.9640149474143983 0.09995210170745851 0.029631255194544796 0.2829719483852387
decision_type=2 2 2 2 2 2 2 2 2 2 2 2 2 2 2 2 2 2 2 2 2 2 2 2 2 2 2 2 2 2
left_child=11 2 7 25 6 -6 -5 9 18 17 -11 -1 -3 -10 26 16 23 -2 -9 20 -14 24 -23 -16 -21 -4 -13 28 -17 -22
right_child=1 12 3 4 5 -7 -8 8 13 10 -12 14 19 -15 15 27 -18 -19 -20 21 29 22 -24 -25 -26 -27 -28 -29 -30 -31
leaf_value=0.024922149120873885 -0.0038123268584155682 0.0050083539438596433 -0.0014357626951747495 0.011731746340235808 0.0044293368042592372 -0.019795246983978037 -0.012917826431433356 -0.0094015815125377093 0.012964568859478005 0.0049449994264276565 0.021158245371029075 0.0084890477923185888 0.02304305941033918 -0.018801657589484926 -0.0085464019177053409 0.014020263606178853 -0.022886094991950347 0.017300587945857551 0.017036402311807367 0.0074245440193253989 0.0077013261399366643 0.00134715125571822 -0.015580325171885267 0.015769851044914088 -0.021718276074403371 0.022205064179758038 -0.023376653041356946 0.023318715131100592 -0.011008264261865568 -0.016533857466953759
leaf_weight=6.4459943290567052 17.782598515317662 7.7785041661263667 1.9426149223581877 7.4156271604006161 4.4811431718262638 16.365856460470241 4.6888241578126326 1.5118231988453761 1.0534745628829103 16.722701418955694 15.619832519994814 0.39717478919192473 1.4282300284830842 8.3698484366468602 1.6000816595042149 1.9031752640148609 2.0816329622175545 2.6875503332121289 4.8239640718093142 0.54415084247011591 1.1427399768726902 13.549494328937728 12.749763765372334 3.1033387021452654 12.553724180936113 3.1594309806241654 1.4016359625384209 6.816455704451073 1.3465757194207979 2.3738227755529806
leaf_count=742 1346 1441 156 796 573 977 359 200 76 1021 672 84 227 573 125 124 84 199 255 31 355 793 766 188 1102 160 85 256 61 394
internal_value=0.000308022 -0.00156784 0.00143488 -0.00520069 -0.00857816 -0.0144864 0.00169734 0.0051822 -0.00423304 0.00807387 0.0132649 0.0118942 -0.0076785 -0.0140595 0.00619951 0.0093048 -0.00360163 -0.000223968 0.00989727 -0.0100316 0.00280472 -0.0117465 -0.00701944 0.00692351 -0.019854 0.013952 -0.0147497 0.0178147 0.00279347 -0.00803274
internal_weight=183.842 158.746 106.625 38.0535 32.9515 20.847 12.1045 68.5718 15.7591 52.8127 32.3425 25.0961 52.1204 9.42332 18.6501 16.8513 6.78505 20.4701 6.33579 44.3419 4.94479 39.3971 26.2993 4.70342 13.0979 5.10205 1.79881 10.0662 3.24975 3.51656
internal_count=14221 12472 7363 3021 2705 1550 1155 4342 1104 3238 1693 1749 5109 649 1007 838 397 1545 455 3668 976 2692 1559 313 1133 316 169 441 185 749
is_linear=0
shrinkage=0.03


Tree=52
num_leaves=31
num_cat=0
split_feature=41 31 35 4 33 41 30 22 6 23 9 37 50 22 49 29 42 15 14 14 3 25 5 22 15 36 25 32 45 14
split_gain=5.69012 3.73104 3.69781 3.35225 3.7072 3.00908 2.5044 2.36079 2.31706 2.28637 2.06581 2.1786 1.84649 2.07354 1.76158 1.54915 1.53682 1.41865 1.3151 1.30741 1.20502 1.16739 0.966754 0.944642 0.859038 0.884873 0.853833 0.787356 0.688922 0.648961
threshold=0.95334038138389599 0.03401909954845906 0.62825810909271251 0.90527912974357616 65.948329925537124 0.38739128410816198 0.16015625000000003 0.37296865880489355 0.10846414789557458 0.64203697443008434 0.099653992801904692 0.19874212145805362 0.20250348001718524 0.53870391845703136 0.12450695037841798 0.93396010994911205 0.99438202381134044 0.72380954027175914 3.7055462598800664 1.842205345630646 0.37371005117893225 0.20361472666263583 0.87807849049568187 0.5791832208633424 0.29670330882072454 0.28536699712276464 0.28624793887138372 0.048429749906063087 0.14645505696535113 23.895069122314457
decision_type=2 2 2 2 2 2 2 2 2 2 2 2 2 2 2 2 2 2 2 2 2 2 2 2 2 2 2 2 2 2
left_child=1 3 7 26 5 -5 -3 24 -7 10 -4 21 13 -6 19 28 18 22 -17 -11 -14 -12 27 -19 25 -2 -1 -9 -8 -30
right_child=2 6 9 4 12 8 15 17 -10 14 11 -13 20 -15 -16 16 -18 23 -20 -21 -22 -23 -24 -25 -26 -27 -28 -29 29 -31
leaf_value=-0.017273366332152887 0.020342561264063308 0.020943863618983392 0.013485748768995375 -0.023193716714375867 -0.012202515587421485 0.014880286786520199 -0.0067185225310302911 0.026767109491171327 0.00013252422548286794 0.012779228458965545 -0.023333278502858427 0.0097528464443687752 0.0050813819035577757 0.023862799503616149 0.024545748082635981 -0.0057322581229986421 0.012187375069982052 -0.0085979065351599188 -0.015373415636188001 -0.015972847958060372 -0.027120368363429275 0.0016763127106768224 -0.0011241243468887087 0.017350453706424383 -0.01354071683785453 -0.010744755207925142 0.0082331790445766082 0.003792572513775635 0.016620805467084353 -0.0054484102986553087
leaf_weight=8.3018768784822861 1.0581384249962895 1.5296293047722418 2.3386367542552788 1.6539446674287308 2.3821068997494863 27.284723170116195 2.3334032539860337 14.808739388245167 15.158649583463555 1.6710340441204601 8.007894917711381 2.2125026770518152 0.75836097809951741 1.4710201423149554 3.4575868767860811 23.531955503742211 1.5911648698383931 2.4086122434964632 37.419699252488499 1.9998302397725636 4.6042923732893541 1.6397690994781431 1.1167045126203436 0.99089509621262539 2.4807863690366503 0.43393200077116478 0.58728156657889563 2.206966523313894 2.9932755823538177 0.89619647301151406
leaf_count=742 83 30 127 45 117 1208 432 1385 808 367 651 205 68 38 851 1879 58 253 2588 344 158 274 136 163 229 24 16 274 593 132
internal_value=-0.00071439 -0.00390686 0.00814791 0.00140034 0.00434722 0.00801536 -0.0085989 0.0156388 0.00980647 -0.00097508 -0.00792191 -0.0130968 -0.0119776 0.003028 0.0117652 -0.00958983 -0.0110113 0.0194468 -0.0118522 -0.00230837 -0.0220121 -0.0190425 0.0226285 0.00050824 -0.00415692 0.00941408 -0.0146227 0.0243297 0.00382738 0.0108478
internal_weight=179.33 132.498 46.832 62.2023 53.3131 44.0973 70.2953 25.5048 42.4434 21.3273 14.1988 11.8602 9.21578 3.85313 7.12845 68.7657 62.5428 21.5319 60.9517 3.67086 5.36265 9.64766 18.1324 3.39951 3.97286 1.49207 8.88916 17.0157 6.22288 3.88947
internal_count=14278 8912 5366 3200 2442 2061 5712 2547 2016 2819 1257 1130 381 155 1562 5682 4525 2211 4467 711 226 925 1795 416 336 107 758 1659 1157 725
is_linear=0
shrinkage=0.03


Tree=53
num_leaves=31
num_cat=0
split_feature=41 5 14 41 4 1 44 11 33 50 25 13 32 31 47 3 22 34 25 34 43 50 39 42 45 37 3 3 15 22
split_gain=4.15595 4.41386 3.19128 2.12043 2.21331 4.20338 4.11866 3.91251 2.34186 2.09275 1.44284 1.48244 1.35344 1.23174 1.21312 1.20008 1.06451 1.12488 1.09007 0.9616 1.01695 0.958123 0.917792 0.835318 0.825495 0.767052 0.667346 0.661089 0.59494 0.589772
threshold=0.99108582735061657 0.36752028763294226 1.338697135448456 0.38739128410816198 0.95605885982513439 0.62818551063537609 0.064172957092523589 0.62500000000000011 54.910100936889656 0.26702763140201574 0.19187828153371814 33.300685882568366 0.038555186241865165 0.032804729416966445 0.61813461780548107 0.25752384960651403 0.57436838746070873 0.47867660224437719 0.1528645604848862 0.40422055125236517 0.31592220067977911 0.12066536396741868 0.86500561237335216 0.36867654323577886 0.32822290062904363 0.27212944626808172 0.52929753065109264 0.9363793432712556 0.20714285969734195 0.33986561000347143
decision_type=2 2 2 2 2 2 2 2 2 2 2 2 2 2 2 2 2 2 2 2 2 2 2 2 2 2 2 2 2 2
left_child=1 3 24 -1 7 8 -7 9 -6 -5 11 23 14 -13 -12 -9 17 18 -4 -14 -21 -19 -18 -3 25 28 -20 -15 -2 -23
right_child=2 10 16 4 5 6 -8 15 -10 -11 12 13 19 27 -16 -17 22 21 26 20 -22 29 -24 -25 -26 -27 -28 -29 -30 -31
leaf_value=-0.02259047700229163 0.027352468563067875 -0.018452516652832616 -0.0062384408871908421 -0.011579290543528565 0.0082239521121357951 -0.0014363277570244659 0.016368520901532072 0.021045666302031425 -0.014718405721052959 0.0012431050359809318 -0.0079746787751023927 -0.00037428696023732763 0.0050587294780741355 -0.027525348008256643 0.016883668993404453 -0.0018456511907523781 -0.0066958956175603114 0.010087130660708557 0.024485903966642093 0.0053350938988030294 -0.019492242416773508 0.0066918083902089706 0.022681821629297345 0.0040845032200939038 -0.0043941470831337101 -0.0011130462786388942 -0.0038064608050816743 0.0012645854892764142 0.0029941953162176027 -0.015434489218927388
leaf_weight=2.337397009599953 9.7813838488655147 1.0362212269101316 1.922499824897385 26.927540670454619 4.9893835010589127 17.971913054585457 30.260611838006298 6.0659010129747895 11.248055017931618 18.461560620227829 2.018316517758648 2.292700999765656 2.0724242472642782 10.09139905046322 3.3235304744739551 2.3733803133945912 0.64518596799462047 1.0773690737551058 2.0112616885453467 1.1876474697492083 6.2162317544280086 0.48355026065837581 2.1638938587566372 4.2056955468433443 0.57222692179493684 0.7978013257961728 0.45562246674671758 0.46520849113585505 1.5849652211763885 6.8497769432724454
leaf_count=91 932 111 198 1640 316 1214 1145 540 1044 1551 134 331 178 846 353 292 57 114 250 92 643 112 449 576 37 44 29 26 280 672
internal_value=0.000240468 -0.00170941 0.0106033 0.000948105 0.0016238 0.00535245 0.0097789 -0.00280344 -0.00742659 -0.00638487 -0.0112802 -0.0168132 -0.00369953 -0.0219992 0.00724189 0.0147766 0.00104959 -0.00270391 0.00815693 -0.0102562 -0.0149918 -0.00895523 0.0151603 -0.00213247 0.0211648 0.0228375 0.0188044 -0.0259974 0.0247152 -0.0129876
internal_weight=181.891 153.545 28.3455 120.636 118.298 64.47 48.2325 53.8284 16.2374 45.3891 32.9094 18.0912 14.8182 12.8493 5.34185 8.43928 15.6092 12.8001 4.38938 9.4763 7.40388 8.4107 2.80908 5.24192 12.7364 12.1642 2.46688 10.5566 11.3663 7.33333
internal_count=14297 11123 3174 7833 7742 3719 2359 4023 1360 3191 3290 1890 1400 1203 487 832 1881 1375 477 913 735 898 506 687 1293 1256 279 872 1212 784
is_linear=0
shrinkage=0.03


Tree=54
num_leaves=31
num_cat=0
split_feature=41 5 14 49 48 15 0 29 11 4 30 5 24 43 19 41 41 6 20 18 37 48 0 19 38 25 18 41 3 27
split_gain=4.35299 3.53358 2.32687 2.35187 2.12795 1.98751 1.96025 2.21954 1.85267 2.5664 2.14856 1.70996 1.5174 1.24064 1.22323 1.14677 1.0398 0.939019 0.892066 1.1526 0.8636 0.797467 1.15068 0.702334 0.669712 0.587901 0.675449 0.582425 0.556996 0.517489
threshold=0.99670004844665538 0.36752028763294226 22.016265869140629 1.2850705385208132 0.40329062938690191 0.44505494832992559 12.988608360290529 0.99588418006896984 0.62500000000000011 0.95605885982513439 0.18359375000000003 0.075736049562692656 0.2233763933181763 0.61877489089965831 0.069692946970462813 0.85040917992591869 0.71090134978294384 0.16332352906465533 0.040628908202052123 0.37109375000000006 0.22981641441583636 0.45056800544261938 6.8312759399414071 0.14202781766653064 0.40625000000000006 0.25196462869644171 0.097656250000000014 0.99923145771026622 0.39335875213146215 0.64624273777008068
decision_type=2 2 2 2 2 2 2 2 2 2 2 2 2 2 2 2 2 2 2 2 2 2 2 2 2 2 2 2 2 2
left_child=1 2 3 8 -5 17 7 11 9 -1 -10 -4 15 25 27 16 -3 23 19 -8 -20 22 -15 24 -2 26 -14 -7 -6 -17
right_child=5 12 6 4 28 14 18 -9 10 -11 -12 -13 13 21 -16 29 -18 -19 20 -21 -22 -23 -24 -25 -26 -27 -28 -29 -30 -31
leaf_value=-0.003924607386070973 -0.0014020464246271931 0.0084201593268221579 -0.0019776818575951267 0.01181236229608866 -0.0037388949389046688 0 -0.0092621534648414973 0.010801915049203659 -0.0055361646030344979 0.0064131560212647518 0.019122267994581051 -0.030180738685286378 0.0016166614594521121 0.0039122339085984224 -0.011623000045706088 -0.0061125684690981862 -0.015681163416422905 -0.0058986182290864291 -0.019549724928351518 0.020725221557023683 0.0095071595751283038 0.010626855905627834 -0.015920937113972605 -0.0016211229981870632 0.025876670542894838 0 -0.023362520010218778 0.020302330259610635 -0.026476661669173257 0.0152486958514192
leaf_weight=36.999897087313002 0.54424115014262398 1.4836424678796882 3.2066749631194416 1.6263481886708167 2.107495317410212 2.2747683938359837 0.83459646406117771 1.5257315323688079 3.532499711320269 48.725254414617666 11.479012776922898 6.0063698465237394 0.68186939926818091 3.4453297182626539 3.1066482540627476 0.50720415357500348 3.785189998219721 0.57403612136840898 1.2325265470426527 2.6914041386335157 0.62284344329964358 1.3939965539611865 5.7553101493685972 0.66628364101052362 10.022420614724977 1.4238528465502902 11.379891634074736 1.5968771405459845 3.802438746788539 3.4066758655390004
leaf_count=2774 142 149 139 51 85 405 136 69 129 2718 1694 260 116 410 222 137 335 52 77 306 26 174 459 27 927 127 1056 192 131 691
internal_value=0.000157683 -0.00148085 0.000840156 0.00246674 -0.0126223 0.0134406 -0.00941569 -0.0163981 0.00373804 0.00192287 0.0131489 -0.021813 -0.0100194 -0.0138417 0.000106882 8.43086e-05 -0.00815538 0.0204633 0.00443419 0.0124863 -0.00883131 -0.00506433 -0.00854453 0.0224277 0.0242126 -0.0197047 -0.0217051 0.0105887 -0.020517 0.0111894
internal_weight=176.441 157.656 124.393 108.273 7.53628 18.7853 16.1201 10.7388 100.737 85.7252 15.0115 9.21304 33.263 24.0803 6.97829 9.18271 5.26883 11.807 5.38137 3.526 1.85537 10.5946 9.20064 11.2329 10.5667 13.4856 12.0618 3.87165 5.90993 3.91388
internal_count=14216 12249 8595 7582 267 1967 1013 468 7315 5492 1823 399 3654 2342 819 1312 484 1148 545 442 103 1043 869 1096 1069 1299 1172 597 216 828
is_linear=0
shrinkage=0.03


Tree=55
num_leaves=31
num_cat=0
split_feature=15 3 7 21 47 44 4 29 50 18 2 6 43 41 41 49 18 44 49 32 46 0 33 47 14 28 49 32 21 46
split_gain=4.29894 3.04509 3.92804 3.08072 2.2701 4.77762 3.23622 3.22635 2.10035 1.9062 2.16558 1.77907 1.73011 1.69613 1.61664 2.44101 1.58655 1.56009 1.44538 2.08106 1.46513 1.31284 1.24483 1.24409 1.195 1.15252 1.1197 1.1163 1.09571 1.04842
threshold=0.069047622382640853 0.34140357375144964 4.8125944137573251 58.987577438354499 0.8767378330230714 0.064172957092523589 0.88302370905876171 0.99833416938781749 0.3097145557403565 0.37109375000000006 0.39062500000000006 0.10213176533579828 0.81226602196693432 0.85532942414283764 0.86064261198043834 0.89732366800308239 0.48828125000000006 0.073622401803731932 0.42904996871948248 0.037693627178668983 0.99409985542297374 5.7443623542785653 55.323701858520515 0.95846271514892589 10.751592159271242 0.88354900479316723 0.12259317189455034 0.03358795307576657 53.467742919921882 0.99782127141952526
decision_type=2 2 2 2 2 2 2 2 2 2 2 2 2 2 2 2 2 2 2 2 2 2 2 2 2 2 2 2 2 2
left_child=8 4 18 17 5 9 -7 -8 14 21 -11 16 13 -6 15 -1 -5 27 19 -3 24 -2 -10 -14 -20 -24 -16 -4 -19 -28
right_child=1 2 3 11 12 6 7 -9 22 10 -12 -13 23 -15 26 -17 -18 28 20 -21 -22 -23 25 -25 -26 -27 29 -29 -30 -31
leaf_value=-0.013755894655488841 0.0012406940457874828 0.015297290869941416 0.010260846729178373 0 -0.011371617714292967 -0.016725157304538305 0.01401578641803411 -0.018332027657755642 0.0076867873190297172 -0.0078586010705551223 0.01691686074183495 -0.014209917229664949 0.010058692862216541 0.016993661816321906 -0.0010625109928505488 0.017154991264362034 0.028781038253307831 0.012635722427133254 0.00144215011206343 -0.0093554850269547008 -0.020455979425237275 -0.021191682513477236 -0.024095759253175947 -0.013514145643150545 -0.018462896798848001 0.0061951818647688964 -0.0013641541552707602 -0.020237568388289533 -0.013913578322238983 0.027795302567487457
leaf_weight=3.0995240480115234 2.4503668319666785 3.0441318496887098 0.52906570030609312 2.4115675567882118 1.3061982691288054 3.4985577806364772 24.682270477394926 2.1697683930397025 4.0618612617254248 12.188003375631522 3.160226560314185 0.68273786036297668 2.5303110868262584 16.288514638858032 1.3265721923671652 4.1888487193646142 5.520207629277138 3.8807883929694071 7.2247278627473879 11.697189014070316 18.479721233859891 11.609969059762077 2.1341970094945286 3.6083152016508393 3.0281343094538897 1.0359977680491281 0.9169624741189154 5.1457696252618916 0.94994674576446403 10.09173728141468
leaf_count=228 429 541 37 142 137 371 1456 116 321 1185 309 31 394 2224 95 82 230 161 242 1274 1348 1006 133 266 186 82 25 361 56 782
internal_value=0.000267066 -0.00176346 -0.0067237 0.00434012 0.00195527 -0.00114546 0.00703686 0.0107299 0.011087 -0.00964225 -0.00185104 0.0167942 0.00961467 0.0142282 0.015993 0.00357393 0.0210909 -0.00618347 -0.0116453 -0.00342564 -0.0155044 -0.0172603 -0.00218633 -0.00332937 -0.00528841 -0.0143656 0.0222876 -0.0158335 0.00540953 0.0252053
internal_weight=172.942 146.086 62.594 19.1201 83.4925 59.7592 30.3506 26.852 26.8557 29.4086 15.3482 8.61451 23.7333 17.5947 19.6236 7.28837 7.93178 10.5056 43.4739 14.7413 28.7326 14.0603 7.23206 6.13863 10.2529 3.17019 12.3353 5.67484 4.83074 11.0087
internal_count=14250 12502 4609 1018 7893 4872 1943 1572 1748 2929 1494 403 3021 2361 1212 310 372 615 3591 1815 1776 1435 536 660 428 215 902 398 217 807
is_linear=0
shrinkage=0.03


Tree=56
num_leaves=31
num_cat=0
split_feature=15 31 41 45 4 3 7 0 50 48 48 49 41 31 0 1 2 3 36 35 28 19 32 29 11 36 50 34 23 36
split_gain=4.15153 3.02732 3.13195 2.34423 2.33619 2.61195 3.58964 2.20214 2.45392 2.06003 1.99808 1.98881 1.90095 1.88965 1.88773 1.69278 1.6124 1.47737 1.37391 1.30379 1.62295 1.81346 1.21116 1.44479 1.31562 1.19681 1.02125 1.00168 0.79913 0.942955
threshold=0.074175827205181136 0.030643598176538948 0.96581584215164196 0.051358580589294441 0.90527912974357616 0.36233232915401464 4.959165334701539 14.781014442443849 0.16555064171552661 0.28702162206172949 0.28516024351120001 0.21714186668395999 0.98241087794303905 0.040948491543531425 6.1646330356597909 0.6942369043827058 0.26562500000000006 0.066123824566602721 0.28536699712276464 0.67216244339942943 0.51301458477973949 0.054145343601703651 0.044744217768311507 0.99960452318191539 0.62500000000000011 0.29534307122230535 0.28361445665359503 0.44490811228752142 0.36136251688003546 0.16508842259645465
decision_type=2 2 2 2 2 2 2 2 2 2 2 2 2 2 2 2 2 2 2 2 2 2 2 2 2 2 2 2 2 2
left_child=14 4 3 13 12 11 15 8 -5 -8 22 -6 -2 -3 18 -7 -16 -13 28 20 -18 -22 23 -4 -24 -20 -21 -12 -1 -30
right_child=1 2 10 7 5 6 9 -9 -10 -11 27 17 -14 -15 16 -17 19 -19 25 26 21 -23 24 -25 -26 -27 -28 -29 29 -31
leaf_value=-0.00097164351016730641 -0.016734240231465958 0.020371210539540521 0.023790096563333554 -0.0011712578452149523 -0.0068487328214427183 -0.01867462371372448 -0.010772776342458728 0.016912442007730632 -0.014812299910401299 0.021833113786340744 0.010180752681441901 -0.0027793527457310079 0.011345857934986599 -0.0071107270434004064 -0.020814023762013131 0.0020705507967506624 -0.012157525465255194 0.021053264502063671 -0.014251012321584934 0.0086535607183246977 0.026118534943447888 -0.0020940847507397151 -0.011791470398902293 -0.0095427218279265247 0.015055577933185288 0.013139848764659677 -0.018836344776237655 -0.0097064761805319248 -0.0057318746363769144 0.02807535587560428
leaf_weight=0.78231097664684313 6.8565860672970285 3.4796625819581086 6.3464506526943314 16.748259093001252 2.7563537456153453 7.4854037737532071 1.505269408924504 1.6481862071086641 46.275988208290073 6.0135204766411334 1.9983932613395143 2.2332299490808536 2.0674840421415865 3.5541521472623572 1.3611351733561594 5.3561391618277412 1.2612761864438633 15.0991109758761 1.447742416406981 1.1218544858274975 5.0163505915552378 2.6174818335275631 2.7115457593463361 0.69360193202737708 1.9470367715548489 2.4182560332119465 1.958191769197583 8.278058565076206 0.31925266631878813 8.3616806429345143
leaf_count=41 608 132 1205 1367 259 399 66 449 3852 134 302 192 323 347 151 274 32 773 52 64 134 133 194 30 312 108 168 1168 13 873
internal_value=-0.00024706 -0.00230688 -0.00546791 -0.00849162 0.00362084 0.00673269 -0.00075667 -0.0102976 -0.0113091 0.0144549 0.00420824 0.0141415 -0.00943874 0.00695471 0.0103789 -0.0102807 0.00185311 0.0178347 0.0179752 0.00606632 0.0117302 0.0169754 0.0123018 0.0193545 0 0.00144525 -0.00842145 -0.00501322 0.023658 0.0260585
internal_weight=169.72 143.054 93.6813 71.7062 49.3731 40.449 20.3603 64.6724 63.0242 7.51879 21.9751 20.0887 8.92407 7.03381 26.6655 12.8415 13.3363 17.3323 13.3292 11.9752 8.89511 7.63383 11.6986 7.04005 4.65858 3.866 3.08005 10.2765 9.46324 8.68093
internal_count=14155 12386 9358 6147 3028 2097 873 5668 5219 200 3211 1224 931 479 1769 673 682 965 1087 531 299 267 1741 1235 506 160 232 1470 927 886
is_linear=0
shrinkage=0.03


Tree=57
num_leaves=31
num_cat=0
split_feature=41 5 14 4 6 1 42 26 15 30 9 6 3 42 43 5 18 45 35 34 35 47 18 0 50 39 42 20 43 43
split_gain=4.12348 3.21658 2.53577 1.90311 2.59162 2.53202 3.53551 2.01408 1.66485 1.79622 1.59667 1.38552 1.36054 1.28136 1.17958 1.13482 1.13415 1.05835 1.01983 1.21363 1.1824 1.04931 0.936431 0.888413 0.863116 0.824366 0.696887 0.556993 0.472148 0.447276
threshold=0.99108582735061657 0.49760779738426214 1.3045738935470583 0.9116569757461549 0.10769977420568468 0.62391895055770885 0.32366947829723364 0.59375000000000011 0.13809524476528171 0.35546875000000006 0.28857447206974035 0.139982745051384 0.96981966495513927 0.95480081439018261 0.44317115843296057 0.19900686293840411 0.53515625000000011 0.32822290062904363 0.61278155446052562 0.54955756664276134 0.46411056816577917 0.84043502807617199 0.36328125000000006 4.8079087734222421 0.22656093537807467 0.81968364119529735 0.96459901332855236 0.035666847601532943 0.40745234489440924 0.33787852525711065
decision_type=2 2 2 2 2 2 2 2 2 2 2 2 2 2 2 2 2 2 2 2 2 2 2 2 2 2 2 2 2 2
left_child=1 3 17 8 5 16 -7 10 11 15 -6 24 13 23 -9 -10 -5 26 19 20 -4 -20 -23 28 -1 -25 -2 -11 -3 -22
right_child=2 12 18 4 7 6 -8 14 9 27 -12 -13 -14 -15 -16 -17 -18 -19 21 -21 29 22 -24 25 -26 -27 -28 -29 -30 -31
leaf_value=-0.016670047487036748 0.025231944864931719 -0.0100718735061316 0.0012343319693652931 0.0099224487681394292 -0.016956532868269609 0.023845363677336674 0.0044408873669888821 -0.0024699042366523624 -0.019299898198790549 -0.0067515347129672686 0.012527412157516486 0.019908580892254342 0.011973862053626902 0.0079810328160635057 -0.01645791441432512 -0.0027460893440915571 -0.011533110379715618 -0.0076165260817427343 0.010551508733500593 -0.0066552646621819023 0 0.0017352196278984054 -0.021269924790447974 0.0044151579266040013 0.0073284320264886361 -0.018605893218836725 -0.0013411524626899397 0.017959689042057518 0.010114611244758797 0.030923274700002501
leaf_weight=1.7486200414714432 9.9952544313273375 0.77704218923464496 3.4010525268968177 1.9122470677830268 1.0615060186246426 10.229148217797045 39.556019913361524 12.991022198373686 11.323055266082525 0.36894176213536312 7.5505338129587471 2.5106366210966371 1.2091761081828725 1.5824434086680401 9.7885861138347519 6.5447965169732916 8.4543337991199206 0.46646855585277158 1.5763762487331394 2.3593147431965917 0.48229014803655479 2.1017966284125578 2.843839001870947 0.91863998235203581 1.6198623580858109 18.302752054674784 0.6295083330478527 1.6016085137380285 1.4335681789816588 2.3148494773195125
leaf_count=79 1185 169 241 380 30 269 2282 904 928 70 509 181 65 107 1236 645 709 36 316 259 68 501 255 91 81 1824 61 144 391 287
internal_value=0.000335282 -0.00169086 0.0110585 0.000371834 0.00242883 0.0060624 0.00887794 -0.0044133 -0.00665478 -0.0107528 0.00719515 0.00629029 -0.0114137 -0.0132148 -0.00904616 -0.0138623 -0.00678667 0.0213441 0.00244978 0.00895447 0.0154121 -0.00574198 -0.0123411 -0.0151996 -0.00540694 -0.0171934 0.0234195 0.0116078 0.00115755 0.0269959
internal_weight=167.655 141.485 26.1708 117.261 91.5434 60.1517 49.7852 31.3916 25.7175 19.8384 8.61204 5.87912 24.2236 23.0144 22.7796 17.8679 10.3666 11.0912 15.0795 8.55751 6.19819 6.52201 4.94564 21.432 3.36848 19.2214 10.6248 1.97055 2.21061 2.79714
internal_count=14303 11094 3209 8447 6319 3640 2551 2679 2128 1787 539 341 2647 2582 2140 1573 1089 1282 1927 855 596 1072 756 2475 160 1915 1246 214 560 355
is_linear=0
shrinkage=0.03


Tree=58
num_leaves=28
num_cat=0
split_feature=14 14 45 13 11 42 31 50 32 23 13 5 35 48 31 0 5 29 45 49 45 38 43 27 24 48 14
split_gain=4.3936 2.42882 2.37525 2.26428 3.1049 2.40181 2.21728 2.09395 1.96729 1.48609 1.459 0.995669 0.904913 0.811795 0.832601 0.588192 0.58715 0.480553 0.456726 0.394134 0.33136 0.307038 0.200722 0.152207 0.181185 0.122308 0.0906798
threshold=0.50632169842720043 35.819452285766609 0.032181531190872199 58.353624343872077 0.62500000000000011 0.49462117254734045 0.030643598176538948 0.13763625174760821 0.052243800833821304 0.44522649049758917 40.858566284179695 0.21431376785039905 0.62825810909271251 0.17341398447752002 0.098133608698844924 12.988608360290529 0.49760779738426214 0.99560058116912853 0.20677752792835238 0.2381062060594559 0.19159672409296039 0.59375000000000011 0.52016714215278637 0.91706481575965892 0.28787769377231603 0.32066372036933904 16.21002292633057
decision_type=2 2 2 2 2 2 2 2 2 2 2 2 2 2 2 2 2 2 2 2 2 2 2 2 2 2 2
left_child=8 2 11 4 6 -6 -4 22 10 -9 13 19 -10 -1 16 17 -15 -3 25 -2 -16 -12 -5 -13 -25 -17 -21
right_child=1 15 3 7 5 -7 -8 9 12 -11 21 23 -14 14 20 18 -18 -19 -20 26 -22 -23 -24 24 -26 -27 -28
leaf_value=-0.0078260575294842923 0 -0.02817495416079872 0.00090713488946370276 0 -0.0028063265733668193 0.017498481060399546 -0.0079099916917428105 -0.0064996395393311229 0.0080861615898891095 0.023612349891988738 -0.014835860764195168 -0.0086500367520375814 -0.023072032063763508 0.022062090624673864 0.0068730725624907328 -0.00066343707913469512 0 0 -0.011730547918541889 0.030284100688262462 -0.012209196448222891 0.0044631393742482891 -0.018857680137793171 0.010182683618522455 -0.0042986083694558945 0.013873093871127685 0.0031767772169926977
leaf_weight=0.39297373150476289 0.54700639483053182 3.2919850746984585 40.258155637740856 0.63956391153624081 8.9541822111932579 10.26316399015195 66.348767771109124 1.1972863547271115 0.55766042147297312 6.4847014849801781 0.95942374813603126 0.53193008608650394 1.1077702501788733 15.603182530321652 0.68419718707445898 0.12316784542053916 1.1211076740873966 0.8049552822485565 0.64917385144508444 2.5064957471622624 0.51337807788513601 0.30539275231421925 0.7905970414285548 0.57972395309479907 0.37816169651341625 0.52601428609341383 0.64918173407204438
leaf_count=28 54 131 2361 37 1122 1892 5432 54 65 790 79 56 43 1180 125 46 118 55 66 127 33 56 32 73 31 110 31
internal_value=0.000413312 -0.00145683 -0.00060518 -0.00144914 -0.002548 0.00821837 -0.004575 0.0121791 0.0128478 0.0183656 0.0156386 0.0175345 -0.0123939 0.0178661 0.0189718 -0.0195537 0.020643 -0.0241579 0 0.0243844 -0.00177538 -0.00893829 -0.0136999 -0.00124089 0.00365785 0.0105661 0.0275359
internal_weight=166.769 145.524 140.129 134.936 125.824 19.2173 106.607 9.11215 21.2451 7.68199 19.5797 5.1925 1.66543 18.3148 17.9219 5.3953 16.7243 4.09694 1.29836 3.70268 1.19758 1.26482 1.43016 1.48982 0.957886 0.649182 3.15568
internal_count=14227 12500 12092 11720 10807 3014 7793 913 1727 844 1619 372 108 1484 1456 408 1298 186 222 212 158 135 69 160 104 156 158
is_linear=0
shrinkage=0.03


Tree=59
num_leaves=31
num_cat=0
split_feature=41 5 44 14 42 34 32 11 42 1 16 30 31 25 40 39 36 36 37 33 22 37 50 30 10 34 41 45 3 36
split_gain=3.18677 2.79392 2.34187 2.24374 2.14215 3.22069 2.37515 1.7933 1.66932 1.66305 1.57491 1.54228 1.03978 0.985349 1.04681 0.974698 0.909958 1.15338 1.12343 0.899017 0.887266 0.879846 0.873218 0.832539 1.07642 0.988452 0.698159 0.639971 0.534749 0.49277
threshold=0.99108582735061657 0.36752028763294226 0.47213622927665716 1.338697135448456 0.37341365218162542 0.40052460134029394 0.040540877729654319 0.62500000000000011 0.95875850319862377 0.70037350058555614 0.41308593750000006 0.19140625000000003 0.038810245692729957 0.22655134648084643 0.80007666349411022 0.92469277977943432 0.2875626832246781 0.29283788800239569 0.27212944626808172 59.075716018676765 0.36434863507747656 0.17339956760406497 0.39554347097873693 0.53515625000000011 0.62500000000000011 0.46302290260791784 0.80680429935455333 0.03998635150492192 0.47961659729480749 0.21140443533658984
decision_type=2 2 2 2 2 2 2 2 2 2 2 2 2 2 2 2 2 2 2 2 2 2 2 2 2 2 2 2 2 2
left_child=1 2 4 16 5 21 7 -6 13 20 -8 -7 -5 15 -15 28 18 -18 22 29 -4 -1 -2 25 -25 -21 -16 -17 -3 -14
right_child=3 8 9 12 6 11 10 -9 -10 -11 -12 -13 19 14 26 27 17 -19 -20 23 -22 -23 -24 24 -26 -27 -28 -29 -30 -31
leaf_value=0.0035951902267780831 0.029270118058467784 0.0036767204114728025 0.0023744411744977042 -0.010216798832668446 0.00057098570070478899 0.016896093460220332 -0.012377990251956173 0.018753619612690852 0.011885729911062392 0.010224231265937231 0.0029819707437367003 0 -0.0023340544971605917 0.015542618545504929 -0.015526932484281835 0.0017898758724976113 -0.016294137980231597 0.014281813984470612 -0.004139615484074345 0.011442143595209028 -0.023738125428691505 -0.016028502948977976 -0.00042000751313027408 -0.0076818843850871548 0.022245138871975632 -0.013020049136045228 0.0042152573298387414 -0.019944608835891685 -0.012384161260139316 0.022445472812230326
leaf_weight=2.4612594667123622 7.0782503872760589 3.5174651672568968 0.96096358122303893 3.9611400262510861 38.855669536846108 18.897353665932318 19.993745360843608 4.6648073255782938 1.9863088175770816 1.2768062280956654 7.5515516066225237 6.4426322072104076 0.43560716963838642 1.4176122605567787 2.8967080988877569 0.87935239874059234 0.8885794782545412 1.6546255645225754 0.76834951643832017 1.0967294217261949 5.9389006812125444 4.4625963281141594 0.74878317082766432 0.94954255549237143 1.7260533451917581 4.1269942880608141 1.83888486091746 15.078605451883048 2.0789003409736324 2.340836763032712
leaf_count=140 886 514 19 556 2697 792 1662 509 137 26 900 625 39 105 245 75 54 155 44 143 196 238 150 81 259 407 249 1785 185 392
internal_value=-0.000124661 -0.00192917 0.000248666 0.00935139 0.00155045 0.00785013 -0.00133721 0.00296476 -0.00994677 -0.0142515 -0.00810501 0.0127653 0.00114163 -0.0119759 -0.000693573 -0.0148902 0.0189097 0.00116846 0.0231775 0.00612709 -0.0198814 -0.00910079 0.0263641 0 0.0116077 -0.00638888 -0.00793942 -0.0185351 -0.00280763 0.0181747
internal_weight=166.976 141.2 111.506 25.7755 103.33 32.2638 71.0658 43.5205 29.6938 8.17667 27.5453 25.34 14.6369 27.7075 6.15321 21.5543 11.1386 2.54321 8.59538 10.6758 6.89986 6.92386 7.82703 7.89932 2.6756 5.22372 4.73559 15.958 5.59637 2.77644
internal_count=14265 11099 7804 3166 7563 1795 5768 3206 3295 241 2562 1417 1877 3158 599 2559 1289 209 1080 1321 215 378 1036 890 340 550 494 1860 699 431
is_linear=0
shrinkage=0.03


Tree=60
num_leaves=31
num_cat=0
split_feature=41 14 7 38 3 4 7 4 49 35 14 31 35 3 36 31 36 29 37 0 35 20 0 50 6 33 7 29 36 29
split_gain=4.48819 2.09515 2.012 2.05106 1.93203 2.97531 2.47969 1.89829 1.63639 1.57148 1.41369 1.26307 1.05038 0.809115 1.14653 0.636236 0.607357 0.603257 0.63125 0.578974 0.530686 0.526773 0.411404 0.346321 0.258564 0.226701 0.203051 0.198716 0.193694 0.175293
threshold=0.99108582735061657 37.610967636108406 10.74187231063843 0.71875000000000011 0.35878913104534155 0.95184102654457103 4.6644401550292978 0.98343965411186229 0.41047483682632452 0.5560346543788911 3.0921339988708501 0.08847550675272943 0.77168217301368724 0.24222359806299212 0.24778191745281222 0.038810245692729957 0.21944864094257358 0.93124073743820202 0.26811975240707403 13.625747203826906 0.74402204155921947 0.044558981433510787 13.625747203826906 0.12877191603183749 0.047821339219808585 79.276988983154311 2.6350941658020024 0.99560058116912853 0.21879667788743976 0.98240610957145702
decision_type=2 2 2 2 2 2 2 2 2 2 2 2 2 2 2 2 2 2 2 2 2 2 2 2 2 2 2 2 2 2
left_child=1 2 3 4 5 -1 -6 10 9 -5 12 13 17 16 -15 -12 -9 -2 -19 27 -18 25 -10 -13 -16 -17 29 -3 -21 -14
right_child=7 19 -4 8 6 -7 -8 11 22 -11 15 23 26 14 24 21 20 18 -20 28 -22 -23 -24 -25 -26 -27 -28 -29 -30 -31
leaf_value=-0.0030116068393526191 -0.00081848230555160034 -0.027644873250246317 0.025045504856470124 0.0089845017076643895 -0.010044399569926327 0.0098041799228566727 0.0046925882207559059 0.003806025047320459 -0.019628488238522975 -0.01613328915184423 -0.011093051325012641 -0.0023331452396012668 -0.014331439814960569 -0.011325942501164022 0 0.020268741710993333 -0.022347763695729828 0.027914662485439879 0 -0.0073170738797954261 0.0028997417489392495 -0.0038333548064416211 0 0.021755954124781381 0.02277511774701893 0 0.0067643781982445307 -0.002471165183019429 0.0081332850983881037 0.0008278284016127968
leaf_weight=36.407361632125685 0.51253833703231322 3.0690839459348349 1.4377494438667771 5.065805462421852 31.525772957000299 27.731040731770918 13.990998857072553 0.79237659694627094 10.352858678321351 2.552645709933131 1.3884358674695239 0.19640029268339265 0.34421753499191143 1.2311737707350405 0.45722878992091853 1.2571114996098915 2.938248516293243 9.4123682420467922 0.70925477473065335 0.43661632761359204 0.42062805296154682 1.1239260158035902 0.88728172163246277 1.3499657898209987 1.036741196963703 0.36524375766748551 0.43427748655085452 0.82548452215269197 0.47253936357446946 0.53830138128250837
leaf_count=3201 80 134 55 1005 2360 1802 760 51 913 386 223 47 52 121 36 290 216 1143 50 26 68 57 204 203 107 60 338 53 141 30
internal_value=-0.000534164 -0.00271812 -0.00188974 -0.00240529 -0.000762072 0.00254885 -0.00544654 0.0109921 -0.0112894 0 0.0167434 -0.000284378 0.0216323 -0.00647682 0.00457855 0.000567328 -0.0137966 0.0245353 0.0260471 -0.0204241 -0.0185579 0.00865074 -0.0180859 0.0178036 0.0181742 0.0166072 -0.000988057 -0.0245171 0 -0.00796333
internal_weight=159.264 134.755 129.952 128.514 109.655 64.1384 45.5168 24.5084 18.8586 7.61845 16.0857 8.42276 11.951 6.8764 2.72514 4.13472 4.15125 10.6342 10.1216 4.80372 3.35888 2.74628 11.2401 1.54637 1.49397 1.62236 1.3168 3.89457 0.909156 0.882519
internal_count=14212 11040 10686 10631 8123 5003 3120 3172 2508 1391 2323 849 1693 599 264 630 335 1273 1193 354 284 407 1117 250 143 350 420 187 167 82
is_linear=0
shrinkage=0.03


Tree=61
num_leaves=31
num_cat=0
split_feature=41 5 37 4 40 18 41 7 14 20 35 1 37 35 49 13 41 35 7 14 41 3 5 15 42 6 30 49 5 42
split_gain=4.04717 2.98363 2.17331 2.4235 2.46349 2.40974 2.33958 3.09225 3.47946 2.72532 1.90868 1.84658 1.83191 1.62875 1.52923 1.3861 1.36275 1.34443 1.63641 1.40147 1.08842 1.08042 1.31354 0.891912 0.876445 0.746995 0.741689 0.715661 0.694647 0.683401
threshold=0.96454370021820079 0.36752028763294226 0.1672831475734711 0.94302690029144298 0.70317646861076366 0.61328125000000011 0.83966979384422313 4.7502014636993417 20.571062088012699 0.03455083258450032 0.61278155446052562 0.70991766452789318 0.18008040636777881 0.5751970410346986 0.20281336456537249 30.71190166473389 0.86845839023590099 0.69689443707466137 0.81268107891082775 0.20917209237813952 0.70500358939170849 0.52929753065109264 0.8694063425064088 0.51666668057441723 0.96238207817077648 0.1091166138648987 0.14453125000000003 0.093226175755262389 1.0777662396430971 0.19710940867662433
decision_type=2 2 2 2 2 2 2 2 2 2 2 2 2 2 2 2 2 2 2 2 2 2 2 2 2 2 2 2 2 2
left_child=1 2 3 4 15 16 7 11 -9 -8 21 -4 -11 -6 17 -1 -5 18 -12 -20 -3 22 26 -19 -22 -26 -2 -28 -24 -7
right_child=10 20 6 5 13 29 9 8 -10 12 14 -13 -14 -15 -16 -17 -18 23 19 -21 24 -23 28 -25 25 -27 27 -29 -30 -31
leaf_value=0.0061835243212290027 -0.0028091094599435821 0.0035955643115367711 -0.016855541416836914 0.019007002161145592 -0.012223539776455267 0.0078127184369415591 -0.014049457102538947 0.015152761370009425 -0.011291669816297298 -0.010844029975125522 0.013777344677810466 0 0.020251609472331202 0.020887658979839498 0.016822609995719773 -0.014350935611053817 0 0.012819733897607367 0.0089384632796368942 -0.021490893286605528 -0.015221474640729558 -0.0041005201181497242 -0.015737971630866331 -0.0060335283512633264 0.014925691777645616 -0.012023166194071778 0 0.023855825922259502 0.0085731730756253097 -0.01602129696617044
leaf_weight=3.0927508628519744 0.71712274622405558 3.1397448221541735 21.97913691811846 15.877374873496597 0.94566047471016546 0.65204069856554214 3.0339738343027411 8.9960343282873527 7.0704922689474179 1.2948608860606317 1.1267192466184512 7.7489828335819757 8.0998161704337672 4.1324189961305819 3.6310613144160007 10.649454850179607 4.1665723978949236 4.8541883227881035 0.95005778188351531 5.9422922008961905 21.212167663412405 1.7535091219178855 0.8978586724842893 2.6642873578239232 1.1736883528064925 0.57714825012953941 1.1798225466627617 12.911453606211579 1.3176666408835442 2.6128119669156149
leaf_count=256 28 393 1505 715 57 39 358 597 391 90 69 398 757 139 416 888 314 1074 96 631 2134 230 113 530 62 36 135 1431 178 219
internal_value=8.41251e-05 -0.00248442 -6.82349e-05 0.00502513 -0.00279772 0.0113202 -0.00382696 -0.00697452 0.00335969 0.0072029 0.00856482 -0.0125848 0.0150462 0.0132314 0.00155599 -0.00942009 0.0152137 -0.00263186 -0.0106957 -0.0163152 -0.0113175 0.0151275 0.0173921 0.00586262 -0.0135467 0.00381029 0.0204621 0.0219529 -0.00217653 -0.00984208
internal_weight=164.401 126.455 100.352 42.1291 18.8203 23.3088 58.2233 45.7946 16.0665 12.4287 37.946 29.7281 9.39468 5.07808 19.1686 13.7422 20.0439 15.5375 8.01907 6.89235 26.1027 18.7774 17.0239 7.51848 22.963 1.75084 14.8084 14.0913 2.21553 3.26485
internal_count=14279 9348 6723 2627 1340 1287 4096 2891 988 1205 4931 1903 847 196 2816 1144 1029 2400 796 727 2625 2115 1885 1604 2232 98 1594 1566 291 258
is_linear=0
shrinkage=0.03


Tree=62
num_leaves=31
num_cat=0
split_feature=41 5 40 37 4 6 39 0 41 19 37 32 15 45 39 22 35 31 24 48 3 47 47 27 9 18 34 48 22 35
split_gain=3.6708 2.91668 2.3721 2.33464 3.94547 2.32551 2.65595 1.99806 2.37232 3.01934 2.03904 1.71713 1.55248 1.53035 1.44058 1.20314 1.08708 0.95114 0.830525 0.804662 0.764824 0.742971 0.725765 0.694423 0.658893 0.58092 0.642452 0.566387 0.480793 0.424826
threshold=0.96454370021820079 0.74799931049346935 0.50039714574813854 0.1672831475734711 0.90995812416076671 0.16892316192388537 0.92012262344360363 12.854410171508791 0.84142243862152111 0.062669806182384505 0.23061657696962359 0.053227512165904052 0.29670330882072454 0.156180314719677 0.85437244176864635 0.57521438598632824 0.52719801664352428 0.048788020387291915 0.3052405864000321 0.21030186861753467 0.8332481086254121 0.99913194775581371 0.84381175041198742 0.87719720602035534 0.56769219040870678 0.097656250000000014 0.40224480628967291 0.26853404939174658 0.39157915115356451 0.34738816320896154
decision_type=2 2 2 2 2 2 2 2 2 2 2 2 2 2 2 2 2 2 2 2 2 2 2 2 2 2 2 2 2 2
left_child=1 3 13 4 17 6 -6 8 14 -10 18 12 19 21 -5 23 -15 27 -9 -4 25 24 -18 -14 -2 -3 -27 -1 -12 -21
right_child=2 20 11 7 5 -7 -8 10 9 -11 28 -13 15 16 -16 -17 22 -19 -20 29 -22 -23 -24 -25 -26 26 -28 -29 -30 -31
leaf_value=0.0015660985926967672 0.019943925974873766 0.0034268208859569117 0 5.2947466658102914e-05 -0.00021002084793488198 -0.016356042594325389 0.016794592163183814 -0.013911570208821732 -0.010143578425174517 0.016248942806727135 -0.00096139456919393099 -0.0082559292871004254 0.014984711557629494 0.011704217192767935 -0.012679397009870344 0.021272447280859818 6.8855474085095512e-05 0.0051431963063649794 0.01161536952152686 0 0.0017809338209762676 -0.0071406497490830445 -0.023616254183609683 -0.0036227125932485915 -0.0033746364913324082 -0.0023759317887657467 -0.023633542702024897 -0.019070950210554497 0.027235692948051161 0.025527696607027212
leaf_weight=0.93510212260298242 2.6423739865713274 0.51220599806401779 1.2565180786186889 9.7582448492757958 12.360037515609291 2.137002108473097 21.896853435318917 2.3913569285359695 6.2463647045951785 7.3977318225079216 0.32271791028324548 2.357091899495571 1.2724256518704331 0.48852245544549067 33.903848515954451 2.3737108573695869 1.2084069152479058 1.598508918425068 0.7250091962632722 0.42450049868784745 1.454728164593688 1.3063761596567927 3.7107408104056958 7.7417334096098784 0.90930834761820722 2.1489770227199179 8.0995746631670027 6.8110313953366131 2.8812551057271776 11.065661579836158
leaf_count=119 395 49 151 427 884 176 1137 244 593 821 79 280 214 61 2087 541 225 118 159 41 101 140 368 1005 204 300 944 647 399 1302
internal_value=-2.27498e-05 -0.00256051 0.00813732 -0.000914107 0.00416915 0.00867598 0.0107422 -0.00462264 -0.0064494 0.00409381 0.0101491 0.0127744 0.0151944 -0.00363448 -0.00982914 0.00598569 -0.013683 -0.0122352 -0.005865 0.0221693 -0.0158892 0.0074651 -0.0182624 0 0.013885 -0.0184814 -0.0200503 -0.0163424 0.0241288 0.0244725
internal_weight=158.338 121.581 36.7574 109.365 45.7385 36.3939 34.2569 63.6265 57.3062 13.6441 6.32034 26.4916 24.1346 10.2657 43.6621 11.3879 5.40767 9.34464 3.11637 12.7467 12.2155 4.85806 4.91915 9.01416 3.55168 10.7608 10.2486 7.74613 3.20397 11.4902
internal_count=14211 9284 4927 7890 3081 2197 2021 4809 3928 1414 881 3534 3254 1393 2514 1760 654 884 403 1494 1394 739 593 1219 599 1293 1244 766 478 1343
is_linear=0
shrinkage=0.03


Tree=63
num_leaves=31
num_cat=0
split_feature=13 49 30 4 48 50 44 24 41 40 10 15 0 32 32 36 9 24 27 22 14 30 50 20 41 41 16 34 1 40
split_gain=3.73827 3.16668 2.99137 2.6419 4.24146 3.07897 2.5496 2.48334 2.29754 2.26279 2.13436 2.12032 1.61795 1.56149 1.55371 1.51688 1.47931 1.44079 1.45327 1.29944 1.2776 1.06035 1.48536 1.05021 1.02341 0.99109 0.967331 0.915179 0.871831 1.14914
threshold=32.168743133544929 1.2287597060203554 0.24609375000000003 0.94492921233177196 0.29540146887302404 0.31798654794692999 0.051956815645098693 0.30533660948276525 0.75055748224258434 0.59586066007614147 1.0000000180025095e-35 0.27619048953056341 5.7845218181610116 0.035146744921803481 0.034826131537556655 0.28155317902565008 1.9502362012863161 0.23942978680133822 0.98384487628936779 0.57521438598632824 18.877042770385746 0.23828125000000003 0.14992187917232516 0.036794416606426246 0.85393211245536815 0.86064261198043834 0.35253906250000006 0.27700462937355047 0.76405495405197155 0.90613824129104625
decision_type=2 2 2 2 2 2 2 2 2 2 2 2 2 2 2 2 2 2 2 2 2 2 2 2 2 2 2 2 2 2
left_child=1 11 3 8 16 6 -6 17 -2 -10 -11 14 -3 -7 -1 25 -5 24 27 21 28 -13 -23 -17 -4 -16 -21 -19 29 -9
right_child=2 12 7 4 5 13 -8 20 9 10 -12 19 -14 -15 15 23 -18 18 -20 26 -22 22 -24 -25 -26 -27 -28 -29 -30 -31
leaf_value=0.028447683775846458 -0.020546078190325452 -0.021988590839639614 -0.011023334714309094 -0.018689872393793865 -0.0036856512924232018 0.012991078932238959 0.02203960262168829 0.016859500906863657 -0.011356945398955562 0.023217171796616351 -0.0031706510116708986 -0.0078114239971242058 0.011790042259848839 -0.011880616672124101 -0.002209264342051204 -0.013637224248735931 0.0085597496873145041 0.0055971856487838558 -0.0011173226356250322 -0.0021480208216797547 -0.014601578071699841 0.018083540196257686 -0.0027104913308239626 0.0077340162203652163 0.0078188001891242309 0.017950741841527514 0.02161904371833635 -0.024895240923957875 -0.0089159845165812535 -0.0058535556009164606
leaf_weight=4.9475865407730479 6.8071166014415239 4.2142425358761093 5.8251177835627477 6.353602327319094 3.7732794907933629 2.3550365631817822 16.303021150786662 5.802490069268968 8.6655059464974347 3.9328897800296527 5.4218934287200682 10.547626875719294 0.86265754140913475 5.9081039743323345 2.1006159631069776 2.8787831306108265 1.5502594076097009 0.42324560412089596 3.581244218745268 1.7623155334003957 2.4441796417231663 3.7582607689546403 7.7129525791533524 3.3518532739253715 3.1265328589361161 11.617974237073211 3.5204499595274683 14.382433210557791 1.6726188724860547 2.015990373067325
leaf_count=592 589 145 665 358 257 216 606 366 819 157 448 931 27 343 117 182 73 55 363 431 191 475 1316 166 454 1627 558 1396 71 263
internal_value=-0.000236858 0.00579896 -0.00373485 0.000397187 0.00554902 0.0109843 0.0171168 -0.010085 -0.00693101 -0.000820411 0.00880426 0.00809477 -0.0147597 -0.00383099 0.0142724 0.00942342 -0.0126471 -0.0149292 -0.0196061 0.00205009 0.00107557 -0.00120656 0.00476536 -0.0022458 -0.00401652 0.0147196 0.014133 -0.0235348 0.00640574 0.0106631
internal_weight=157.62 57.2753 100.345 61.0707 36.2433 28.3394 20.0763 39.2739 24.8274 18.0203 9.35478 52.1984 5.0769 8.26314 24.8968 19.9492 7.90386 27.3386 18.3869 27.3016 11.9353 22.0188 11.4712 6.23064 8.95165 13.7186 5.28277 14.8057 9.4911 7.81848
internal_count=14257 6567 7690 3866 1853 1422 863 3824 2013 1424 605 6395 172 559 2684 2092 431 2933 1814 3711 891 2722 1791 348 1119 1744 989 1451 700 629
is_linear=0
shrinkage=0.03


Tree=64
num_leaves=31
num_cat=0
split_feature=13 31 15 45 37 6 3 43 28 6 32 15 34 44 43 4 24 42 43 3 23 50 49 0 27 35 48 49 39 47
split_gain=2.61725 2.82896 2.72616 2.16447 2.11116 1.93397 1.93065 1.7884 2.01173 1.92011 1.77283 1.70105 1.57532 2.28335 1.96784 1.44185 1.32948 1.30406 1.62463 1.25331 1.04379 1.00269 0.888338 0.839117 0.805337 0.805013 0.71738 0.637297 0.776039 0.627673
threshold=26.480503082275394 0.03401909954845906 0.34523810446262365 0.073284186422824873 0.16808083653450015 0.10846414789557458 0.96981966495513927 0.61877489089965831 0.96298485994339 0.10329245403409006 0.053566453978419311 0.74166667461395275 0.41774809360504156 0.085960593074560179 0.88627052307128917 0.94765979051589977 0.22008204460144046 0.48591269552707678 0.75701102614402782 0.69521197676658641 0.48396743834018713 0.096476528793573393 0.090758752077817931 5.0548510551452646 0.96473908424377453 0.55170136690139782 0.21225270628929141 1.2850705385208132 0.95651191473007213 0.8122273087501527
decision_type=2 2 2 2 2 2 2 2 2 2 2 2 2 2 2 2 2 2 2 2 2 2 2 2 2 2 2 2 2 2
left_child=2 5 10 4 29 12 7 8 -5 -9 23 19 13 25 15 -14 -15 26 22 20 -7 -6 -19 27 -23 -2 -4 28 -1 -3
right_child=1 3 17 6 21 11 -8 9 -10 -11 -12 -13 14 16 -16 -17 -18 18 -20 -21 -22 24 -24 -25 -26 -27 -28 -29 -30 -31
leaf_value=0.028341304812607028 -0.0062229058622605719 0.02457411251144687 0.010563843609369813 -0.017930136400567523 0.013749012693013584 -0.010144886440608234 0.013642472760259637 0.0029628570425474241 0.0033279682853492643 -0.013465503159852978 -0.0097217844669265467 -0.019860415830564703 0.0040635807818525313 0.0071879509997022344 -0.014241005329942805 0.018762455737823709 -0.023835370738717127 -0.0068905588969255136 -0.0071460184262854779 -0.016052825652145129 0.0074989668997719108 0.0015655526753039402 0.023160590346439684 -0.002388098589848986 -0.018008015996634409 0.020369545170563632 -0.013270624664768221 -0.0036206092818610435 0.0097145430359157382 0
leaf_weight=7.9510483571211843 0.72578689083456938 3.3758396278135461 0.43354702682699819 24.125663033497407 1.0567041517933828 2.8033253635512727 2.4529118135978925 15.516059264366051 4.1576977329314095 9.3696527688007318 1.4146573792677362 3.6768936700536861 11.781867552446787 1.0040155902097465 1.7430048225214694 14.830995632422855 3.5596466427668929 0.45126726781018112 3.246759666071739 2.4547703453863496 12.993642553163225 2.625895814737305 3.388206526171416 1.0532426703721274 3.3630622738273814 2.2782103705103509 6.4712311079201754 0.42748543666675765 5.3313253545784391 1.4418288663437122
leaf_count=1124 61 89 198 2279 69 120 211 1383 363 1026 150 277 802 40 123 671 183 85 494 129 1160 302 647 75 292 189 716 18 840 193
internal_value=0.00021719 -0.00168544 0.00801846 -0.00583496 0.00531155 0.00312096 -0.00831715 -0.00961877 -0.0146958 -0.00338789 0.0160466 -0.00370673 0.00735752 -0.00411313 0.0105568 0.0127465 -0.0164058 -0.00151545 0.00683705 0.000254249 0.00377173 -0.00479959 0.0183147 0.0191662 -0.0100006 0.0132458 -0.0102475 0.0210758 0.0222785 0.0188976
internal_weight=155.506 125.337 30.1688 67.4853 11.8633 57.8522 55.622 53.1691 28.2834 24.8857 16.1778 21.9286 35.9235 7.56766 28.3559 26.6129 4.56366 13.991 7.08623 18.2517 15.797 7.04566 3.83947 14.7631 5.98896 3.004 6.90478 13.7099 13.2824 4.81767
internal_count=14309 9962 4347 6207 945 3755 5262 5051 2642 2409 2207 1686 2069 473 1596 1473 223 2140 1226 1409 1280 663 732 2057 594 250 914 1982 1964 282
is_linear=0
shrinkage=0.03


Tree=65
num_leaves=31
num_cat=0
split_feature=41 38 50 4 49 3 32 10 0 35 10 45 11 24 15 50 25 33 15 22 32 3 19 41 4 24 49 1 45 7
split_gain=2.70126 2.50631 2.03249 2.02412 1.71874 1.91582 1.45265 1.42366 1.3862 1.37946 1.69387 1.51738 1.3267 0.913095 0.904046 0.882674 1.19415 0.858458 0.784503 1.06118 0.83351 0.770248 0.765229 0.665943 0.654299 0.56901 0.567075 0.554986 0.51713 0.502511
threshold=0.99108582735061657 0.71875000000000011 0.31257818639278417 0.87021389603614818 0.1258732080459595 0.35878913104534155 0.036772128194570548 1.0000000180025095e-35 4.6359872817993173 0.63036617636680614 0.62500000000000011 0.37112663686275488 0.62500000000000011 0.28094978630542761 0.51666668057441723 0.083939146250486388 0.24501974880695346 56.22401428222657 0.79285714030265819 0.58872514963150036 0.038341592997312553 0.41695992648601538 0.11071670427918436 0.84353068470954906 0.9162234663963319 0.30609977245330816 0.41987407207489019 0.62205031514167797 0.15684889256954196 0.41213847696781164
decision_type=2 2 2 2 2 2 2 2 2 2 2 2 2 2 2 2 2 2 2 2 2 2 2 2 2 2 2 2 2 2
left_child=1 2 3 12 -5 -6 7 24 -3 10 29 22 27 14 -11 23 -17 -15 19 -8 -20 -9 -12 -10 -4 -19 -18 -1 -14 -2
right_child=9 8 6 4 5 -7 18 21 15 13 11 -13 28 17 -16 16 26 25 20 -21 -22 -23 -24 -25 -26 -27 -28 -29 -30 -31
leaf_value=0 0.0064563632562325687 0.0066378946936875216 -0.002768256989514438 -0.018956670299798757 0.0092162624867891205 -0.00056498812193771653 0 0.002153234860993474 -0.0097489492411524711 0.016916578309140135 0.027357327393882566 -0.011911918889745382 0.016104325498196796 0.0055379450041457296 -0.0054889096707183803 -0.020659146318161171 0.012515160646370928 -0.023091718781537138 0.0017933280604331364 -0.016501377248604589 -0.023183139727396922 -0.015860080730064206 0.0041177287519031242 0.01469480130048541 0.021806999417458884 0.00038701583159545417 -0.0079285182757094473 -0.02390372956385322 -0.0060732130736336062 -0.01397132359782171
leaf_weight=0.98387574846856196 0.97027279861504334 2.552300444745927 0.7786213573999724 1.7796499753603701 40.645025005142088 30.610905159745016 9.7827715592284239 4.4956305193190929 0.96513491077348834 3.1285953705664706 7.7091477348876634 0.51355704385787326 0.96613693190738537 1.7744643596670355 1.7736882257158866 12.0551122000179 0.98486091429367606 1.9451261062349661 1.0468366800923821 4.3660935425868947 5.4115111754508689 2.4510575492458884 2.3388266460970044 0.98899346543475986 2.6317872187355533 0.95459085016045708 2.1733289660041919 3.7123471060331212 0.81790958740748465 1.3449168441002255
leaf_count=54 115 817 193 185 2623 2008 837 623 82 614 873 18 65 442 357 1318 116 234 101 412 458 193 178 81 356 127 205 337 57 201
internal_value=0 -0.00168765 8.03518e-05 0.00264684 0.00415015 0.00502314 -0.00629311 0.00249835 -0.0112635 0.00936622 0.015417 0.0202376 -0.0121849 0.000258163 0.00874529 -0.0143089 -0.0166546 -0.00808693 -0.0107616 -0.00578 -0.0190348 -0.00502104 0.0230818 0.00239321 0.0161606 -0.016476 0 -0.0196216 0.00632991 -0.00514022
internal_weight=152.653 130.2 110.48 79.5158 73.0356 71.2559 30.9643 10.3571 19.7197 22.4532 12.8767 10.5615 6.48027 9.57646 4.90228 17.1674 15.2133 4.67418 20.6072 14.1489 6.45835 6.94669 10.048 1.95413 3.41041 2.89972 3.15819 4.69622 1.78405 2.31519
internal_count=14280 11121 8502 5329 4816 4631 3173 1365 2619 3159 1385 1069 513 1774 971 1802 1639 803 1808 1249 559 816 1051 163 549 361 321 391 122 316
is_linear=0
shrinkage=0.03


Tree=66
num_leaves=31
num_cat=0
split_feature=31 13 48 34 34 44 46 14 44 9 10 39 32 10 37 0 18 36 14 45 40 41 1 4 37 49 14 14 15 45
split_gain=2.38928 3.09193 2.77423 2.16622 2.10299 2.0885 2.02615 1.58895 1.59018 1.53787 1.52887 1.52585 1.51798 2.18936 1.43553 1.4042 1.39953 1.32662 1.43914 1.28302 1.23974 2.19797 1.42138 1.1545 1.14205 1.13448 0.901019 0.899877 0.876177 1.17222
threshold=0.029975064098834995 30.71190166473389 0.36248585581779486 0.41908073425292974 0.66942009329795849 0.15184453129768374 0.99806097149848949 18.877042770385746 0.048980407416820533 0.69967985153198253 0.62500000000000011 0.75946587324142467 0.04913380183279515 0.62500000000000011 0.28162859380245214 9.3771729469299334 0.37109375000000006 0.34424032270908361 30.715439796447757 0.22489445656538012 0.87435626983642589 0.84548446536064159 0.81012374162673961 0.89925822615623485 0.12254792079329492 0.17097038030624392 1.842205345630646 1.4960359334945681 0.29670330882072454 0.22489445656538012
decision_type=2 2 2 2 2 2 2 2 2 2 2 2 2 2 2 2 2 2 2 2 2 2 2 2 2 2 2 2 2 2
left_child=3 5 15 6 11 12 28 8 9 -4 -8 -5 13 23 -9 20 -17 18 -13 -18 22 -22 -3 -2 -10 -15 -6 -12 29 -1
right_child=1 2 7 4 26 -7 10 14 24 -11 27 17 -14 25 -16 16 19 -19 -20 -21 21 -23 -24 -25 -26 -27 -28 -29 -30 -31
leaf_value=0.013408011721263349 0.015606211029019009 -0.022040480305236566 0.0097640130301388933 -0.0093280657287419834 0.0064207286030617235 -0.012068411215215897 0.022754676568603784 -0.016650303258827853 -0.0081432924225016568 -0.011934793854373167 0.008290280373196568 0.016946261618972083 -0.0047943348448339362 0.0053594092344504615 0.011740986734459315 -0.012265497311203587 0.013946195959259325 -0.0081197424810044994 -0.0050625398303021721 -0.013424943321035636 -0.015781218351932066 0.010847929864748321 0.0088944534418969982 -0.013433691352478176 0.014821415751880975 0.021245817608636385 -0.016185343327343182 -0.016759390082968784 -0.019633162588803963 -0.018401738655790138
leaf_weight=1.6648308799194622 0.66861428087577834 15.642378612072211 3.7412012895220013 2.002749814419075 1.6746034350944672 4.53045521347667 2.3504149772634264 5.8991098415426668 1.4804246521671292 6.6108791356673464 1.5349824044096751 27.609991045523209 5.8704081882606252 8.147996179613985 1.1803175906388785 5.2472240921924804 4.8551751208724454 1.6108994262758631 2.2843142184428862 1.1084043153095988 5.9237278812215646 3.6551612130715512 0.78463562694378275 3.7206818838603795 11.14703602081863 11.534630557827766 3.0411437501898035 1.5855117710743796 5.3384736986190546 0.70249956310726691
leaf_count=82 143 1440 483 117 59 281 156 569 109 720 105 1858 777 1544 73 524 318 65 175 79 413 307 66 418 868 1888 197 112 292 19
internal_value=0.000414984 -0.00222554 -0.00596037 0.00564194 0.00922303 0.0049412 -0.00445247 0.000741272 0.00468301 -0.00365934 0.00833294 0.0118812 0.00791866 0.0112062 -0.0106781 -0.0113294 -0.00190594 0.0135672 0.015058 0.00723079 -0.0150596 -0.00527144 -0.0199651 -0.00637846 0.0115089 0.0153915 -0.007914 -0.00468776 -0.0137889 0.000416096
internal_weight=153.149 101.748 67.2757 51.4004 38.2237 34.4728 13.1767 30.059 22.9795 10.3521 5.47091 33.508 29.9423 24.0719 7.07943 37.2167 11.2108 31.5052 29.8943 5.96358 26.0059 9.57889 16.427 4.3893 12.6275 19.6826 4.71575 3.12049 7.7058 2.36733
internal_count=14257 11020 5969 3237 2471 5051 766 2822 2180 1203 373 2215 4770 3993 642 3147 921 2098 2033 397 2226 720 1506 561 977 3432 256 217 393 101
is_linear=0
shrinkage=0.03


Tree=67
num_leaves=31
num_cat=0
split_feature=41 31 3 34 46 15 3 49 34 0 50 42 49 0 49 32 32 42 30 14 38 40 41 5 33 38 36 36 36 25
split_gain=2.94296 2.08546 2.13992 1.51435 1.56606 1.46077 1.42496 1.35513 1.34254 1.67281 1.20298 1.17062 1.43635 1.41301 1.16816 1.14338 1.14267 1.02785 0.956696 0.914715 0.828938 0.760326 0.676145 0.564342 0.560733 0.727073 0.519313 0.499204 1.05905 0.481002
threshold=0.99108582735061657 0.031126955524086956 0.18117261677980426 0.39143399894237524 0.98936140537261974 0.72380954027175914 0.99848350882530224 0.21714186668395999 0.43235887587070471 6.2989847660064706 0.25407050549983984 0.9004950523376466 0.42378823459148413 8.1375308036804217 0.85185348987579357 0.038038311526179321 0.051567858085036285 0.27701576054096227 0.17578125000000003 30.063309669494632 0.40625000000000006 0.93212732672691356 0.99939495325088512 0.87807849049568187 50.025140762329109 0.46875000000000006 0.23891296237707141 0.2875626832246781 0.29283788800239569 0.16262669861316684
decision_type=2 2 2 2 2 2 2 2 2 2 2 2 2 2 2 2 2 2 2 2 2 2 2 2 2 2 2 2 2 2
left_child=1 3 8 17 29 20 11 18 10 16 21 12 -4 -13 -11 -8 -10 -1 -6 -9 -2 -3 -7 27 25 -19 -12 -22 -29 -5
right_child=5 2 6 4 7 22 15 19 9 14 26 13 -14 -15 -16 -17 -18 24 -20 -21 23 -23 -24 -25 -26 -27 -28 28 -30 -31
leaf_value=-0.019063244949011085 -0.0033857840560994673 0.020382081333877349 -0.0028498864707019343 0.0019139482755193254 -0.017007863555955391 -0.011696934632054973 -0.013668621399611901 0.010972523239727222 0.014053891340479506 -0.012326853540274421 0.0085438131207105326 0.01708819864755734 -0.015050260261509395 -0.011097855104885323 0.0098224301772942921 0.017213907523319406 -0.013070193693029886 0.0026247163366981208 0.0072029645133433618 -0.0049887274569710462 0.019144921648372663 -0.0024626544237326877 0.0097684844143960479 -0.00040318662256357403 0.008198464743983034 -0.01951221724288207 -0.011162148224705142 -0.015513642260431511 0.015201066340947762 -0.018483363897488499
leaf_weight=2.9893131732242164 1.7399250832822932 5.7613784223794955 13.970562130649339 0.95484784082509522 2.433417599706444 3.036230368976248 0.59197980235330705 30.490726529649692 5.4685902961355195 11.551436834939521 0.88924033101648126 2.3403403181000604 28.808944811804395 2.0346244577667676 1.6525468279723998 2.5314948142040521 0.82831052114488546 2.3198142942273994 1.6003308048238976 2.7550875145825549 12.976339827117046 1.1014580848859621 0.93731779707013618 1.4333311980008137 3.1004324773384724 1.2602690926287321 2.1603847843944095 0.80572766184923184 1.2598434543469919 2.0195759574417025
leaf_count=133 332 313 2079 46 146 485 28 1794 842 1117 136 229 2334 182 158 232 103 169 111 241 1840 141 84 188 166 75 252 68 191 63
internal_value=2.35386e-05 -0.00170557 -0.0047095 0.00302889 0.00562525 0.00989144 -0.00842201 0.00742262 0.00160613 -0.00286099 0.0101261 -0.00977883 -0.0112906 0.00379585 -0.00884718 0.00873794 0.00877256 -0.00701242 -0.00728384 0.00945516 0.013409 0.0164872 -0.00508427 0.0154466 0 -0.00707177 -0.00398441 0.0170749 0.00108907 -0.0123466
internal_weight=151.804 129.615 79.6913 49.9238 40.254 22.1887 50.2779 37.2796 29.4133 19.5009 9.91246 47.1545 42.7795 4.37496 13.204 3.12347 6.2969 9.66983 4.03375 33.2458 18.2152 6.86284 3.97355 16.4752 6.68052 3.58008 3.04963 15.0419 2.06557 2.97442
internal_count=14278 11090 8146 2944 2401 3188 5084 2292 3062 2220 842 4824 4413 411 1275 260 945 543 257 2035 2619 454 569 2287 410 244 388 2099 259 109
is_linear=0
shrinkage=0.03


Tree=68
num_leaves=31
num_cat=0
split_feature=41 30 4 50 10 37 5 35 22 32 24 0 25 35 0 22 0 49 15 24 42 42 45 32 32 15 10 27 44 43
split_gain=2.49033 2.55189 2.88383 2.65098 2.50305 2.12003 1.9292 1.6941 1.73863 1.6075 1.38712 1.47482 1.3587 1.27844 1.486 1.23621 1.17458 1.0462 1.03621 1.27845 1.01453 0.966444 0.952143 0.933291 0.875256 1.01705 0.788289 0.787705 0.783925 0.770383
threshold=0.95334038138389599 0.25390625000000006 0.90995812416076671 0.30824817717075353 1.0000000180025095e-35 0.15131669491529467 0.22697808593511584 0.62825810909271251 0.38681267201900488 0.037066185846924789 0.30533660948276525 6.0535261631011972 0.23151864856481555 0.71298164129257213 7.9159412384033212 0.36164945363998419 10.423141479492189 0.82430151104927074 0.44505494832992559 0.28315848112106329 0.27374686300754553 0.59910714626312267 0.25326219201087957 0.069246191531419768 0.03490551374852658 1.0000000180025095e-35 0.87500000000000011 0.91706481575965892 0.022991543635725979 0.35042390227317816
decision_type=2 2 2 2 2 2 2 2 2 2 2 2 2 2 2 2 2 2 2 2 2 2 2 2 2 2 2 2 2 2
left_child=1 2 -1 5 9 6 -4 8 26 -5 11 27 -7 14 24 -6 17 -13 -10 20 -20 29 23 -15 -9 -26 -2 -3 -18 -12
right_child=7 10 3 4 15 12 -8 13 18 -11 21 16 -14 22 -16 -17 28 -19 19 -21 -22 -23 -24 -25 25 -27 -28 -29 -30 -31
leaf_value=-0.012535509956879413 -0.01585945197460327 -0.0078389408360990849 0.021127860731498329 0.02426244525334156 0.0056074311634428499 -0.0018703287564926078 -0.0016796330275607124 0.0046906281833396148 0.022625621879099455 -0.0043272313586963877 0.0081367961426000394 -0.02139443387078023 0.013523381652691143 0.017004866316434025 0.015255524055481744 -0.016991377311164478 0.0087700938884500076 0 -0.0083113104300415585 -0.0076057089794058196 0.02230213281499991 0.0069895012919874641 -0.0063671931988428 -0.01149159651449441 0.0077618564031108634 -0.021622664383189858 0.0056249671107809355 0.012922952458989933 -0.0098584193691262419 -0.015633063007152451
leaf_weight=11.519568251198505 1.7131423910614128 2.1969695352017906 12.166628788007076 2.3440715177566771 1.93826407479355 20.45133816977614 3.9691399417351922 1.2786817149608412 9.0075969312456419 2.9310571896494366 0.81058458611368944 15.698995113896677 5.7399737031082614 5.3711249014741025 1.0239558252505956 10.711172800103666 2.1854897357115979 2.3388847855676422 0.55452368973055799 2.8736009276472032 2.8852240340784192 6.7722201243741438 2.3615624795202166 0.38234469387680281 0.57303002418484528 5.6758616262522992 2.4527878978115041 2.3006899220636114 4.4262782996229362 3.3522565977764316
leaf_count=1149 233 328 575 283 118 995 223 210 1267 177 40 1461 339 1396 53 656 407 174 48 323 547 615 328 20 76 725 166 535 584 252
internal_value=-0.000590879 -0.00282321 0.000543282 0.00325664 -0.00609726 0.00733635 0.0155719 0.00612498 0.0119144 0.0097408 -0.00879074 -0.0121126 0.00176623 -0.000765529 -0.00854055 -0.0131517 -0.0149224 -0.0187625 0.0164019 0.00523251 0.0159308 8.52278e-05 0.00713668 0.0132458 -0.0135387 -0.0178152 -0.00398905 0.00265455 -0.0029635 -0.009744
internal_weight=148.007 111.854 71.7712 60.2516 17.9246 42.3271 16.1358 36.1534 19.4869 5.27513 40.0824 29.1473 26.1913 16.6666 8.55153 12.6494 24.6496 18.0379 15.3209 6.31335 3.43975 10.9351 8.11503 5.75347 7.52757 6.24889 4.16593 4.49766 6.61177 4.16284
internal_count=14303 8911 4515 3366 1234 2132 798 5392 2584 460 4396 3489 1334 2808 1064 774 2626 1635 2185 918 595 907 1744 1416 1011 801 399 863 991 292
is_linear=0
shrinkage=0.03


Tree=69
num_leaves=31
num_cat=0
split_feature=41 30 40 4 49 32 48 12 3 24 47 15 22 13 41 49 42 34 25 34 32 3 43 43 24 34 26 31 40 43
split_gain=2.7931 2.66976 2.35923 2.33539 2.25474 1.93888 1.78906 1.6753 1.65524 1.5661 1.78823 1.3141 1.31156 1.25169 1.26923 1.26356 1.10346 1.00652 0.902452 0.808394 0.793338 0.773753 0.717914 0.91296 0.717101 0.708743 0.739043 0.657204 0.608485 0.58111
threshold=0.95721399784088146 0.25390625000000006 0.5990206003189088 0.90995812416076671 1.2850705385208132 0.038555186241865165 0.40528884530067449 1.4214358329772951 0.35878913104534155 0.30139684677124029 0.76601505279541027 0.2225274741649628 0.57521438598632824 29.983133316040043 0.69609090685844432 0.41987407207489019 0.8263767957687379 0.48759436607360845 0.12555558234453204 0.43781982362270361 0.053566453978419311 0.066123824566602721 0.66832810640335094 0.78954344987869274 0.24124851822853091 0.63470232486724865 0.65625000000000011 0.077229592949152007 0.91953602433204662 0.68951794505119335
decision_type=2 2 2 2 2 2 2 2 2 2 2 2 2 2 2 2 2 2 2 2 2 2 2 2 2 2 2 2 2 2
left_child=1 3 5 22 7 21 -6 8 -5 13 16 20 17 24 19 -16 27 -13 -12 -15 -4 -2 -1 -24 -3 26 -23 -11 -20 -7
right_child=2 9 11 4 6 29 -8 -9 -10 10 18 12 -14 14 15 -17 -18 -19 28 -21 -22 25 23 -25 -26 -27 -28 -29 -30 -31
leaf_value=-0.016339663512352484 -0.0052744567236629103 -0.0071090718142010666 0.023491290353806229 0.011977027997929534 0.0094679568921310353 -0.0025758031141596997 -0.020961376113162757 -0.015860166151708138 0.0011727215320957815 -0.018733656911915034 -0.0082998067837129555 0.010000092382561354 0.020686946552786818 -0.012581112405590174 -0.0076877666958013952 -0.024401387975308251 0.010135902960990437 -0.0088391933939189534 0.02004371142422583 0.01053773191372584 -0.0043610939208040675 0.024916964537197293 0.013246890711510128 -0.010264208589111364 0.014396620738197899 -0.0049412934609363397 -0.0026151333962590498 0.0043876811817152479 -0.0013184043528882482 -0.018487762210820366
leaf_weight=6.9920208134572004 1.3778990397695441 1.9894499796209886 8.7672892435803078 25.221063753022463 1.6685210587456811 5.509074064641025 4.6409616286982782 2.1577085407916448 26.661052038762136 4.9999565945181512 0.97257364774122823 3.3783624448697065 2.530981382878962 1.3014648312018864 9.067928956937978 11.192714973585678 1.1034024830732958 5.0512628961005248 4.1266505469102412 2.2853435046999948 0.50813107367139387 3.2160576093738205 1.5174616439908275 2.6067718433914706 1.549879972473718 0.63444107354735013 0.6487603963469154 0.71082775811373711 1.0828055096790192 3.5128159613232128
leaf_count=742 292 346 1070 1540 46 646 157 168 1470 449 76 575 552 169 1136 1053 162 745 207 332 78 687 147 245 436 91 109 67 87 365
internal_value=-0.000205612 -0.0025482 0.00703287 0.000913143 0.00331594 -0.00182883 -0.0123096 0.00538533 0.00660883 -0.00862026 0 0.0134776 0.0052958 -0.0125691 -0.0149816 -0.0177755 -0.00992742 -0.000710978 0.0108102 0.000581032 0.0213976 0.0103417 -0.0110809 -0.000131165 0.00274433 0.0157591 0.0200911 -0.0151837 0.0156231 -0.0102973
internal_weight=146.984 111.849 35.1351 71.4656 60.3493 14.899 6.30948 54.0398 51.8821 40.383 12.9962 20.236 10.9606 27.3868 23.8475 20.2606 6.81419 8.42963 6.18203 3.58681 9.27542 5.87716 11.1163 4.12423 3.53933 4.49926 3.86482 5.71078 5.20946 9.02189
internal_count=14245 9035 5210 4515 3381 2190 203 3178 3010 4520 1048 3020 1872 3472 2690 2189 678 1320 370 501 1148 1179 1134 392 782 887 796 516 294 1011
is_linear=0
shrinkage=0.03


Tree=70
num_leaves=31
num_cat=0
split_feature=3 0 32 15 37 5 44 6 4 31 22 35 49 0 24 34 18 14 39 35 35 35 34 0 44 21 37 9 39 35
split_gain=2.07825 2.03249 2.56742 1.67168 1.56993 1.80701 1.5436 1.76299 1.61995 1.41371 1.75498 1.77986 1.53775 1.31548 1.19666 1.19856 1.10182 1.12851 0.999091 0.974344 0.972484 0.948931 1.18262 1.13197 1.45671 1.18986 0.933992 0.91411 0.905602 1.00444
threshold=0.34140357375144964 4.9515342712402353 0.038750734180212028 0.34523810446262365 0.2065602242946625 0.28856366872787481 0.064172957092523589 0.058868575841188438 0.98343965411186229 0.03178458288311959 0.51992422342300426 0.58601048588752758 1.04696261882782 12.854410171508791 0.2706917673349381 0.71215501427650463 0.10546875000000001 0.040817147120833404 0.96748214960098278 0.77349013090133678 0.43147520720958715 0.65606454014778148 0.52059483528137218 5.6610550880432138 0.30495168268680578 67.149425506591811 0.24443964660167697 0.59209617972373974 0.94967785477638256 0.63036617636680614
decision_type=2 2 2 2 2 2 2 2 2 2 2 2 2 2 2 2 2 2 2 2 2 2 2 2 2 2 2 2 2 2
left_child=1 3 9 28 5 21 16 -8 -9 12 11 -11 19 14 18 20 -4 -18 -6 -3 -16 23 -23 24 -2 -25 -15 -12 -1 -30
right_child=4 2 6 -5 13 -7 7 8 -10 10 27 -13 -14 26 15 -17 17 -19 -20 -21 -22 22 -24 25 -26 -27 -28 -29 29 -31
leaf_value=0.026693079440752564 0.0085876574028155624 0.016968092757059627 0.013715387849639884 0.00014484899617777007 -0.010101498780053285 -0.010342436669829907 -0.01876509939798271 -0.0033476234153017263 0.017801896160905866 0.018646063477689056 0.0026904807593398842 -0.005158889852689981 -0.011188705507089164 -0.0077602431297051216 0 0.0098485149175226317 0.0064365621361696891 -0.01416988787929997 0.008778344548658697 -0.0027951572034501581 -0.024353471192496874 -0.012320235748724748 0.0082724210994776989 0.01567427246679225 -0.01987706169720355 -0.011246595362195154 0.018320339747367888 -0.019402639103192485 0.016487651680437296 -0.0048347505344885329
leaf_weight=5.5410226765670831 2.8604271459626096 15.253692180514923 0.72405450884253042 7.6231029518676214 5.8484627011348547 9.5005824532418028 1.7685299033764739 5.5046300643007253 5.6356418953510001 4.8143631234706827 1.9242854215262912 4.5594768297742121 1.5012916199193558 1.3719452311052003 1.5376418980304123 0.53601180258556347 1.9477333897957603 17.486252256101579 2.9311186476261355 2.0126922066556281 9.3121732565050461 4.7639910725556529 3.381251988656004 11.390931762871329 1.7532358218450097 0.82574743521399874 1.5874088369018862 3.8183659774367698 3.6040368569956627 2.5741421083221212
leaf_count=928 422 911 86 1468 508 1084 101 474 315 352 242 463 85 171 161 37 157 1863 238 494 554 393 300 536 67 84 244 426 612 436
internal_value=0.000407448 0.00335707 0.000773666 0.0116741 -0.00394214 7.72183e-05 -0.0050468 0.00276086 0.00768945 0.00652158 -0.000179135 0.0073969 0.0118065 -0.00981368 -0.0125558 -0.0186566 -0.0100826 -0.0117439 -0.00323848 0.0144732 -0.0210302 0.00440186 -0.00347396 0.00836278 -0.00330875 0.0129144 0.00656555 -0.0122535 0.0183368 0.00774983
internal_weight=143.894 86.2933 66.951 19.3423 57.6009 34.4762 33.0668 12.9088 11.1403 33.8842 15.1165 9.37384 18.7677 23.1248 20.1654 11.3858 20.158 19.434 8.77958 17.2664 10.8498 24.9756 8.14524 16.8303 4.61366 12.2167 2.95935 5.74265 11.7192 6.17818
internal_count=14212 9413 5969 3444 4799 2886 2996 890 789 2973 1483 815 1490 1913 1498 752 2106 2020 746 1405 715 1802 693 1109 489 620 415 668 1976 1048
is_linear=0
shrinkage=0.03


Tree=71
num_leaves=31
num_cat=0
split_feature=41 49 37 13 0 7 25 48 40 37 14 14 48 34 14 36 27 36 41 34 16 49 27 36 32 39 38 45 35 40
split_gain=2.53227 1.8971 2.40139 1.79685 2.59887 1.69124 1.72073 1.66835 1.57743 1.40366 1.40127 1.33848 1.2527 1.20908 1.17119 1.36559 1.0353 0.934137 0.905266 0.878696 0.870555 1.08518 0.789356 0.87654 0.699135 0.663051 0.658933 0.712855 0.647186 0.613163
threshold=0.97809410095214855 0.94084015488624584 0.21199956536293033 29.855154991149906 9.4428324699401873 2.7426136732101445 0.15557567775249484 0.35713535547256475 0.85209363698959362 0.23471065610647204 12.865197181701662 10.119677543640138 0.19306365400552752 0.58253011107444774 1.338697135448456 0.28536699712276464 0.90315949916839611 0.3252540677785874 0.76237171888351452 0.48667022585868841 0.42675781250000006 1.4640218019485476 0.89393675327301036 0.31958809494972235 0.04700251296162606 0.92089429497718822 0.40625000000000006 0.18135019391775134 0.63906303048133861 0.92846128344535839
decision_type=2 2 2 2 2 2 2 2 2 2 2 2 2 2 2 2 2 2 2 2 2 2 2 2 2 2 2 2 2 2
left_child=1 3 5 18 7 6 -3 12 17 29 16 -9 -5 -10 15 24 -7 -6 -1 25 21 -11 -20 -24 26 -16 27 -2 -12 -4
right_child=14 2 9 4 8 10 -8 11 13 20 28 -13 -14 -15 19 -17 -18 -19 22 -21 -22 -23 23 -25 -26 -27 -28 -29 -30 -31
leaf_value=-0.010923431584704804 0.013864516729973334 0.015324815897137986 -0.024564371050512887 0.0032470488737420689 0.0022277671145019577 -0.00059551042852805315 -0.015783342079260479 0.0022702749880849906 -0.015076354244817824 0.021036386428694841 -0.010500586282580637 -0.015933203679252314 -0.017112185386342276 0.0039809878237353812 -0.0031001879307670306 -0.0016321505601288029 0.025131436108268273 0.020003126591214788 -0.0055899795352168588 -0.0037182231946451022 -0.0095827445873127599 -0.0092542795405385261 0.016014193687327767 -0.0080624425278469272 9.6765183961325054e-05 0.015952211201901944 0.026648200388238057 -0.01472061716441905 0.011562148815997986 0.0016217102759356812
leaf_weight=1.3918289423454542 0.71079368912615037 1.6567902795504839 2.8258816065499546 2.4471790503012043 19.927398001265832 1.3387641170993436 2.9668765925453044 12.349594298400918 7.2040941444720357 2.1121214679442351 1.8304459522478276 3.9453795625595367 24.807340699975612 3.8447500817565015 1.6827185831207305 3.1043741935864082 8.3472871757257945 2.2650207649567156 1.7640049217734475 9.1517916210286767 1.9478424242843173 0.75886839162558306 7.9948492538096598 0.79932451096829016 1.6679848984640555 3.9877214727748651 6.31441297265701 0.44308963010553271 1.0413134272966997 0.60891337506473053
leaf_count=92 70 61 146 298 1973 68 137 857 789 152 96 352 2178 304 264 283 317 83 392 1570 271 27 1249 45 241 749 1049 48 37 60
internal_value=-0.000168004 -0.00215626 0.00488267 -0.00423914 -0.00594395 0.0111379 -0.00336004 -0.0106828 0.000307554 -0.00761095 0.0165512 -0.00263016 -0.0151277 -0.00841582 0.00789131 0.0144216 0.0215719 0.00495558 0.00609734 0.00173816 0.00256792 0.0119325 0.00935161 0.0129198 0.0197953 0.0102314 0.0233095 0 -0.000805673 -0.0199268
internal_weight=141.239 114.176 25.4351 88.7408 76.7908 17.1815 4.62367 43.5495 33.2413 8.25363 12.5578 16.295 27.2545 11.0488 27.0629 12.2407 9.68605 22.1924 11.95 14.8222 4.81883 2.87099 10.5582 8.79417 9.13628 5.67044 7.4683 1.15388 2.87176 3.43479
internal_count=14258 9984 1372 8612 6834 716 198 3685 3149 656 518 1209 2476 1093 4274 1691 385 2056 1778 2583 450 179 1686 1294 1408 1013 1167 118 133 206
is_linear=0
shrinkage=0.03


Tree=72
num_leaves=31
num_cat=0
split_feature=41 5 0 14 37 41 14 44 38 22 6 10 32 3 24 41 34 34 42 21 29 36 4 11 35 37 36 27 6 33
split_gain=2.21233 1.96133 1.41059 1.46237 1.59526 1.92606 1.63499 1.22711 1.08977 0.915468 0.940613 0.895852 1.0941 1.15353 0.664007 0.630778 0.575868 0.524678 0.485742 0.549659 0.47341 0.440911 0.427491 0.418263 0.392027 0.385263 0.273984 0.265262 0.249554 0.214058
threshold=0.99108582735061657 0.64491742849349987 13.113867759704592 34.389966964721687 0.19553352892398837 0.86452463269233715 1.9309995770454409 0.29893617331981664 0.40625000000000006 0.708166003227234 0.12405878677964212 0.62500000000000011 0.044744217768311507 0.16192838549613955 0.21678151935338977 0.85040917992591869 0.5137193799018861 0.31429564952850347 0.25521059334278112 38.024999618530281 0.99588418006896984 0.26109635829925543 0.90178543329238903 0.62500000000000011 0.79410621523857128 0.28162859380245214 0.30328142642974859 0.88230139017105114 0.047821339219808585 39.290571212768562
decision_type=2 2 2 2 2 2 2 2 2 2 2 2 2 2 2 2 2 2 2 2 2 2 2 2 2 2 2 2 2 2
left_child=1 2 3 4 6 -6 -1 9 16 10 -4 22 24 29 15 28 -2 -16 -19 -20 -5 -17 -10 -15 25 -13 -18 -24 -3 -14
right_child=8 14 7 20 5 -7 -8 -9 11 -11 -12 12 13 23 17 21 26 18 19 -21 -22 -23 27 -25 -26 -27 -28 -29 -30 -31
leaf_value=-0.004545025434398239 0.0058692644213739513 0.0020577313879773106 0.022485832935692011 -0.022531340500718283 -0.0084387661744824375 0.0076216355053378747 0.0061549792588996904 -0.011516493263583862 0.010744070472681583 -0.01015320270908856 -0.0062924283565294328 0.02104008708504071 -0.0013780474677168612 -0.01478258586588514 0.0057207412390194307 0.016674645935051191 -0.020887191536727568 0.0020526560188949398 0 -0.020981172123923315 0.0013171891473775688 -0.0040835600887287257 0.0036817015429260729 0.006313443065287627 -0.00067405558846350515 -0.00025042765408303828 0.00034213008739261252 -0.012996529925609832 -0.014086738787077623 0.01810976395891039
leaf_weight=16.92592634401808 0.95440833021712324 0.51260057790204827 6.0659110791748381 2.5014766531239725 28.245417216297938 7.6875601216161149 43.446895682740433 0.86876550002489228 0.40484312979970249 0.33159799315035332 0.57536852732300747 10.697794597595925 0.131842484581285 2.261707085417584 0.34192563690885336 1.2417564876232061 0.98451297639985547 0.65780953387729724 0.99952521221712043 7.6955770212516654 0.52915513468906272 0.70607394992839534 0.37540757021633941 0.28717536880867545 0.52568343270104456 0.49773993319831866 0.34573868103325367 1.7899575413903219 1.6770918178517602 1.5663846212264614
leaf_count=1303 232 42 1115 129 1974 1171 3083 77 146 25 26 1565 27 170 63 350 129 72 146 1037 44 138 105 119 201 34 27 153 317 277
internal_value=0.000536409 -0.00101882 0.000365728 -0.000621556 8.74985e-05 -0.00480822 0.0030811 0.0118675 0.00934438 0.0162363 0.0191028 0.0117943 0.014353 0.000348178 -0.0112505 -0.00023072 -0.00716042 -0.0152116 -0.0167453 -0.0185419 -0.0183293 0.0092996 -0.00282958 -0.0104512 0.0187654 0.0199046 -0.0163032 -0.00890764 -0.00990659 0.015535
internal_weight=141.834 121.01 107.178 99.3364 96.3058 35.933 60.3728 7.84164 20.8232 6.97288 6.64128 18.5385 15.9683 4.24711 13.8324 4.13752 2.28466 9.69484 9.35291 8.6951 3.03063 1.94783 2.57021 2.54888 11.7212 11.1955 1.33025 2.16537 2.18969 1.69823
internal_count=14297 11112 8947 7704 7531 3145 4386 1243 3185 1166 1141 2797 2393 593 2165 847 388 1318 1255 1183 173 488 404 289 1800 1599 156 258 359 304
is_linear=0
shrinkage=0.03


Tree=73
num_leaves=31
num_cat=0
split_feature=41 49 49 14 40 32 48 0 41 27 19 38 44 21 3 45 45 27 27 29 50 32 41 29 36 3 12 5 48 33
split_gain=2.15744 2.28995 3.03356 2.0488 1.63276 1.83108 1.45918 1.37246 2.56627 2.06441 1.96419 1.6601 1.56055 1.49161 1.24806 1.19932 1.16178 1.15996 1.08416 0.975175 0.89456 0.814875 0.776085 0.732778 0.673124 0.625812 0.594505 0.589791 0.583324 0.538222
threshold=0.96307837963104259 0.94084015488624584 1.2850705385208132 12.865197181701662 0.5990206003189088 0.038555186241865165 0.40329062938690191 12.854410171508791 0.82868278026580822 0.98363441228866588 0.064208030700683608 0.46875000000000006 0.044610282406210906 41.137937545776374 0.20668851584196093 0.21548955142498019 0.088405635207891478 0.93172305822372448 0.9681367576122285 0.9749821424484254 0.088790383189916625 0.053566453978419311 0.86845839023590099 0.99960452318191539 0.21817714720964435 0.066123824566602721 1.3690800666809084 0.24983859062194827 0.3251235187053681 60.340000152587898
decision_type=2 2 2 2 2 2 2 2 2 2 2 2 2 2 2 2 2 2 2 2 2 2 2 2 2 2 2 2 2 2
left_child=1 7 3 20 5 25 -4 8 9 13 11 -10 -11 -1 21 -12 -9 -16 -19 29 -3 23 24 -6 -18 -2 -22 -8 -7 -5
right_child=4 2 6 19 14 28 27 16 10 12 15 -13 -14 -15 17 -17 22 18 -20 -21 26 -23 -24 -25 -26 -27 -28 -29 -30 -31
leaf_value=0.003713221792283004 -0.0034104914810211343 -0.00039999978264972135 0.0086468446880220498 0.017971900565914297 0.022842000833115318 -0.014485665444127046 -0.022188701787367187 -0.0093529872528558908 0.0071644945938418442 -0.015552489984153326 0.015464341376234468 -0.0091121895004773901 0.010330044416097717 -0.01716530675005094 0.017247944316518157 -0.0058857496386344171 -0.00095190291341041623 -0.016623134465784312 0.0063455451016075455 -0.015220403821936082 0.021840721410062779 -0.003746302860189228 -0.0054166809064588022 -0.0020267341479859539 0.020744770766522203 0.016510208701060722 0 0 0.00111205895848051 -0.0054818580312453805
leaf_weight=2.8483520500303738 1.2699005345348293 1.9709302153205559 1.8140823256690044 0.97537541086785384 9.1677923916431592 5.6811465217906498 4.0295769834774546 2.3410783804283692 6.7379080811515477 2.0663700299337497 7.9026143928640504 19.482870722335065 5.5112861556117423 26.688383863380295 1.9955789265513875 2.3836141676001716 1.2430344060776404 2.6364839992893394 2.7294623180641793 2.5396870187687455 10.959624252063803 0.8508599496562973 1.1774033165420403 0.77580154268071133 4.3872098976135021 3.8598213992954697 1.4526452575810243 1.0852494810242204 2.4898212094558403 0.68095632715267129
leaf_count=258 293 105 59 46 1468 660 204 271 513 205 954 1770 401 2167 421 310 226 304 508 140 589 132 209 34 598 848 76 75 314 106
internal_value=-0.000200928 -0.00223719 0.00542518 0.011673 0.0065687 -0.00121706 -0.0103086 -0.00467097 -0.00605544 -0.0115027 -0.000278552 -0.00470984 0.00193202 -0.014998 0.0121948 0.010168 0.00567341 0.00177997 -0.00530703 -0.00530964 0.0168454 0.0182899 0.0117612 0.0206197 0.016081 0.0113374 0.0196331 -0.0178368 -0.00980267 0.00876641
internal_weight=139.735 108.278 25.5081 18.5792 31.4567 13.3007 6.92891 82.7701 73.6214 37.1144 36.507 26.2208 7.57766 29.5367 18.156 10.2862 9.14873 7.36153 5.36595 4.19602 14.3832 10.7945 6.80765 9.94359 5.63024 5.12972 12.4123 5.11483 8.17097 1.65633
internal_count=14264 9282 1400 1062 4982 2115 338 7882 6578 3031 3547 2283 606 2425 2867 1264 1304 1233 812 292 770 1634 1033 1502 824 1141 665 279 974 152
is_linear=0
shrinkage=0.03


Tree=74
num_leaves=31
num_cat=0
split_feature=0 14 44 32 47 4 44 37 0 48 36 15 0 48 1 13 50 41 43 42 36 32 23 18 2 7 20 35 43 35
split_gain=2.72623 2.02007 1.99847 3.48585 2.5165 2.38515 2.36539 2.37984 2.06029 1.66698 1.66126 1.71217 1.27905 1.25502 1.39994 1.17716 1.01505 1.00615 0.992652 0.938377 0.897654 1.07237 1.03276 0.87132 1.01362 0.934909 0.753466 0.73888 0.665376 0.659231
threshold=6.4215145111083993 11.177658557891847 0.064172957092523589 0.038341592997312553 0.86295887827873241 0.94436758756637584 0.49242424964904791 0.21278718113899234 11.548764228820803 0.29933512210845953 0.33980445563793188 0.27619048953056341 13.857758522033693 0.35837292671203619 0.70675748586654674 38.012155532836921 0.09131991490721704 0.91548106074333202 0.29667952656745916 0.82240143418312084 0.28653083741664892 0.039948370307683952 0.36136251688003546 0.42578125000000006 0.35937500000000006 3.5930140018463139 0.031027291901409629 0.75181475281715404 0.60985466837883007 0.59993886947631847
decision_type=2 2 2 2 2 2 2 2 2 2 2 2 2 2 2 2 2 2 2 2 2 2 2 2 2 2 2 2 2 2
left_child=1 10 3 4 8 23 7 9 27 -7 11 20 16 17 -15 -9 -5 -13 -18 28 22 -22 -1 24 25 -4 -26 -2 -6 -10
right_child=2 -3 5 12 19 6 -8 15 29 -11 -12 13 -14 14 -16 -17 18 -19 -20 -21 21 -23 -24 -25 26 -27 -28 -29 -30 -31
leaf_value=-0.003417914668922157 -0.019722692549622393 -0.017137175813673067 -0.009563201393915444 0.0060189702322748046 0.0043617892255320761 -0.0029528228250355684 -0.016673559137489389 -0.020923680489956843 -0.0028989399096130243 0.019430763246877186 -0.01699015039691585 0.015825192407934219 0.013255845909931759 -0.014237454155095879 0.01443120109174798 0.0029231443989321038 0.0038094743034239823 0.0011932164796534782 -0.018990603778517481 -0.0017806658367667079 0.011808382008809189 -0.010507552310290018 0.019582099708421931 -0.017020479063592876 0.0078440311697864484 0.018195366114353378 -0.012450509621165283 0.0042816200133250371 0.028171250167409144 0.016076313921096666
leaf_weight=1.427913608495152 6.0027152553084324 2.4031480075791469 0.7185358318383791 1.1008159017656058 2.4910152065567663 3.1417584372684457 2.4821926439180961 1.7027167184860434 2.285872949694749 14.39461816161929 1.552384613547473 5.6549905543797712 0.56962973481858981 5.5478501924080765 1.0295885050873037 4.8855524200480431 1.2970863477094123 13.545914406524387 22.198553343710955 1.8778355303220449 3.6908645356015759 2.2509474760154262 14.906747537082991 4.9891851432184913 1.2166355493245644 2.3324355311779073 5.9548279757873388 0.77270875778049219 2.9720831928425469 2.3893030078033917
leaf_count=98 531 190 53 126 263 236 99 90 139 826 59 613 351 438 183 370 150 2571 1941 155 259 153 2202 584 165 104 626 134 194 389
internal_value=-8.56616e-05 0.00525318 -0.00338067 -0.00778314 0.00184123 0.00125063 0.00664662 0.00973358 -0.00663104 0.0153158 0.00671433 0.00787198 -0.01488 0.00230551 -0.00804168 -0.00478982 -0.0161413 0.00622115 -0.0175053 0.0146268 0.0138088 0.00262641 0.0173173 -0.00783033 -0.00196068 0.0101704 -0.00810183 -0.0164007 0.0201336 0.00739395
internal_weight=137.786 52.0103 85.7761 43.9576 18.7915 41.8185 26.6068 24.1246 11.4506 17.5364 49.6072 48.0548 25.1661 25.7783 6.57744 6.58827 24.5965 19.2009 23.4956 7.34093 22.2765 5.94181 16.3347 15.2116 10.2224 3.05097 7.17146 6.77542 5.4631 4.67518
internal_count=14292 6766 7526 4373 1805 3153 1621 1522 1193 1062 6576 6517 2568 3805 621 460 2217 3184 2091 612 2712 412 2300 1532 948 157 791 665 457 528
is_linear=0
shrinkage=0.03


Tree=75
num_leaves=31
num_cat=0
split_feature=41 5 0 14 0 40 11 45 44 4 27 32 26 35 23 32 30 24 34 35 45 3 4 4 42 36 34 39 28 32
split_gain=2.2363 1.66363 1.18129 1.65462 3.35177 1.65191 1.25226 1.61691 1.22096 1.11055 1.0206 0.903625 0.880418 0.767026 1.01551 0.735029 0.718855 0.70194 0.648042 0.716722 0.627238 0.615102 0.577835 0.499314 0.547612 0.385379 0.372688 0.34029 0.285684 0.28412
threshold=0.99108582735061657 0.74799931049346935 12.854410171508791 12.624236583709719 9.3118371963500994 0.81440076231956493 0.62500000000000011 0.03998635150492192 0.29893617331981664 0.98343965411186229 0.97026532888412487 0.039223875850439079 0.65625000000000011 0.65420201420784008 0.37220023572444921 0.053566453978419311 0.48046875000000006 0.27971348166465765 0.45209600031375891 0.74608439207077037 0.28317798674106603 0.8332481086254121 0.9116569757461549 0.91443875432014476 0.24626532942056659 0.29221317172050482 0.31429564952850347 0.94336119294166576 0.4690453708171845 0.03868799842894078
decision_type=2 2 2 2 2 2 2 2 2 2 2 2 2 2 2 2 2 2 2 2 2 2 2 2 2 2 2 2 2 2
left_child=1 2 3 6 -5 -6 7 -1 11 13 -8 22 -13 14 -2 28 18 20 -11 25 -15 23 -4 -3 -25 -20 -26 -18 -16 -19
right_child=9 21 8 4 5 -7 10 -9 -10 16 -12 12 -14 17 15 -17 27 29 19 -21 -22 -23 -24 24 26 -27 -28 -29 -30 -31
leaf_value=0.016330502388333824 -0.0028311387088387897 0 -0.00060780735628185735 -0.023062249053620625 0.0060712511194682163 -0.014318811420242418 0.0026020125299433816 -0.0022296593110923122 -0.012130315384769771 0.0093861993447304764 0.021941605633977061 -0.0099380224529465998 0.013025560038127663 0.018087740884076716 1.6633072291393241e-05 -0.0028158649220131841 -0.0015406739790229812 0.0033182117526975034 -0.019960370815197383 0.0072724558441488426 -0.0046734826602867936 0.0039361748281372339 0.025902786844119959 0.0017059699851899074 0.00042156900386606687 0.0014822370228624591 -0.021232798435698145 0.017839068598750049 0.027798321547777192 -0.012540197608173256
leaf_weight=3.5391417235077816 1.1252092121867479 2.0542075891862615 0.57322758072404933 7.7261786580056677 11.38365441636415 4.0249477528268462 7.9544590324512665 57.329208649032807 1.0864094045246009 0.7915343708882564 3.1352276365505531 1.8944031700375492 2.0643068243589369 2.2784718639304633 0.58141988690476853 0.48526018776465196 0.66516633052378882 0.7436568471748618 2.9989331370743462 0.6628235091920941 0.85596254729898635 1.2208139974391077 3.4715691078454256 0.77553567192808071 0.4489780431613325 0.46109521389007557 6.9420937772665638 1.1500079488032495 5.6317793748748954 1.5109424651600418
leaf_count=236 110 378 160 614 587 270 1181 4422 91 137 655 184 472 591 113 50 71 330 277 110 93 111 491 63 53 36 1153 212 783 256
internal_value=0 -0.00161539 -0.000344127 -0.00139352 -0.00820444 1.41997e-05 0.000837541 -0.000855491 0.00938667 0.00903182 0.00968041 0.0136635 0.00164351 0.0137978 0.0194 0.0234068 -0.000511973 0.00343158 -0.00672022 -0.0116267 0.0115194 -0.0119918 0.0221753 -0.0143429 -0.0173448 -0.0167386 -0.0196664 0.0116471 0.0259772 -0.00697533
internal_weight=135.567 115.624 104.183 95.0928 23.1348 15.4086 71.958 60.8684 9.08992 19.9423 11.0897 8.00351 3.95871 13.2127 7.82367 6.69846 6.72956 5.38903 4.91439 4.12285 3.13443 11.4416 4.0448 10.2208 8.16661 3.46003 7.39107 1.81517 6.2132 2.2546
internal_count=14290 11121 9363 7965 1471 857 6494 4658 1398 3169 1836 1307 656 2326 1056 946 843 1270 560 423 684 1758 651 1647 1269 313 1206 283 896 586
is_linear=0
shrinkage=0.03


Tree=76
num_leaves=31
num_cat=0
split_feature=45 41 44 0 7 14 1 40 19 32 13 15 39 43 6 27 24 6 36 2 6 49 4 14 21 7 37 32 23 49
split_gain=1.72895 1.87325 2.70488 2.23128 1.81542 3.27579 1.9265 1.78902 1.58879 2.28414 1.86342 1.63213 1.43268 1.37021 1.46905 1.22675 1.08061 1.01733 0.853339 0.785437 0.728411 0.768432 0.711023 0.662603 0.606833 0.604507 0.58871 0.603696 0.559081 0.545249
threshold=0.24079883843660357 0.82684683799743663 0.062996033579111113 13.625747203826906 4.7502014636993417 23.201871871948246 0.68932089209556591 0.74176833033561718 0.064208030700683608 0.038130093365907676 30.71190166473389 0.89166668057441723 0.85157442092895519 0.50273951888084423 0.099171083420515074 0.94129595160484325 0.20575568825006488 0.037326440215110786 0.28536699712276464 0.45312500000000006 0.21014849096536639 0.59049883484840404 0.92373934388160717 2.4522484540939335 61.973684310913093 0.99729132652282726 0.28411634266376501 0.07227621972560884 0.37220023572444921 0.34203818440437322
decision_type=2 2 2 2 2 2 2 2 2 2 2 2 2 2 2 2 2 2 2 2 2 2 2 2 2 2 2 2 2 2
left_child=1 2 3 19 6 15 12 -8 9 13 18 -12 -4 22 -15 -6 23 28 -11 29 21 -19 -3 -2 -25 -18 27 -27 -10 -1
right_child=16 8 4 -5 5 -7 7 -9 17 10 11 -13 -14 14 -16 -17 25 20 -20 -21 -22 -23 -24 24 -26 26 -28 -29 -30 -31
leaf_value=0.0021302815143377576 -0.0093259017610669535 0.0057197955233282546 0.0041577265969314223 0.015699375687577767 -0.0015990836395521515 -0.0089050370327408146 0.014612991337772791 -0.0066508119387939562 -0.012607461042804635 0.010039961392174937 -0.018089452339061514 0.0061378761010217799 -0.013962029001524063 0.021175315949892786 0.00067204317737203664 0.027174956013231829 0.0054271349246261249 0.018897548825089081 -0.0076814655737922934 0.0021665963716660445 -0.0050052582447976191 -0.0045555705281487913 -0.014903257423403107 0.019612396356461888 -0.0045977194438907142 -0.01358461061627958 0.0066276595632747039 0.008673882989678328 0.0074153919525095126 -0.02038155685854668
leaf_weight=0.59947010490577568 0.72477199975401463 2.0833818715618717 4.8010874146421036 1.3184737364790624 1.2694434813893147 3.8468217520276085 7.8966101791738748 4.9455398132267874 1.385190242435786 6.9691714770306152 8.872600375703767 2.5755311390385023 11.785114812300888 8.3615326939325296 5.3060424081631927 6.2098349821462762 1.3240619245916629 13.735467300837621 2.488313637644751 1.3042187647661183 0.79937825456727374 0.77852329629240635 1.8747871553641746 2.0002417514915583 0.6348586372041608 17.099893442740729 0.74740070910775003 0.34566405788063903 1.5584693881683049 11.373069632871191
leaf_count=132 83 403 300 360 95 252 458 344 73 1211 824 167 1002 770 942 236 135 2228 177 137 49 101 327 225 113 1917 67 6 114 1001
internal_value=0.000243703 0.00181124 -0.00206161 -0.0127208 0.00189712 0.0116125 -0.00200219 0.00631863 0.00560825 0.00194365 -0.00458462 -0.0123427 -0.00860827 0.00967822 0.0140085 0.0223248 -0.00706848 0.012684 0.00480181 -0.0166552 0.0156532 0.0172336 -0.00447895 0.00670668 0.0132941 -0.00979741 -0.0112868 -0.0125346 -0.00205371 -0.0189458
internal_weight=135.015 112.138 55.3497 14.5952 40.7545 11.3261 29.4284 12.8421 56.7884 38.5314 20.9056 11.4481 16.5862 17.6257 13.6676 7.47928 22.8769 18.257 9.45749 13.2768 15.3134 14.514 3.95817 3.35987 2.6351 19.517 18.193 17.4456 2.94366 11.9725
internal_count=14249 11703 4317 1630 2687 583 2104 802 7386 4821 2379 991 1302 2442 1712 331 2546 2565 1388 1270 2378 2329 730 421 338 2125 1990 1923 187 1133
is_linear=0
shrinkage=0.03


Tree=77
num_leaves=31
num_cat=0
split_feature=41 31 1 44 4 33 45 39 43 29 43 40 50 4 31 47 50 23 35 7 9 0 46 7 45 0 33 35 14 29
split_gain=2.02784 1.40574 1.60068 1.89019 1.47236 1.88796 1.22444 1.45005 1.41278 1.33681 1.33791 1.28403 1.04729 0.982384 1.09769 0.909124 0.808646 0.725219 0.693067 0.652189 0.808447 0.608055 0.508723 0.502757 0.501388 0.488327 0.41495 0.415886 0.394999 0.274256
threshold=0.99670004844665538 0.03401909954845906 0.82775169610977184 0.45993590354919439 0.91330155730247509 60.96076965332032 0.09540735557675363 0.84405234456062328 0.44798935949802404 0.92568171024322521 0.57477799057960521 0.72981965541839611 0.16230958700180056 0.94142830371856701 0.08920855820178987 0.7409445345401765 0.25407050549983984 0.519779533147812 0.5751970410346986 6.7677855491638192 0.43931744992733007 4.6359872817993173 0.99706262350082409 3.9958169460296635 0.21548955142498019 5.3072876930236825 77.692653656005874 0.77168217301368724 0.65671044588089 0.99960452318191539
decision_type=2 2 2 2 2 2 2 2 2 2 2 2 2 2 2 2 2 2 2 2 2 2 2 2 2 2 2 2 2 2
left_child=1 2 3 4 16 -6 11 8 -8 22 -11 19 15 23 28 -13 -1 25 -4 20 -3 -14 -9 26 -10 -5 27 29 -15 -2
right_child=13 6 18 17 5 -7 7 9 24 10 -12 12 21 14 -16 -17 -18 -19 -20 -21 -22 -23 -24 -25 -26 -27 -28 -29 -30 -31
leaf_value=-0.0101786832387961 0.024986614544275986 0 -0.023510236124575513 -0.0096681268457376648 0.013005920824665188 -0.0021506685405489629 0.020877026486356136 -0.0046410013126966573 0.0039946590236224835 -0.016338406317304505 -0.0047790496116273404 -0.0076494349735980434 0.0069518550974815426 0.0077111712734417972 0.017609948254273838 0.017245889434988289 0.0046028134701346863 -0.019910055003114803 0.00085227613392798753 -0.0085549193077096002 0.022314572568814285 -0.013011272870764838 0.014595665881862098 -0.0025338240113264984 -0.015327181806697524 0.0092495493020689837 0 0 -0.010814968092907192 0
leaf_weight=6.2278210910735634 5.1370611532765889 1.877053829870422 2.0460608431603755 1.4187543469015502 23.863935246539768 9.7189247855567356 2.2306863151607095 1.1434837467386381 1.4621385586797262 18.218561144836713 21.068114243636956 1.2722890557488411 0.80301065652747627 0.3589366326923481 1.2748481706948949 2.2493549068458378 5.0411959901684895 2.8833385064499453 1.1549250315874813 0.37643522783764627 3.5732348712044768 6.6279565129661933 2.0416779386068811 0.60388968762708817 1.3603505785576997 1.4944064156152306 0.74732531671179447 0.58992765902075905 3.7635568352125119 0.48430356383323658
leaf_count=438 833 197 74 40 1766 611 210 148 240 2200 2533 113 251 59 172 326 851 119 44 34 485 698 698 140 152 60 83 299 343 28
internal_value=-0.000389036 -0.00167528 0.00184424 0.00330954 0.00548641 0.00859748 -0.00465161 -0.00708733 0.00679065 -0.00892573 -0.0104865 0.00208908 -0.00376979 0.0104026 0 0.00788569 -0.00348546 -0.0114221 -0.0158956 0.0124806 0.0154996 -0.00992948 0.00751402 0.0167237 -0.00610652 0 0.0188803 0.0210996 -0.00742582 0.0232677
internal_weight=131.114 118.154 53.8494 50.6484 44.8519 33.5829 64.3043 47.525 5.05318 42.4718 39.2867 16.7793 10.9526 12.9598 5.39734 3.52164 11.269 5.7965 3.20099 5.82672 5.45029 7.43097 3.18516 7.56251 2.82249 2.91316 6.95862 6.21129 4.12249 5.62136
internal_count=14245 12288 4003 3885 3666 2377 8285 6181 602 5579 4733 2104 1388 1957 574 439 1289 219 118 716 682 949 846 1383 392 100 1243 1160 402 861
is_linear=0
shrinkage=0.03


Tree=78
num_leaves=31
num_cat=0
split_feature=32 3 0 0 42 37 5 3 30 11 0 14 48 14 36 40 33 0 24 5 32 49 34 32 28 3 9 4 14 45
split_gain=1.5847 1.48475 1.35334 1.90336 2.28414 1.6914 1.31207 1.30668 1.14711 1.14026 1.23686 2.91962 1.29724 1.08975 1.20086 1.02357 0.973395 0.942994 0.933496 0.888354 0.881846 0.853749 1.19032 0.799546 0.778956 0.77372 0.770312 0.765951 0.634901 0.600299
threshold=0.039639718830585487 0.51719594001770031 6.265996217727662 7.0230698585510263 0.62933093309402477 0.2092394903302193 0.11719531565904619 0.88141933083534252 0.26171875000000006 0.62500000000000011 10.423141479492189 7.3464796543121347 0.48141063749790197 3.9695233106613164 0.28536699712276464 0.69595173001289379 47.396970748901374 9.3771729469299334 0.23508792370557788 0.53842687606811535 0.056043289601802833 0.87012416124343883 0.39824938774108892 0.032718569040298469 0.92957037687301647 0.10496371984481813 0.47160266339778906 0.9116569757461549 2.4162123203277592 0.062233455479145057
decision_type=2 2 2 2 2 2 2 2 2 2 2 2 2 2 2 2 2 2 2 2 2 2 2 2 2 2 2 2 2 2
left_child=1 9 13 25 5 8 17 -7 -5 10 11 12 -1 14 20 16 -12 -3 -15 -11 -2 22 -6 -8 -25 -4 28 -17 -16 -13
right_child=2 6 3 4 21 7 23 -9 -10 19 15 29 -14 18 26 27 -18 -19 -20 -21 -22 -23 -24 24 -26 -27 -28 -29 -30 -31
leaf_value=0.0074719970076385549 0.013218121281824584 -0.0038353713043503533 0 0.012889694647612946 0.0043395273648723044 -0.012938172964684991 0.0032681669468295591 0.010665454452632658 -0.0072272597713730589 0.020481187762175185 0.012322748655253147 0.0026234687269939307 -0.012009677507783492 0.0078499936558473638 -0.017444422430247051 -0.0048474440400676708 -0.010555326911427047 0.020525331627977289 -0.012731117990502215 -0.00061325831532635508 -0.0079549385351560913 0.004082653264853321 -0.020549604032911145 -0.020662657346262183 0.0043526916006501179 -0.025193358330386457 0.011869380059693081 0.019894099714766401 0.0065415524600234178 -0.017489475058861195
leaf_weight=23.712410341118815 11.790100718768377 2.5446193072275478 1.4344713113387104 10.854401506061551 1.4985916204459488 7.1809431722940626 1.6176983126206321 1.8676568171358665 2.3432964546955182 5.874226239277049 2.0636171947116946 1.0201736947201414 2.497667790419654 1.8814489029464301 2.8846615380025464 0.69421388002228912 2.687517354672309 1.4065157825243657 5.4575508745328989 1.9904770096472928 1.1922581047401752 1.4707676134421479 8.7257809831353352 5.5086541768396273 0.756297654705122 5.0454067620448768 0.61290373138035636 7.083514352736529 0.53832898737164203 6.971118788671447
leaf_count=2362 1941 176 116 840 182 772 163 129 266 1022 342 119 180 300 149 115 275 81 676 452 172 178 893 427 87 381 115 466 46 793
internal_value=0 0.00320986 -0.00333477 -0.00665906 -0.00342161 0.00216702 -0.0059598 -0.00719121 0.00884909 0.00532285 0.00328859 0.00015722 0.00513211 0.0021087 0.00627494 0.0109714 0 0.00662466 -0.00678648 0.015337 0.0106292 -0.0136218 -0.0165727 -0.0126411 -0.0170464 -0.0204911 -0.00646528 0.0170433 -0.0123678 -0.014582
internal_weight=131.207 66.4287 64.7786 40.4213 33.9414 22.2463 11.8338 9.0486 13.1977 54.5949 46.7302 34.2014 26.2101 24.3573 17.0183 12.5289 4.75113 3.95114 7.339 7.8647 12.9824 11.6951 10.2244 7.88265 6.26495 6.47988 4.03589 7.77773 3.42299 7.99129
internal_count=14216 7060 7156 3757 3260 2007 934 901 1106 6126 4652 3454 2542 3399 2423 1198 617 257 976 1474 2113 1253 1075 677 514 497 310 581 195 912
is_linear=0
shrinkage=0.03


Tree=79
num_leaves=29
num_cat=0
split_feature=14 10 41 38 14 47 1 45 13 14 15 16 9 37 5 5 25 42 24 13 20 41 47 30 27 15 15 19
split_gain=1.71607 1.39189 1.38264 1.45689 1.2397 1.2335 1.05302 1.04156 1.36209 2.05555 1.55288 1.10365 0.758686 0.714384 0.724162 0.711585 0.686583 0.750694 0.623104 0.502361 0.38784 0.375396 0.269672 0.251355 0.117098 0.0955098 0.0829367 0.0761741
threshold=23.201871871948246 1.0000000180025095e-35 0.99950441718101513 0.71875000000000011 1.3045738935470583 0.84381175041198742 0.62391895055770885 0.051358580589294441 46.412832260131843 8.5669212341308612 0.44505494832992559 0.33691406250000006 0.42418093979358679 0.26286059617996221 0.075736049562692656 0.077623773366212859 0.24501974880695346 0.95275297760963451 0.23706092685461047 34.789615631103523 0.037991289049386985 0.80680429935455333 0.7454124689102174 0.20703125000000003 0.97377124428749096 0.72380954027175914 0.79285714030265819 0.016943668015301231
decision_type=2 2 2 2 2 2 2 2 2 2 2 2 2 2 2 2 2 2 2 2 2 2 2 2 2 2 2 2
left_child=2 5 3 7 6 13 20 11 9 -9 -10 19 27 14 26 -13 17 -6 -16 -1 -5 -18 -8 -7 -15 -3 -2 -4
right_child=1 25 12 4 16 23 22 8 10 -11 -12 15 -14 24 18 -17 21 -19 -20 -21 -22 -23 -24 -25 -26 -27 -28 -29
leaf_value=0.0077188507572433177 -0.00095465708221438941 -0.000785922071764215 0 0.0057936211066638692 -0.016255872150428542 0.019878631277982207 0 0.0019903597231106748 -0.0056359487344750884 -0.01104506576642361 0.014274570520711736 -0.00098486724539674779 -0.0042027467350493732 -0.00013897486107225767 0.0022270445700627323 0.023904320576360154 -0.0064350760570748185 0.0049479026501794967 -0.020370182527039985 -0.0098421518180816601 -0.013261986575214667 0.010717734990721728 0.019592774114012161 0 0.012400301507324567 -0.024901978712038652 0.0077314235552354924 0.025280798647502052
leaf_weight=2.0874463718428147 0.71573342215560642 0.49599382714950424 0.24583247501868744 0.53779633369413504 10.283203238839631 1.1995344987662973 0.4780894102295864 57.463422782355337 3.9776487015042212 12.358087161454021 11.882014611590419 0.90996593586169172 0.5568690332584082 0.35481646555126622 0.86973831086652342 4.2713883634423837 1.2538602623972104 1.0348657855065528 4.2451559233886655 1.7688142057158982 1.6699418357457032 1.2313819198752751 2.111069135251455 0.4451418156386352 0.68206909360742429 3.0923229746986181 0.78216035923105665 2.4079634661029559
leaf_count=230 58 50 36 232 1869 64 41 5984 464 1310 1004 88 59 37 108 276 154 100 512 168 256 261 196 49 68 195 119 237
internal_value=0.000459305 -0.00948788 0.00165589 0.000991655 -0.00642835 -0.00219872 0.00551007 0.00253202 0.00140346 -0.000397869 0.00906492 0.0117267 0.018584 -0.00773095 -0.0114991 0.0195957 -0.0108718 -0.0138293 -0.0163013 -8.6394e-05 -0.00732582 0.00183964 0.0162825 0.015592 0.00867495 -0.0231202 0.00365936 0.0240282
internal_weight=129.412 12.8827 116.53 113.319 18.6002 9.29435 4.7969 94.7188 85.6812 69.8215 15.8597 9.03761 3.21066 7.64967 6.61279 5.18135 13.8033 11.3181 5.11489 3.85626 2.20774 2.48524 2.58916 1.64468 1.03689 3.58832 1.49789 2.6538
internal_count=14225 1260 12965 12633 3109 1015 725 9524 8762 7294 1468 762 332 902 797 364 2384 1969 620 398 488 415 237 113 105 245 177 273
is_linear=0
shrinkage=0.03


Tree=80
num_leaves=31
num_cat=0
split_feature=41 38 14 41 49 0 49 35 25 3 4 31 35 34 35 7 33 22 29 39 14 36 37 29 0 19 7 14 27 9
split_gain=2.08422 1.59209 1.24705 1.23806 1.30459 1.67969 1.22921 1.28492 1.96549 1.11387 1.02157 1.46666 0.704755 0.566249 0.577606 0.534107 0.524278 0.446689 0.432006 0.4069 0.368611 0.357861 0.338907 0.29817 0.247827 0.182007 0.165635 0.118924 0.085396 0.0691596
threshold=0.9915316402912141 0.71875000000000011 54.980937957763679 0.38739128410816198 0.94084015488624584 5.6610550880432138 0.42904996871948248 0.54559162259101879 0.1732369810342789 0.35878913104534155 0.94142830371856701 0.08847550675272943 0.79410621523857128 0.44490811228752142 0.74771767854690563 5.0766348838806161 84.045551300048842 0.39333185553550726 0.9986560344696046 0.85157442092895519 0.50632169842720043 0.29221317172050482 0.26638989150524145 0.98240610957145702 13.625747203826906 0.021290788426995281 2.6350941658020024 2.3505920171737675 0.98648497462272655 0.047718822956085212
decision_type=2 2 2 2 2 2 2 2 2 2 2 2 2 2 2 2 2 2 2 2 2 2 2 2 2 2 2 2 2 2
left_child=1 2 3 -1 9 -6 7 8 23 -5 12 13 15 25 21 16 17 -2 19 -8 -9 -15 -10 -3 -21 -12 -14 -16 -22 -13
right_child=10 6 -4 4 5 -7 18 20 22 -11 11 29 26 14 27 -17 -18 -19 -20 24 28 -23 -24 -25 -26 -27 -28 -29 -30 -31
leaf_value=-0.018243208066505749 0.0027620740978242736 0.0026428901440279226 -0.018566283883296467 0.0023693251059974901 -0.0048165613078547838 0.013164854705394918 0 0.0037788181703674361 0.023896625209906115 -0.005278201279222002 -0.0029476268032107449 0 -0.010951315222828982 -0.017693873742171254 0.010339347907532074 -0.0050976276225125966 -0.0026423608287874365 0.02328968194789105 0.0015958233169770361 -0.021748530769555609 -0.019635068742672665 0.0023587207410503282 0 -0.018213674829143909 0 0.012795715793953281 0.003639109484809435 -0.0017618057343367537 0 0.021788952829587201
leaf_weight=1.9601583572803054 1.8033383452275265 0.23423429043032129 2.0899092757608733 44.250374445953639 5.7706143640534746 14.580720816462415 0.77338822002638696 0.22523746907245401 2.5672646710299891 26.471250076370779 0.17468676168937136 0.23531770519912232 0.52706922258948985 3.7051399448537268 0.47562696831300844 0.31574785977136421 0.5092602140503012 7.2568174115440343 0.61893451004289168 6.8349965192610398 1.9150346976093717 0.40362986800028 0.58589941693935532 1.1712828724412245 0.632826479471987 0.69847510263207369 0.20889690611511469 0.32218938693404198 0.19648465729551379 1.2619678156333973
leaf_count=101 316 39 115 4628 306 772 43 69 669 2625 12 26 74 370 61 32 48 1342 127 750 347 40 165 162 203 131 321 67 26 253
internal_value=0.000214579 -0.00132014 0.000149288 0.000794594 0.00143061 0.00793893 -0.00985014 0 0.00873044 -0.000485013 0.0094476 0.00018362 0.0149747 -0.00674703 -0.0108377 0.0171193 0.0185491 0.0201828 -0.0166456 -0.0183646 -0.0148188 -0.0150606 0.0204217 -0.013837 -0.0202808 0.00815235 -0.00537113 0.00552202 -0.0183437 0.020127
internal_weight=128.777 110.879 95.123 93.0331 91.073 20.3513 15.7556 6.89544 4.55868 70.7216 17.8982 7.27703 10.6211 5.77975 4.90659 9.88516 9.56942 9.06016 8.86015 8.24121 2.33676 4.10877 3.15316 1.40552 7.46782 0.873162 0.735966 0.797816 2.11152 1.49729
internal_count=14240 11147 8547 8432 8331 1078 2600 1477 1035 7253 3093 960 2133 681 538 1738 1706 1658 1123 996 442 410 834 201 953 143 395 128 373 279
is_linear=0
shrinkage=0.03


Tree=81
num_leaves=31
num_cat=0
split_feature=0 32 6 1 42 34 26 15 4 22 22 13 36 11 33 15 45 4 47 39 1 50 49 7 39 22 44 20 39 19
split_gain=1.61159 1.88324 1.40874 1.50856 1.57146 1.59158 1.51215 1.37478 1.1911 1.12269 1.11416 1.04893 1.01881 0.967939 1.14273 1.0073 0.828584 0.954364 0.746713 0.688429 0.704662 0.664478 0.512846 0.466673 0.454628 0.453228 0.428309 0.401513 0.385279 0.355495
threshold=4.6359872817993173 0.033038433641195304 0.10769977420568468 0.62632259726524364 0.32366947829723364 0.5553778111934663 0.65625000000000011 0.34523810446262365 0.93756198883056652 0.36003781855106359 0.58940142393112194 55.542648315429695 0.33739732205867773 0.62500000000000011 45.953462600708015 0.44505494832992559 0.30326373875141149 0.90898457169532787 0.54869580268859874 0.95651191473007213 0.57112091779708873 0.08674615249037744 1.2503143548965456 0.14114634692668918 0.94840544462203991 0.33986561000347143 0.022347066551446918 0.041649281978607185 0.9779038429260255 0.1137603633105755
decision_type=2 2 2 2 2 2 2 2 2 2 2 2 2 2 2 2 2 2 2 2 2 2 2 2 2 2 2 2 2 2
left_child=7 12 3 8 6 -6 -5 19 -3 18 24 -10 16 14 -11 -15 17 26 -4 22 -21 -19 23 -1 29 -20 -2 -22 -29 -9
right_child=1 2 9 4 5 -7 -8 10 11 13 -12 -13 -14 15 -16 -17 -18 21 25 20 27 -23 -24 -25 -26 -27 -28 28 -30 -31
leaf_value=-0.00093994774586266883 0.0089730970171566556 0.0078217676999329019 0.019268059633808475 -0.0069906021930589597 0.0028489608210820329 -0.0093983027083568323 0.019183938401947053 -0.013688105295546307 -0.022201004504545669 0.00098212835197443948 0.016898159591066542 0.0023461614172257945 -0.012442333711796217 0.014772834590302762 -0.01431304396590099 -0.010584408911538973 -0.0073379695839027202 0 -0.010734724154476266 0.017012675183495415 0.005927152622570874 0.02205098021195416 -0.0032653646385988632 0.02569711280865207 0.0019768162092748081 0.0098646514026120274 -0.0088089790759250473 -0.016765518941560656 0.0030190101240584462 0.0026311137331452173
leaf_weight=0.34558701794594693 1.2365498388535292 1.4992370963445845 1.2231327498302556 1.9224004923598821 31.079342522374645 12.543850541929713 6.4444137001410127 4.1295828864022024 5.253264139406383 4.7958034988550997 1.594932089181383 1.5736305546015499 0.906789439555724 2.1029430873459201 22.89592268744309 1.5383000969304701 1.0878773102303974 1.2301324927248058 1.6448550158529545 1.3961643134825861 1.4014735840901269 6.6938532325584674 0.25557168014347542 4.7019319550017826 3.6434389662754256 0.45971446076873679 1.6471620512311345 1.3150492911227045 0.65886314271483559 0.82722851738799352
leaf_count=6 193 272 60 185 2455 1107 218 666 426 510 447 311 46 272 2349 260 124 59 305 346 434 708 14 1082 819 98 231 74 46 145
internal_value=-0.000194601 -0.00169231 -0.00319108 -0.000338487 0.00157553 -0.000737204 0.0127454 0.00733315 -0.0114991 -0.00792231 -0.000301721 -0.0165826 0.00863489 -0.00972253 -0.0116177 0.0034415 0.0113145 0.0139085 0.00666479 0.0146599 0.00419197 0.0187671 0.0214432 0.0235234 -0.00523188 -0.00354066 -6.43756e-05 -0.00310166 -0.0103584 -0.0104765
internal_weight=128.049 107.779 94.9768 60.3161 51.99 43.6232 8.36681 20.2698 8.32613 34.6607 10.1952 6.82689 12.8024 31.333 27.6917 3.64124 11.8956 10.8077 3.3277 10.0746 4.77155 7.92399 5.30309 5.04752 8.60025 2.10457 2.88371 3.37539 1.97391 4.95681
internal_count=14268 10189 8828 4974 3965 3562 403 4079 1009 3854 2077 737 1361 3391 2859 532 1315 1191 463 2002 900 767 1102 1088 1630 403 424 554 120 811
is_linear=0
shrinkage=0.03


Tree=82
num_leaves=31
num_cat=0
split_feature=41 38 14 0 49 49 43 41 41 4 14 35 48 3 23 31 34 32 3 9 45 14 41 35 0 4 35 36 49 9
split_gain=1.69021 1.59347 1.46855 1.24196 1.0825 2.67537 1.27559 1.77401 1.10802 1.02524 0.928905 0.910354 0.886334 0.741699 0.700108 0.680854 0.512721 0.432936 0.414181 0.405066 0.359849 0.350589 0.458722 0.405771 0.339538 0.316576 0.314556 0.27602 0.228544 0.213159
threshold=0.9915316402912141 0.71875000000000011 34.389966964721687 4.6359872817993173 0.94084015488624584 1.2850705385208132 0.82661032676696788 0.82868278026580822 0.84548446536064159 0.98343965411186229 12.865197181701662 0.65420201420784008 0.40329062938690191 0.061884598806500442 0.37220023572444921 0.08847550675272943 0.44490811228752142 0.053566453978419311 1.1653231382369997 4.7625298500061044 0.15834405273199084 2.3505920171737675 0.99969735741615307 0.79410621523857128 15.040683269500734 0.95106831192970287 0.74771767854690563 0.29221317172050482 0.28211081027984625 0.047718822956085212
decision_type=2 2 2 2 2 2 2 2 2 2 2 2 2 2 2 2 2 2 2 2 2 2 2 2 2 2 2 2 2 2
left_child=1 2 4 20 6 10 7 -1 -8 11 -6 14 -7 25 -2 16 -11 28 19 -15 -3 22 23 -13 -4 -5 27 -18 -16 -17
right_child=9 3 24 13 5 12 8 -9 -10 15 -12 21 -14 18 17 29 26 -19 -20 -21 -22 -23 -24 -25 -26 -27 -28 -29 -30 -31
leaf_value=-0.0047709100292301476 -0.00040237116474104801 0.014648248007798608 -0.019532301065050481 0.0091031736788231669 0.016255803678770983 0.0069871724254767058 0.0024666933330196863 0.0055589139911775953 -0.0164833458291955 0.008148634989114922 -0.00063900492797474553 0.017224958534769578 -0.014939103206668145 -0.019163888353979808 0.02613284844768311 -0.00099277143845903312 -0.01646604573014172 -0.00076474974489034191 0.0040861994316490034 0.00064722420321225622 -0.0033690996096426887 -0.0057335425122028664 -0.0089537847318628249 -0.0033044517275572561 0.0013506017361709251 -0.0074703218755282838 0.0028302318040503236 0.00200352298231274 0 0.016965656556421228
leaf_weight=27.653734714840539 1.0459588000667297 1.2312528917609591 3.1646600819804003 1.199693828064482 12.458522355052994 1.4366145844687697 3.493411861243656 30.184401269565569 7.0854762395902071 0.65104527858784322 3.220963624524301 2.0117211105243777 4.7292527127865469 10.072192852581788 5.0802865768782794 0.2974529108032582 3.2491226136335176 0.34226253969245579 0.24427625350654203 0.62798834071145471 0.87160353257786471 1.9978402431297579 0.25187046191422258 0.51823590860294633 0.3839475272106937 0.88850440195528779 0.53608471131883551 0.30664473026990879 0.29436986078508187 0.85119060048600659
leaf_count=2516 109 511 243 122 619 57 413 3331 778 122 205 557 259 1452 849 24 327 46 9 56 325 424 26 253 168 147 110 36 27 210
internal_value=-0.000254809 -0.00168498 -0.000152978 -0.0103965 0.000646183 0.00632588 -0.00118911 0.000571857 -0.0102939 0.00812623 0.0127751 0.013014 -0.0091496 -0.0138343 0.0194214 -0.00151324 -0.00706039 0.0230148 -0.0167482 -0.0177888 0.00753445 0.00163722 0.00784035 0.012425 -0.0168131 0.000944389 -0.0111945 -0.0141246 0.0248822 0.0126213
internal_weight=126.381 108.946 93.811 15.1355 90.2624 21.8454 68.417 57.8381 10.5789 17.4341 15.6795 11.5425 6.16587 13.0327 6.76288 5.89154 4.7429 5.71692 10.9445 10.7002 2.10286 4.77967 2.78183 2.52996 3.54861 2.0882 4.09185 3.55577 5.37466 1.14864
internal_count=14331 11211 8589 2622 8178 1140 7038 5847 1191 3120 824 2291 316 1786 1031 829 595 922 1517 1508 836 1260 836 810 411 269 473 363 876 234
is_linear=0
shrinkage=0.03


Tree=83
num_leaves=31
num_cat=0
split_feature=41 38 50 9 32 10 38 38 50 39 40 42 39 18 0 0 10 24 36 32 15 25 41 42 39 27 45 40 23 38
split_gain=1.5574 1.19518 1.16664 1.22737 1.20798 1.20869 1.16826 1.47855 1.00709 1.24252 0.847835 1.14905 0.82662 0.904144 0.755625 0.73772 0.576935 0.625766 0.540182 0.529764 0.520892 0.505573 0.575836 0.53399 0.658148 0.460327 0.449156 0.435064 0.431745 0.377503
threshold=0.9915316402912141 0.71875000000000011 0.31663674116134649 0.42727029323577886 0.036772128194570548 1.0000000180025095e-35 0.53125000000000011 0.59375000000000011 0.24958585202693942 0.9522836208343507 0.56766384840011608 0.27374686300754553 0.80805805325508129 0.16015625000000003 4.6359872817993173 5.7443623542785653 1.0000000180025095e-35 0.28787769377231603 0.16508842259645465 0.038273228332400329 0.2225274741649628 0.24501974880695346 0.80680429935455333 0.96238207817077648 0.85437244176864635 0.94586923718452465 0.37961477041244512 0.79020264744758617 0.48810476064682012 0.40625000000000006
decision_type=2 2 2 2 2 2 2 2 2 2 2 2 2 2 2 2 2 2 2 2 2 2 2 2 2 2 2 2 2 2
left_child=1 2 3 8 5 26 15 -8 9 -1 19 -12 18 -14 -3 -6 -13 -18 -5 29 -7 23 -23 24 -16 -21 -4 -10 -27 -2
right_child=10 14 4 12 6 20 7 -9 27 -11 11 16 13 -15 21 -17 17 -19 -20 25 -22 22 -24 -25 -26 28 -28 -29 -30 -31
leaf_value=-0.00073121427509348054 -0.0042179960025504615 0.0043324951588271784 0.019490935092147343 0.0080907702237533862 0 0.0065885469600867599 0.013625183170592655 -0.01153819446138714 -0.00058667553232876661 -0.01926563913670153 -0.010583335610801069 -0.00079846586433342205 -0.0096666928958554898 0.0063969756573287132 0.0039832769218735662 -0.019986493646980165 0.025501853805569626 0.0065944128914624143 -0.011391824936614907 0.0043798540814469645 -0.0097973122766932073 -0.0091972671123345551 0.012205206634247172 0.0022383550255913511 -0.018888984391783013 0.0033309220171199444 -0.0049641819123605073 0.014845962973834174 -0.016941128717851264 0.014359711026884586
leaf_weight=7.8255005199753231 0.65497586829588117 2.2889091055112649 2.6631488579150777 0.75434628914808755 2.3419832704821628 1.5527758241514673 2.8526221759530008 3.6230710397940129 3.3923808493709648 5.1702668448269833 0.89859339327085663 1.2631085931789119 2.3779503577679852 43.338546502491226 0.69214070850284493 8.0419635180296591 4.401725508621892 4.3139514968497679 3.8662531966110691 1.4220514417393131 4.287888928578468 1.6435827227396651 0.97783502144739021 0.97081098833587098 8.8366469790780666 0.61082988727139342 0.18283892248291511 1.5883030166296519 2.3662821646139491 1.7189405035751404
leaf_count=612 175 823 494 95 224 228 334 397 222 331 102 124 198 3568 54 805 918 592 350 337 578 215 130 66 1311 41 26 115 295 531
internal_value=-0.000382408 -0.0017577 -0.000413705 0.00160515 -0.00578246 0.00284292 -0.0103049 0 -0.00487333 -0.00916902 0.00760859 0.0124519 0.00402706 0.00530817 -0.00923693 -0.0160921 0.0155745 0.0180941 -0.00680381 -0.000384959 -0.00467616 -0.0119557 0 -0.014666 -0.0167222 -0.00649264 0.0162576 0.00549251 -0.0122358 0.00861388
internal_weight=126.92 109.27 93.8598 68.3135 25.5463 8.68665 16.8596 6.47569 17.9765 12.9958 17.6505 10.8774 50.3371 45.7165 15.4099 10.3839 9.97879 8.71568 4.6206 6.77308 5.84066 13.121 2.62142 10.4996 9.52879 4.39916 2.84599 4.98068 2.97711 2.37392
internal_count=14291 11176 8577 5491 3086 1326 1760 731 1280 943 3115 1736 4211 3766 2599 1029 1634 1510 445 1379 806 1776 345 1431 1365 673 520 337 336 706
is_linear=0
shrinkage=0.03


Tree=84
num_leaves=31
num_cat=0
split_feature=41 31 13 24 50 14 4 47 6 32 41 24 28 35 3 4 14 13 32 6 36 50 14 35 40 3 21 38 34 3
split_gain=1.63229 1.19843 1.06148 1.0908 1.46337 1.67301 1.05398 1.2857 1.05066 0.998668 0.96745 0.963947 0.98135 0.946899 0.914232 0.873242 0.734015 0.726061 0.723226 0.764449 0.812792 0.709132 0.706256 0.6035 0.591297 0.54127 0.672993 0.488981 0.457196 0.441233
threshold=0.9915316402912141 0.03816704452037812 29.983133316040043 0.29476444423198706 0.22656093537807467 16.21002292633057 0.90943261981010448 0.41701680421829229 0.17760815471410754 0.038341592997312553 0.86845839023590099 0.23706092685461047 0.93750372529029857 0.43618023395538336 0.64220941066741954 0.98343965411186229 10.596415996551515 36.338956832885749 0.04913380183279515 0.045588932931423194 0.3235659152269364 0.29510468244552618 2.8820670843124394 0.77168217301368724 0.47256921231746679 0.13259399682283404 58.80177307128907 0.90625000000000011 0.52059483528137218 0.055684665217995651
decision_type=2 2 2 2 2 2 2 2 2 2 2 2 2 2 2 2 2 2 2 2 2 2 2 2 2 2 2 2 2 2
left_child=1 6 18 11 13 -6 9 16 14 10 -1 17 -13 -5 -9 22 -8 -4 19 -3 -21 -20 23 27 -12 26 -17 -2 -27 -11
right_child=15 2 3 4 5 -7 7 8 -10 29 24 12 -14 -15 -16 25 -18 -19 21 20 -22 -23 -24 -25 -26 28 -28 -29 -30 -31
leaf_value=-0.01001812346864955 0.022372713548060669 -0.0058083600856135616 -0.011380491748566693 0.0053598130666329307 0.016175225880393565 -0.010994501969375585 9.0850379420854174e-06 0.0083109653650772705 -0.013497246411302672 0.0018128994893897442 -0.0061914106996585738 -0.020259003402577479 0 -0.016198246903871113 -0.0015205779197850035 -0.018017860536206728 -0.021762067339729955 0.0038147744103961389 -0.016217269055568983 0.018808871499884788 -0.008113681199337015 0.0083545493986079394 0.0004178539529176701 -0.0017861733016289135 0.013907948489744493 0.013072834329327265 0.0073013194089673857 0 -0.0042092082854244409 -0.01840739483640718
leaf_weight=3.1873246296890994 6.3809906429087295 1.4429404232650975 4.0292929292772914 1.8255153312129531 5.4590863075281959 2.0212404538324336 2.3520271730376399 33.830069846844708 1.6245834704895958 0.6696750393602996 0.9307122510508633 10.140363935395724 2.803498196808504 4.8722760475357063 10.259519940052995 1.6620715502067462 1.6709317602508234 5.271776885521831 1.6634003515355291 4.2434816856912221 0.48123656935058523 0.77884826002991747 3.5308423049282274 0.87787752560689103 3.7162852558249142 2.0090056413318966 0.58621139253955323 0.85880081879440684 1.5073294441681353 4.2231119879288599
leaf_count=437 1163 175 442 163 522 207 146 2379 175 76 133 1355 401 455 519 166 116 854 320 1475 22 98 671 418 247 297 141 76 230 414
internal_value=0.000121921 -0.00125663 -0.00494746 -0.00718357 -0.000376608 0.00804924 0.00139299 0.00340641 0.00494338 -0.00593177 0.000644179 -0.0111902 -0.0162655 -0.0099998 0.00597367 0.00840119 -0.0109685 -0.00294245 0.00396306 0.0092661 0.0146043 -0.00735903 0.012831 0.0172632 0.0089676 -0.000680162 -0.0102772 0.0198736 0.00570869 -0.0152928
internal_weight=124.91 107.497 45.033 36.4231 14.1781 7.48033 62.4642 49.7371 45.7142 12.7271 7.83432 22.2449 12.9439 6.69779 44.0896 17.4131 4.02296 9.30107 8.60991 6.16766 4.72472 2.44225 11.6485 8.11767 4.647 5.76462 2.24828 7.23979 3.51634 4.89279
internal_count=14293 11131 6489 4399 1347 729 4642 3335 3073 1307 817 3052 1756 618 2898 3162 262 1296 2090 1672 1497 418 2328 1657 380 834 307 1239 527 490
is_linear=0
shrinkage=0.03


Tree=85
num_leaves=31
num_cat=0
split_feature=0 31 3 4 37 41 37 49 39 10 45 30 24 11 47 35 30 32 0 32 39 32 45 7 46 48 18 24 7 36
split_gain=1.39394 1.54336 1.34979 1.18477 1.35374 1.28214 1.16035 1.36911 1.30327 1.22949 1.15344 1.0405 0.953539 1.21055 0.994952 1.40212 0.908368 0.888671 0.884419 0.738674 0.676504 0.67281 0.627245 0.58238 0.572523 0.519191 0.486391 0.460437 0.429762 0.428048
threshold=4.6359872817993173 0.041222635656595237 0.31766808032989508 0.9116569757461549 0.14145383238792422 0.77191093564033519 0.16586644947528842 0.43968327343463903 0.92329698801040661 1.0000000180025095e-35 0.17618986219167712 0.12890625000000003 0.29476444423198706 0.87500000000000011 0.78403154015541088 0.67216244339942943 0.36328125000000006 0.035566134378314025 13.113867759704592 0.053566453978419311 0.85157442092895519 0.038799794390797622 0.10658817365765573 3.0204923152923588 0.9944521188735963 0.29540146887302404 0.55078125000000011 0.32554814219474798 2.5729877948760991 0.25941443443298345
decision_type=2 2 2 2 2 2 2 2 2 2 2 2 2 2 2 2 2 2 2 2 2 2 2 2 2 2 2 2 2 2
left_child=2 3 19 4 22 -6 7 17 -9 11 -11 -8 13 18 15 24 -4 -5 20 29 -3 -7 28 -16 -14 -15 -17 -24 -2 -1
right_child=1 12 16 6 5 21 9 8 -10 10 -12 -13 14 25 23 26 -18 -19 -20 -21 -22 -23 27 -25 -26 -27 -28 -29 -30 -31
leaf_value=0.020618159404211661 0.01196069760525823 0.003707350553294941 -0.010318151893798642 0.0088731851639371386 -0.010870412098920765 0.016929888195829999 -0.011793454078483701 0.0028330890396307605 0.019623517192088557 0.0014297002123739 -0.012462729442021241 0.015963914309771149 0.0065175479697465542 0.017932892436233555 -0.0067510115993627811 0.018395510147830561 0.010374614648146725 -0.01145350900122225 0.007113682159034693 -0.0052809231291488408 -0.014679865743172392 -0.0022041546150585135 -0.020216147089483195 0.015112760554057541 -0.014688808753792694 -0.0033978231472638815 -0.0050158890882396221 0.00082390161056034505 -0.007094217094750558 0.0065581323976271729
leaf_weight=6.2110491515049961 0.68497114605270537 1.3123913753661423 4.3494709586957461 2.2713533830537953 2.6972045653965306 3.9228622691298369 0.62397859158227476 8.1394352184652252 9.8621604268555512 13.773646877030844 7.3479431281739371 4.9989394144795369 0.56732816237490435 1.0796949274663341 0.57858507672790338 1.5609645016957072 1.9183771801472174 3.6127627382811625 1.3051161420589767 1.0768232448899642 18.578721977042733 1.7957329361670415 5.1427655827137642 3.8322182272095233 5.9287904065713519 1.1441316166892646 0.40150704811094318 0.6985852044308557 1.8957432140014132 5.6387289718550164
leaf_count=1712 53 205 619 279 328 405 35 570 581 828 418 425 28 197 92 162 502 391 470 230 2428 203 621 386 623 86 42 114 214 1043
internal_value=0.000512657 -0.000857066 0.00774119 0.00179292 -0.00483141 0.0032914 0.00410495 0.00876976 0.0127382 -0.000119016 -0.00361259 0.0111151 -0.00578023 -0.00927241 0.000568952 -0.00512551 -0.00301597 -0.00302217 -0.0115534 0.0130146 -0.0132037 0.0110412 -0.0127544 0.0109727 -0.0118142 0.00837811 0.0125167 -0.0175088 0 0.0151922
internal_weight=122.952 103.758 19.1944 67.4681 16.8379 8.4158 50.6302 23.8857 18.0016 26.7445 21.1216 5.62292 36.2894 23.4201 12.8694 8.45859 6.26785 5.88412 21.1962 12.9266 19.8911 5.7186 8.42207 4.4108 6.49612 2.22383 1.96247 5.84135 2.58071 11.8498
internal_count=14290 10184 4106 5465 1938 936 3527 1821 1151 1706 1246 460 4719 3386 1333 855 1121 670 3103 2985 2633 608 1002 478 651 283 204 735 267 2755
is_linear=0
shrinkage=0.03


Tree=86
num_leaves=31
num_cat=0
split_feature=41 5 44 4 13 37 39 50 39 19 43 45 21 30 23 31 10 25 37 7 20 40 19 49 50 49 15 35 4 50
split_gain=1.60047 1.30929 1.17096 0.999694 1.75385 1.71168 1.53139 1.36082 1.0709 1.07082 0.91644 0.901617 0.703936 0.726775 0.789359 0.639018 0.467429 0.460646 0.426624 0.411034 0.464082 0.382117 0.337692 0.329049 0.289655 0.46392 0.268669 0.268335 0.2476 0.243893
threshold=0.99670004844665538 0.54919657111167919 0.45584416389465338 0.95605885982513439 33.300685882568366 0.16808083653450015 0.8800005614757539 0.26563872396945959 0.93704754114151012 0.034161712974309928 0.65616390109062206 0.19594390690326693 54.686992645263679 0.51953125000000011 0.49557372927665716 0.034451492130756385 1.0000000180025095e-35 0.1875632926821709 0.098008144646883025 10.00519895553589 0.04800542630255223 0.35906963050365454 0.076252412050962462 0.41047483682632452 0.13230984658002856 0.19043086469173434 0.86190477013587963 0.60800582170486461 0.90218749642372142 0.28498767316341406
decision_type=2 2 2 2 2 2 2 2 2 2 2 2 2 2 2 2 2 2 2 2 2 2 2 2 2 2 2 2 2 2
left_child=1 2 3 4 9 8 -7 -6 -5 -1 19 15 18 14 22 -4 -15 27 21 20 28 -2 -14 -22 -16 -26 -19 -12 -3 -29
right_child=12 10 11 5 7 6 -8 -9 -10 -11 17 -13 13 16 24 -17 -18 26 -20 -21 23 -23 -24 -25 25 -27 -28 29 -30 -31
leaf_value=-0.0071648617044399281 0.011446970706662139 -0.00097081832571806821 -0.02002699384668712 0.0020858735420521456 -0.011595083295540065 0.010571102777661724 -0.005196035255487356 0.0011770659304285367 0.017150997199819683 0.0092611902250037646 -0.011862551796423643 0.0058749159111864176 -0.0029299822590849295 -0.0022955501591271194 0.0025964058313028776 0.0038450842782717359 0.019639538421072057 0.013291085556936522 0.023973629347698904 0.0033178773815646695 0.0091031716403819542 -0.0076872470933455469 0.015195278513277009 -0.0087835171864815102 -0.020528397235614535 0.0034726108254346908 -0.0031158374212498412 0.0098547845697927929 -0.020286973710500398 -0.0062839912117026815
leaf_weight=3.6965505206899278 0.92464486131211543 1.1231599359889477 4.5170593712246037 8.1146992939029605 16.910845515201803 6.728166770219107 18.438193112022418 11.959139207334372 10.280004214335348 13.691364283688015 1.6273284066701301 1.4061362835345788 0.78739022597437713 0.68187196692451846 0.32211014544009264 0.64226252667140205 1.717195721459575 1.8646100684127307 2.9106437201844528 0.53495142649626437 0.71528700867202111 0.74931526527507231 1.0554756960191296 0.99613700993359089 1.9860361721366646 0.36160011374158774 0.47224896328407329 0.7606672389374578 6.5894996229471872 0.50014327999087982
leaf_count=427 277 320 180 863 1369 572 1997 1419 698 1919 208 58 65 50 22 45 237 384 802 32 136 115 105 73 248 52 93 97 1283 157
internal_value=9.69375e-06 -0.00109708 0.000196283 0.00116886 -0.00184127 0.00440225 -0.000623178 -0.00634162 0.01111 0.00540623 -0.00899721 -0.0111083 0.010219 0.00282654 -0.00383502 -0.0164264 0.0136813 0.000681732 0.0183247 -0.0139478 -0.01544 0.00208826 0.0080892 0 -0.0128449 -0.0160024 0.00913628 -0.00597785 -0.0182527 0.00217803
internal_weight=123.065 111.568 96.3844 89.819 46.2579 43.5611 25.1664 28.87 18.3947 17.3879 15.184 6.56546 11.4963 6.91168 4.51261 5.15932 2.39907 5.225 4.5846 9.95904 9.42408 1.67396 1.84287 1.71142 2.66975 2.34764 2.33686 2.88814 7.71266 1.26081
internal_count=14303 12330 9547 9264 5134 4130 2569 2788 1561 2346 2783 283 1973 779 492 225 287 939 1194 1844 1812 392 170 209 322 300 477 462 1603 254
is_linear=0
shrinkage=0.03


Tree=87
num_leaves=31
num_cat=0
split_feature=41 45 31 34 11 29 14 32 22 34 30 50 39 50 48 35 18 7 4 37 39 24 24 48 35 45 41 23 34 22
split_gain=1.38957 1.29211 1.43062 1.99899 1.16388 1.19688 1.09341 1.16185 1.0778 1.05143 0.988433 0.942186 0.772353 0.747644 0.743128 0.709253 0.621554 0.585952 0.574806 0.631015 0.535412 0.460232 0.459885 0.445139 0.396255 0.387393 0.362445 0.344019 0.319707 0.31227
threshold=0.99229732155799877 0.051358580589294441 0.030643598176538948 0.42481905221939092 0.62500000000000011 0.92568171024322521 4.0145566463470468 0.051567858085036285 0.54971992969512951 0.62732064723968517 0.16796875000000003 0.26444309949874883 0.86127284169197094 0.30554966628551489 0.25535069406032568 0.6484646499156953 0.36328125000000006 3.2090275287628178 0.98343965411186229 0.26015464961528784 0.95088404417037975 0.28153879940509802 0.26724271476268774 0.41320650279521948 0.48522941768169409 0.31578941643238073 0.69247347116470348 0.64495986700057995 0.49232208728790289 0.38681267201900488
decision_type=2 2 2 2 2 2 2 2 2 2 2 2 2 2 2 2 2 2 2 2 2 2 2 2 2 2 2 2 2 2
left_child=1 8 3 10 5 26 7 -6 17 11 24 -5 -7 -12 -8 18 -11 -1 19 29 22 25 -10 -19 -3 -17 -4 -23 -20 -2
right_child=15 2 4 9 6 12 14 -9 20 16 13 -13 -14 -15 -16 21 -18 23 28 -21 -22 27 -24 -25 -26 -27 -28 -29 -30 -31
leaf_value=0 0 0.0010297735739932413 -0.0024390944047798483 0.0032710563708747789 0.013853789267899796 0.00010938015506767464 0.0059224443869229648 -0.010886071685251554 0.01192254227081839 -0.015193416209532943 -0.0081163871952030179 0.016950046906466502 -0.010437841842006343 0.012328584284226018 -0.016773006466775684 0.011550375735431068 0.0022285470460142133 0.022602980399745724 0.010150013452170667 -0.0010025114535541059 -0.01578619013471716 -0.012440826783547944 -0.0084799972432173815 0 -0.019085859903101434 -0.0059530487799878814 0.013351338417072553 0.0044416616957881714 -0.0039038621259435786 0.023674125917889026
leaf_weight=1.8868855228065493 0.82140079454984682 0.60151023778598567 1.3127495940352667 11.100374463654594 6.7700966281554411 6.7785542143683406 1.194788111461093 1.2498627466266041 1.3800986818096141 1.6517130868742231 2.3870710532137309 8.5296312721620762 37.151263106017723 2.0129842864553211 2.4274256265780423 2.5597374363569538 4.7385233123495709 4.0550073118065484 1.4081028531072664 1.0191123738186432 1.1060524949280077 2.2595951387193058 0.64797467587050039 0.8664212692528962 4.645136081147939 0.68410392402438436 2.1832514950365294 0.69234650689759281 2.4551024982356466 4.4463447968591936
leaf_count=155 134 29 423 650 1407 539 395 222 95 121 173 839 3876 192 268 760 290 349 192 71 134 304 91 91 313 95 665 381 287 759
internal_value=-1.69578e-05 -0.00133285 -0.00246172 0.00218646 -0.00530803 -0.00738256 0.00282099 0.00888619 0.00839117 0.00653616 -0.00877624 0.00989378 -0.00877738 0.0012324 -0.00897616 0.007828 -0.00331519 0.0145568 0.0123522 0.0173976 -0.00455829 0 0.00376543 0.0191959 -0.0165037 0.00661918 0.00753106 -0.00760012 0.00163555 0.021028
internal_weight=121.023 104.677 94.7349 35.6669 59.068 47.4258 11.6422 8.01996 9.94244 26.0202 9.6467 19.63 43.9298 4.40006 3.62221 16.3458 6.39024 6.80831 10.1501 6.28686 3.13413 6.19578 2.02807 4.92143 5.24665 3.24384 3.496 2.95194 3.86321 5.26775
internal_count=14300 11317 10402 2607 7795 5503 2292 1629 915 1900 707 1489 4415 365 663 2983 411 595 1443 964 320 1540 186 440 342 855 1088 685 479 893
is_linear=0
shrinkage=0.03


Tree=88
num_leaves=31
num_cat=0
split_feature=13 49 14 16 35 7 48 32 43 42 16 0 34 16 27 5 14 32 7 0 6 49 22 21 43 44 36 32 34 46
split_gain=1.29247 1.76249 1.63499 1.4985 1.82612 1.66063 1.44962 1.33737 2.00204 1.43786 1.26641 1.43341 0.975739 1.56115 0.954925 1.44565 0.847962 0.835158 0.863785 0.808562 0.805598 0.966639 0.781775 0.838345 0.781678 0.671139 0.664885 0.641916 0.727012 0.691559
threshold=26.480503082275394 0.84271362423896801 2.108245968818665 0.41308593750000006 0.52293312549591076 3.9958169460296635 0.42400975525379186 0.038750734180212028 0.4858922958374024 0.49166435003280645 0.28613281250000006 5.4841237068176278 0.39824938774108892 0.39550781250000006 0.91884064674377453 0.086893361061811461 22.016265869140629 0.033646751195192344 2.8771004676818852 5.7443623542785653 0.097705878317356123 0.56104692816734325 0.57436838746070873 61.774597167968757 0.45660804212093359 0.14760348945856097 0.27675867080688482 0.04913380183279515 0.53720495104789745 0.99043041467666637
decision_type=2 2 2 2 2 2 2 2 2 2 2 2 2 2 2 2 2 2 2 2 2 2 2 2 2 2 2 2 2 2
left_child=2 7 27 4 6 -5 24 8 17 14 -6 -12 13 -11 26 -16 -7 -2 -19 -14 21 -10 23 -4 -3 -22 -9 29 -29 -1
right_child=1 3 22 5 10 16 -8 9 20 12 11 -13 19 -15 15 -17 -18 18 -20 -21 25 -23 -24 -25 -26 -27 -28 28 -30 -31
leaf_value=-0.0065676483732037697 0.0025861237877559174 0.018822103062011333 -0.012806045530486559 -0.022541094619961184 -0.0052733028342603107 0.013706315983306664 -0.015004363454524839 0.014214215667509505 0.015884698828453038 -0.014250178709454176 -0.0097516486553648751 0.021280714060700302 0 0.016257277101309184 0.0077524811608090799 -0.011993772560690921 -0.010702410455572513 0.0048437468721623583 -0.016781523408506312 -0.018219721967094944 -0.0057902467121896837 -0.00074018177679459622 0.01172375543543545 0.0045877308113345654 -0.0062406338502299903 0.010900584774166736 -0.007442765806024397 0.012484028910397377 -0.012943078220497079 0.018541857637475199
leaf_weight=0.41866476240102457 3.418141329108038 1.8332216516137188 5.4765312150848313 2.4519314370118073 1.7800302199029818 2.4885014323954242 3.5828315896796994 3.7364182226738221 8.1063551080005727 2.1825763611122992 0.79412182466330605 10.636446382355642 2.2088041755487238 1.8708371721440924 4.0062720555288243 8.9391193545889092 1.0032167474564628 1.325516059412619 7.9910648671211675 15.406610899270161 6.746809452903106 4.1715105077309991 1.7112276931002259 3.0693469662364805 0.98292743274942029 1.9745788350119253 0.83702269062632684 0.89771235649823156 1.142421972210286 8.7898826254968281
leaf_count=16 567 61 888 250 142 319 226 414 772 310 39 519 423 138 371 842 103 126 830 1766 1015 421 498 645 71 155 115 199 118 1944
internal_value=-0.000435506 -0.00192381 0.0060288 0.00467857 0.00866909 -0.0074075 -0.00375863 -0.00431 5.72544e-06 -0.00800746 0.0147409 0.0182724 -0.013016 0 -0.00128218 -0.00554997 0.00520408 -0.0088967 -0.0132427 -0.015921 0.00569986 0.01038 -0.00235264 -0.00641844 0.00994523 -0.000970159 0.00908809 0.0134845 -0.000341577 0.0165749
internal_weight=119.981 98.4749 21.5058 25.5532 19.6096 5.94365 6.39898 72.9216 33.734 39.1877 13.2106 11.4306 21.6688 4.05341 17.5188 12.9454 3.49172 12.7347 9.31658 17.6154 20.9993 12.2779 10.2571 8.54588 2.81615 8.72139 4.57344 11.2487 2.04013 9.20855
internal_count=14303 9995 4308 1730 1058 672 358 8265 3886 4379 700 558 2637 448 1742 1213 422 1523 956 2189 2363 1193 2031 1533 132 1170 529 2277 317 1960
is_linear=0
shrinkage=0.03


Tree=89
num_leaves=31
num_cat=0
split_feature=0 31 3 3 14 34 24 39 34 39 33 15 48 2 5 39 37 24 0 32 10 33 3 6 3 7 48 32 22 23
split_gain=1.34135 1.97333 1.85676 1.69337 1.51054 1.65693 1.45097 1.79504 1.25615 1.10213 0.98676 0.967374 0.961506 1.15311 0.980523 0.918689 0.846385 0.930734 0.777308 0.75588 0.826984 0.695777 0.661014 0.644579 0.619139 0.608072 0.575943 0.515094 0.502289 0.498524
threshold=6.1927027702331552 0.029975064098834995 0.96981966495513927 0.96981966495513927 6.4637119770050058 0.55648416280746471 0.29476444423198706 0.92718875408172619 0.50861385464668285 0.96880593895912182 46.879655838012702 0.29670330882072454 0.4543979167938233 0.54687500000000011 0.24039929360151294 0.88737508654594432 0.079818625003099455 0.24705795943737033 10.098805427551271 0.048148050904273994 0.62500000000000011 65.948329925537124 0.44524689018726354 0.13478714972734454 0.15482424199581149 1.7426428198814394 0.24926230311393741 0.039368109777569778 0.43894858658313757 0.7681483030319215
decision_type=2 2 2 2 2 2 2 2 2 2 2 2 2 2 2 2 2 2 2 2 2 2 2 2 2 2 2 2 2 2
left_child=4 2 12 6 5 10 16 18 -9 11 23 28 13 21 -14 -15 -3 -18 -8 20 -12 -2 -16 25 -21 -1 -6 -5 -7 -4
right_child=1 3 29 27 26 9 7 8 -10 -11 19 -13 14 15 22 -17 17 -19 -20 24 -22 -23 -24 -25 -26 -27 -28 -29 -30 -31
leaf_value=-0.0064263659649370537 0.016194683115981642 0.0076947258042747869 -0.020870768375061202 -0.0040072342652455236 0.0056011180493009891 -0.0064339477206592447 -0.01870800282380489 0.012387289592177782 -0.0045901642486135055 -0.018590126904603984 0 -0.0061097631136230032 -0.013662812211285763 -0.015826594917698285 0.016535321913899569 0.0075140791584620238 -0.0052467688745090812 -0.01732535654822747 0.0027427191385278539 0.013491345898949104 0.020143232914390078 -0.00096337479808459399 -0.0068221652566903615 -0.012164729324125111 -0.0060377635043588262 0.01261817255729111 -0.013758646916477909 0.020026834894469724 0.015473107649929091 0.0020847188081207077
leaf_weight=1.3750776915112535 13.241300542584222 1.2037653657025682 2.0621668630337804 0.44724740067613256 1.018289859406649 0.3783888381440178 4.3760939256753799 8.1583547634072584 5.817011115148488 1.9430622717773065 2.0125235860468829 4.6454705353098689 2.8267196701053754 1.7055878762621421 1.7067875908687713 2.372395386279095 12.390970885011486 14.70342194434488 1.4846449832257347 1.4052095281658683 12.49591152134235 1.9923532509128552 0.88318324938882131 1.5185697107808662 2.6015319951693527 3.1239157700620126 4.0851039644039702 1.9990931430511407 3.6174015538417734 0.64152013510465611
leaf_count=134 891 91 114 44 211 87 303 714 637 412 288 777 330 192 126 311 1587 1854 248 259 2324 128 78 187 361 426 461 196 514 19
internal_value=0.000286329 -0.00197819 0.00434052 -0.00548097 0.00469287 0.00698012 -0.00685824 -0.000413 0.00528575 -0.00255754 0.0111515 0.00229063 0.00714766 0.0102045 -0.00317508 -0.00285149 -0.0111055 -0.0122917 -0.0132291 0.0144295 0.0174672 0.0138447 0.00805305 1.93007e-05 0.00153879 0.0061417 -0.00911943 0.0148746 0.0119255 -0.0155217
internal_weight=118.233 78.0126 27.432 50.5806 40.2205 35.1171 48.1343 19.8361 13.9754 10.5843 24.5327 8.64126 24.7283 19.3116 5.41669 4.07798 28.2982 27.0944 5.86074 18.5152 14.5084 15.2337 2.58997 6.01756 4.00674 4.49899 5.10339 2.44634 3.99579 2.70369
internal_count=14304 7863 2189 5674 6441 5769 5434 1902 1351 1790 3979 1378 2056 1522 534 503 3532 3441 551 3232 2612 1019 204 747 620 560 672 240 601 133
is_linear=0
shrinkage=0.03


Tree=90
num_leaves=31
num_cat=0
split_feature=0 15 30 24 36 47 24 41 41 37 40 41 6 36 5 49 37 47 40 35 34 1 21 33 49 35 29 32 14 34
split_gain=1.55445 1.49928 1.37475 1.5918 1.33296 1.23754 1.02141 1.00632 1.08308 1.37033 1.34641 0.99897 0.899062 0.882338 0.86968 0.83251 0.813119 0.768443 0.742982 1.37391 0.663139 0.630522 0.773804 0.605613 0.60173 0.770238 0.795448 0.598936 0.547602 0.522508
threshold=6.4215145111083993 0.27619048953056341 0.26171875000000006 0.30139684677124029 0.33418841660022741 0.56206312775611889 0.2464561462402344 0.38739128410816198 0.88144513964653026 0.15280535817146304 0.60584098100662243 0.69609090685844432 0.10090700909495355 0.27133378386497503 0.22085470706224444 0.41987407207489019 0.083951700478792204 0.8094821870326997 0.81237336993217479 0.61278155446052562 0.50861385464668285 0.77338722348213207 62.674823760986335 57.254573822021491 1.2850705385208132 0.59852957725524913 0.99937468767166149 0.034751625731587417 0.26808016002178198 0.50588777661323558
decision_type=2 2 2 2 2 2 2 2 2 2 2 2 2 2 2 2 2 2 2 2 2 2 2 2 2 2 2 2 2 2
left_child=1 4 7 6 24 -3 15 -2 9 14 16 29 18 -11 -9 23 -10 -12 19 -7 21 22 -5 -4 25 26 -1 -27 -13 -8
right_child=2 5 3 20 -6 12 11 8 10 13 17 28 -14 -15 -16 -17 -18 -19 -20 -21 -22 -23 -24 -25 -26 27 -28 -29 -30 -31
leaf_value=0.023125811336300279 -0.018811890823208961 -0.014094191826569838 -0.0045526508263624916 0.018861758364322415 -0.011287967870022217 0.01967238710895735 -0.010782363286837647 0.016269726520900848 0.0015760498794320774 0.0044285315098375969 -0.0081486819630370126 0.0016264122648385348 -0.0054726475343780312 -0.0072275960618353018 0 -0.011424129268103428 -0.020733337989226712 0.011727985220151043 -0.0028377922135592649 -0.0019375194114066676 -0.0067776397143062758 -0.0092895031525774534 -0.0028790585761697182 0.016219480741454084 -0.0063620989337783941 0.019158595393422049 -0.0011835389271503786 0.00064301432671509109 -0.024820931850596979 0.011306171469810217
leaf_weight=7.9188268925645477 1.2907506362535048 3.8209867673867874 1.4818309574620863 3.2916763276443799 1.355448422487824 5.6824456364847737 0.87535072291939175 8.9544386930647288 1.5171078707789982 12.972438125521878 1.8396603881556073 0.41040244151372274 6.6722017469874109 9.0016665483126399 3.7445074310817281 3.8796880734735169 4.3328956502955407 3.4301972027751617 3.846394206659169 3.726651932382083 3.5190026052878238 0.62863400671631087 1.5583344150218179 1.5993315664818508 0.602585589280351 1.2749043752846763 1.0259882191894574 6.5776057308830786 7.6232970509299776 0.97317689936608076
leaf_count=1148 62 239 250 348 46 696 146 731 253 1036 192 61 1728 793 376 559 401 260 728 611 393 19 142 319 19 340 119 1030 1006 125
internal_value=0.000123958 0.00464654 -0.00249865 -0.00792511 0.0107581 -0.000298462 -0.0131447 0.000520026 0.00151942 0.00417351 -0.00617035 -0.0189902 0.00275049 -0.000322564 0.0116281 -0.00312596 -0.0151243 0.00411776 0.00719362 0.0114613 0.001883 0.00809641 0.0120654 0.00682671 0.0131586 0.0143456 0.0201972 0.00581264 -0.0231073 0
internal_weight=115.428 42.504 72.9244 25.8407 18.7554 23.7487 16.8431 47.0837 45.7929 34.6731 11.1199 9.88223 19.9277 21.9741 12.6989 6.96085 5.85 5.26986 13.2555 9.4091 8.99765 5.47864 4.85001 3.08116 17.3999 16.7973 8.94482 7.85251 8.0337 1.84853
internal_count=14176 6704 7472 3368 2702 4002 2466 4104 4042 2936 1106 1338 3763 1829 1107 1128 654 452 2035 1307 902 509 490 569 2656 2637 1267 1370 1067 271
is_linear=0
shrinkage=0.03


Tree=91
num_leaves=31
num_cat=0
split_feature=0 12 44 24 30 15 48 36 0 22 32 30 33 20 32 50 43 29 32 22 24 27 3 3 20 33 23 47 3 36
split_gain=1.67063 1.34014 1.47396 2.14989 1.45288 1.29834 1.27857 1.27348 1.16318 1.12213 1.11485 1.05681 1.05534 0.956631 1.06436 0.958982 0.95481 0.9538 0.848566 0.812503 0.809448 0.763596 0.728453 0.658464 0.642917 0.626945 0.603648 0.576334 0.535941 0.505009
threshold=6.4215145111083993 1.2231518626213076 0.059262510389089591 0.30983379483222967 0.18359375000000003 0.27619048953056341 0.35573129355907446 0.28653083741664892 13.743603229522707 0.57597243785858165 0.039639718830585487 0.18359375000000003 53.155902862548835 0.034929255023598678 0.054847577586770065 0.21524488925933841 0.74408912658691417 0.95795142650604259 0.04913380183279515 0.4283925741910935 0.29368667304515844 0.98888477683067333 0.16819197684526446 0.70697414875030529 0.040991323068737991 57.01111030578614 0.36709009110927587 0.67101401090621959 0.3694146871566773 0.20686241984367373
decision_type=2 2 2 2 2 2 2 2 2 2 2 2 2 2 2 2 2 2 2 2 2 2 2 2 2 2 2 2 2 2
left_child=5 10 3 8 -5 7 9 18 22 20 24 19 -6 15 25 -4 -13 -17 21 -9 28 26 -3 -12 29 -15 -1 -8 -7 -2
right_child=1 2 13 4 12 6 27 11 -10 -11 23 16 -14 14 -16 17 -18 -19 -20 -21 -22 -23 -24 -25 -26 -27 -28 -29 -30 -31
leaf_value=0 -0.0016872082808552691 -0.0068337329346261225 -0.0053943894205611938 -0.015895040185166937 0.019262645048779389 0.00057681599722187078 -0.016319884841242232 -0.0071234853353400176 0.011144335967768928 0.015153429880751369 -0.013143737063972432 -0.018792317286262496 -0.00073105191701764458 0 0.012674908173826022 0 0.0089275065021706644 0.02050838055725809 -0.001050408321289082 0.018459892127471834 0.011417692691963556 -0.0038020876233242655 -0.020391181138272405 0.0076826650896427559 -0.0035485080497815514 -0.010651750832181664 0.022450449332926385 0 -0.012161671467906632 0.019538930688060466
leaf_weight=1.1962671671062715 0.72711851703934183 7.8610539233195693 3.0500213202612922 2.0130502841784601 3.1389013782027178 6.1350785005852284 4.1542846029478815 0.88254308328032438 0.71600787446368386 4.6693823859532122 2.4891764893036457 2.5846393452666239 4.7842046293953899 8.9873103079880874 2.1057530331891021 3.300928489814396 0.75490430404897768 4.1357086598873138 2.0752913054893716 2.0653712091734633 2.6543075034860513 0.79661100835073817 12.656663263565859 1.2212188958656041 1.1208849297836421 10.702869387627286 9.1788439845258818 2.7168510209885426 3.9878592752211262 5.1224684876506217
leaf_count=90 45 930 242 160 275 1307 297 39 404 931 246 208 484 918 115 468 122 248 311 78 406 101 1543 51 57 1006 1778 434 641 345
internal_value=-0.000187826 -0.00294531 -0.00463414 -0.00917942 0.00197556 0.00436862 -0.00019363 0.00992694 -0.0143883 0.00401641 0.00636858 -0.000757549 0.00812471 -1.14398e-05 -0.00365527 0.00695977 -0.0112216 0.0124211 0.0149059 0.0101766 -0.000640282 0.0179593 -0.0158953 -0.00547638 0.0129461 -0.00607488 0.0200812 -0.0104167 -0.00481393 0.0166014
internal_weight=117.986 74.1333 63.4525 31.1699 9.93616 43.8522 24.3178 19.5345 21.2337 17.4466 10.6809 6.28746 7.92311 32.2826 21.7959 10.4867 3.33954 7.43664 13.247 2.94791 12.7772 11.1717 20.5177 3.7104 6.97047 19.6902 10.3751 6.87114 10.1229 5.84959
internal_count=14280 7537 6793 3796 919 6743 4016 2727 2877 3285 744 447 759 2997 2039 958 330 716 2280 117 2354 1969 2473 297 447 1924 1868 731 1948 390
is_linear=0
shrinkage=0.03


Tree=92
num_leaves=31
num_cat=0
split_feature=40 35 48 41 19 0 36 49 34 39 31 25 34 50 33 50 5 49 13 27 13 16 34 3 6 19 29 14 16 37
split_gain=1.25076 1.6686 1.82834 1.27334 1.22047 1.29812 1.32824 1.20611 1.50585 1.17841 1.53794 1.09087 1.15663 0.993375 0.941174 0.928686 0.857319 0.801056 0.806659 1.01898 0.963355 0.751999 0.724143 0.697406 0.686522 0.678755 0.625817 0.785567 0.609895 0.596405
threshold=0.81237336993217479 0.60800582170486461 0.49095010757446295 0.85040917992591869 0.072604585438966765 7.7988157272338876 0.22061727941036227 0.85185348987579357 0.45725728571414953 0.94146469235420238 0.023414977826178077 0.17032390087842944 0.52163463830947887 0.075161863118410124 49.719144821166999 0.3275949507951737 0.1486533731222153 0.89732366800308239 56.795116424560554 0.97403505444526683 25.322526931762699 0.25683593750000006 0.38827730715274816 0.17487901449203494 0.074409533292055144 0.12039494141936304 0.99451643228530895 21.504723548889164 0.33886718750000006 0.19710458070039752
decision_type=2 2 2 2 2 2 2 2 2 2 2 2 2 2 2 2 2 2 2 2 2 2 2 2 2 2 2 2 2 2
left_child=1 2 4 7 5 23 -7 25 16 17 -11 -5 15 -6 21 28 -9 18 20 -20 -3 -12 -16 -1 -14 29 27 -10 -13 -2
right_child=3 9 -4 11 13 6 -8 8 26 10 14 12 24 -15 22 -17 -18 -19 19 -21 -22 -23 -24 -25 -26 -27 -28 -29 -30 -31
leaf_value=0.0013556140122631967 0 0.0065551077805512991 -0.011619388494987138 -0.011029552924210505 -0.0042377831474571161 0.010271176029816052 -0.015925735164399012 -0.019860498840692568 0.022673879985677537 0.020461416656541265 -0.0048617639130267365 -0.00022738737073727856 -0.013281546507466324 0.019469371735129883 0.0087842077815403138 -0.0054374695076449663 0.0041082470112985643 0.0084601934544364498 0.017068916409001857 -0.01090958635123299 -0.013077407428060097 0.013690490991218282 -0.0091764702553462658 0.01580533946248467 0.0051229436374101329 0.0078519578132641103 -0.0020154660619310172 -0.0056053066488899617 0.021441641783067077 -0.016426185222134466
leaf_weight=6.2133504625817348 2.3521369696536576 1.7892097297153764 2.9705960747378404 2.924289643589872 1.225292234274092 1.7767744893208135 3.7035773914249148 2.4365087311598459 2.7902426054351968 3.1029206372040816 2.0391956688545205 1.075037032016551 2.3070629275171086 11.722219135612248 1.5466832021193102 1.2135962799657134 1.4414909130136946 2.0748931714042547 1.6190126723377027 1.096350956126116 14.498034979988004 4.8705895472376142 8.5824870807700773 6.4575057608599309 2.9392703904595692 0.58536941348575133 1.6388646396808324 0.51155956462025631 5.3823538314900361 12.498546585542497
leaf_count=686 239 538 211 447 117 69 348 213 318 314 431 77 302 845 161 205 198 145 221 132 1740 486 1519 820 698 175 142 62 902 1519
internal_value=0.000684423 0.00297329 0.00779562 -0.00350814 0.0100478 0.00439971 -0.00669519 -0.00774058 0.000807409 -0.00103173 0.00397241 0.00286876 0.00679712 0.0168678 0 0.0136478 -0.0113203 -0.00591294 -0.00797682 0.00506906 -0.0104927 0.00791367 -0.00562152 0.0095566 -0.00332071 -0.0125586 0.0111348 0.0173106 0.0178851 -0.013997
internal_weight=115.385 75.2887 34.0693 40.0963 31.0987 18.1512 5.48035 24.2547 8.81867 41.2194 20.1419 15.8416 12.9173 12.9475 17.039 7.67099 3.878 21.0775 19.0026 2.71536 16.2872 6.90979 10.1292 12.6709 5.24633 15.4361 4.94067 3.3018 6.45739 14.8507
internal_count=14280 8783 3096 5497 2885 1923 417 2866 933 5687 2911 2631 2184 962 2597 1184 411 2776 2631 353 2278 917 1680 1506 1000 1933 522 380 979 1758
is_linear=0
shrinkage=0.03


Tree=93
num_leaves=31
num_cat=0
split_feature=41 31 3 3 48 34 46 48 14 22 47 15 1 29 32 38 2 6 37 15 37 1 10 29 7 47 34 24 41 42
split_gain=1.42878 1.11002 1.17929 1.21324 1.16169 0.934894 1.17739 0.941211 1.0284 1.11416 0.908512 0.870434 0.811326 0.706285 0.703486 0.621057 1.14766 1.17055 0.847066 0.56622 0.558036 0.553519 0.531034 0.470551 0.529671 0.464492 0.453624 0.445119 0.399262 0.357246
threshold=0.99229732155799877 0.029975064098834995 0.18117261677980426 0.99848350882530224 0.23278760164976123 0.42481905221939092 0.99806097149848949 0.46136751770973211 8.2901487350463885 0.45436300337314611 0.98797121644020092 0.29670330882072454 0.81397110223770153 0.99860748648643505 0.039368109777569778 0.59375000000000011 0.45312500000000006 0.10273755714297296 0.2188728526234627 0.51666668057441723 0.22817695140838626 0.72863891720771801 0.62500000000000011 0.955944985151291 0.14114634692668918 0.74843361973762523 0.5353534221649171 0.30983379483222967 0.998783439397812 0.25521059334278112
decision_type=2 2 2 2 2 2 2 2 2 2 2 2 2 2 2 2 2 2 2 2 2 2 2 2 2 2 2 2 2 2
left_child=1 5 15 4 21 6 11 8 10 -10 -7 -1 29 -6 -5 16 17 -3 27 22 -9 -4 -2 -24 -25 -20 -18 -17 -21 -8
right_child=19 2 3 14 13 7 12 20 9 -11 -12 -13 -14 -15 -16 18 26 -19 25 28 -22 -23 23 24 -26 -27 -28 -29 -30 -31
leaf_value=0.0035979229852618933 -0.0039485552664621278 0.021467366867535538 0.010848454720743219 -0.0092808506759928713 -0.011379850049964531 0.016609628329126526 -0.0022463640809920579 -0.011845174183140258 0.011775603096019407 -0.0062743746710502849 -0.0083832988636620819 -0.017941002443103961 -0.012254535308455192 0.0039125549331965872 0.016266867079473172 -0.013532334291660479 0.0026573826852567843 -0.0014188685731654938 -0.0044652976905155189 -0.0060255209300779178 0.0068790301893122624 -0.0064640819568257428 0 -0.0047408961390120689 0.019562440602612436 0.011591420934466398 -0.012975228859601205 0.0015245361842512108 0.0081447120898970465 0.01702378262105287
leaf_weight=1.716467919643035 0.89118439698358898 4.4056945913180261 3.2398365888075196 0.46553774026688133 30.449666655003966 10.698120064756953 0.5213209777139135 3.0474240886542239 4.2487539657740836 6.3399579245597124 0.6985384856816389 4.5117927528699511 0.52894392516463984 2.1869710905011734 2.2712802752066636 4.9293421899783407 2.8304369248653529 2.6468261665140744 1.6570281372114548 3.0010128624417112 1.1972804785764308 1.6674442344228735 1.6435073703178185 0.30429406277835358 6.7725105747813359 3.0849562122311909 1.8645167264039626 1.7764659827225839 2.2270663343078922 2.6743434208328836
leaf_count=103 206 270 852 46 3746 678 41 314 238 569 43 310 14 315 240 849 424 319 336 707 88 157 543 12 1162 650 226 207 364 232
internal_value=0.000106323 -0.0011864 -0.00357799 -0.00663889 -0.00813799 0.00291188 -0.0044478 0.00587543 0.00838863 0.00110052 0.014283 -0.0119134 0.00728045 -0.0101801 0.00979765 0.00166825 0.00634501 0.013396 -0.00301411 0.00850415 -0.00568712 0.00435955 0.012489 0.0147109 0.0176884 0.00565763 -0.00421229 -0.00947402 0 0.013379
internal_weight=114.499 99.6589 63.476 40.2807 37.5439 36.1829 9.95287 26.2301 21.9854 10.5887 11.3967 6.22826 3.72461 32.6366 2.73682 23.1953 11.7475 7.05252 11.4478 14.8396 4.2447 4.90728 9.6115 8.72031 7.0768 4.74198 4.69495 6.70581 5.22808 3.19566
internal_count=14261 11267 8637 5356 5070 2630 700 1930 1528 807 721 413 287 4061 286 3281 1239 589 2042 2994 402 1009 1923 1717 1174 986 650 1056 1071 273
is_linear=0
shrinkage=0.03


Tree=94
num_leaves=29
num_cat=0
split_feature=14 32 14 35 44 40 19 37 3 40 47 27 31 30 37 7 40 5 32 0 20 47 25 24 24 48 6 6
split_gain=1.37119 0.965283 0.891968 1.2512 0.954932 0.92503 1.33796 0.832535 0.722159 0.687038 0.680894 0.616369 0.473001 0.388091 0.382663 0.348325 0.319972 0.288111 0.278631 0.214396 0.115603 0.104812 0.113147 0.0877306 0.0794425 0.0456313 0.0399449 0.00962477
threshold=30.063309669494632 0.029918110929429535 0.20917209237813952 0.64681035280227672 0.47213622927665716 0.95209553837776195 0.031841587275266654 0.12524219602346423 0.047667471691966064 0.97629189491271984 0.78910326957702648 0.91443690657615673 0.041812436655163772 0.10546875000000001 0.1143544837832451 2.6765953302383427 0.4538585245609284 0.1236931160092354 0.052243800833821304 15.648561954498293 0.040628908202052123 0.52472344040870678 0.10263316705822946 0.22840946912765506 0.2296693101525307 0.52743408083915722 0.042741401121020324 0.095621250569820418
decision_type=2 2 2 2 2 2 2 2 2 2 2 2 2 2 2 2 2 2 2 2 2 2 2 2 2 2 2 2
left_child=1 13 3 7 5 6 -4 16 -9 -7 14 -6 19 -1 -5 -13 -3 25 -12 23 21 -15 -23 -2 -19 -14 -25 -21
right_child=12 2 4 10 11 9 -8 8 -10 -11 18 15 17 20 -16 -17 -18 24 -20 27 -22 22 -24 26 -26 -27 -28 -29
leaf_value=-0.0032481528538494523 0 0.0057561770900494535 -0.0064181959949313446 0.003373710099371297 0.0037833796598439875 -0.014999652748337687 0.0030025083295422759 0 0.024023336706061001 0.0047425114660386951 0.011286278874127267 0.00038475139750321293 0.010658193365827828 0 -0.019460090368760202 -0.020503989979211927 -0.013155643984538818 0 -0.0062003392249963991 0.0026882288594528721 0 0 0.023533340006002372 0 -0.010467501120346194 0 -0.021889707705410395 -0.00052370676387976562
leaf_weight=0.28916412024409455 0.4209974291443358 0.54566439881454953 15.867045535735086 0.27060007886029813 0.96229173033498128 4.7736079736350794 66.797731931852468 1.7038444813806561 4.4819398555846419 1.3656361023022325 1.3823602982738519 0.49365252291318062 0.54081269414746191 0.30235789704602289 1.5362022436165714 3.0977830939227715 0.58597011165693402 0.27844462351640664 0.23806856141891319 0.1556009248306508 0.2234069276601075 0.18514746357686851 1.8773067619767969 0.34883319342043284 0.79644606997317169 0.30908598710084334 2.8883000597706996 0.1348490493837744
leaf_count=18 54 27 2104 35 39 822 8260 198 423 483 285 30 48 37 147 162 35 27 17 123 12 74 265 34 109 40 295 12
internal_value=0.000143179 0.00099476 0.000413683 0.00822307 -0.000530936 0.000188457 0.0011033 0.0147201 0.0187037 -0.0101388 -0.00516272 -0.0126081 -0.0128194 0.0157155 -0.0149879 -0.0175209 -0.00420679 0 0.0061866 -0.017728 0.018985 0.0203784 0.02207 -0.0193727 -0.00777213 0.0085098 -0.020766 0
internal_weight=112.853 106.98 104.102 10.7447 93.3577 88.804 82.6648 7.31742 6.18578 6.13924 3.42723 4.55373 5.87337 2.87738 1.8068 3.59144 1.13163 1.92479 1.62043 3.94858 2.58822 2.36481 2.06245 3.65813 1.07489 0.849899 3.23713 0.29045
internal_count=14215 13473 13067 1167 11900 11669 10364 683 621 1305 484 231 742 406 182 192 62 224 302 518 388 376 339 383 136 88 329 135
is_linear=0
shrinkage=0.03


Tree=95
num_leaves=31
num_cat=0
split_feature=14 6 34 41 13 18 18 35 34 33 4 4 35 35 21 33 31 18 10 49 45 4 25 45 5 40 32 25 41 43
split_gain=1.12632 1.26501 1.20189 1.31352 1.03115 0.968263 1.01259 1.56814 0.966425 0.826405 0.8228 0.802435 1.03912 0.801824 0.688909 0.690293 0.59568 0.581209 0.562333 0.554023 0.547004 0.526824 0.466752 0.422626 0.571276 0.406133 0.567236 0.403928 0.393279 0.392571
threshold=0.23677246272563937 0.10846414789557458 0.5840192735195161 0.7197859287261964 27.108560562133793 0.17578125000000003 0.53515625000000011 0.59117528796195995 0.62063875794410717 50.348472595214851 0.91690829396247875 0.85422632098197948 0.53576689958572399 0.67216244339942943 74.722400665283217 46.879655838012702 0.026279789395630363 0.33203125000000006 0.62500000000000011 0.38630369305610662 0.032181531190872199 0.8963853418827058 0.15702964365482333 0.16800710558891299 0.16981765627861026 0.8874076008796693 0.034071747213602073 0.22956309467554095 0.81084695458412182 0.26149417459964758
decision_type=2 2 2 2 2 2 2 2 2 2 2 2 2 2 2 2 2 2 2 2 2 2 2 2 2 2 2 2 2 2
left_child=13 5 4 25 23 10 11 8 -8 -9 18 -7 -13 14 15 17 -5 -1 28 -18 -6 -20 -15 24 -3 26 -4 -12 -2 -22
right_child=1 2 3 16 20 6 7 9 -10 -11 27 12 -14 22 -16 -17 19 -19 21 -21 29 -23 -24 -25 -26 -27 -28 -29 -30 -31
leaf_value=0.010796756243215307 -0.0034239116483440416 -0.011496801072359961 0.0047064838017450905 0.022646355470360435 0.0061370715203581264 -0.0099112040369379647 0.0078194623731124013 0.0069722764387541011 -0.012266241266881441 -0.016692563582230008 -0.018940172268378633 -0.00034167559624399878 0.010129413838841353 0.0066020368771927502 -0.0085615248426968594 0.019736609721499515 0.011224399929495501 -0.012720582664625233 -0.01294810487483474 -0.007953419637646137 0 0.0092364283126700527 -0.011975867565496312 0.012780033941595792 0.010684039170802335 0.0036610416337140507 -0.018900010157515478 0.002036305820843735 0.017967329392183762 -0.013228379660056916
leaf_weight=0.95433878072071621 0.4563412768766274 1.6929768336849549 0.56575350370257993 1.9366048673400653 0.78462462243624287 1.7414449651696475 10.105101286259016 0.8506101501188813 1.6448044434364408 6.0883301863505039 3.40692005539313 11.623368721404402 25.795385777521005 1.2407403099932701 0.40414382959716011 6.1548335820843931 1.8722535556880759 0.82476239377865568 1.8981243340531366 1.4866037704341577 1.8556464356079256 0.44150558696128417 1.5437587396008892 1.6693805837421676 0.65944675369246386 1.0361728926072826 2.1866397981648333 0.49283194262534369 1.2325515047996303 19.388776853869786
leaf_count=100 41 402 38 161 92 255 969 61 203 639 294 1778 2845 246 40 646 666 29 141 243 242 49 219 455 340 57 170 27 273 2512
internal_value=0.000281349 -0.000722254 -0.00525825 0.00362572 -0.00848655 0.00169818 0.00310816 -0.00243921 0.00403094 -0.0129009 -0.00744962 0.00582511 0.00687447 0.00894271 0.0132874 0.0155699 0.0125433 0 0.00157417 0.00217083 -0.0110058 -0.00635126 -0.00334794 0.00415861 -0.00305183 -0.00822873 -0.0132871 -0.0158024 0.0119479 -0.0120212
internal_weight=112.035 100.912 35.1349 9.08403 26.0509 65.7773 57.849 18.6888 11.7499 6.93894 7.92827 39.1602 37.4188 11.1226 8.33808 7.93393 5.29546 1.7791 4.02852 3.35886 22.029 2.33963 2.7845 4.0218 2.35242 3.78857 2.75239 3.89975 1.68889 21.2444
internal_count=14233 12953 5378 1335 4043 7575 6750 1872 1172 700 825 4878 4623 1280 815 775 1070 129 504 909 2846 190 465 1197 742 265 208 321 314 2754
is_linear=0
shrinkage=0.03


Tree=96
num_leaves=31
num_cat=0
split_feature=15 40 20 24 6 0 44 1 21 38 3 5 47 39 7 48 30 42 37 25 42 0 44 44 49 14 31 31 40 45
split_gain=1.21643 1.51474 1.1104 1.15699 1.08079 0.930149 0.84121 1.07811 0.975339 1.02949 0.837793 0.824088 0.743506 1.30104 1.2937 0.992181 0.984473 0.788384 0.691564 0.672958 0.532384 0.540592 0.972534 0.526384 0.522325 0.510293 0.641296 0.487413 0.429671 0.421981
threshold=0.069047622382640853 0.82106226682662975 0.03469235077500344 0.31786529719829565 0.09819332137703897 6.8312759399414071 0.060303030535578735 0.58760738372802745 58.643022537231452 0.46875000000000006 0.22379656136035922 0.1325178071856499 0.89416399598121654 0.9610126018524171 4.1267645359039316 0.29789632558822637 0.23828125000000003 0.32366947829723364 0.17548894137144092 0.2023478373885155 0.96238207817077648 13.113867759704592 0.16843971610069278 0.029631255194544796 1.321307420730591 20.571062088012699 0.058962069451808936 0.064545225352048888 0.61358314752578746 0.24383877962827685
decision_type=2 2 2 2 2 2 2 2 2 2 2 2 2 2 2 2 2 2 2 2 2 2 2 2 2 2 2 2 2 2
left_child=2 4 3 18 12 29 7 -6 9 -8 19 -7 13 14 -2 17 -15 -14 -1 23 21 24 -23 -3 -12 26 -21 -9 -17 -4
right_child=1 10 5 -5 6 11 8 27 -10 -11 20 -13 15 16 -16 28 -18 -19 -20 25 -22 22 -24 -25 -26 -27 -28 -29 -30 -31
leaf_value=-0.01785961816394982 -0.01138357029011707 0.00014572291818584293 0.021346055933836001 0.01264681739365107 0.011476048669681292 -0.011365116198574396 -0.0043626404763633811 -0.014997970350673398 -0.012108622324286545 0.012231204748493422 -0.014687213611893088 0.011742927552995042 -0.0057919711047034151 0.017387027727483791 0.0034861326658032848 -0.011294632172472703 -0.0012915634493329137 0.019543806847286665 0.0043234622695764438 0.018685338650310909 0.0067380786342807059 0.014634682394332929 -0.014733091330698368 -0.017056790620450207 0.0010481235909396232 -0.007174182873454199 0 0.0037150082731909361 0.0065718734880338987 0.0002511275138954979
leaf_weight=2.8636699771450398 7.950062659365364 2.899092538282277 5.6983002573833783 1.7754586194350848 0.98711932409787806 1.8542008123040434 4.9418750391341728 8.7475362405311863 2.8191954249632536 6.667658507838496 15.640658001531856 1.7050283724238395 0.63765455188695153 5.5340589874831476 11.557353010910445 1.4877280677319507 3.4833600060956087 6.4482917963468935 1.1144599952967835 2.4013537814025767 0.71879184548742969 1.2869709355218213 0.79925509452004906 1.8197571097407488 1.6037284084595729 1.0951814659638328 2.7877010493684793 0.75653952767606902 1.2570952464593572 1.3402347263763656
leaf_count=304 857 570 628 129 326 160 487 1801 414 521 2103 207 102 339 986 272 369 870 241 328 75 427 54 245 88 91 596 425 136 96
internal_value=-0.000123677 -0.00147855 0.00715422 -0.00277795 0.00115568 0.0125797 -0.00355889 -0.00964768 0.00101222 0.00514392 -0.00680851 0 0.0043076 0.00158207 -0.00268718 0.0110628 0.0104635 0.0164585 -0.0114223 0 -0.0103154 -0.0113974 0.00128328 -0.00778615 -0.0130822 0.00596247 0.00993096 -0.0130109 -0.00274102 0.0182334
internal_weight=110.679 94.328 16.3514 5.75359 63.2755 10.5978 24.9199 10.4912 14.4287 11.6095 31.0525 3.55923 38.3556 28.5248 19.5074 9.83077 9.01742 7.08595 3.97813 11.0031 20.0494 19.3306 2.08623 4.71885 17.2444 6.28424 5.18905 9.50408 2.74482 7.03853
internal_count=14247 12482 1765 674 7905 1091 3974 2552 1422 1008 4577 367 3931 2551 1843 1380 708 972 545 1830 2747 2672 481 815 2191 1015 924 2226 408 724
is_linear=0
shrinkage=0.03


Tree=97
num_leaves=31
num_cat=0
split_feature=41 49 49 28 32 27 7 41 35 40 7 14 39 14 23 27 40 36 43 29 4 37 10 7 27 28 40 39 33 39
split_gain=1.21715 1.31875 1.84675 0.975183 0.930332 1.05255 1.39448 1.03753 1.03145 1.05871 0.778934 0.711369 0.642343 0.635288 0.753739 0.549985 0.503602 0.487837 0.472481 0.4781 0.449241 0.412266 0.407422 0.425901 0.37639 0.344061 0.35111 0.313189 0.297309 0.279256
threshold=0.99108582735061657 0.94084015488624584 1.1177749633789065 0.8967769742012025 0.031113035976886753 0.98259004950523388 10.74187231063843 0.82684683799743663 0.5410134792327882 0.93035742640495311 4.8125944137573251 2.0213369131088261 0.96604442596435558 4.1124229431152353 0.40385685861110693 0.94464564323425304 0.59586066007614147 0.33418841660022741 0.37665674090385443 0.99776142835617077 0.92079821228981029 0.28411634266376501 0.62500000000000011 0.14114634692668918 0.98814842104911815 0.53806841373443615 0.80433323979377758 0.70022943615913402 43.886753082275398 0.93326252698898327
decision_type=2 2 2 2 2 2 2 2 2 2 2 2 2 2 2 2 2 2 2 2 2 2 2 2 2 2 2 2 2 2
left_child=1 4 3 20 17 6 7 -6 9 -7 13 22 -10 14 -4 -12 -13 25 -18 24 -3 -15 -2 -24 -20 -1 -27 -25 -29 -5
right_child=11 2 10 29 5 8 -8 -9 12 -11 15 16 -14 21 -16 -17 18 -19 19 -21 -22 -23 23 27 -26 26 -28 28 -30 -31
leaf_value=-0.0026735566093811463 -0.0012663183845395677 0.0010151576000034046 -0.0088274355174809156 0.0054380673351480564 -0.011280703576907587 0.018722308399822168 0.015871452191864949 -0.0027806629117384423 -0.0081360446971391071 -0.0066653540680743743 -0.0053326419372217966 -0.0072099307076595332 0.0065213943018605147 -0.017092401838345435 0.011982916768959087 0.017803959922585943 -0.005607836347303944 -0.0077303380007693106 0.022081143234229134 -0.0017874446700253876 0.023375193429338418 0.0024363685699533527 -0.0041765162509359082 -0.0032129597775863014 -0.00072896693849143534 0.020467806277305114 0 0.0010700822564951265 0.021338923815885757 -0.010536187452759381
leaf_weight=0.42870112962555129 0.95559281884925251 1.3624227607215305 2.1777757098898274 0.95582447948981986 23.746852993972425 4.2483066776767364 1.5911088758148242 31.547583113300789 6.3224734418763529 1.2626966580282895 0.63679638093162738 3.100942866250989 3.1508007873198949 3.6794393902819138 2.0380555553128943 1.4738612221917717 1.0979292503907343 0.35667587805073697 1.7944076612475335 1.0747816885705104 5.3950298989730072 0.62339622899889935 0.29304875433444966 0.10406358272302885 0.44929872365901236 2.4084793265792546 0.66484440845670167 1.2060789780225603 5.294350494601531 0.85480875513167121
leaf_count=117 178 124 67 113 2704 420 68 4585 782 191 45 650 354 321 138 110 202 16 514 106 277 30 10 27 49 320 107 259 1223 150
internal_value=0.000104212 -0.00115984 0.00562538 0.0152566 -0.00296992 -0.00381323 -0.0056757 -0.00661994 0.00298242 0.0123143 -0.00252452 0.00768807 -0.00281736 -0.00679449 0.00102633 0.0103888 0.000423407 0.00967174 0.00667855 0.0117955 0.0199657 -0.0137714 0.0134699 0.0157932 0.017772 0.0134339 0.016522 0.0175065 0.0186223 -0.00210156
internal_weight=110.296 94.9259 19.1974 8.56809 75.7285 71.8698 56.8855 55.2944 14.9843 5.511 10.6293 15.3705 9.47327 8.51867 4.21583 2.11066 7.51736 3.8587 4.41642 3.31849 6.75745 4.30284 7.85313 6.89754 2.24371 3.50202 3.07332 6.60449 6.50043 1.81063
internal_count=14257 11039 1375 664 9664 9104 7357 7289 1747 611 711 3218 1136 556 205 155 1521 560 871 669 401 351 1697 1519 563 544 427 1509 1482 263
is_linear=0
shrinkage=0.03


Tree=98
num_leaves=31
num_cat=0
split_feature=11 14 12 42 45 13 31 34 14 36 45 25 4 12 12 22 40 37 27 30 33 9 27 20 37 25 36 33 13 27
split_gain=1.21043 1.14268 1.15125 1.10564 0.880804 1.19283 0.913399 1.21954 1.21416 1.03692 0.992965 1.13178 0.87651 0.866413 0.848048 1.01293 0.630815 0.625844 0.494067 0.469201 0.465545 0.479786 0.451413 0.420262 0.511939 0.422447 0.41244 0.365957 0.321331 0.310864
threshold=0.62500000000000011 17.54146766662598 1.1901000738143923 0.36548800766468054 0.23776593804359439 31.581848144531254 0.029975064098834995 0.39824938774108892 8.1682567596435565 0.34424032270908361 0.051358580589294441 0.19226835668087008 0.92766594886779796 1.3252223134040835 1.4878277778625491 0.36434863507747656 0.82844114303588878 0.16808083653450015 0.98403856158256542 0.13671875000000003 63.028310775756843 0.24291140586137774 0.95342469215393078 0.046572187915444381 0.28411634266376501 0.12262799590826036 0.24428588896989825 83.412548065185561 24.624726295471195 0.97998782992362987
decision_type=2 2 2 2 2 2 2 2 2 2 2 2 2 2 2 2 2 2 2 2 2 2 2 2 2 2 2 2 2 2
left_child=4 2 16 26 6 20 7 19 9 -9 17 18 -10 -13 15 -5 -2 -8 -12 -1 21 -6 -19 24 25 -7 -4 -28 -22 -21
right_child=1 -3 3 14 5 23 10 8 12 -11 11 13 -14 -15 -16 -17 -18 22 -20 29 28 -23 -24 -25 -26 -27 27 -29 -30 -31
leaf_value=-0.017770068342250093 0.0057169501622416057 -0.013414565861761804 -0.010159014668374346 -0.00031974069444121606 -0.0025022611314244455 0 0.016691752768374899 0.015850646286166961 -0.012543148810964919 -0.0083245988107543117 -0.011173981861485782 0.0049673582059305476 0.0044856837476754596 -0.0068744735827525666 -0.0038570391594758549 0.024686841712188094 -0.014246128680535063 0.0082420647741337279 0.00045803053211534674 -0.0072408602576199948 0.0045482202720985108 0.018263068896649456 -0.0095161419026317962 0.0025773136894332058 0.0044310699684711246 -0.018595948628202193 0.012323894710263322 -0.0059511246365181779 -0.013044428724161103 0.0065980345094293026
leaf_weight=1.6003056750632847 1.817166785593151 1.3333289267029602 1.4428032795258325 1.4567817166098356 0.93242793470562846 0.91106139504699513 2.4801640470977864 10.928321646555561 2.7895044830802354 1.0392293635522936 17.942952432960741 13.240218568345883 8.5841442238452128 8.0910638646309945 0.91601445898413736 7.2160789370027487 1.8099946149159221 1.3907220086111922 3.2935388700570902 2.0831243417924274 0.74528473569080211 1.5507738268061073 1.7201342274202032 0.76342222560197193 0.5020998737963972 8.3309642839958524 1.5914862072968392 0.58091024197346985 0.93781593546736985 1.7223675568820906
leaf_count=93 292 102 241 279 100 136 199 980 462 41 2501 1352 511 1139 42 2514 228 149 467 237 118 202 221 95 51 1102 288 37 78 100
internal_value=-0.000303071 0.00652973 0.00894161 0.0129094 -0.00174663 -0.00823892 -0.000379524 0.00373097 0.00676035 0.0130399 -0.00292018 -0.00455524 -0.000124529 0.000234648 0.0178162 0.0205775 -0.00452241 0.00787577 -0.0092956 -0.00789438 0.00414412 0.0111247 -0.000773731 -0.013343 -0.0149933 -0.0166711 -0.000495637 0.00615592 -0.00534447 -0.000283467
internal_weight=109.744 18.1646 16.8312 13.2041 91.5796 14.6739 76.9058 28.747 23.3412 11.9676 48.1588 42.5678 11.3736 21.3313 9.58888 8.67286 3.62716 5.59102 21.2365 5.4058 4.1663 2.4832 3.11086 10.5075 9.74413 9.24203 3.6152 2.1724 1.6831 3.80549
internal_count=14357 4023 3921 3401 10334 1882 8452 2424 1994 1021 6028 5459 973 2491 2835 2793 520 569 2968 430 498 302 370 1384 1289 1238 566 325 196 337
is_linear=0
shrinkage=0.03


Tree=99
num_leaves=31
num_cat=0
split_feature=13 5 15 49 13 4 37 44 47 43 27 23 21 43 40 32 35 49 43 26 3 34 7 22 49 45 33 3 45 18
split_gain=1.15596 1.16814 0.884993 0.765877 1.26223 1.48496 1.2384 1.06681 0.962614 0.865772 1.03172 0.859882 0.812416 0.680258 0.674657 0.566902 0.487732 0.565697 0.534841 0.471425 0.436707 0.470527 0.390776 0.388943 0.660176 0.369065 0.331705 0.292813 0.281689 0.260088
threshold=25.577754974365238 0.53842687606811535 0.20714285969734195 0.84271362423896801 30.427571296691898 0.94443935155868541 0.2188728526234627 0.29520697891712194 0.78403154015541088 0.82661032676696788 0.95647731423378002 0.52775126695632946 52.738660812377937 0.96236279606819164 0.79270493984222423 0.053566453978419311 0.59464344382286083 0.28211081027984625 0.62147971987724315 0.46875000000000006 0.57589557766914379 0.53720495104789745 9.2948217391967791 0.39549115300178533 0.13123106211423877 0.034180415794253356 60.340000152587898 0.29334504902362829 0.38754928112030035 0.65234375000000011
decision_type=2 2 2 2 2 2 2 2 2 2 2 2 2 2 2 2 2 2 2 2 2 2 2 2 2 2 2 2 2 2
left_child=2 3 15 7 12 8 -7 9 -6 10 -2 -9 -5 -11 -14 25 17 27 19 -18 21 23 -19 -4 -25 -1 -20 -3 -27 -23
right_child=1 16 20 4 5 6 -8 11 -10 13 -12 -13 14 -15 -16 -17 18 22 26 -21 -22 29 -24 24 -26 28 -28 -29 -30 -31
leaf_value=-0.00043830370537453279 0.0075071042609248361 0.010366839850769714 -0.002587702589477249 0.0071897051336385987 -0.011264113665552225 0.019304751077757427 0 0.0034779451803674077 0.014713829085740433 -0.012669715428230902 -0.002002650168437402 -0.020063471842265007 -0.021155882243379859 0.0040155143373723726 0.0010770750178464973 -0.0052150516529566125 0.00092694122583206857 -0.020423170592037059 0.011177042878269004 -0.016397905448106469 -0.0099955313503987137 0.0015940015998208591 0.00068799696962391986 -0.0024973264411573453 0.018535919017579724 0.021331100677820694 -0.0066323102508803267 -0.0065689665175753843 -0.0011636630409509498 -0.011579849439795682
leaf_weight=0.53528786319657484 15.745567612088051 0.57824188953963851 1.2855494581453948 1.6066754745043024 3.915101192134899 8.9438215240661503 4.1414154128870004 1.3480488971981675 0.72067726543173183 6.607750507158924 25.006807330544689 3.6065048583550379 2.3452286056708549 2.2052391011675354 1.4121379551943389 0.44033752687391814 2.0095003572641876 4.8570987540733768 2.2120974346180451 1.8553497320390304 1.4107523230486538 2.4388211712284833 0.52723444438015565 1.31695509396377 3.2351711707160575 5.0460286676243413 0.34373112930916239 1.1764347684511447 0.16728287748992432 1.0847713678376747
leaf_count=80 1802 184 256 89 460 427 373 116 34 920 2960 373 88 249 94 92 397 767 351 357 243 807 34 300 795 1226 69 218 11 122
internal_value=0.000168109 -0.00116234 0.00715282 0.000259797 0.00475675 0.00859988 0.0135635 -0.00164167 -0.00479907 -0.000136243 0.0016916 -0.013646 -0.00682459 -0.00820518 -0.0136994 0.0153605 -0.00896638 -0.0139458 -0.00189234 -0.00843441 0.00127809 0.0040673 -0.0181021 0.00889224 0.0125567 0.0179203 0.00674659 0 0.0200553 -0.00346182
internal_weight=108.126 91.1647 16.961 77.605 23.0851 17.721 13.0852 54.5199 4.63578 49.5654 40.7524 4.95455 5.36404 8.81299 3.75737 6.18894 13.5597 7.13901 6.42068 3.86485 10.772 9.36127 5.38433 5.83768 4.55213 5.7486 2.55583 1.75468 5.21331 3.52359
internal_count=14294 10362 3932 7985 1565 1294 800 6420 494 5931 4762 489 271 1169 182 1409 2377 1203 1174 754 2523 2280 801 1351 1095 1317 420 402 1237 929
is_linear=0
shrinkage=0.03


Tree=100
num_leaves=31
num_cat=0
split_feature=41 18 32 49 37 34 3 0 39 34 6 29 14 18 28 4 42 32 3 38 32 19 49 46 43 29 15 10 4 35
split_gain=1.13599 0.891765 0.887292 0.97842 1.72012 1.38558 0.96981 0.960023 0.856805 0.630546 1.17626 1.14754 0.526397 0.487932 0.487112 0.59022 0.704961 0.449412 0.66514 0.531147 0.375069 0.344086 0.327442 0.384192 0.308415 0.230216 0.226283 0.182395 0.180968 0.208545
threshold=0.99728029966354381 0.16796875000000003 0.037208702415227897 0.77557164430618297 0.16301929205656054 0.48667022585868841 0.69521197676658641 5.0548510551452646 0.97091960906982433 0.66327738761901867 0.096625484526157393 0.99022951722145092 1.9887439012527468 0.62109375000000011 0.85389474034309398 0.91690829396247875 0.25949975848197943 0.044744217768311507 0.16192838549613955 0.40625000000000006 0.032537978142499931 0.016186110675334934 0.12450695037841798 0.99706262350082409 0.88627052307128917 0.99960452318191539 0.93095237016677868 0.62500000000000011 0.98343965411186229 0.58972403407096874
decision_type=2 2 2 2 2 2 2 2 2 2 2 2 2 2 2 2 2 2 2 2 2 2 2 2 2 2 2 2 2 2
left_child=1 14 6 7 13 -6 9 12 -9 10 -3 -11 -4 -5 15 22 -17 19 24 -2 -8 -18 -1 -24 -19 28 -22 -16 -21 -30
right_child=17 2 3 4 5 -7 20 8 -10 11 -12 -13 -14 -15 27 16 21 18 -20 25 26 -23 23 -25 -26 -27 -28 -29 29 -31
leaf_value=-0.011280198139761138 -0.0051401616946487004 0.013262984395811332 0.010974290829216108 0.017614903399309764 -0.012240566106392245 0.0058679077599755533 0.0031218292075641404 -0.010630692364325607 0 0.0097625057347592407 0 -0.018820822784893419 -0.0033168767553959384 -0.0032386183565105147 0.0095454172779341866 0.001174220332644699 0 0.016872353409117153 -0.010368580745823862 0.021361809580554097 -0.018577873517414883 -0.027468308744501894 -0.0080116411180296242 0.010270527999003083 -0.0030261807694019487 -0.00070992086735598386 0.00012387052839817433 -0.0041821926449820976 0.0099105501503201614 -0.0035852188925227821
leaf_weight=1.016125782130983 0.57212264754343589 12.246609510446442 3.5352605783264144 5.3162666447024121 6.6318093348672829 6.4725339064316358 0.64411059941630755 22.780761593530769 9.426700470306967 1.4272756572754581 11.608221640090049 1.6185120786540208 3.5810856719617732 0.59628939471440379 0.77975648513529427 0.86572004795016244 0.53989734733477268 0.99129169009393103 1.7628442349378017 3.3005789167655166 1.7694180479156787 2.8278054156253347 0.5846446294890485 1.7785633053863421 0.34302618418587372 0.28763969358988095 0.33011397509835649 0.53309079795144498 1.338255600014236 0.72107723160297599
leaf_count=195 197 1512 874 255 571 643 53 2884 1055 265 1887 80 1135 81 44 64 73 210 195 793 149 247 121 304 38 21 43 43 137 144
internal_value=-0.000537405 -0.00155639 -0.000552145 -0.00271598 0.0026738 -0.00330179 0.00355811 -0.00539853 -0.00759666 0.00545465 0.00715251 -0.00558266 0.00389047 0.0149135 -0.0101006 -0.0128683 -0.0192858 0.00889447 0 0.0130028 -0.0107255 -0.0242969 -0.00157572 0.00381829 0.0113667 0.0157888 -0.0155782 0.00327598 0.0171183 0.00457713
internal_weight=106.227 96.9106 87.985 58.3407 19.0169 13.1043 29.6443 39.3238 32.2075 26.9006 23.8548 3.04579 7.11635 5.91256 8.9256 7.61276 4.23342 9.31684 3.09716 6.21967 2.74364 3.3677 3.37933 2.36321 1.33432 5.64755 2.09953 1.31285 5.35991 2.05933
internal_count=14313 12578 11487 7498 1550 1214 3989 5948 3939 3744 3399 345 2009 336 1091 1004 384 1735 443 1292 245 320 620 425 248 1095 192 87 1074 281
is_linear=0
shrinkage=0.03


Tree=101
num_leaves=31
num_cat=0
split_feature=41 18 40 32 9 35 39 6 14 41 9 3 25 45 43 39 0 4 9 28 36 18 48 34 42 15 32 28 23 20
split_gain=1.04947 1.11554 0.823827 1.04619 1.00748 1.41715 1.18627 0.931415 0.892577 0.888517 0.862978 0.815708 0.787956 0.626155 0.582101 0.545271 0.68326 0.516307 0.626192 0.509357 0.497319 0.468679 0.307675 0.624824 0.367612 0.459536 0.318224 0.254635 0.223677 0.209018
threshold=0.99229732155799877 0.16796875000000003 0.7761581838130952 0.039803491905331619 0.42727029323577886 0.57991307973861705 0.93891015648841869 0.083375625312328353 0.41699723899364477 0.70783498883247387 0.78427237272262584 0.12914862483739856 0.15908540785312655 0.32405139505863195 0.61584270000457775 0.87670177221298229 5.9039576053619394 0.86124831438064586 8.5653100013732928 0.85389474034309398 0.24753774702548983 0.097656250000000014 0.28516024351120001 0.50035864114761364 0.8896499276161195 0.72380954027175914 0.037693627178668983 0.73354327678680431 0.56477671861648571 0.047513041645288474
decision_type=2 2 2 2 2 2 2 2 2 2 2 2 2 2 2 2 2 2 2 2 2 2 2 2 2 2 2 2 2 2
left_child=1 17 4 7 8 12 -7 14 11 -10 -9 -3 -6 22 -4 20 -17 -1 19 21 -5 -19 24 28 25 29 -25 -28 -24 -2
right_child=13 2 3 15 5 6 -8 10 9 -11 -12 -13 -14 -15 -16 16 -18 18 -20 -21 -22 -23 23 26 -26 -27 27 -29 -30 -31
leaf_value=0.0019403918124957071 0.022358467691595572 -0.0068684788235098245 0.00075157118836676081 -0.0049770046448277842 0 -0.0056293102886097856 0.0073404217997421204 0.0029146292599328445 -0.020808286731834241 -0.0019429243747702493 -0.014458579054867816 0.018076125656524847 0.017267364301332432 -0.00863103510892811 0.017403632180442025 0.0016145640756844812 -0.012675683744005815 0.0015627012656305489 0.0067244489169273796 0.0011551970766486631 0.012480262437176213 -0.022540019642653262 0.017978586771598977 0.0063267298386206223 -0.0019476811176818674 0 -0.014378703175495375 0 0.0004845096814351616 0
leaf_weight=1.4667122411774451 3.5110416185925701 1.1698869024694425 4.4420964285818654 3.0352404979057637 2.8246008666756088 12.438419407015319 10.976256181136703 5.1569816155388235 2.7647466299822536 7.2319371574267279 3.3510709839756601 1.6641061590053139 8.4728504559025151 1.0798879760841362 3.0906949152122252 3.0345640418818247 14.477776821448058 0.42734747991198663 0.39657931705005456 0.76079948106780637 1.2643425889546049 4.9606233732629335 1.5055607285758017 1.0260599101020487 0.60065552379819553 1.3006946509121915 1.3768136975995733 1.7710020830563733 1.4757099718699462 0.32481537351850409
leaf_count=236 833 102 402 501 250 1476 1511 828 190 842 489 59 651 169 362 897 1728 94 10 65 94 520 260 370 161 269 200 251 445 54
internal_value=-0.000284959 -0.00147898 -0.000378679 -0.00365954 0.00219326 0.00485958 0.000379351 0.00195519 -0.00463311 -0.00885103 -0.00441363 0.0078907 0.0131153 0.00706258 0.00917438 -0.00782491 -0.0100839 -0.0115301 -0.0148034 -0.0173579 0.000976714 -0.0202133 0.00911972 0.00356638 0.0140429 0.0164143 -0.00331696 -0.00795115 0.0123694 0.0206742
internal_weight=107.38 93.4076 85.3956 37.8528 47.5428 34.7121 23.4147 16.0408 12.8307 9.99668 8.50805 2.83399 11.2975 13.9722 7.53279 21.8119 17.5123 8.01206 6.54535 6.14877 4.29958 5.38797 12.8924 7.15515 5.73721 5.13655 4.17388 3.14782 2.98127 3.83586
internal_count=14319 11307 10382 5301 5081 3888 2987 2081 1193 1032 1317 161 901 3012 764 3220 2625 925 689 679 595 614 2843 1526 1317 1156 821 451 705 887
is_linear=0
shrinkage=0.03


Tree=102
num_leaves=31
num_cat=0
split_feature=32 43 41 19 40 33 3 13 41 37 26 16 47 31 49 33 5 4 9 21 36 23 9 40 31 50 39 37 41 20
split_gain=1.05089 1.20883 1.39294 1.29787 1.24843 0.849754 0.843394 1.15852 1.09915 1.0932 1.07383 0.836673 0.823589 0.705763 0.685646 0.671442 0.83548 0.601729 0.546396 1.10946 0.858046 0.618 0.572353 0.541497 0.524588 0.507636 0.486602 0.438934 0.431852 0.429607
threshold=0.037622105330228812 0.62816074490547191 0.91376093029975902 0.031841587275266654 0.43051156401634222 65.201446533203139 0.81325298547744762 31.306655883789066 0.86263683438301098 0.19553352892398837 0.53125000000000011 0.38574218750000006 0.7454124689102174 0.026100731454789642 0.14276819676160815 73.80625152587892 0.16981765627861026 0.94574853777885448 0.45724278688430792 56.432716369628913 0.28491173684597021 0.3584305495023728 0.38944254815578466 0.68003055453300487 0.043360393494367606 0.088790383189916625 0.97337770462036144 0.079818625003099455 0.98780658841133129 0.053679173812270171
decision_type=2 2 2 2 2 2 2 2 2 2 2 2 2 2 2 2 2 2 2 2 2 2 2 2 2 2 2 2 2 2
left_child=1 2 3 -1 27 14 7 18 9 10 -9 28 -11 17 -6 16 24 -5 20 29 22 -22 -2 -15 -8 -4 -16 -3 -10 -20
right_child=6 4 25 13 5 -7 15 8 11 12 -12 -13 -14 23 26 -17 -18 -19 19 -21 21 -23 -24 -25 -26 -27 -28 -29 -30 -31
leaf_value=-0.019205831677863452 0.0063918208697055874 0.0064390496065419092 -0.0054761113047248266 -0.0044867085082558843 -0.0020515465821916287 -0.0051646921480535896 0.023488151386146454 -0.010399833632490592 -0.020739316762709768 -0.013836569197074452 0.0080813970392033599 0.00011947183403278444 0.00017270628697914543 0.004241294416515275 0.020786509928925525 -0.0050456473139175798 -0.0029805408296971147 0.010649964949624521 0.021146415042416256 -0.0035373891081320521 0.0079014335754497983 -0.015126227640442188 -0.0094506409859300942 -0.010722471147396108 -0.0017255984696157751 0.014518879888196551 0 -0.014224301894405305 0.00015582867796605181 -0.0031434641344241215
leaf_weight=2.9936113576113774 9.6925158543599554 0.50562810801784452 0.60143159543804259 2.6057393481169147 1.1377526193973597 1.1796020259789646 2.889013593376148 2.7789986812858869 6.9639699643739714 8.3238099675145332 9.860336551704675 2.3685045050224289 5.6107918457710175 2.2314023272192562 9.4634610052235058 1.9187995457614304 1.564441342372447 5.7632826134358766 3.2792815432549101 2.9625039609672967 0.48104068823158641 3.8208958529721713 1.4863018276519131 5.6649017392192036 0.49500950326910231 5.439699130205554 1.2644921419268929 1.5171375744539544 0.66805481095798303 0.25512869469821442
leaf_count=274 1563 164 84 377 200 233 170 280 894 1134 867 344 704 270 1134 165 210 365 708 905 16 309 274 579 83 1269 269 232 157 31
internal_value=0.000438641 0.00421088 4.52114e-06 -0.0038802 0.010647 0.0140393 -0.00187227 -0.00310232 -0.00633161 -0.00277081 0.00333343 -0.0144088 -0.00836097 0 0.0164347 0.00729546 0.0126289 0.00564102 0.00218286 0.0088742 -0.000811378 -0.0109808 0.00343609 -0.00615524 0.0195633 0.0116072 0.0186588 -0.00764522 -0.0187566 0.0184249
internal_weight=105.788 40.3681 25.3001 19.2589 15.0681 13.0453 65.4194 58.5521 36.5745 26.5739 12.6393 10.0005 13.9346 16.2653 11.8657 6.86726 4.94846 8.36902 21.9777 6.49691 15.4808 4.30194 11.1788 7.8963 3.38402 6.04113 10.728 2.02277 7.63202 3.53441
internal_count=14264 5450 3218 1865 2232 1836 8814 8186 4380 2985 1147 1395 1838 1591 1603 628 463 742 3806 1644 2162 325 1837 849 253 1353 1403 396 1051 739
is_linear=0
shrinkage=0.03


Tree=103
num_leaves=31
num_cat=0
split_feature=13 6 47 15 0 44 34 44 48 34 4 47 14 35 7 26 44 18 18 18 32 35 22 48 9 4 14 3 39 40
split_gain=1.12017 0.894936 0.845988 0.834734 0.800294 1.1259 1.02586 2.37971 0.755168 0.689359 0.853665 0.668272 0.664432 0.585232 0.731568 0.550994 0.516847 0.654724 0.512442 0.549142 0.485305 0.422679 0.33013 0.393899 0.318166 0.279835 0.254065 0.253138 0.240557 0.234102
threshold=25.577754974365238 0.10640256106853486 0.41701680421829229 0.20714285969734195 13.113867759704592 0.23166368901729587 0.5553778111934663 0.22792208194732669 0.44745169579982763 0.56662249565124523 0.92726004123687755 0.65562328696250927 0.50632169842720043 0.50420784950256359 3.8267239332199101 0.84375000000000011 0.060303030535578735 0.33984375000000006 0.37109375000000006 0.51953125000000011 0.057384574785828597 0.73879489302635204 0.57521438598632824 0.29933512210845953 0.88683307170867931 0.77527216076850902 11.177658557891847 0.18117261677980426 0.97502374649047863 0.83832067251205455
decision_type=2 2 2 2 2 2 2 2 2 2 2 2 2 2 2 2 2 2 2 2 2 2 2 2 2 2 2 2 2 2
left_child=3 2 26 20 6 15 8 -8 -4 12 11 -11 18 28 -15 -6 21 -18 -3 -20 24 -14 29 -24 -1 -13 -2 -7 -12 -5
right_child=1 9 4 22 5 27 7 -9 -10 10 13 25 16 14 -16 -17 17 -19 19 -21 -22 -23 23 -25 -26 -27 -28 -29 -30 -31
leaf_value=0.019001666860959568 0.0002304160805414941 0.012579851898887395 0.0047374863979558019 0.0013273741848156288 0.020526584588577684 0.0033584122081593126 -0.013386956289812388 0.012787282497262261 -0.0075829778107959801 -0.0048518184762544611 -0.018226950163793016 -0.000795004162516062 -0.017985156130545757 0.0093240918231633982 -0.009552381567990046 -0.0036691913708377781 0.0044978412481445317 -0.0097496205430867341 -0.015423665416689176 0.0071307806932370882 -0.0042237798055720314 0 0.016174188495214559 -0.003620462579720186 -0.00080869845868064279 0.021277917955691516 -0.019202583596944819 -0.014606482948240478 0.00045561606571839172 -0.0078436119014310551
leaf_weight=4.962980178010187 0.38325340690789644 1.4668401305680192 28.269738677372516 5.8857512094982649 4.0633187776620607 0.29614999293698907 10.654495762610166 3.280421892181038 4.2037878845148944 0.87909491645404925 1.8338251399109142 0.23457028472330455 7.8882511460396945 3.1039461743785068 2.3262721973878797 0.45250582111475512 3.4293197276565461 7.192015990789514 1.1140962206700349 0.77793079544790078 0.47369512607110653 1.2253447186376432 1.3163620005070686 0.65325270238099609 0.41741543257376168 2.0427031359140528 1.4537122756009919 0.80928547048824839 0.34807156212627877 2.7178006183239631
leaf_count=1173 74 197 2451 1348 1029 35 1085 153 404 167 213 23 1260 320 244 223 343 771 126 86 41 453 466 160 167 387 145 109 46 549
internal_value=-0.000528149 -0.00191519 0.000449297 0.00639197 0.00134736 0.011105 0 -0.00658077 0.00287406 -0.00566756 0.000348204 0.0117035 -0.00849521 -0.00482414 0.000543022 0.0173325 -0.0105515 -0.00490018 0.00254731 -0.00585371 0.0145805 -0.0157055 0.000730891 0.00959038 0.0171087 0.0185401 -0.0154386 -0.00905955 -0.0150972 -0.00177237
internal_weight=104.156 87.729 53.8667 16.4273 52.0297 5.62126 46.4084 13.9349 32.4735 33.8623 10.7685 3.15637 23.0938 7.61212 5.43022 4.51582 19.7349 10.6213 3.35887 1.89203 5.85409 9.1136 10.5732 1.96961 5.3804 2.27727 1.83697 1.10544 2.1819 8.60355
internal_count=14248 10344 5708 3904 5489 1396 4093 1238 2855 4636 1400 577 3236 823 564 1252 2827 1114 409 212 1381 1713 2523 626 1340 410 219 144 259 1897
is_linear=0
shrinkage=0.03


Tree=104
num_leaves=31
num_cat=0
split_feature=14 40 49 48 31 7 28 32 45 11 25 33 34 32 31 18 23 23 0 0 41 29 48 3 3 47 1 50 26 14
split_gain=0.943983 0.883685 1.02235 1.007 0.843296 0.867142 1.33497 1.15296 0.995145 0.933829 0.815047 0.861501 0.912075 0.797877 0.657413 0.553695 0.53372 0.896641 0.579856 0.493425 0.69075 0.472226 0.342205 0.295165 0.333115 0.294951 0.225319 0.242938 0.17115 0.109302
threshold=54.980937957763679 0.81012627482414257 0.37539285421371466 0.4323089867830277 0.061060085892677314 4.7502014636993417 0.76260724663734447 0.034826131537556655 0.24079883843660357 0.62500000000000011 0.1732369810342789 51.010639190673835 0.52163463830947887 0.039639718830585487 0.032115802168846137 0.20703125000000003 0.56180286407470714 0.60627147555351268 7.7988157272338876 5.3894550800323495 0.62221449613571178 0.99588418006896984 0.35135824978351599 0.094752598553895964 0.63235116004943859 0.93593749403953563 0.74975368380546581 0.29510468244552618 0.46875000000000006 1.4960359334945681
decision_type=2 2 2 2 2 2 2 2 2 2 2 2 2 2 2 2 2 2 2 2 2 2 2 2 2 2 2 2 2 2
left_child=1 4 10 19 5 9 7 -7 -8 14 26 25 -13 -11 -1 28 18 -18 -5 22 -21 -2 -4 29 -25 -12 27 -3 -6 -17
right_child=21 2 3 16 15 6 8 -9 -10 13 11 12 -14 -15 -16 23 17 -19 -20 20 -22 -23 -24 24 -26 -27 -28 -29 -30 -31
leaf_value=0.00044033615853318115 -0.021930914543503856 -0.016514499780877129 0.010640295164885717 0.0063900400830971642 0.005342169962802925 0.015120382005617388 0.020993683384018396 -0.0080316796808210904 -0.004631678385045369 0.017665158807711998 -0.015097267128614048 0.018123143772154262 0 -0.00076476236987758743 -0.0071240824330388369 0.0065676936300439444 0.017953432622379539 -0.0050827075109515247 -0.01288756103103436 0.00046394604675166983 -0.016722694516858875 0.0026226692605590455 -0.0078392442863078823 0.023047789588227497 -0.0010992102336497894 0.0041728310590481103 0.0016884203144386239 0.00060531084493506751 -0.0078393248401849094 -0.004368992932175895
leaf_weight=23.604159799586341 1.6298715275916031 1.6784001889463978 0.88672402239172032 1.2654238848481312 0.52591332443989702 1.7046677861799233 5.4930411365494365 5.6746321578975767 1.1009032802394356 3.1486501658073385 1.076659045764244 4.7840135439619171 4.2039704862545477 3.5560851038608234 16.37817271813401 0.59885066005517706 2.2144781349052209 1.9505954929991274 2.6701626866706647 2.1021783480828153 10.489698458579367 0.42416702932678152 0.64706797432154417 2.9428894217271595 0.22551912540802721 0.25211434345692385 0.63016455917386327 0.49556933209532861 0.88739702643943019 0.55299725913209841
leaf_count=2475 109 316 167 150 121 225 348 464 110 670 151 1043 867 578 2402 188 267 414 428 194 1166 47 53 716 68 45 60 120 153 150
internal_value=-0.000230729 0.000231271 -0.00350894 -0.00734706 0.00228955 0.00109798 0.00740449 -0.00115915 0.0162738 -0.000842308 0.00284012 0.00686414 0.0103932 0.00867028 -0.00268334 0.0124153 0.000757155 0.00768893 -0.0060425 -0.0119357 -0.0138097 -0.0166797 0.0016432 0.0169622 0.020758 -0.00993099 -0.00908873 -0.0127056 -0.00151005 0.000332611
internal_weight=103.795 101.741 35.3472 22.2263 66.3939 60.6603 13.9732 7.3793 6.59394 46.6871 13.1209 10.3168 8.98798 6.70474 39.9823 5.73357 8.10066 4.16507 3.93559 14.1257 12.5919 2.05404 1.53379 4.32026 3.16841 1.32877 2.80413 2.17397 1.41331 1.15185
internal_count=14265 14109 5441 2839 8668 7272 1147 689 458 6125 2602 2106 1910 1248 4877 1396 1259 681 578 1580 1360 156 220 1122 784 196 496 436 274 338
is_linear=0
shrinkage=0.03


Tree=105
num_leaves=31
num_cat=0
split_feature=45 30 14 6 34 9 5 32 36 40 24 45 20 14 34 39 28 36 21 1 22 30 5 32 32 5 21 5 49 50
split_gain=1.14412 0.898728 0.810099 1.03502 1.50476 0.862883 0.803409 0.690665 0.640345 0.592456 0.561578 0.550113 0.526009 0.509169 0.648264 0.539081 0.497184 0.484433 0.440544 0.433612 0.418099 0.426786 0.372391 0.345002 0.337911 0.320434 0.306776 0.279185 0.271919 0.191613
threshold=0.063345577567815795 0.13671875000000003 0.20917209237813952 0.10464661940932275 0.51276662945747387 0.69967985153198253 0.059432433918118484 0.03290634602308274 0.28452412784099584 0.87850666046142589 0.24206434190273288 0.17618986219167712 0.033036375418305404 13.081823825836183 0.53858718276023876 0.95088404417037975 0.72545504570007335 0.32903383672237402 55.301561355590827 0.62299528717994701 0.50103026628494274 0.23046875000000003 0.39651130139827734 0.043608607724308975 0.033950896933674819 0.059432433918118484 59.801080703735359 0.26946231722831732 0.76879093050956737 0.15308944135904315
decision_type=2 2 2 2 2 2 2 2 2 2 2 2 2 2 2 2 2 2 2 2 2 2 2 2 2 2 2 2 2 2
left_child=1 -1 11 6 10 8 9 18 -6 24 28 17 -9 14 22 29 -7 -2 -8 -12 21 -13 25 -22 -4 -3 27 -15 -5 -16
right_child=2 13 3 4 5 16 7 12 -10 -11 19 20 -14 26 15 -17 -18 -19 -20 -21 23 -23 -24 -25 -26 -27 -28 -29 -30 -31
leaf_value=-0.0099271177076998736 0.017136326900397212 0 -0.0029785104303832665 -0.0053972591977937186 0.012714143143118655 0.0042141455370375957 0.013088121469831732 -0.0090229016560576213 -0.0029852272183694289 -0.0045484028379061056 -0.0024817927700245984 -0.01640605029298638 -0.0005440676237057977 -0.013190080529211903 -0.002430570215131858 -0.010424179783720389 -0.011571078925852893 -0.0045625362662210971 -0.0039421584888342772 -0.017867651332805837 0.0134200519589639 0.0042358855293472752 0.0013871324554201052 -0.0042529908884541409 0.01528921305208442 0.023330530257885587 0.0082521600313522955 0.0049759608430478344 0.0090509392711715844 0.013245317908972848
leaf_weight=1.2616639715852205 3.7277473428985086 0.73714422241027744 0.42070077531388861 2.6071311599662361 5.0546209922467806 1.6896532501559702 3.636615990617428 7.6286177427682551 2.8676045888423687 1.3991719980404012 2.9260364600922903 1.1815519967349248 32.415476236616087 1.2122295707231381 0.21543092078354709 1.1938491027685811 4.5657203341543209 0.45621397061040614 1.0691558035323394 9.9471607298692089 1.3480181478080342 0.66367165290284891 1.5762728764675555 0.74383179302094493 5.257407142118609 4.8039770814939402 0.68880332441767667 0.23394697924959462 0.70762082352302957 1.3487065695153431
leaf_count=71 609 109 72 623 1155 359 552 1163 324 245 508 76 4009 142 49 267 581 32 126 1358 143 109 196 64 439 557 60 50 53 206
internal_value=8.69169e-05 0.00801136 -0.00111975 -0.00206714 -0.0063761 0.000617149 0.000473602 -0.00101657 0.00699754 0.00922673 -0.012355 0.00731525 -0.0024129 0.0107445 0.013415 0 -0.00690065 0.0137679 0.00868027 -0.0150177 -0.000334106 -0.00904798 0.0176913 0.00682246 0.0132432 0.0209496 -0.000989843 -0.00819214 -0.000234787 0.00981038
internal_weight=103.586 13.272 90.3137 82.1927 30.3655 14.1776 51.8271 44.7499 7.92223 7.07728 16.1879 8.12103 40.0441 12.0104 9.87538 2.75799 6.25537 4.18396 4.70577 12.8732 3.93707 1.84522 7.11739 2.09185 5.67811 5.54112 2.13498 1.44618 3.31475 1.56414
internal_count=14307 1707 12600 11567 4961 2419 6606 5850 1479 756 2542 1033 5172 1636 1384 522 940 641 678 1866 392 185 862 207 511 666 252 192 676 255
is_linear=0
shrinkage=0.03


Tree=106
num_leaves=31
num_cat=0
split_feature=41 14 7 30 49 49 16 42 0 15 25 34 35 41 10 30 22 25 9 40 40 7 43 29 27 4 14 30 47 6
split_gain=0.882482 0.753145 1.0868 1.1285 0.694988 1.1167 1.15643 0.74943 0.572878 0.564837 0.459546 0.396919 0.492102 0.377788 0.45232 0.526432 0.372633 0.338997 0.332049 0.319052 0.311846 0.271465 0.238582 0.226158 0.220805 0.170139 0.164732 0.140922 0.121724 0.119853
threshold=0.9915316402912141 41.560781478881843 6.8686282634735116 0.20703125000000003 1.2850705385208132 0.94084015488624584 0.41308593750000006 0.96238207817077648 10.785425186157228 0.29670330882072454 0.1643200218677521 0.51048991084098827 0.66180765628814708 0.99969735741615307 0.62500000000000011 0.65234375000000011 0.38681267201900488 0.25720879435539251 2.2981762886047368 0.75933867692947399 0.94182518124580394 5.0766348838806161 0.31903418898582464 0.99588418006896984 0.93717771768569957 0.90266641974449169 2.244282722473145 0.69140625000000011 0.77264833450317394 0.095621250569820418
decision_type=2 2 2 2 2 2 2 2 2 2 2 2 2 2 2 2 2 2 2 2 2 2 2 2 2 2 2 2 2 2
left_child=1 2 4 18 5 7 -7 -1 19 13 -6 12 16 14 -2 21 -11 -12 -4 -5 -10 -16 -18 29 -13 -26 -14 -17 -27 -3
right_child=9 23 3 8 10 6 -8 -9 20 11 17 24 26 -15 15 27 22 -19 -20 -21 -22 -23 -24 -25 25 28 -28 -29 -30 -31
leaf_value=-0.0031248776412131497 -0.0030824774772598993 -0.00049502392163005757 0 -0.0041113956983929445 0.0033140429843084118 0.011699100169488753 -0.0091452343610557828 0.010504074398214875 -0.012854474524224151 -0.0025136772322391582 -0.018057153876326493 0.003037675878181571 0.0046692661569215548 -0.0032215727675546811 0.022367666210181582 -0.0089038111629991239 -0.0001437345243627733 0.0009116919288768415 0.021507106935677239 0.016250370004270397 0.0033583826016046086 -0.00092893639231692103 0.020235234094774041 0.00044120402161312476 0.0019625859218852485 0 -0.008026719340016265 0.0045904465522065381 -0.013966849679908194 -0.02075378397525398
leaf_weight=58.494181497604586 0.50168572232359832 0.70640639213524958 0.61615191720193063 0.26561882020905592 0.86912036489229549 9.849450704190529 2.1074051473842692 2.8153153878520234 2.2620447588997199 0.50943804788403246 3.4834756145719439 0.87884479979402419 0.35110238025663409 0.49529205929138687 4.321053446168662 0.34123758820351202 0.26738765626214478 0.57311345884227183 3.5921863487164956 0.9418115857988596 0.70765932254289499 0.14244054112350557 1.8649696748470885 0.35259996185777698 0.25080217226059209 0.21336167305707965 1.4103593247418755 0.2641202425584197 1.9577181162312625 1.4358808172401041
leaf_count=8674 121 121 55 29 44 602 332 309 198 80 225 343 143 57 1068 29 40 42 149 117 100 31 347 47 111 55 273 82 341 91
internal_value=0.000223362 -0.000863742 -0.000274016 0.00933969 -0.00144781 -0.000596836 0.00737145 -0.00229236 -0.0013222 0.00704096 -0.0113624 0.00087555 0.00646986 0.0132147 0.0154006 0.0179307 0.0131795 -0.0151336 0.0187205 0.0105787 -0.00836256 0.0210412 0.017492 -0.014536 -0.00565893 -0.00965692 -0.00363526 -0.00195548 -0.0121409 -0.0173117
internal_weight=102.842 89.0724 86.5775 8.38547 78.1921 73.2664 11.9569 61.3095 4.17713 13.7698 4.92571 7.70398 4.40326 6.06583 5.57054 5.06885 2.6418 4.05659 4.20834 1.20743 2.9697 4.46349 2.13236 2.49489 3.30073 2.42188 1.76146 0.605358 2.17108 2.14229
internal_count=14256 11135 10876 648 10228 9917 934 8983 444 3121 311 1733 883 1388 1331 1210 467 267 204 146 298 1099 387 259 850 507 416 111 396 212
is_linear=0
shrinkage=0.03


Tree=107
num_leaves=31
num_cat=0
split_feature=13 38 50 32 46 14 31 6 37 35 5 25 15 37 24 30 3 48 38 19 15 47 33 29 31 42 49 34 34 29
split_gain=0.958741 0.83852 0.868695 0.991339 0.860475 0.703797 0.593778 0.569362 0.989154 0.836264 0.794399 0.917358 0.732536 0.730076 0.545235 0.493766 0.492384 0.50686 0.476335 0.431766 0.432799 0.359312 0.348981 0.30708 0.297019 0.282687 0.349547 0.442232 0.229917 0.208747
threshold=25.021240234375004 0.71875000000000011 0.31663674116134649 0.039639718830585487 0.99913194775581371 2.108245968818665 0.098133608698844924 0.10273755714297296 0.19200835376977923 0.49482578039169317 0.07681556418538095 0.22747316211462024 0.74166667461395275 0.2274468541145325 0.33507625758647924 0.12890625000000003 0.061884598806500442 0.23278760164976123 0.53125000000000011 0.020207834430038932 0.57738095521926891 0.82715424895286571 93.598999023437514 0.99708062410354625 0.052936043590307243 0.53504750132560741 0.13296239823102954 0.53858718276023876 0.55418926477432262 0.91841700673103344
decision_type=2 2 2 2 2 2 2 2 2 2 2 2 2 2 2 2 2 2 2 2 2 2 2 2 2 2 2 2 2 2
left_child=5 2 7 4 18 6 19 8 9 -2 11 -9 -12 -10 15 -5 -3 28 -4 -1 22 -6 -21 -8 -19 -7 -27 -28 -18 -26
right_child=1 16 3 14 21 25 23 10 13 -11 12 -13 -14 -15 -16 -17 17 24 -20 20 -22 -23 -24 -25 29 26 27 -29 -30 -31
leaf_value=-0.0042657317421433902 0.020104728785871641 0.003368482805540458 0 0.0036321255593389046 0.014143407155821896 -0.0054662286430027483 0.0074751240258733309 -0.018297797106949305 -0.0099384790667423391 0.0045648668351973166 0.0040595819487557749 0.0068127443912521009 -0.010924826803887025 0.0049357937951946731 0.0030419018649866705 -0.016256014253161727 0.0065713081967672237 -0.00064914530488620445 -0.0159588629906014 0.021073966933737344 -0.0034447527052909031 -0.00019000964412566721 -0.0016915727273855692 -0.01079695747105563 -0.00075192198995333091 -0.0053361259528939579 0.01714053817355532 -0.0025371007353995035 -0.0077442143499706125 -0.020135087058073941
leaf_weight=0.28501372854225149 3.2356384887243648 1.7072495682223223 4.0922482565583795 0.64433180569903736 3.193659660013509 3.587553044402739 0.41305786409066036 3.4712640042998855 5.508971750357885 20.024746688824962 14.50800713246281 1.0358239570778094 2.5830890433426239 4.3270461470092414 1.2800909504876461 7.9822474528627936 1.4966691852023344 1.59368341503432 1.7329904386715496 5.5466201626550173 0.28249899532238476 1.839337816214538 0.24950191983953107 0.8486854947404936 1.0009239547653122 0.96549038018565658 1.5917120477533901 0.94807331335323386 0.65450300544034679 4.5023951452458277
leaf_count=65 314 278 703 61 676 877 226 352 568 1511 1564 147 385 523 124 1066 285 251 215 1496 67 428 15 77 225 223 373 233 125 765
internal_value=-8.07427e-05 -0.00133519 -0.000123581 -0.00524014 0.000848039 0.00670999 0.0124693 0.00182427 0.00427422 0.0075898 -0.00182021 -0.0117929 0.00115037 -0.00326652 -0.0116541 -0.0142359 -0.00872127 -0.0113567 -0.00625867 0.0158821 0.0177198 0.00924468 0.0195479 -0.00282852 -0.0148178 0 0.00510352 0.010306 0.000188361 -0.0177288
internal_weight=101.133 86.4149 75.4595 20.7649 10.8582 14.7182 7.62538 54.6946 33.0964 23.2604 21.5982 4.50709 17.0911 9.83602 9.90667 8.62658 10.9554 9.24817 5.82524 6.36363 6.07862 5.033 5.79612 1.26174 7.097 7.09283 3.50528 2.53979 2.15117 5.50332
internal_count=14218 10566 8637 3273 2022 3652 1946 5364 2916 1825 2448 499 1949 1091 1251 1127 1929 1651 918 1643 1578 1104 1511 303 1241 1706 829 606 410 990
is_linear=0
shrinkage=0.03


Tree=108
num_leaves=31
num_cat=0
split_feature=41 31 34 46 2 3 48 23 50 12 24 9 34 40 9 46 48 3 48 43 13 18 14 27 42 29 3 23 50 4
split_gain=1.28319 1.01373 0.931521 0.827238 0.768914 0.9279 0.763194 0.688962 0.684628 1.03311 0.796675 0.718052 1.43723 0.669509 0.632882 0.628972 0.603865 0.717866 0.552577 0.633079 0.523787 0.478632 0.439127 0.402508 0.387085 0.377914 0.375812 0.330786 0.35817 0.323595
threshold=0.99229732155799877 0.030486395582556728 0.42481905221939092 0.99806097149848949 0.51562500000000011 0.96981966495513927 0.47429844737052923 0.51557508111000072 0.32433055341243749 1.3261941075325014 0.30139684677124029 0.82553493976593029 0.5353534221649171 0.60584098100662243 0.63125389814376842 0.99738210439682018 0.22476169466972354 0.96981966495513927 0.2449910715222359 0.44317115843296057 29.546377182006839 0.30859375000000006 2.6991854906082158 0.91287732124328624 0.27374686300754553 0.99960452318191539 0.52929753065109264 0.43179227411746984 0.48755422234535223 0.94443935155868541
decision_type=2 2 2 2 2 2 2 2 2 2 2 2 2 2 2 2 2 2 2 2 2 2 2 2 2 2 2 2 2 2
left_child=1 2 3 22 5 6 -4 -6 9 11 16 12 -3 21 29 -13 -10 -18 23 -20 -9 -2 -1 -11 -15 26 -26 -12 -29 -5
right_child=13 8 4 14 7 -7 -8 20 10 18 27 15 -14 24 -16 -17 17 -19 19 -21 -22 -23 -24 -25 25 -27 -28 28 -30 -31
leaf_value=0.002230680381876177 0.0088675231461433583 0.012493392302708769 0.01396425192393883 -0.013486732686495435 0.010546236925844051 -0.0087401957070396084 -0.0024149009914891371 0.0068838595575456841 0.003040021864589796 -0.0054740646713092728 -0.0075529411151016067 0.0065240560895409591 -0.0061793048183556827 -0.0037132462280684828 0.013614168283089909 -0.0074033936280139788 -0.018891104591427892 0.004387392042090133 0 -0.013784718608038361 -0.012082005745690389 -0.0062128727434044633 -0.01535353452492076 0.013212639725753468 0.019462439657594914 -0.0014622114479618011 -0.0014694037721545621 0.012632504228388216 -0.0058071902306818879 0.0051314607598690887
leaf_weight=1.0096894572343424 2.3480716785998066 9.629773215317984 13.340900741604861 0.99803164912736997 1.5576083584455762 1.465028362115844 2.4289775539073153 0.80745625931012899 1.0896861912042357 0.99993970264040344 0.99945456942077671 3.0521682454127577 4.7015993681852697 0.40111011709086586 2.0722895874205278 8.8680532218786521 7.8346192979079188 0.76336389408970706 4.3194754572177763 9.5056492659641645 4.2247591523482697 3.3393917707726359 4.3879355433746241 1.0632574430783277 5.831099737493787 0.58138306415639807 0.42639684700407077 1.9521344431705077 0.44503546151099715 0.45658079045824707
leaf_count=70 898 1283 1027 88 79 87 254 62 267 327 60 233 788 73 187 1232 1286 58 536 1449 540 646 366 456 1302 44 72 381 107 45
internal_value=-3.20126e-05 -0.00138614 0.00269154 -0.00502661 0.00578956 0.00901757 0.011269 -0.00233341 -0.00386253 -0.00181179 -0.00965664 0.00175951 0.0061684 0.00840555 0.00493806 -0.00337614 -0.0137361 -0.01627 -0.00764494 -0.00980926 -0.00790477 0 -0.0117608 0.0043462 0.0138761 0.0156325 0.0176168 0.00177397 0.00762436 -0.00671085
internal_weight=100.901 87.9735 32.7493 8.92453 23.8247 17.2349 15.7699 6.58982 55.2242 42.1399 13.0843 26.2516 14.3314 12.9275 3.5269 11.9202 9.68767 8.59798 15.8883 13.8251 5.03222 5.68746 5.39763 2.0632 7.23999 6.83888 6.2575 3.39662 2.39717 1.45461
internal_count=14303 11268 2805 756 2049 1368 1281 681 8463 6304 2159 3536 2071 3035 320 1465 1611 1344 2768 1985 602 1544 436 783 1491 1418 1374 548 488 133
is_linear=0
shrinkage=0.03


Tree=109
num_leaves=31
num_cat=0
split_feature=41 38 41 49 7 43 41 33 41 34 3 20 1 35 25 48 35 3 23 32 6 13 37 3 25 3 41 23 1 42
split_gain=1.12565 0.982032 0.787064 0.907901 1.28371 0.983558 1.19962 0.951685 0.886315 0.677703 0.514321 0.418048 0.412683 0.407594 0.406636 0.383497 0.31966 0.283356 0.307325 0.280644 0.270694 0.256746 0.27859 0.248436 0.227554 0.226073 0.207111 0.194576 0.187814 0.178623
threshold=0.9915316402912141 0.71875000000000011 0.38739128410816198 0.94084015488624584 2.5483334064483647 0.82661032676696788 0.82684683799743663 57.612007141113288 0.84548446536064159 0.49026662111282354 0.12141286581754686 0.045946164056658752 0.63445058465003978 0.66473543643951427 0.15557567775249484 0.28516024351120001 0.71994838118553173 0.39034661650657659 0.37220023572444921 0.037693627178668983 0.09138027206063272 58.022365570068366 0.3012168556451798 0.21501825004816058 0.20305141061544421 0.13483588397502902 0.86064261198043834 0.64662671089172374 0.67998880147933971 0.27374686300754553
decision_type=2 2 2 2 2 2 2 2 2 2 2 2 2 2 2 2 2 2 2 2 2 2 2 2 2 2 2 2 2 2
left_child=1 2 -1 5 14 6 -4 -6 -7 13 12 21 26 29 -5 17 -15 18 -11 -17 -20 22 -12 -18 27 -26 -3 -21 -14 -2
right_child=9 10 3 4 7 8 -8 -9 -10 15 11 -13 28 16 -16 19 23 -19 20 24 -22 -23 -24 -25 25 -27 -28 -29 -30 -31
leaf_value=-0.015942917180100411 0 -0.012820583510254949 -0.0038372613714864252 0.0040311270507155349 0.017779844629167575 0.0027669070703406065 0.0053410609235607226 0.001384094601505125 -0.015438313770017142 -0.0020497300721208848 -0.018118768229859909 0.00075512775819283422 0.013390734684781544 -0.0070333727951597249 -0.015775208709598792 0.0055195168356120183 0.015353356574896096 -0.0033140762226083302 0.020763862413601793 -0.014916304456891972 0 0 0.0019606270159286524 -0.0013057998738482727 0.01008048093124566 -0.005655311615029749 0.0028413618316626855 0.00088143064103851057 0 0.022508542139856324
leaf_weight=1.5923351311357681 0.27502858731895541 1.1256056117708788 23.987746918035555 0.60356849012896363 6.8837232267978816 2.8862973548821156 25.097331491524528 6.3754492793232203 5.9801008523645578 0.49113970389589745 5.9622952836507448 1.3383369537186807 1.0481041158200244 0.80016044352669302 1.7067808644496834 1.0437190113443646 0.85405219830863621 0.62729500935529348 1.411984376376495 1.8772777318372398 0.60358168397215184 0.98574667937646143 0.1936284415423869 0.65665165908285417 0.45171524421311893 0.78297902928898111 0.30592961818911124 0.34182522475020949 1.0432459495204964 3.0065698981197784
leaf_count=105 42 192 2679 43 396 426 3468 520 802 49 1316 276 166 143 126 418 367 137 359 213 331 163 29 110 104 116 241 142 191 608
internal_value=0.000214079 -0.00102198 0.000253693 0.000853971 0.00706984 -0.000856722 0.000808682 0.0107566 -0.00952809 0.00806721 -0.00864134 -0.012297 0.000268197 0.015184 -0.01004 0.00134949 0.002308 0.0083582 0.0122468 -0.00362065 0.0162498 -0.0149037 -0.0168822 0.00928133 -0.00767546 0.000693914 -0.0084477 -0.012033 0.00800748 0.0208936
internal_weight=100.34 87.1162 75.1133 73.521 15.5695 57.9515 49.0851 13.2592 8.8664 13.224 12.0029 8.48001 3.52289 5.59246 2.31035 7.63152 2.31086 3.134 2.50671 4.49752 2.01557 7.14167 6.15592 1.5107 3.4538 1.23469 1.43154 2.2191 2.09135 3.2816
internal_count=14278 11139 8565 8460 1085 7375 6147 916 1228 3139 2574 1784 790 1270 169 1869 620 876 739 993 690 1508 1345 477 575 220 433 355 357 650
is_linear=0
shrinkage=0.03


Tree=110
num_leaves=31
num_cat=0
split_feature=13 49 34 47 49 3 24 48 25 32 0 23 7 24 14 0 34 37 1 47 47 25 31 0 13 23 10 39 43 3
split_gain=1.29577 1.32365 0.973123 0.899316 0.872478 0.842377 0.828543 0.777043 0.759572 0.738543 0.711584 0.69544 0.92786 0.687591 0.671446 0.654729 0.631345 0.624335 0.617652 0.603164 0.557992 0.557825 0.524072 0.489776 0.605307 0.588427 0.490594 0.441757 0.436139 0.430464
threshold=32.168743133544929 0.76291969418525707 0.50035864114761364 0.9323958456516267 0.14276819676160815 0.50009465217590343 0.30533660948276525 0.32829810678958898 0.1643200218677521 0.04913380183279515 15.040683269500734 0.52452737092971813 4.781459093093873 0.33027176558971411 23.895069122314457 5.5227830410003671 0.47867660224437719 0.081196196377277388 0.64041590690612804 0.8577668070793153 0.7269236445426942 0.25196462869644171 0.015858875587582592 4.9515342712402353 29.065146446228031 0.56059589982032787 0.62500000000000011 0.9717320203781129 0.73050570487976085 0.9363793432712556
decision_type=2 2 2 2 2 2 2 2 2 2 2 2 2 2 2 2 2 2 2 2 2 2 2 2 2 2 2 2 2 2
left_child=5 3 8 6 -5 9 10 -8 13 23 17 12 -4 -3 -14 -7 -11 -2 -10 -9 -20 22 -13 26 28 -26 -1 -6 -25 -12
right_child=1 2 11 4 27 15 7 19 18 16 29 21 14 -15 -16 -17 -18 -19 20 -21 -22 -23 -24 24 25 -27 -28 -29 -30 -31
leaf_value=-0.00061544308929156061 0.004088493726741178 0.013018040656820424 -0.0098859240920944873 -0.0098977932869385894 0.017435087635640636 -0.010947517334439339 0.014774734678152518 -0.0067632030284701513 0.0045271227382737639 0.0092532371749429309 0.015397360918571894 -0.003813231699852552 0.019439947986791908 -0.0098624221009356826 -0.0061485456956002276 0.0085573752332696752 -0.010019832462582633 -0.0122333625240917 -0.016026603692457547 0.009374960831818293 0.0061052179277563488 -0.0036557884064759441 0.022725277578903171 -0.0073359506930541878 0.014870161796178956 -0.0021953263231925869 0.015045329823875329 -0.0035745611446610639 0.0076526873616371777 -0.0073534695783349048
leaf_weight=1.6226536395261106 1.5377017206919905 2.9972359992680162 2.4499200668215035 1.2015559216961254 2.7304361684073233 4.2088116917439029 1.4522472281241778 9.6218720477481821 1.6970767266320761 1.2923521666671138 0.84242321537749265 0.25975854089483608 1.764406022964977 0.69202736113220442 0.58921812521293748 1.1858016404439693 3.390279344341252 24.800436774188711 4.7852915603725705 1.5426065904321138 0.48021377529948939 0.49293625689460885 4.0344322505261516 4.5861977911699778 4.3156854259723332 1.9941181751783004 10.220324484020239 0.51322836126200844 1.4590744502784216 0.28616196336224675
leaf_count=398 183 171 240 228 378 634 170 1091 273 304 252 11 97 28 46 99 507 3321 413 98 57 90 426 500 473 403 3042 116 227 18
internal_value=-0.000259567 -0.00277297 0.00338412 -0.0056507 0.00584748 0.00434902 -0.00711016 -0.000423724 -0.00258524 0.00641658 -0.00995338 0.00991534 0.000665607 0.00689846 0.0122162 -0.00552322 -0.00348046 -0.011056 -0.0082224 -0.00369938 -0.0128771 0.0169596 0.0201362 0.00851295 0.00354251 0.00950395 0.0127851 0.0133449 -0.00271977 0.00747478
internal_weight=99.0465 64.7712 20.2425 44.5287 4.44522 34.2753 40.0834 12.6167 10.6518 28.8807 27.4667 9.59067 4.80354 3.68926 2.35362 5.39461 4.68263 26.3381 6.96258 11.1645 5.26551 4.78713 4.29419 24.1981 12.3551 6.3098 11.843 3.24366 6.04527 1.12859
internal_count=14294 7707 1852 5855 722 6587 5133 1359 942 5854 3774 910 383 199 143 733 811 3504 743 1189 470 527 437 5043 1603 876 3440 494 727 270
is_linear=0
shrinkage=0.03


Tree=111
num_leaves=31
num_cat=0
split_feature=0 36 15 33 49 34 16 43 35 29 39 37 49 39 35 30 30 0 45 9 45 48 0 45 36 39 29 22 47 43
split_gain=0.815554 0.690392 0.958915 0.660959 0.749379 0.866872 1.07622 0.907838 0.785934 0.750931 0.709872 0.629583 0.870263 0.607391 0.60678 0.570608 0.630768 0.89768 0.791933 0.569284 0.559372 0.614519 0.498751 0.46143 0.446017 0.637109 0.59017 0.439755 0.385543 0.370274
threshold=6.265996217727662 0.32200439274311071 0.20714285969734195 48.911823272705085 0.76291969418525707 0.39824938774108892 0.40332031250000006 0.38204175233840948 0.67863363027572643 0.95646998286247265 0.96006634831428539 0.16653926670551303 0.084228515625000014 0.7981218993663789 0.80188247561454784 0.30859375000000006 0.12890625000000003 8.1034970283508319 0.17247315496206286 0.84942549467086803 0.22353495657444003 0.4543979167938233 5.0197947025299081 0.072030063718557372 0.16904441267251971 0.94967785477638256 0.99394196271896373 0.60138785839080822 0.76601505279541027 0.97533193230628978
decision_type=2 2 2 2 2 2 2 2 2 2 2 2 2 2 2 2 2 2 2 2 2 2 2 2 2 2 2 2 2 2
left_child=1 2 24 15 5 6 10 13 20 -9 -5 12 -4 -7 -14 16 -2 18 -18 -19 21 -6 -3 -13 -1 29 -27 -25 -8 -26
right_child=3 22 11 4 8 7 28 9 -10 -11 -12 23 14 -15 -16 -17 17 19 -20 -21 -22 -23 -24 27 25 26 -28 -29 -30 -31
leaf_value=-0.0057732695161117975 -0.0081248003633251405 0.0044790100554727985 -0.010241797213337386 -0.013911193249069392 0.0066786770686661293 -0.015027098502862872 -0.00069436808384744852 0 0.015927815661472958 -0.015360916911820507 0.0041419782547778058 0.0076109610280010774 0.012096907600349198 0.0049281584717923077 -0.0080376962334488891 -0.010231380563195861 0.0057385086592967481 0.019883565614653931 -0.014399991801045862 0.0035213680100733748 -0.012148452485878449 -0.0082189343293843989 -0.016752519223908881 -0.0099597785519491017 0.021656899600238162 0.011790454658196043 -0.0060771662718158027 0.0038837283288544527 0.018169671642803621 -0.0020476111303882132
leaf_weight=0.40363912130124191 1.8514312290644799 0.80544521327828933 1.4459660596330675 3.1673713841300906 6.9538472869899106 0.73375795558968349 0.86344100801943602 3.6039556642499546 1.9205222330638196 14.004225595504975 2.6780315560754389 1.5046444488689292 8.5204814138924085 5.427633054452599 0.67595841237926002 1.5473120692040527 3.4615880710771298 4.0726901057641935 1.8457933607278389 4.7947028186026728 2.2590780707760123 2.5523330529540544 1.4630400803871451 6.9508618143663607 5.1389371758850739 2.4622807400010061 2.1015412362467032 1.8209343818598425 2.3396087543806061 0.22690590057754878
leaf_count=36 198 70 294 399 414 77 136 850 163 1587 251 294 1718 623 200 301 388 603 200 529 382 475 88 1363 996 774 272 405 182 26
internal_value=8.63534e-05 0.00384142 0.00514024 -0.00186077 -0.00374194 -0.00616848 0.00135811 -0.00909393 0.00189636 -0.0124072 -0.00580518 0.00111667 0.00606803 0.000366276 0.00967961 0.00288917 0.00485866 0.00717585 -0.00196223 0.0125938 -0.00122739 0.00199166 -0.00923226 -0.00382836 0.0122037 0.0136703 0.00341012 -0.00667565 0.0134154 0.020019
internal_weight=97.598 33.5206 31.2522 64.0773 46.5038 32.818 9.04845 23.7696 13.6858 17.6082 5.8454 20.9188 10.6424 6.16139 9.19644 17.5735 16.0262 14.1748 5.30738 8.86739 11.7653 9.50618 2.26849 10.2764 10.3333 9.92967 4.56382 8.7718 3.20305 5.36584
internal_count=14294 6536 6378 7758 5539 4105 968 3137 1434 2437 650 4274 2212 700 1918 2219 1918 1720 588 1132 1271 889 158 2062 2104 2068 1046 1768 318 1022
is_linear=0
shrinkage=0.03


Tree=112
num_leaves=30
num_cat=0
split_feature=14 3 7 42 18 32 14 0 42 20 40 3 32 0 0 47 32 3 35 1 3 7 34 29 27 23 14 29 4
split_gain=0.821905 0.631451 1.23274 1.17311 0.955865 0.925199 0.891289 0.851895 0.768239 0.688662 0.710597 0.593738 0.592219 0.590049 0.920154 0.531142 0.435159 0.442518 0.37404 0.360743 0.381808 0.353159 0.329802 0.289461 0.285676 0.282387 0.135776 0.134837 0.122638
threshold=54.980937957763679 0.34463892877101904 6.985619544982911 0.74527630209922802 0.27734375000000006 0.038799794390797622 0.30122286081314092 4.6359872817993173 0.64676174521446239 0.033553067594766624 0.73519906401634227 0.068151559680700316 0.054847577586770065 10.423141479492189 7.7242145538330087 0.80209243297576915 0.053566453978419311 0.20035685598850253 0.77995994687080394 0.59168505668640148 0.49516062438488012 2.9282279014587407 0.44490811228752142 0.96587583422660839 0.94795942306518566 0.48275004327297216 10.119677543640138 0.99560058116912853 0.91089412569999706
decision_type=2 2 2 2 2 2 2 2 2 2 2 2 2 2 2 2 2 2 2 2 2 2 2 2 2 2 2 2 2
left_child=1 5 3 6 26 11 23 16 19 22 -11 15 -8 14 -13 21 17 -7 -15 -4 -21 -1 -9 -3 -17 -6 -5 -2 -18
right_child=27 2 8 4 25 7 12 9 -10 10 -12 13 -14 18 -16 24 28 -19 -20 20 -22 -23 -24 -25 -26 -27 -28 -29 -30
leaf_value=0.004517823679521674 -0.019319166919468295 -0.0027948848151070384 -0.0023366251541372908 0.020337136859310545 0.0055436794684676615 0.016372609838408853 -0.0095479378062507652 0.00053394102873865394 -0.0089835408456957651 0.0049655832415517803 -0.0059949489779117897 0.0091633677679613407 0.0053137814678593772 0.019958936004166407 -0.0058686135636652429 -0.002574831437845745 -0.010617207157854818 0 0 0 0.022115444452430029 -0.012990641847241784 -0.01745027964342907 0.01421577758346796 0.010638041960605873 -0.010917556955937701 0 0 0.0014521715205574573
leaf_weight=0.56848400470335336 1.2958287367073342 0.5979956384399 0.36891932594880872 2.0604501608613641 0.47171560663264234 3.3212446085890432 26.171379175451879 0.6994624653016247 0.60932861227774981 8.1635743087099417 11.417802971598574 11.646876615915973 1.7511173395905633 4.1904614336526711 4.1129153141519046 1.4969254728639501 0.46573880047071714 1.7855455101234836 0.66065029051969748 0.66754833165032357 2.7559365423221607 2.6617213331919629 3.1966729997366201 1.3982004420831797 2.4681172356067691 1.4524103166477287 0.4291704901261254 0.48589990515029047 0.43263951354310848
leaf_count=99 103 54 30 198 147 1040 3310 186 71 872 1611 2088 242 450 603 336 56 432 218 63 146 414 505 43 369 324 84 51 180
internal_value=-0.000165523 0.000266725 -0.00261761 -0.00465943 0.00823028 0.0022798 -0.0068627 -0.00133251 0.0106671 -0.0040146 -0.00126044 0.00612735 -0.00836068 0.00863094 0.0049453 -0.000856248 0.00780121 0.0111565 0.0172002 0.0156661 0.0183739 -0.00886056 -0.0141593 0.00888662 0.00553164 -0.00534027 0.0181029 -0.0162607 -0.00552135
internal_weight=97.8047 96.023 38.7342 34.3324 4.41375 57.2888 29.9187 29.4827 4.40173 23.4775 19.5814 27.8062 27.9225 20.6109 15.7598 7.19525 6.00517 5.10679 4.85111 3.7924 3.42348 3.23021 3.89614 1.9962 3.96504 1.92413 2.48962 1.78173 0.898378
internal_count=14325 14171 4712 4402 753 9459 3649 4882 310 3174 2483 4577 3552 3359 2691 1218 1708 1472 668 239 209 513 691 97 705 471 282 154 236
is_linear=0
shrinkage=0.03


Tree=113
num_leaves=31
num_cat=0
split_feature=14 40 35 48 13 50 39 39 47 28 27 24 3 3 50 6 4 34 48 6 48 22 40 34 32 34 21 22 32 3
split_gain=0.869161 0.766171 0.8747 1.56222 1.18352 0.842651 0.766546 1.23736 0.587977 0.655095 1.05117 0.570113 0.56321 0.962498 0.505903 0.484337 0.447387 0.487981 0.379175 0.339362 0.326617 0.313307 0.289514 0.2715 0.116939 0.0866038 0.0646562 0.025606 0.0175681 0.011376
threshold=54.980937957763679 0.81237336993217479 0.60800582170486461 0.49095010757446295 56.478122711181648 0.08674615249037744 0.94146469235420238 0.95651191473007213 0.9463045895099641 0.85389474034309398 0.98071265220642101 0.34155352413654333 0.22379656136035922 0.49516062438488012 0.22656093537807467 0.080123204737901701 0.9162234663963319 0.39143399894237524 0.19306365400552752 0.053492059931159026 0.41995489597320562 0.34735116362571722 0.95458823442459118 0.53720495104789745 0.044202834367752082 0.57327276468276989 48.48198318481446 0.48141747713088995 0.043800625950098045 0.31766808032989508
decision_type=2 2 2 2 2 2 2 2 2 2 2 2 2 2 2 2 2 2 2 2 2 2 2 2 2 2 2 2 2 2
left_child=1 2 3 5 6 20 15 -8 9 10 18 -7 14 -14 -11 -4 27 -18 -3 -5 -1 29 -12 26 -21 -25 -23 -6 -2 -10
right_child=28 8 4 19 16 11 7 -9 21 12 22 -13 13 -15 -16 -17 17 -19 -20 24 -22 23 -24 25 -26 -27 -28 -29 -30 -31
leaf_value=-0.0082585065495807061 -0.018019830051506123 0.00098998693020848618 -0.014231340121294503 0.0038277579686049139 0 0.012578166150849843 0.015622328059234492 -0.002798119206465922 0 -0.0018587643646909447 0.010683691956684477 -0.0034914385050891701 -0.011932673739235228 0.0046387564007909022 0.013234964306251332 -0.0025390432793380058 -0.0024062174893390133 0.020668488829551471 -0.014790559510573439 -0.017876768605572611 0.0075541854436037715 0 -0.0055711136106677732 -0.0060507006202310497 0 0.004379550825633188 0.018262317672346307 -0.0062568633470560407 -0.0011046083749739163 -0.0056605787717805495
leaf_weight=2.6719814760726943 1.2494986154779315 1.039599045645448 4.8360379433579537 0.31737015492399168 0.065657789993564974 20.417200582174704 3.4730383121495825 10.98659812803089 0.21992352884262745 2.7848988027108161 2.0210692747496064 1.4591263103066001 5.5834114834287885 4.9528834822704084 3.2809832464845385 10.160184765845768 0.52374055553809773 2.9138139272108674 9.3140238857667992 1.8518918986665087 0.65375737810973067 0.10408858046866987 0.45137570984661568 0.41838916135020543 0.35908735610428255 0.35631681111408398 1.4480416642618363 0.33634343239828013 0.6168541116057894 0.2671555093547795
leaf_count=378 109 177 519 27 88 2280 671 1891 40 549 322 138 890 635 602 1929 85 311 1418 135 33 47 72 97 54 157 356 158 48 41
internal_value=0.00041141 0.000932153 0.0029166 0.00675715 -0.000298329 0.00915847 -0.00256277 0.00215654 -0.00270837 -0.00409688 -0.00892087 0.0112694 0 -0.0041559 0.00659839 -0.00715112 0.0133938 0.0167268 -0.0129942 -0.0121403 -0.00342885 0.00829302 0.00610244 0.0124288 -0.015845 0 0.0172369 -0.00456919 -0.0158116 -0.00451869
internal_weight=95.1343 93.268 61.0258 27.7304 33.2954 25.2021 29.4559 14.4596 32.2422 29.4282 12.8261 21.8763 16.6022 10.5363 6.06588 14.9962 3.83956 3.43755 10.3536 2.52835 3.32574 2.81392 2.47244 2.32684 2.21098 0.774706 1.55213 0.402001 1.86635 0.487079
internal_count=14257 14100 8697 3045 5652 2829 5010 2562 5403 4665 1989 2418 2676 1525 1151 2448 642 396 1595 216 411 738 394 657 189 254 403 246 157 81
is_linear=0
shrinkage=0.03


Tree=114
num_leaves=31
num_cat=0
split_feature=13 49 34 4 16 23 32 46 7 40 49 16 32 34 32 9 46 16 35 43 22 15 0 7 13 47 29 34 29 18
split_gain=0.88434 0.711881 1.15088 0.807988 0.787966 0.671877 0.66318 0.651982 0.619557 0.687483 0.573548 0.561849 0.876989 0.744881 0.559735 0.494707 0.68192 0.468528 0.463277 0.430015 0.412707 0.431236 0.628719 0.430036 0.404315 0.404283 0.398343 0.39814 0.480767 0.329689
threshold=32.168743133544929 0.76291969418525707 0.50035864114761364 0.94492921233177196 0.34472656250000006 0.52452737092971813 0.04913380183279515 0.98254752159118663 10.74187231063843 0.92846128344535839 1.2287597060203554 0.40136718750000006 0.038341592997312553 0.42368797957897192 0.041589042171835906 2.127418160438538 0.99432355165481578 0.28808593750000006 0.77349013090133678 0.67468193173408519 0.5791832208633424 0.29670330882072454 4.8832900524139413 3.5363624095916752 29.685661315917972 0.93069282174110424 0.93435016274452221 0.47867660224437719 0.98905432224273693 0.21484375000000003
decision_type=2 2 2 2 2 2 2 2 2 2 2 2 2 2 2 2 2 2 2 2 2 2 2 2 2 2 2 2 2 2
left_child=6 8 3 19 17 15 10 -7 9 11 20 12 -2 -13 -6 16 -4 -5 -9 -3 21 22 -1 29 -12 -23 -11 -8 -29 -22
right_child=1 2 5 4 14 7 27 18 -10 26 24 13 -14 -15 -16 -17 -18 -19 -20 -21 23 25 -24 -25 -26 -27 -28 28 -30 -31
leaf_value=0.015837400728147554 0 -0.020743494632656151 0.0067869452431267635 -0.0043781724550268466 0.0035963997742829816 -0.0061617028902636924 0.0047200507250358507 0.023039973774515887 0.010272408074846862 0.0019772340639906206 -0.011011960617363443 0.013367323329873108 -0.010448989933539368 -0.0032899474546450409 -0.015036079290480196 0.013592197627306478 -0.014474402952030289 0.016173998759082951 -0.0016657733718980126 0 0 0.0044718446281686889 0.00047219532423607843 0 0.0074470269551413192 -0.0064231246999632207 -0.016667380262099015 0.0028818638329648695 -0.015516125984100005 0.022008104719974979
leaf_weight=4.7074139114411171 15.210212129233698 1.9451478511036859 1.5528466419636955 0.62079863029066507 1.8563635241953309 0.33673280663788308 1.6470796210633114 3.8272147279349156 1.5241807889906329 0.67747182118182436 2.1412606767262328 2.9874661443463983 13.13557435190887 4.9307446350721875 1.9622298272443002 0.88528100494295348 1.8341486796562092 2.500810894271126 0.39068668655818317 0.92701699500321399 0.89803243218921069 7.2734624655786302 4.9681848212931072 1.2017840993212301 0.58588650566525746 3.8270382185073686 4.9449216623179382 1.1972503441502342 2.5697526203875896 3.0999306355661247
leaf_count=1260 2080 223 92 44 172 11 363 468 76 277 125 283 1785 661 232 51 245 137 44 124 210 1396 566 404 27 942 678 334 242 758
internal_value=0.000106722 -0.00198788 0.00272261 -0.00398842 0.00154382 0.0101349 0.0039498 0.0170427 -0.00409375 -0.0049138 0.00579968 -0.00308517 -0.00506906 0.00345248 -0.00648897 0.000365787 -0.00471771 0.0112883 0.020296 -0.0150775 0.00723051 0.0046933 0.00901202 0.0144921 -0.00530736 0.000247343 -0.0140085 -0.00476486 -0.00966153 0.0183837
internal_weight=96.1669 62.0498 18.6393 9.81237 6.9402 8.82691 34.1171 4.55463 43.4106 41.8864 28.703 36.264 28.3458 7.91821 3.81859 4.27228 3.387 3.12161 4.2179 2.87216 25.9758 20.7761 9.6756 5.19975 2.72715 11.1005 5.62239 5.41408 3.767 3.99796
internal_count=14310 7683 1843 932 585 911 6627 523 5840 5764 5688 4809 3865 944 404 388 337 181 512 347 5536 4164 1826 1372 152 2338 955 939 576 968
is_linear=0
shrinkage=0.03


Tree=115
num_leaves=31
num_cat=0
split_feature=45 40 31 25 41 20 49 50 6 13 1 0 32 21 40 33 0 13 9 41 20 14 45 14 29 23 29 25 34 30
split_gain=1.06813 0.899956 0.998011 0.955038 0.902091 0.911147 0.829847 0.798638 0.883289 0.785523 0.755532 0.678903 0.616308 0.486213 0.476303 0.463323 0.614936 0.591758 0.44303 0.912176 0.714031 0.432844 0.431786 0.396631 0.359876 0.355103 0.337967 0.3169 0.316485 0.292523
threshold=0.24079883843660357 0.7761581838130952 0.028584919869899753 0.19842907041311267 0.82520252466201793 0.043304974213242538 0.69170409440994274 0.088790383189916625 0.16167277097702029 31.16759014129639 0.75502607226371776 4.6359872817993173 0.038273228332400329 40.220867156982429 0.91953602433204662 62.443151473999031 4.9104251861572275 25.021240234375004 0.47836883366107946 0.68949711322784435 0.033506171777844436 10.119677543640138 0.090962015092372908 5.3130140304565439 0.93742164969444286 0.478098675608635 0.97093707323074352 0.12703804671764377 0.48211218416690832 0.17578125000000003
decision_type=2 2 2 2 2 2 2 2 2 2 2 2 2 2 2 2 2 2 2 2 2 2 2 2 2 2 2 2 2 2
left_child=1 7 21 10 6 -6 -5 22 18 15 11 -4 -10 -11 24 16 -2 -17 19 -9 -20 28 -1 -12 -15 -14 -24 -26 -3 -23
right_child=9 2 3 4 5 -7 -8 8 12 13 23 -13 25 14 -16 17 -18 -19 20 -21 -22 29 26 -25 27 -27 -28 -29 -30 -31
leaf_value=0.0040576288194114586 -0.0037588657670143463 -2.8831354724861683e-05 0.0044126410120894338 -0.013226366501275932 0.014455000450658185 -0.0048728425593546352 0.0031209503288748578 -0.011533177823155192 0.0036459355370292682 0.0050081815800761967 0.01374899569183613 -0.016385168051985682 0.0032938993153882549 0 0 0.0041216290039427905 0.017661061892296048 -0.017658490708795289 0.00013390207174206799 0.0060474803844832534 0.013172417748889968 -0.0096284946708370591 0.002851166501461127 -0.0057294724467368717 0 -0.018335992577029586 -0.016561235996173856 -0.020288884395858141 0.017816555861936274 0.0071994060525661895
leaf_weight=1.2433942283096251 1.31754368572729 0.74574631315772366 0.97238015102630271 4.8284992961416737 4.8529171261470756 2.5813568561279681 4.333730345548247 2.183255561336412 2.4688215271089566 0.75620674775564012 0.87439229522715212 8.638872751980669 0.26303094602189991 1.2626162652013571 1.7407901991391552 1.6260478331532797 1.7084997164783997 0.94087562305503514 5.5114257388486321 14.034120506010366 15.791207892791133 1.0014483451959675 0.41030113221495446 0.8147812785464339 0.76553190348204214 1.9191064326587364 2.2337670068664011 5.9018697324718232 2.6599433465744369 0.64330547710414965
leaf_count=138 336 106 462 580 1108 378 653 170 516 176 115 1327 31 364 311 380 183 162 964 2124 1896 101 65 93 117 371 239 537 155 57
internal_value=0.000254403 0.00173335 -0.0019569 -0.00429627 0.000210779 0.00760617 -0.00565265 0.00442237 0.00568764 -0.00653635 -0.0106385 -0.0137808 -0.00543577 -0.0111073 -0.0129998 0.0019224 0.00897249 -0.00573305 0.00724969 0.00297406 0.0100909 0.00904349 -0.00704482 0.00460114 -0.0158095 -0.0145702 -0.0127698 -0.0182577 0.0141084 -0.00167884
internal_weight=95.0258 79.0058 32.9474 27.8969 16.5965 7.43427 9.16223 46.0584 42.171 16.02 11.3004 9.61125 4.65096 10.427 9.67081 5.59297 3.02604 2.56692 37.52 16.2174 21.3026 5.05044 3.88746 1.68917 7.93002 2.18214 2.64407 6.6674 3.40569 1.64475
internal_count=14215 11649 5135 4716 2719 1486 1233 6514 6072 2566 1997 1789 918 1505 1329 1061 519 542 5154 2294 2860 419 442 208 1018 402 304 654 261 158
is_linear=0
shrinkage=0.03


Tree=116
num_leaves=31
num_cat=0
split_feature=14 32 43 19 39 14 24 40 0 15 34 23 32 41 23 33 6 23 45 43 34 3 6 16 29 45 34 5 22 29
split_gain=0.878062 0.706531 0.87561 0.633862 0.700423 0.67705 0.65405 0.631081 0.621488 0.699765 0.643729 0.901534 0.617947 0.567457 0.556691 0.668774 0.552146 0.521473 0.503715 0.474869 0.389505 0.373218 0.356705 0.315354 0.302918 0.239647 0.218292 0.16759 0.160343 0.157083
threshold=54.980937957763679 0.040209813043475158 0.61225575208663952 0.031841587275266654 0.890434890985489 1.6285243034362795 0.26211702823638922 0.43051156401634222 6.2989847660064706 0.72380954027175914 0.58075377345085155 0.52452737092971813 0.04913380183279515 0.99191969633102428 0.58509990572929393 66.395481109619155 0.139982745051384 0.50513809919357311 0.14801093935966494 0.84243592619895946 0.47867660224437719 0.16000144928693774 0.097705878317356123 0.24609375000000003 0.99768838286399852 0.072030063718557372 0.43235887587070471 0.24983859062194827 0.41954985260963445 0.99560058116912853
decision_type=2 2 2 2 2 2 2 2 2 2 2 2 2 2 2 2 2 2 2 2 2 2 2 2 2 2 2 2 2 2
left_child=1 2 3 13 5 -5 -6 23 9 12 17 28 18 27 15 -9 -13 19 -3 -10 -14 -19 -16 -4 -25 -11 -27 -1 -12 -2
right_child=29 8 7 4 6 -7 -8 14 10 25 11 16 20 -15 22 -17 -18 21 -20 -21 -22 -23 -24 24 -26 26 -28 -29 -30 -31
leaf_value=5.0743290977050972e-06 -0.019674003064149952 0.01603646413655415 0.0060823663608486128 0.007673899440419683 0.01302239357734581 -0.0099768470325231721 0.00061471068455683838 0.016205654378081941 0.0012375788979641247 0.0027855221536534393 0.0011536753007998298 0.014556308875265472 0.0065794260403790935 0.0063327328058358726 0.0073903363457156306 -0.0008927982762576141 -0.0049241868584448531 -0.0022809981945604635 0.0012286150878267057 -0.013374519326863616 -0.0090339032192901635 -0.0159648728519328 -0.0052015447646945653 -0.014940737836669535 0.0043681270819526646 0.000375553332426746 -0.014764983894491076 -0.015893705302813359 -0.013783115458551685 0
leaf_weight=0.26256465638289528 1.3718170062857087 4.2344579318887572 0.57920750822814016 1.6719570644345392 4.9676845836220336 6.1319777483804501 12.531491668079978 9.5345831612503407 7.7988941033254431 0.59306904207915012 0.21342447295319189 3.5003900512529071 1.225080708565655 0.7342159392137545 3.1795739621447856 2.0302258908050126 0.99543291743611906 3.5328418334247527 4.5115904526028316 1.5290157994604667 2.7858543099137023 6.899219723767601 2.7851793941081269 1.4785554385598514 0.22602854762226332 0.59880948552745428 2.2114694580886862 3.3972379974002251 1.6025275862193664 0.41998677898664016
leaf_count=90 110 900 206 173 835 731 1521 1073 710 77 31 454 268 340 553 309 187 496 886 149 447 1093 781 279 36 126 509 572 244 49
internal_value=-7.76384e-05 0.000390606 0.00282367 -0.000375231 0.00145919 -0.00541239 0.00481273 0.00755013 -0.00239172 0.00202637 -0.00521475 0.0024908 0.00539017 -0.0098071 0.00950989 0.0131331 0.00958604 -0.007822 0.00961557 -0.00193021 -0.00330503 -0.0121981 0.00117731 -0.00489394 -0.0106027 -0.00826174 -0.0114996 -0.014353 -0.011176 -0.0166793
internal_weight=93.5344 91.7426 49.5105 29.6971 25.3031 7.80393 17.4992 19.8134 42.2321 16.1603 26.0717 6.31178 12.757 4.39402 17.5296 11.5648 4.49582 19.76 8.74605 9.32791 4.01094 10.4321 5.96475 2.28379 1.70458 3.40335 2.81028 3.6598 1.81595 1.7918
internal_count=14235 14076 7499 4262 3260 904 2356 3237 6577 3213 3364 916 2501 1002 2716 1382 641 2448 1786 859 715 1589 1334 521 315 712 635 662 275 159
is_linear=0
shrinkage=0.03


Tree=117
num_leaves=31
num_cat=0
split_feature=6 13 34 44 26 37 3 45 24 25 47 27 18 25 1 49 4 33 15 5 9 2 25 24 7 29 24 32 7 41
split_gain=0.834937 1.02492 0.754848 1.0185 0.965937 0.820275 1.20429 0.911454 0.988486 0.723387 1.24776 0.682866 0.70637 0.740293 0.677101 0.597439 0.823548 0.809913 0.655009 0.586865 0.57274 0.560261 0.522201 0.505533 0.448862 0.429308 0.428084 0.523497 0.417195 0.407684
threshold=0.10769977420568468 26.480503082275394 0.54722458124160778 0.23166368901729587 0.59375000000000011 0.20088688284158709 0.18790631741285327 0.25128093361854559 0.23371794819831851 0.23151864856481555 0.8891618847846986 0.97725594043731701 0.40234375000000006 0.24223740398883822 0.62205031514167797 0.94084015488624584 0.88733771443367015 58.136434555053718 0.37087912857532507 1.448839068412781 0.44740588963031774 0.51562500000000011 0.1528645604848862 0.23897755891084674 1.055040240287781 0.9491943120956422 0.23442744463682177 0.036111021414399154 2.6146671772003178 0.9375382959842683
decision_type=2 2 2 2 2 2 2 2 2 2 2 2 2 2 2 2 2 2 2 2 2 2 2 2 2 2 2 2 2 2
left_child=2 -2 5 9 -5 7 23 19 -9 10 25 15 20 29 -6 16 18 28 -3 22 -13 -22 -1 -7 -10 -4 -8 -28 -17 -14
right_child=1 11 3 4 14 6 26 8 24 -11 -12 12 13 -15 -16 17 -18 -19 -20 -21 21 -23 -24 -25 -26 -27 27 -29 -30 -31
leaf_value=0.0048122879661210141 0.008147404043126456 0.014339947914066457 0.0024105008597819998 -0.0089067824533765744 -0.0030196041536091223 -0.0031447650717867513 0.002671391363317616 0.01174077186457958 0.0052780242771916196 0.0058923396454590169 0.0029333962064126808 -0.0059180207584927881 -0.014316676721391978 0.0081676761598503955 0.023697459630442112 -0.003021017332197127 -0.014294899333814094 -0.012368431257407506 -0.0073744025116090507 -0.0091750868264431022 0.018610828749860173 -0.0040368669169343349 0.015384858127688432 0.015444065457121557 -0.015282483478291737 -0.0170658147855989 0.0013022189554397308 -0.014414990843734715 0.019166961360419378 0.0059752421336836063
leaf_weight=9.758393462980175 4.6933639701601342 1.1575506047229347 0.59881811760715375 0.93015656110946965 0.63793035462731529 1.1374083705450164 2.2848387379344768 1.596331436317995 0.45386223838431794 2.8001056402281383 4.5303489300131323 0.99140500638168116 4.1918789201008622 1.4483191419858483 2.1511116311667138 0.48351973877288346 12.790411398425929 0.88058358128182579 1.8842100636247776 0.46665511405444604 2.8102452671737415 0.64606551395263512 11.773224033189761 3.2688030245772097 3.0558847073843936 7.7289732936187647 2.0173474697221536 5.4616157249547541 1.2534548195544628 0.2741649364324984
leaf_count=1273 1770 304 290 81 86 183 348 178 54 396 765 106 506 172 91 19 2304 87 370 56 241 109 1396 599 351 993 207 816 85 108
internal_value=0.00023058 -0.00347381 0.00234877 -0.00235373 0.00986099 0.00463091 -0.0010042 0.00761457 -0.00291964 -0.00585289 -0.00886774 -0.0056773 0.000243069 -0.00588918 0.0176106 -0.00899819 -0.0111372 0.00261234 0.00165023 0.0102108 0.00853233 0.0137483 0.0111526 0.0103966 -0.0113777 -0.0152354 -0.00691575 -0.0101681 0.0130473 -0.0116569
internal_weight=94.157 33.5052 60.6518 19.3774 3.7192 41.2744 14.17 27.1044 5.10608 15.6582 12.8581 28.8118 10.3621 5.91436 2.78904 18.4497 15.8322 2.61756 3.04176 21.9983 4.44772 3.45631 21.5316 4.40621 3.50975 8.32779 9.7638 7.47896 1.73697 4.46604
internal_count=14344 6181 8163 2702 258 5461 2153 3308 583 2444 2048 4411 1242 786 177 3169 2978 191 674 2725 456 350 2669 782 405 1283 1371 1023 104 614
is_linear=0
shrinkage=0.03


Tree=118
num_leaves=31
num_cat=0
split_feature=45 6 34 14 35 34 14 39 22 25 13 40 27 3 2 2 32 13 22 45 24 47 40 21 33 33 7 13 6 49
split_gain=0.768764 0.737975 0.905628 0.785062 0.889547 0.700043 1.55381 1.13273 0.863593 0.80681 0.787672 1.11957 0.832994 0.724978 0.70453 0.632694 0.5455 0.540288 0.509698 0.588148 0.585281 0.505341 0.471915 0.516297 0.448303 0.431057 0.466639 0.440143 0.409528 0.379778
threshold=0.24079883843660357 0.10640256106853486 0.53276661038398754 6.1208980083465585 0.50296899676322948 0.55648416280746471 12.624236583709719 0.94401246309280407 0.37296865880489355 0.23151864856481555 56.172307968139656 0.7761581838130952 0.98476719856262218 0.52285969257354747 0.42187500000000006 0.29687500000000006 0.050953647121787078 31.16759014129639 0.36003781855106359 0.058913920074701316 0.2567462176084519 0.89774304628372203 0.91953602433204662 40.220867156982429 50.025140762329109 67.088603973388686 2.1832234859466557 24.624726295471195 0.15768151730298999 0.29202754795551306
decision_type=2 2 2 2 2 2 2 2 2 2 2 2 2 2 2 2 2 2 2 2 2 2 2 2 2 2 2 2 2 2
left_child=1 5 18 4 -4 6 8 14 24 -9 12 -12 -8 -10 15 -7 -6 25 -3 -20 -21 -16 23 -19 -1 26 -2 -27 -25 -5
right_child=17 2 3 29 16 7 10 9 13 -11 11 -13 -14 -15 21 -17 -18 22 19 20 -22 -23 -24 28 -26 27 -28 -29 -30 -31
leaf_value=-0.010871874766923013 -0.0035530562454462642 0.0046565997794808228 -0.0054350161442958947 0.0069110940186722612 0.018337864537755776 -0.0033379572502576144 -0.015986258528353576 -0.017040569428800396 0.014487267014935688 0.0053461660043251629 0.016279674764404145 -0.010054438697676181 0.0050666251886235828 -0.0010978829169137067 -0.011446091437359302 0.016736437632858196 -0.0038522877817807393 0.0038090183354398872 0.003335532133122958 0 -0.014061345103761001 0.0069863570475817652 0.0019710180199666544 -0.017616189989389876 0.005075900775942669 0.0022006156424522623 0.014265840402674076 -0.017416306090227814 0 -0.010414141273183974
leaf_weight=1.7615689586382384 1.4245335894229385 1.9884852880204622 1.8967118163709509 0.56848016119329292 4.5010730493449955 1.3225241963227725 4.6165549339202681 4.5082924883317892 16.101683129309098 1.1881447586492866 2.347589403711027 1.5464322295156305 1.5935975277097894 2.6116169598826664 2.4127108073662389 3.4667044462112244 0.58884186520299397 0.8227214372745929 2.2189076846407287 2.8966881352243936 10.952992609833016 1.1484622110729104 1.7022126456940885 6.7416096484666923 2.5688239308947232 1.4039435329323171 1.9731974355236159 0.84325900409021404 1.1208223846333565 3.1341065387532581
leaf_count=185 231 444 353 138 1111 267 511 698 2431 144 328 239 108 320 300 381 106 172 384 587 1636 124 319 831 415 313 397 145 180 467
internal_value=-0.000621431 0.00062677 -0.00304886 0.00349043 0.00914198 0.00294465 0.00530431 -0.00240677 0.00951946 -0.0118221 -0.00403021 0.00529109 -0.0102143 0.0122147 0.00427275 0.0110557 0.0150671 -0.00639965 -0.00705736 -0.00887061 -0.0111212 -0.00461554 -0.0101857 -0.0128356 -0.00167125 0.000600164 0.00700376 -0.00733327 -0.0151491 -0.00621217
internal_weight=91.9733 75.941 28.7463 10.6892 6.98663 47.1947 33.1479 14.0468 23.0437 5.69644 10.1042 3.89402 6.21015 18.7133 8.3504 4.78923 5.08991 16.0323 18.0571 16.0686 13.8497 3.56117 10.3874 8.68515 4.33039 5.64493 3.39773 2.2472 7.86243 3.70259
internal_count=14265 11677 5226 2175 1570 6451 4537 1914 3351 842 1186 567 619 2751 1072 648 1217 2588 3051 2607 2223 424 1502 1183 600 1086 628 458 1011 605
is_linear=0
shrinkage=0.03


Tree=119
num_leaves=31
num_cat=0
split_feature=32 42 30 34 14 44 0 29 0 41 19 34 42 27 18 23 3 45 49 26 45 14 40 23 32 15 40 27 32 32
split_gain=0.77383 0.883725 1.17855 0.892156 0.853189 0.718317 1.19127 0.831376 0.827651 0.962462 0.684134 0.663814 0.587299 0.614846 0.552834 0.547238 0.57169 0.496064 0.487655 0.460378 0.674206 0.455247 0.441496 0.446447 0.407979 0.481098 0.393023 0.391408 0.385418 0.371497
threshold=0.039639718830585487 0.55395013093948375 0.19140625000000003 0.43629571795463568 23.201871871948246 0.064172957092523589 5.0548510551452646 0.95275720953941356 7.3105885982513437 0.5714605748653413 0.022624803707003597 0.63168969750404369 0.96238207817077648 0.98384487628936779 0.22265625000000003 0.57516184449195873 0.069619316607713713 0.065678041428327574 0.41987407207489019 0.71875000000000011 0.04880786873400212 7.8958661556243905 0.32344532012939459 0.37981458008289343 0.048429749906063087 0.72380954027175914 0.75032654404640209 0.98487195372581493 0.031910995021462447 0.036772128194570548
decision_type=2 2 2 2 2 2 2 2 2 2 2 2 2 2 2 2 2 2 2 2 2 2 2 2 2 2 2 2 2 2
left_child=1 2 3 26 11 6 24 21 19 -10 -8 -5 13 -12 -11 16 -3 -17 -4 -9 -21 -7 -18 -24 25 -2 -1 28 -20 -19
right_child=5 15 18 4 -6 7 10 8 9 14 12 -13 -14 -15 -16 17 22 29 27 20 -22 -23 23 -25 -26 -27 -28 -29 -30 -31
leaf_value=-0.011541629967198415 0.013116708964769621 -0.00012126254745435638 0.0005012234759137989 0.019679336021199301 -0.0063679184166664758 0.0020809150845126656 0.0058264302315850199 0.0056965276136023788 -0.0051545126173504962 -0.0030310627023897013 -0.015111630097788766 0 0.0053593895505172941 0 0.020356567370826469 0.012553584146757047 -0.0038817855722918532 -0.0057130266177268744 0.0015589222507099187 0.010035617546801313 -0.012846740891527637 -0.014154873950372534 -0.00017237830369030237 0.018112148332085423 -0.0032333595359365138 -0.0048639888038612515 0.0056137253084022508 0.0010137822546817802 -0.016329405293735989 0.006203326891007172
leaf_weight=2.3277388388087306 3.8063927701732627 2.5653531446005244 4.2163380203564866 5.031580008864692 1.355584065444418 1.8167860914254585 1.524230422044641 3.4257117282540985 1.506153156631626 0.54055835539475072 13.454639191084423 1.9387567170779219 0.99420413566986177 2.4785311841988014 5.0566523854067782 1.8662975217011979 0.47042301394685537 5.8942838097063923 0.74498407071223471 0.60062920977361489 3.4021089685993502 2.6840538146498147 0.99088004580698807 8.2134123589930805 3.4190594541432802 0.97152343465131696 0.86492459452711035 1.3775628332805352 5.7234993457168457 2.4598569774534553
leaf_count=269 1268 357 1190 477 187 315 264 283 96 64 2073 173 124 485 357 369 47 1221 116 29 335 443 131 1105 739 294 81 148 677 490
internal_value=0.000476519 0.00321369 -0.00074335 0.00573334 0.0106919 -0.00222772 -0.00535773 0.0020537 0.00562889 0.0123042 -0.00947479 0.0147687 -0.0112681 -0.012738 0.0175261 0.00735061 0.0114343 0.00160936 -0.00712317 -0.00110083 -0.00749379 -0.00786895 0.0145038 0.0160258 0.0036062 0.00873232 -0.00594809 -0.011153 -0.0139346 -0.00159551
internal_weight=91.7227 46.0415 23.581 11.5186 8.32592 45.6812 26.6486 19.0327 14.5318 7.10336 18.4516 6.97034 16.9274 15.9332 5.59721 22.4605 12.2401 10.2204 12.0624 7.42845 4.00274 4.50084 9.67472 9.20429 8.19698 4.77792 3.19266 7.84605 6.46848 8.35414
internal_count=14207 7038 3318 1187 837 7169 5247 1922 1164 517 2946 650 2682 2558 421 3720 1640 2080 2131 647 364 758 1283 1236 2301 1562 350 941 793 1711
is_linear=0
shrinkage=0.03


Tree=120
num_leaves=31
num_cat=0
split_feature=32 43 5 9 0 3 44 6 6 3 3 6 13 33 6 50 49 33 15 7 6 29 36 27 30 0 35 35 23 7
split_gain=0.756423 0.760927 0.788778 0.77195 0.748748 0.710459 0.594803 0.723649 1.32037 0.582338 0.575185 0.612364 0.559498 0.565442 0.545056 0.57077 0.510212 0.540058 0.494508 0.471268 0.461923 0.656804 0.463001 0.46008 0.449426 0.432917 0.410571 0.386367 0.375516 0.36082
threshold=0.040209813043475158 0.61225575208663952 0.20389662683010104 1.8517969846725466 6.2989847660064706 0.24467227607965472 0.064172957092523589 0.074881725013256087 0.10524519160389902 0.44137483835220342 0.058790294453501708 0.09819332137703897 27.108560562133793 59.075716018676765 0.053492059931159026 0.094082344323396697 0.13123106211423877 66.395481109619155 0.72380954027175914 5.0766348838806161 0.16167277097702029 0.99145829677581798 0.26834981143474584 0.97955363988876354 0.22265625000000003 13.857758522033693 0.52293312549591076 0.48875987529754644 0.63945281505584728 6.8686282634735116
decision_type=2 2 2 2 2 2 2 2 2 2 2 2 2 2 2 2 2 2 2 2 2 2 2 2 2 2 2 2 2 2
left_child=1 2 3 12 18 -5 14 29 26 19 -3 16 -1 -14 -6 -16 -12 -18 20 -4 21 23 -23 -2 -13 -17 -9 -20 -26 -8
right_child=4 10 9 5 6 -7 7 8 -10 -11 11 24 13 -15 15 25 17 -19 27 -21 -22 22 -24 -25 28 -27 -28 -29 -30 -31
leaf_value=0.0095427800446833515 0.019883177971226622 -0.0034505358025602646 0.0037512393644091027 -0.0048818621337954312 0.0017211618856981935 0.020203660995396722 -0.015837818917782048 -0.0020148430724587379 -0.0047779641940616929 -0.014665842795658879 -0.0036931711825222121 0.008493114955022394 0.0015070088403958855 -0.010635783220952422 0.0062195667493088721 -0.015578425602351098 0.017819136835446565 0 0.0044640175202006072 -0.011403354052955035 -0.0069231050223581038 0.0062881579515704517 -0.0079722076916942993 0 0.0024431091442699369 0.0054464435857359576 0.020005351315386267 -0.011419198048010355 -0.014069618045409871 0.0016473761298291367
leaf_weight=3.1719947358651615 3.0999569759296737 3.0398709191940751 5.1243824823904998 0.71754424160462749 2.2053563001391039 2.6197675516596064 2.4617459543369473 0.44819277315400396 5.8501624995406019 3.9059219440241577 0.8193445717770399 2.4618302880990077 8.0837667628802574 4.4092579512507646 0.57634583138860662 10.563732847454954 8.1876492602605122 1.6129802359500889 1.1686934612662292 1.6135377816535763 1.4905985478835635 4.0508675796445459 2.4188366369926371 1.3717699614935552 1.5390895354648821 0.25552623519615814 2.7702181588829262 2.7578423327649944 1.4146758879651313 0.86926047485030711
leaf_count=644 888 608 1313 112 247 148 245 81 601 521 158 381 884 506 110 1500 1047 183 235 192 261 762 257 359 487 263 291 520 385 75
internal_value=-4.02444e-05 0.0024528 -0.00049144 0.00303554 -0.00296738 0.0142364 -0.00607231 -0.000893334 0.00335468 -0.00676568 0.0069746 0.00921354 0 -0.00302693 -0.0102038 -0.0127063 0.013109 0.0150033 0.00186033 -0.000494845 0.00487813 0.00718221 0.000201478 0.014851 0.000254291 -0.0144092 0.016477 -0.00613625 -0.00626499 -0.0112554
internal_weight=91.0807 48.7216 29.6462 19.0023 42.3591 3.33731 26.0005 12.3996 9.06857 10.6438 19.0754 16.0356 15.665 12.493 13.601 11.3956 10.62 9.80063 16.3586 6.73792 12.432 10.9414 6.4697 4.47173 5.4156 10.8193 3.21841 3.92654 2.95377 3.33101
internal_count=14264 7569 4320 2294 6695 260 3413 1293 973 2026 3249 2641 2034 1390 2120 1873 1388 1230 3282 1505 2527 2266 1019 1247 1253 1763 372 755 872 320
is_linear=0
shrinkage=0.03


Tree=121
num_leaves=31
num_cat=0
split_feature=6 13 5 45 22 24 24 34 22 34 6 5 4 19 4 24 30 14 33 42 47 49 0 28 29 15 13 6 2 19
split_gain=0.965702 0.994115 0.588147 0.563825 0.641374 0.586228 0.659778 0.61902 0.577579 0.537468 0.487113 0.788825 0.585131 0.697735 0.461463 0.435796 0.435227 0.399283 0.396826 0.385849 0.355106 0.367093 0.406869 0.281169 0.267927 0.261999 0.237727 0.226022 0.197023 0.190687
threshold=0.10273755714297296 26.480503082275394 0.07681556418538095 0.21548955142498019 0.66708859801292431 0.23508792370557788 0.3052405864000321 0.54263249039649974 0.34735116362571722 0.65026143193244945 0.13198086619377139 0.1149316430091858 0.89862519502639782 0.062966700643301024 0.89141723513603222 0.24206434190273288 0.13671875000000003 1.9887439012527468 78.482376098632827 0.75625389814376842 0.98797121644020092 1.2020289897918703 2.6481434106826787 0.98706072568893444 0.96852481365203869 0.51666668057441723 17.37142372131348 0.085545547306537642 0.54687500000000011 0.024594151414930824
decision_type=2 2 2 2 2 2 2 2 2 2 2 2 2 2 2 2 2 2 2 2 2 2 2 2 2 2 2 2 2 2
left_child=3 20 14 4 8 7 19 25 27 16 11 -4 17 -14 -3 -13 -10 -12 -16 26 21 22 -2 -24 -11 -5 -7 28 -1 -8
right_child=1 2 10 5 -6 6 29 -9 9 24 12 15 13 -15 18 -17 -18 -19 -20 -21 -22 -23 23 -25 -26 -27 -28 -29 -30 -31
leaf_value=-0.013511631944096927 -0.0018855028362169742 0.00046123967162966319 0.014870024993657829 0 -0.010001633409449972 0.001407601200596904 -0.0066242260055644538 -0.0080626712523699882 -0.0037919595714239851 0.0054885698358751456 0.013530452419901898 0.0050822109209586073 -0.016097144486804806 -0.00079835702932045457 -0.021786740565035705 -0.0073410079341155125 0.0081097533099583497 -0.0032192680149700816 0.0017515711357545185 0.001201507462337655 -0.0068028963783503624 -0.0046214280384264386 0.019468666534059473 0 -0.010081017065155318 0.01670210693147112 -0.016777241871813165 0.0033513148487986336 0.0014269212074372018 0.0057158511550828867
leaf_weight=1.7267112199333494 0.79021422914229233 0.96810239060141867 1.841574897494868 1.0249796691641671 1.6840893511252932 0.23193446089862657 0.43868213309906456 1.0663112880429251 2.0923015080770702 0.47139484811486854 0.89028615044662673 2.8167793527099985 6.5205933645192982 5.0157969877545838 3.3510696409357483 6.1053751907602418 31.293590589717496 2.691147798919701 0.32466988544911135 1.0364196450973393 0.45802672256832 0.52813610737211991 2.8782297352008759 0.46839807939250011 1.8954920140095053 1.9364286849959169 4.6633875519619323 0.70681009304826137 0.40742150787264098 3.1682379563571885
leaf_count=287 324 107 183 128 285 67 52 168 174 156 219 443 958 951 582 747 4410 457 32 236 172 36 1334 31 197 258 769 117 49 379
internal_value=-0.000153689 -0.00395306 -0.00606639 0.00233326 0.00412072 -0.00268623 -0.00669348 0.005651 0.00504978 0.00615065 -0.00381964 0.000806832 -0.00714546 -0.0102791 -0.0151612 -0.00299964 0.00718804 0.00233412 -0.0191361 -0.0122387 0.00708348 0.00993667 0.0129171 0.0167322 -0.00537994 0.012135 -0.0153142 -0.00601779 -0.0101572 0.00245172
internal_weight=89.4926 35.6484 30.5254 53.8442 40.2778 13.5664 9.53866 4.02772 38.5937 35.7528 25.8816 10.7637 15.1178 11.5364 4.64384 8.92215 33.3859 3.58143 3.67574 5.93174 5.123 4.66498 4.13684 3.34663 2.36689 2.96141 4.89532 2.84094 2.13413 3.60692
internal_count=14308 6576 4679 7732 5675 2057 1503 554 5390 4937 3958 1373 2585 1909 721 1190 4584 676 614 1072 1897 1725 1689 1365 353 386 836 453 336 431
is_linear=0
shrinkage=0.03


Tree=122
num_leaves=31
num_cat=0
split_feature=5 41 32 44 49 44 31 37 37 39 35 0 1 31 3 3 7 39 35 20 42 29 13 4 25 48 18 3 22 33
split_gain=0.745447 0.720552 0.683443 0.942794 0.74824 0.615521 1.05087 0.965442 0.803751 0.719832 0.897341 0.632991 0.612666 0.556505 0.669786 0.761056 0.537638 0.517867 0.502944 0.492995 0.466955 0.452652 0.445359 0.373113 0.34021 0.338825 0.336552 0.303128 0.237171 0.22928
threshold=0.64491742849349987 0.97557953000068676 0.037533653900027282 0.024695121683180336 0.14276819676160815 0.064172957092523589 0.028024480678141121 0.1672831475734711 0.18456146121025088 0.94501027464866649 0.69182270765304577 6.4215145111083993 0.83616966009140026 0.034451492130756385 0.46856430172920233 0.20235652476549151 5.3492438793182382 0.84687674045562755 0.63501557707786571 0.044041408225893981 0.61583185195922863 0.94639942049980175 27.505098342895511 0.91651141643524181 0.18631775677204135 0.28405167162418371 0.097656250000000014 0.96981966495513927 0.5791832208633424 44.506097793579109
decision_type=2 2 2 2 2 2 2 2 2 2 2 2 2 2 2 2 2 2 2 2 2 2 2 2 2 2 2 2 2 2
left_child=2 20 3 4 -1 6 24 9 17 10 -7 18 19 14 15 -5 -10 -9 -8 -6 23 -13 -11 -2 29 -15 -25 -28 -3 -4
right_child=1 28 5 13 12 7 11 8 16 22 -12 21 -14 25 -16 -17 -18 -19 -20 -21 -22 -23 -24 26 -26 -27 27 -29 -30 -31
leaf_value=-0.0014592981447830086 0.00018066975411467514 -0.0004443896394429966 0 -0.0012014442465862485 0.019320380908214516 0.010427074803319843 0.0085169732226354818 0.0026565917653371433 -0.0014270325410658971 -0.0022494394632896235 -0.010258833254954492 0.0057037682159625167 -0.0053660760421555993 0.0054974393136875454 -0.0065146240829086991 0.013533376982625821 0.014497729153160974 -0.020119034768383847 -0.0029842634409147401 -0.0022217945482492646 -0.00026344558678219186 -0.0081320792949652887 0.020810115630150082 0.0020751762110874233 0 -0.011311104165936597 -0.022268676794776208 0 0.013540404022588789 -0.024470396423609091
leaf_weight=2.6018522516678813 0.79494706953846428 1.9406418177240987 0.43415668976377109 4.923994395721822 7.4774305023020098 3.3432645395805611 6.5438863140298071 0.67400975408963804 8.8551600163045787 0.41640162913245182 2.2909233651589602 1.5803518675238581 0.53518519015051502 0.48255382024217297 3.4626906839985159 5.8757124349795049 1.3244330286834145 2.0591314288612921 5.0428322887164541 0.5864690159796736 3.1826716046998627 10.917161775054408 3.5807114292110782 0.23187698982655991 0.4840278140909503 3.6403608615655685 3.8946696248458466 0.4586978144943713 0.66303668956970785 2.063962044660002
leaf_count=766 245 622 61 679 1403 294 1570 49 905 55 325 666 21 94 336 567 120 187 1111 49 800 1247 300 17 67 478 757 35 359 130
internal_value=0.000192131 -0.00669077 0.00127134 0.00481564 0.0112916 -0.000836491 -0.00386713 0.00268439 -0.00247717 0.00946879 0.00128524 -0.00131461 0.0152123 0.000336551 0.00333247 0.0070285 0.00148801 -0.0144917 0.00343359 0.0173504 -0.0107306 -0.00586727 0.0178381 -0.0154405 -0.0182215 -0.00806911 -0.0182333 -0.020061 0.00505356 -0.0215753
internal_weight=90.3632 11.1665 79.1967 29.5862 11.2009 49.6104 27.0664 22.544 12.9127 9.6313 5.63419 24.0842 8.59908 18.3853 14.2624 10.7997 10.1796 2.73314 11.5867 8.0639 8.56286 12.4975 3.99711 5.38019 2.98215 4.12291 4.58524 4.35337 2.60368 2.49812
internal_count=14315 2835 11480 4393 2239 7087 4852 2235 1261 974 619 4594 1473 2154 1582 1246 1025 236 2681 1452 1854 1913 355 1054 258 572 809 792 981 191
is_linear=0
shrinkage=0.03


Tree=123
num_leaves=31
num_cat=0
split_feature=5 41 43 47 49 32 4 37 1 0 23 44 14 32 37 24 19 3 30 43 34 21 40 4 44 29 29 9 14 43
split_gain=0.857322 0.759138 0.636654 0.625938 0.810219 0.696753 0.635596 1.10457 0.744354 0.653955 0.58683 0.772892 0.502743 0.451873 0.722218 0.446723 0.423699 0.416629 0.409288 0.382033 0.337085 0.326533 0.416075 0.354062 0.317079 0.300742 0.255031 0.250648 0.253413 0.237662
threshold=0.49760779738426214 0.99859309196472179 0.61877489089965831 0.87529903650283825 0.14276819676160815 0.037622105330228812 0.911159247159958 0.13524418324232104 0.71255430579185497 13.113867759704592 0.73051738739013683 0.054299755021929748 3.9192737340927128 0.039948370307683952 0.11619673669338228 0.19979121536016467 0.054711395874619491 0.73256754875183117 0.33203125000000006 0.68043735623359691 0.5840192735195161 46.791395187377937 0.91792708635330211 0.88423511385917675 0.079156223684549346 0.99242043495178234 0.99893328547477733 1.496304512023926 1.242519795894623 0.64051404595375072
decision_type=2 2 2 2 2 2 2 2 2 2 2 2 2 2 2 2 2 2 2 2 2 2 2 2 2 2 2 2 2 2
left_child=3 2 15 6 19 24 12 10 9 -9 11 -8 13 14 -1 -2 -10 -17 -15 -5 -14 23 -23 -7 -6 27 -21 28 -4 -27
right_child=1 -3 25 4 5 21 7 8 16 -11 -12 -13 20 18 -16 17 -18 -19 -20 26 -22 22 -24 -25 -26 29 -28 -29 -30 -31
leaf_value=-0.0080187042031995091 0 0.0108624309916962 -0.0025730347884955957 0.0035036206585528674 0.019698131864322496 0.0060629557753095961 -0.00065223724922046388 -0.0055497673667575615 0.00029031415561063648 0.0090275796350199871 -0.0053505421421997483 0.017235183596372095 -0.014553708936659148 -0.012320697527656141 0.015962792343298008 -0.018744889699590202 0.012751485708050941 0.0015034642262444057 0.0061945009371373446 -0.014058850927305699 0 0.012024809038246527 -0.0030000932734392791 -0.012227731255627743 -0.0014054926012611675 0.0054368005564440422 0.0036562807264172957 -0.0043917857810736073 0.013253980175069558 -0.010372552565998583
leaf_weight=0.85978664580033948 1.7653369810650454 1.0838480825186696 0.51210654882015649 2.3902946811867904 4.6975565509201243 0.58665801543975238 2.5247436175850435 22.622952189296488 7.0822800622554478 2.0880030575790434 1.1807231409475196 6.4644214067375287 4.7924233528174227 2.1806203001760882 1.9817792659596305 5.8809387321234681 3.2932702426187461 0.58446276327595104 0.63961689753341477 1.9445121156022653 1.3894471650637568 3.3121200271561975 1.730293570901267 1.2938706592831293 0.28781910508405406 0.19169056648388538 0.19673953508026887 0.7936266911565325 1.9171234480018027 2.2153847974259406
leaf_count=123 531 270 58 688 761 119 375 2636 584 613 175 654 814 223 330 1338 339 83 101 502 317 861 345 217 40 31 68 143 586 401
internal_value=0 -0.00630574 -0.00849071 0.00135866 0.00633669 0.0102766 -0.000107336 0.00148198 -0.00102899 -0.00389813 0.00973006 0.0123486 -0.00605646 9.81104e-05 0.00772717 -0.0133468 0.00528256 -0.0165564 -0.00681394 -0.00346061 -0.0113398 0.00280606 0.00672931 -0.00535631 0.0179473 0 -0.0108303 0.00494821 0.00926529 -0.00700682
internal_weight=88.4845 14.9445 13.8607 73.5399 16.4399 11.9083 57.1001 45.2564 35.0865 24.711 10.1699 8.98917 11.8437 5.6618 2.84157 8.23074 10.3756 6.4654 2.82024 4.53155 6.18187 6.92294 5.04241 1.88053 4.98538 5.62993 2.14125 3.22286 2.42923 2.40708
internal_count=14326 3441 3171 10885 3601 2343 7284 5376 4172 3249 1204 1029 1908 777 453 1952 923 1421 324 1258 1131 1542 1206 336 801 1219 570 787 644 432
is_linear=0
shrinkage=0.03


Tree=124
num_leaves=31
num_cat=0
split_feature=14 32 3 3 3 16 14 15 34 0 36 0 34 29 36 44 32 47 14 5 30 29 34 50 50 44 32 33 26 13
split_gain=0.708525 0.70275 0.973847 0.968185 0.576685 0.891589 0.866618 0.603387 0.542722 0.617136 0.7322 0.660506 0.521693 0.469512 0.406048 0.482805 0.381764 0.378744 0.310727 0.270342 0.224672 0.21987 0.216269 0.211955 0.253309 0.179696 0.151187 0.126009 0.0926067 0.0153016
threshold=54.980937957763679 0.037622105330228812 0.81325298547744762 0.69521197676658641 0.16000144928693774 0.40332031250000006 0.30122286081314092 0.44505494832992559 0.66327738761901867 6.8312759399414071 0.33418841660022741 10.423141479492189 0.58911201357841503 0.97900760173797619 0.22990413755178454 0.085960593074560179 0.032537978142499931 0.76412835717201244 1.242519795894623 0.070220120251178755 0.18359375000000003 0.99588418006896984 0.36666174232959753 0.28361445665359503 0.14523150771856311 0.044610282406210906 0.035835051909089095 51.195238113403327 0.53125000000000011 53.304912567138679
decision_type=2 2 2 2 2 2 2 2 2 2 2 2 2 2 2 2 2 2 2 2 2 2 2 2 2 2 2 2 2 2
left_child=1 3 4 8 5 7 20 -3 9 10 -1 -11 -8 26 23 28 29 -7 -15 -18 -6 -2 -17 24 -4 -21 -10 -25 -16 -5
right_child=21 2 14 16 6 17 12 -9 13 11 -12 -13 -14 18 15 22 19 -19 -20 25 -22 -23 -24 27 -26 -27 -28 -29 -30 -31
leaf_value=0.014777708467304933 -0.018428973823489198 -0.0091928628468068777 -0.0049931922194891599 0 0.015934898249194595 -0.00088933301956095558 -0.0088306212648326162 0.0035199436568759037 0.011745519336575607 -0.0019535007031448205 -0.0073710978296847498 0.0096126623536567802 0.001032803126772519 0.0022268449044648454 0.0038000206223110407 0 0.0013032701872434016 0.014297424896000943 -0.01737478753378598 0 -0.0003150320050252971 0.00014112764205702493 0.020136186583672267 0.0010416916294185145 0.012467927693171867 -0.019836768427867166 -0.0020460533503860153 -0.012169052272447542 -0.0065345908044687631 0.005699992284136866
leaf_weight=9.6910756559882465 1.4362425243889436 6.3806227951863566 0.34530113491928094 0.34341555836726856 1.0236174147576118 1.4487455400667375 23.967922574644039 4.9886882893333677 0.55805626016808618 9.7081692561914696 0.73427791299764145 6.4023829480502163 5.0886024837382129 0.40538819436915208 0.18619902781210829 0.38623194908723268 0.3901421916089024 3.9190580322174355 1.3624550422828177 0.44834550534142215 0.62448118702741329 0.32718586549162854 2.7219740253640339 0.22529941517859697 0.59100813005352393 1.812135515923728 0.32160669597215019 0.716528378368821 0.72372749610804021 0.2994977654889226
leaf_count=2365 116 1144 64 38 52 307 3812 826 186 1295 57 935 1024 45 41 23 32 819 120 82 134 47 193 26 102 143 75 79 115 36
internal_value=-0.000116081 0.000327454 -0.00174537 0.00377178 -0.00326323 0.00103641 -0.00566036 -0.00353853 0.0056363 0.00698885 0.0124465 0.00276076 -0.00702656 -0.00529717 0.00873471 0.0132977 -0.0095155 0.0102315 -0.0126154 -0.0138858 0.0108509 -0.0150936 0.0178876 -0.0012136 0.00522604 -0.0170231 0.00670126 -0.0085549 -0.00196671 0.00416129
internal_weight=87.5784 85.815 53.338 32.4769 47.4417 16.7371 30.7046 11.3693 29.1834 26.5359 10.4254 16.1106 29.0565 2.64751 5.89627 4.01813 3.29354 5.3678 1.76784 2.65062 1.6481 1.76343 3.10821 1.87814 0.936309 2.26048 0.879663 0.941828 0.909927 0.642913
internal_count=14333 14170 8761 5409 8118 3096 5022 1970 5078 4652 2422 2230 4836 426 643 372 331 1126 165 257 186 163 216 271 166 225 261 105 156 74
is_linear=0
shrinkage=0.03


Tree=125
num_leaves=31
num_cat=0
split_feature=14 32 6 0 14 43 35 0 13 7 14 20 34 27 16 21 43 42 34 27 50 50 23 47 24 38 43 15 19 21
split_gain=0.871338 0.60563 0.539132 0.637151 0.758824 0.673208 0.532888 0.527629 0.499827 0.574519 0.523318 0.469351 0.433878 0.469542 0.367639 0.338532 0.32165 0.286339 0.271139 0.265694 0.239103 0.268549 0.200651 0.18495 0.173021 0.13816 0.134615 0.130708 0.168305 0.124052
threshold=0.20917209237813952 0.03290634602308274 0.053492059931159026 4.2017807960510263 1.9015154838562014 0.51379066705703746 0.63036617636680614 5.4284374713897714 54.824628829956062 6.8686282634735116 1.7857380509376528 0.03469235077500344 0.35587823390960699 0.96203425526618969 0.39355468750000006 70.561725616455092 0.40253585577011114 0.25949975848197943 0.37555564939975744 0.9681367576122285 0.50771954655647289 0.075161863118410124 0.47120629251003271 0.92727792263031017 0.32223851978778845 0.46875000000000006 0.76051351428031932 0.67948719859123241 0.046647800132632262 55.301561355590827
decision_type=2 2 2 2 2 2 2 2 2 2 2 2 2 2 2 2 2 2 2 2 2 2 2 2 2 2 2 2 2 2
left_child=11 12 8 6 7 -6 17 -5 9 10 -3 19 -2 27 23 20 -10 -4 -18 25 21 -13 -8 -15 26 -1 -21 28 -14 -29
right_child=1 2 3 4 5 -7 22 -9 16 -11 -12 15 13 14 -16 -17 18 -19 -20 24 -22 -23 -24 -25 -26 -27 -28 29 -30 -31
leaf_value=-0.0019851686543424685 -0.0063822552951101116 0.012096901937000372 -0.0010561108030650939 0.00040115103485630446 -0.0059313840841098133 0.0014380517906076756 0.0049902816371480783 -0.014702412425503731 0.002940470892954928 0.018622921570911499 -0.0019827483297973894 -0.0010133719308041986 -0.0080120775618621933 0.019260992504169797 -0.0034738098334763596 -0.0024243046608366102 0.0019071041665313982 0.016092354377044524 -0.017306200584478411 -0.015709254668975246 -0.00091491398359551076 0.019592909475731873 -0.0090078397577707369 0 0.0017691625959512689 0.0099104359667409273 0 0.0097574404368323143 0.0033755126261013966 -0.0020474826546966573
leaf_weight=0.43792090489296187 1.1340049971768147 2.2641836383263563 0.60326802515191902 2.1538569973490649 21.842405154675362 20.209411437928793 0.37075484817614768 7.9156010812730528 1.0809828255441964 1.6073150746524323 7.2122135727695422 0.23221572772308707 1.5334489886809031 3.1730241169861992 0.26848994713509444 0.44458516710437823 0.32094790002156504 2.4349670040101046 1.2370867051358798 0.70413213403662644 0.25062012427952129 3.8596391116880113 1.4810043390316421 0.21535909679369059 0.38219190556264948 1.1361007429659364 0.18397554886178114 1.0022364557953549 0.94017933338182036 0.28764163590676606
leaf_count=81 169 374 94 416 2928 3275 89 1023 70 104 1075 45 315 465 94 74 43 1082 133 100 20 558 770 70 57 225 56 242 165 83
internal_value=-6.538e-05 -0.00107179 -0.00203592 -0.00333947 -0.00436365 -0.00236893 0.00595509 -0.0114564 0.00303492 0.00593854 0.0019285 0.00895618 0.00596505 0.00874214 0.0151305 0.0138791 -0.00661641 0.0125261 -0.0129773 -3.97425e-06 0.0162512 0.017865 -0.00438608 0.017744 -0.00807402 0.0059499 -0.0125924 3.1739e-05 -0.00309448 0.00607031
internal_weight=86.9198 79.2884 70.734 57.0113 52.1213 42.0518 4.88999 10.0695 13.7227 11.0837 9.4764 7.63138 8.55438 7.42038 3.65687 4.78706 2.63902 3.03824 1.55803 2.84432 4.34247 4.09185 1.85176 3.38838 1.2703 1.57402 0.888108 3.76351 2.47363 1.28988
internal_count=14295 13079 11476 9677 7642 6203 2035 1439 1799 1553 1449 1216 1603 1434 629 697 246 1176 176 519 623 603 859 535 213 306 156 805 480 325
is_linear=0
shrinkage=0.03


Tree=126
num_leaves=31
num_cat=0
split_feature=45 14 30 50 45 48 31 41 42 36 40 27 22 43 37 49 50 27 14 21 27 47 5 27 39 50 5 35 13 18
split_gain=0.626077 0.724339 0.559563 0.629833 0.53264 0.44659 0.621862 0.969943 0.681356 0.441482 0.428766 0.414667 0.398557 0.369514 0.390353 0.343455 0.321064 0.27205 0.229076 0.196881 0.187874 0.168984 0.162225 0.15977 0.116037 0.108188 0.10658 0.105798 0.069841 0.0624608
threshold=0.063345577567815795 0.30122286081314092 0.13671875000000003 0.22204531729221347 0.068992208689451232 0.22773093730211261 0.03401909954845906 0.7169318199157716 0.7589399814605714 0.22289031744003299 0.76992061734199535 0.9681367576122285 0.49861888587474829 0.83886083960533153 0.12104317545890809 0.14448401331901553 0.50771954655647289 0.98259004950523388 20.571062088012699 58.400798797607429 0.98259004950523388 0.63954767584800731 0.1375798583030701 0.98162633180618297 0.96748214960098278 0.31120897829532629 0.49760779738426214 0.47463297843933111 32.589094161987312 0.29296875000000006
decision_type=2 2 2 2 2 2 2 2 2 2 2 2 2 2 2 2 2 2 2 2 2 2 2 2 2 2 2 2 2 2
left_child=2 11 -1 9 23 13 7 -7 -8 -4 21 16 17 14 -6 -11 26 22 -17 25 -14 -5 -13 -3 -23 -12 27 -2 -22 -15
right_child=1 4 3 10 5 6 8 -9 -10 15 19 12 20 29 -16 18 -18 -19 -20 -21 28 24 -24 -25 -26 -27 -28 -29 -30 -31
leaf_value=-0.0083118001663109765 0 -0.017890420468239483 -0.0024990351935112922 -0.0019444969638847526 -0.0033112521643754796 -0.0050731042885877138 -0.0073120541095219498 0.0059465812026426659 0.0022328553853425315 -0.0019910025819628646 -0.014984614943252527 -0.017079504786363827 0.012790057203068061 0.00026649515272736873 0.012258049181727163 0.020124719729415028 -0.0031998258072927707 0.0033437215369679532 0 0.0015198253923272228 0.00268767142366698 0.01385439277439717 0 0 0 0 0 0.018801068828671347 -0.0065884821518336556 -0.0081550578001475024
leaf_weight=1.0362455241847772 0.36906940053449977 1.373973266701795 0.6699796069005951 0.51372803904814679 1.1182119115255762 11.599799374460419 24.703022360932664 15.493347485680713 8.0077601950470108 0.32168312644353125 1.1736043699784202 0.94429911974293668 1.0308187868504317 0.21294285593467044 4.4681267815176398 4.7620565613760846 0.3132390547543763 0.46000130516767956 0.25916910322848696 0.53715489579190023 0.27733765283483069 1.1862499115086391 0.28563175894669257 0.4568138236645608 0.55031887625227671 0.20905311114620406 0.37966762954602007 2.6887822126154788 0.30296024266863242 0.87942716790712439
leaf_count=68 89 193 134 39 247 948 4344 2329 1674 82 126 80 144 50 1347 599 26 103 26 147 73 277 61 50 133 76 72 465 51 205
internal_value=0.00010747 -0.000868085 0.00644101 0.00881956 -0.00188158 -0.00126935 -0.00214904 0.00110913 -0.0048895 0.0143132 0 0.00759172 0 0.00547111 0.0086565 0.016956 0.0132754 -0.00846271 0.0187971 -0.00862181 0.00797468 0.00720742 -0.013743 -0.014752 0.0107323 -0.0128052 0.0158355 0.0172588 -0.00136143 -0.00573684
internal_weight=86.5845 75.3652 11.2192 10.183 68.3134 66.4826 59.8039 27.0931 32.7108 6.01289 4.17011 7.05181 3.30105 6.67871 5.58634 5.34291 3.75076 1.68993 5.02123 1.91981 1.61112 2.2503 1.22993 1.83079 1.73657 1.38266 3.43752 3.05785 0.580298 1.09237
internal_count=14258 12551 1707 1639 11387 11144 9295 3277 6018 841 798 1164 512 1849 1594 707 652 244 625 349 268 449 141 243 410 202 626 554 124 255
is_linear=0
shrinkage=0.03


Tree=127
num_leaves=31
num_cat=0
split_feature=0 49 33 16 3 41 28 36 49 6 0 43 42 24 19 33 50 20 30 20 39 40 40 46 34 41 4 40 6 22
split_gain=0.784433 0.800688 0.879158 0.774008 0.736316 0.672444 0.924236 0.666869 0.738563 0.622988 0.611382 0.509664 0.612091 0.500974 0.492508 0.460099 0.451397 0.448189 0.419844 0.418734 0.377075 0.505848 0.338542 0.329457 0.329092 0.271091 0.265435 0.262464 0.224335 0.183348
threshold=4.6359872817993173 0.76291969418525707 58.309019088745124 0.28808593750000006 0.20450688153505328 0.76038268208503734 0.95804697275161754 0.26695618033409124 1.321307420730591 0.09819332137703897 10.977052688598635 0.31592220067977911 0.54592314362525951 0.29368667304515844 0.034712102264165885 70.911064147949233 0.31501802802085882 0.035535983741283424 0.16796875000000003 0.03722816891968251 0.91268944740295421 0.86301279067993175 0.54432058334350597 0.99169254302978527 0.42368797957897192 0.5714605748653413 0.92518514394760143 0.66186654567718517 0.16332352906465533 0.4283925741910935
decision_type=2 2 2 2 2 2 2 2 2 2 2 2 2 2 2 2 2 2 2 2 2 2 2 2 2 2 2 2 2 2
left_child=4 5 3 22 14 10 11 8 -5 13 -2 19 -13 18 -1 17 -9 -12 -4 -7 -6 28 26 25 -15 -11 -3 -25 -22 -24
right_child=1 2 9 7 20 6 -8 16 -10 23 15 12 -14 24 -16 -17 -18 -19 -20 -21 21 -23 29 27 -26 -27 -28 -29 -30 -31
leaf_value=-0.0029532254426995596 -0.01705722440614385 -0.0063486389957740389 0.0055342813424516541 0.021390093916553686 -0.0086564462761867262 -0.0042052146363957864 0.012850039540574135 0.006721365594470753 -0.0023308400080484706 -0.0081839831367727014 0.0063506041460350869 -0.0095093394857184103 -0.0011582841288732151 -0.0019673701574835327 0.015635739794420411 0.010241974217514565 -0.0099505310326501537 -0.011607451157663547 -0.011652694373715907 0.013273873967807666 0.014247834420946117 -0.0064739844573917966 0.00055671194951369021 0.00015961432079114612 0.014398671768623316 0.0092805133901858426 0.010331052029511964 -0.020095376289136126 -0.0021857465929499007 -0.015343868012461197
leaf_weight=0.93414886221580484 5.1743646089598752 0.39753186021698939 1.0879589070100322 4.7811659822909842 2.5125360234815162 1.1497236164286726 2.3882206941198083 3.7366496319591533 0.9815208805957808 0.61132738250307761 0.81469930418825276 12.847287301963659 21.454456635285169 0.94439542600594029 5.3715655081614386 0.97572304654022435 1.0623052612354511 3.1103882203315152 2.1980152937831008 1.9151300740486474 2.1211735812685228 1.4077324772224526 0.34959223691839714 0.33792233542772043 2.0783815930626588 0.57973320013843477 1.030244600959122 2.0624771523871459 0.29036060674116004 1.1812661000294609
leaf_count=428 704 57 45 358 478 423 512 293 61 26 178 1839 3470 128 1830 111 128 452 394 249 841 392 43 31 226 43 67 260 78 135
internal_value=-0.000661983 -0.00190014 0.00252558 0.00735118 0.00590782 -0.00404805 -0.00207321 0.0110155 0.017159 -0.00385913 -0.0106787 -0.00341527 -0.00455182 0.00161301 0.012444 -0.00168644 0.001434 -0.0067383 -0.00529871 0.00655744 -0.00100168 0.00416286 -0.00444991 -0.0123826 0.00932173 0 0.00374917 -0.0171533 0.0113291 -0.0117422
internal_weight=85.888 73.2505 23.4205 13.5203 12.6375 49.83 39.7548 10.5616 5.76269 9.90021 10.0752 37.3666 34.3017 6.30875 6.30571 4.90081 4.79895 3.92509 3.28597 3.06485 6.3318 3.81927 2.95863 3.59146 3.02278 1.19106 1.42778 2.4004 2.41153 1.53086
internal_count=14280 10233 2295 1142 4047 7938 6493 840 419 1153 1445 5981 5309 793 2258 741 421 630 439 672 1789 1311 302 360 354 69 124 291 919 178
is_linear=0
shrinkage=0.03


Tree=128
num_leaves=31
num_cat=0
split_feature=0 10 44 41 4 37 44 4 39 24 20 15 43 30 39 32 35 32 1 1 47 42 20 48 35 29 5 47 9 41
split_gain=0.714257 0.602091 0.825833 0.761696 0.816838 0.715606 0.852341 0.825888 0.706357 0.679653 0.65591 0.76317 0.581079 0.632258 0.637304 0.564629 0.650996 0.583277 0.538583 0.441806 0.43913 0.436384 0.424264 0.411976 0.366462 0.317415 0.316431 0.298683 0.301121 0.29111
threshold=6.5442335605621347 1.0000000180025095e-35 0.060915276408195503 0.82868278026580822 0.88659173250198375 0.1995460316538811 0.45584416389465338 0.94526639580726635 0.87080076336860668 0.2274354621767998 0.040628908202052123 0.72380954027175914 0.87234950065612804 0.13671875000000003 0.98561775684356701 0.035146744921803481 0.59464344382286083 0.038273228332400329 0.59775817394256603 0.82235851883888256 0.46711350977420812 0.36326980590820318 0.037114193663001067 0.46136751770973211 0.49277380108833319 0.99827912449836742 1.4128604531288149 0.98961567878723156 0.73119980096817028 0.99842429161071788
decision_type=2 2 2 2 2 2 2 2 2 2 2 2 2 2 2 2 2 2 2 2 2 2 2 2 2 2 2 2 2 2
left_child=15 10 3 19 -5 6 7 -4 -7 -6 12 -12 13 -2 -15 23 17 24 25 -3 -10 -18 -23 26 -17 -19 27 28 -1 -24
right_child=1 2 5 4 9 8 -8 -9 20 -11 11 -13 -14 14 -16 16 21 18 -20 -21 -22 22 29 -25 -26 -27 -28 -29 -30 -31
leaf_value=0.020550026469790393 -0.00684782345638499 -0.018878090659788873 -0.00093492242970867482 0.010842123837943238 0.0056250229407673298 0.0058943262235765046 -0.013200229981133073 0.014077514368266267 0.00088462611497530468 -0.011321747768547228 0.007949203494559607 -0.014183534903171546 -0.0084703716012767237 0.013260129944088647 -0.0074037796612674081 -0.011517408546078392 -0.010809238373291728 0.0040490482817297849 0.012370142053515774 0.0034963720549227965 -0.016267862013186342 -0.0052701831691186439 0.010563248117029316 -0.0040774374289458612 0.0040698826572143779 -0.011828689549823985 -0.0039713848753064581 -0.00053650559432359723 0.0011767195177383113 -0.0038517022054368158
leaf_weight=3.8230670040793475 1.22001955151791 5.5358433350338627 5.3634760990171362 1.8670678192866024 1.9334937679814155 1.857918606721795 1.1312911737186357 5.9946201301863766 1.2677094666869377 7.1125639160018181 1.2330540536058823 2.7928225892246701 1.1673938278545382 9.2379710356544784 0.70144888421055007 1.6950140581320767 3.7485985857856567 2.0325749379844633 8.1458094190602406 0.33719788352027524 3.9924645452410914 4.4917753842601069 3.1623200652102246 0.71858606861496799 1.6032547537179196 0.73956048471154634 0.22569342551287253 0.58453974386065954 1.4017882370389996 0.83762663505331136
leaf_count=943 144 965 695 327 338 166 81 580 136 1084 282 366 216 1471 70 277 528 568 1468 14 445 1287 694 71 232 84 39 219 340 149
internal_value=0.000124519 -0.00199824 -0.00414382 -0.00882547 -0.00321178 0 0.00432814 0.00724363 -0.00694315 -0.00720157 0.00256756 -0.0065749 0.00604785 0.00838504 0.0109841 0.00354356 0.00127514 0.00554623 0.00879659 -0.0168352 -0.0121739 -0.00350307 0.000205123 0.0107323 -0.00405853 -0.00140442 0.0132511 0.0148457 0.0168583 0.006778
internal_weight=85.9566 52.7464 36.3936 16.7862 10.9131 19.6075 12.4894 11.3581 7.11809 9.04606 16.3527 4.02588 12.3268 11.1594 9.93942 33.2102 26.4565 14.2162 10.9179 5.87304 5.26017 12.2403 8.49172 6.75367 3.29827 2.77214 6.03509 5.80939 5.22486 3.99995
internal_count=14279 7380 4831 2728 1749 2103 1356 1275 747 1422 2549 648 1901 1685 1541 6899 5287 2629 2120 979 581 2658 2130 1612 509 652 1541 1502 1283 843
is_linear=0
shrinkage=0.03


Tree=129
num_leaves=31
num_cat=0
split_feature=32 14 24 18 0 45 40 0 39 34 2 50 31 41 19 48 7 5 43 47 36 45 43 18 0 16 16 12 23 32
split_gain=0.858678 0.748967 1.09067 0.968577 0.868437 0.729801 0.759373 0.602229 0.599407 0.563854 0.798303 0.554435 0.698865 0.500472 0.49016 0.467434 0.462266 0.556004 0.458707 0.443111 0.391668 0.505458 0.358462 0.325201 0.318454 0.277941 0.321602 0.344658 0.248394 0.233411
threshold=0.033038433641195304 8.1682567596435565 0.23706092685461047 0.30859375000000006 9.3118371963500994 0.15834405273199084 0.7324141561985017 11.3326473236084 0.88737508654594432 0.53720495104789745 0.23437500000000003 0.1703191623091698 0.033605577424168594 0.9014335870742799 0.096803274005651488 0.25151170790195471 3.5263056755065922 0.11798384413123132 0.34300541877746588 0.74316957592964183 0.32903383672237402 0.29920697212219244 0.28670562803745275 0.12890625000000003 15.040683269500734 0.35449218750000006 0.26660156250000006 1.1802067756652834 0.42719385027885443 0.057384574785828597
decision_type=2 2 2 2 2 2 2 2 2 2 2 2 2 2 2 2 2 2 2 2 2 2 2 2 2 2 2 2 2 2
left_child=20 5 19 24 13 6 16 -6 14 10 -8 15 -13 -5 22 -10 17 -2 -11 29 21 25 -7 -18 -4 26 -1 -28 -21 -3
right_child=1 2 3 4 7 8 9 -9 11 18 -12 12 -14 -15 -16 -17 23 -19 -20 28 -22 -23 -24 -25 -26 -27 27 -29 -30 -31
leaf_value=0 -0.0048497989083808131 -0.0062827108084764919 -0.021312184792023191 -0.01560948862282893 0.0087778552815172932 0.0032699954604515366 0.015853669113229833 -0.004358446242137241 0.0064963205194365206 0.0046920063251418825 -0.0020783307888299989 0.01157697749669407 -0.0016615164482150582 0.0038231582230155419 0.0031429890306596984 -0.014344226437515529 -0.0029537845080794046 0.0089123528775568884 -0.011799631528686122 -0.0018311834768253766 -0.0054056546384897699 -0.0043394269953236052 -0.017883325754501942 0.017710255508812691 0.00087074988683639185 0 0 0.020990891405011508 0.016141901512219673 0.0082710156143068307
leaf_weight=1.0875808584387376 3.1687310954293952 2.2270848467305799 4.1200679664325461 5.0897467961112879 4.314352472763856 0.26026325300336184 2.3388459430570929 6.5081897221825784 0.43904496799223425 1.2021810837031806 5.5342864296253538 4.2452820493781465 9.8724866631455352 0.77460175126907405 1.0069837539922444 2.6689385027566459 0.21458381600677867 5.8924819688400021 4.2332629765733145 0.28667421129648607 0.78534995773225169 1.0463948867836732 3.5557526257034624 4.6002448678336805 0.2846115386346354 1.5397960554691961 0.543021676596254 4.1065463362028822 2.2263371631270275 0.35773838404566038
leaf_count=426 365 303 649 647 394 32 663 946 284 116 917 482 2047 127 211 407 29 1018 949 46 75 192 516 808 101 434 33 646 361 10
internal_value=0 -0.00108077 -0.00510022 -0.00811848 -0.00403399 0.0010566 0.00431936 0.000924046 -0.00284887 -0.000633562 0.00409692 0 0.00262338 -0.0124226 -0.01117 -0.0098052 0.00899466 0.00379782 -0.00752363 0.00617893 0.00822311 0.0102727 -0.0154383 0.0159238 -0.0194278 0.0130067 0.0156515 0.01853 0.0133 -0.00168627
internal_weight=84.5315 75.4228 26.1894 21.0916 16.6869 49.2334 27.1846 10.8225 22.0488 13.3086 7.87313 17.2258 14.1178 5.86435 4.823 3.10798 13.876 9.06121 5.43544 5.09783 9.10869 8.32334 3.81602 4.81483 4.40468 7.27694 5.73715 4.64957 2.51301 2.58482
internal_count=14234 12428 3584 2864 2114 8844 4865 1340 3979 2645 1580 3220 2529 774 759 691 2220 1383 1065 720 1806 1731 548 837 750 1539 1105 679 407 313
is_linear=0
shrinkage=0.03


Tree=130
num_leaves=31
num_cat=0
split_feature=32 0 42 11 47 35 0 6 48 32 23 44 42 15 36 25 7 14 34 14 7 0 29 0 40 27 14 14 39 6
split_gain=0.591975 0.588197 0.681059 0.537191 0.536265 0.510112 0.505614 0.575088 0.616665 0.540448 0.501099 0.492015 0.482211 0.443074 0.789865 0.752553 0.479614 0.486665 0.435935 0.417711 0.415861 0.400132 0.398842 0.397164 0.385379 0.384181 0.382428 0.360162 0.335833 0.29937
threshold=0.039639718830585487 6.2989847660064706 0.37952858209609991 0.62500000000000011 0.69332855939865123 0.59464344382286083 13.52400064468384 0.053492059931159026 0.23378896713256839 0.03290634602308274 0.37220023572444921 0.29893617331981664 0.38913471996784216 0.53589746356010448 0.2754866778850556 0.21641398221254352 5.4012103080749521 0.14033305644989016 0.54373857378959667 4.3121290206909189 5.0028898715972909 7.3833520412445077 0.99528527259826671 6.0082366466522226 0.6080826222896577 0.63052091002464306 2.9531891345977788 1.9309995770454409 0.94501027464866649 0.12019100785255434
decision_type=2 2 2 2 2 2 2 2 2 2 2 2 2 2 2 2 2 2 2 2 2 2 2 2 2 2 2 2 2 2
left_child=3 5 4 6 18 19 7 24 25 -10 -5 -8 29 16 15 -15 17 -4 28 22 -12 -6 -2 -21 -1 -9 -24 -14 -3 -7
right_child=1 2 13 10 21 12 11 8 9 -11 20 -13 27 14 -16 -17 -18 -19 -20 23 -22 -23 26 -25 -26 -27 -28 -29 -30 -31
leaf_value=-0.0011097386564593139 0.017830231078446425 -0.014696536712895353 0.0016248554385604489 -0.0037951859743818668 -0.0041500301244584391 -0.014538742787045002 0.017750898542068912 -0.0052967989191353712 0.0043585132189482385 -0.0052130563910600105 0.017963222143534331 -0.0054690577144860739 0.0099257117141785672 0.0089958097499217952 -0.01434050376324169 -0.01006634128978991 0.0028159248550315781 -0.017591758582879931 0.0053124824579158843 -0.0094823076915544098 -0.0029609321453917935 0.015585854158034691 -0.003360425437796194 0.0095056887911371245 0.012774813098280113 0.015702735674655414 0.012726034951865408 -0.0037482921739858599 0.0019402389805802257 0.0023651911742518621
leaf_weight=2.0258111534931222 2.6623355966294202 2.1041063310112835 0.88650392097770403 0.91009890893474121 0.51165839168243143 2.4560421222995497 1.9652370591793435 0.27526843419764491 5.851431592556767 20.765064407125465 3.8569931309393723 0.37003663963696443 2.1671179977420252 4.7778008195782586 2.4427276176866144 1.69805545687268 0.94725845773064055 6.6865394473716151 1.9766465009088277 1.6782036258955488 0.44657699653180305 2.2409964926482644 2.7323935967579023 0.51334883656818409 3.9056557325238828 1.8092807953071313 0.99014796724077303 2.6063909638032783 0.92370287115045346 0.57488985778763879
leaf_count=265 760 253 106 124 95 228 679 52 915 2681 1403 42 624 629 433 324 179 1070 241 448 99 258 458 44 388 427 141 593 118 151
internal_value=0.000464132 -0.00201019 -0.00485031 0.00296254 0.00207448 0.00221341 0.00145418 0.000282581 -0.0014559 -0.00291856 0.0112196 0.0126355 -0.00290802 -0.00803872 -0.00247555 0.00291825 -0.0126751 -0.0150652 -0.00334315 0.00700412 0.0150774 0.0109896 0.0105736 -0.00250979 0.00812396 0.0111389 0.00207182 0.00258389 -0.00965467 -0.0107969
internal_weight=83.7583 41.5769 25.196 42.1815 7.75711 16.3809 36.9678 34.6325 28.701 26.6165 5.21367 2.33527 7.80444 17.4389 8.91858 6.47586 8.5203 7.57304 5.00446 8.57643 4.30357 2.75265 6.38488 2.19155 5.93147 2.08455 3.72254 4.77351 3.02781 3.03093
internal_count=14228 7153 3706 7075 965 3447 5449 4728 4075 3596 1626 721 1596 2741 1386 953 1355 1176 612 1851 1502 353 1359 492 653 479 599 1217 371 379
is_linear=0
shrinkage=0.03


Tree=131
num_leaves=31
num_cat=0
split_feature=14 0 49 34 36 16 14 4 9 47 34 1 48 1 32 10 21 34 22 24 37 22 4 36 34 35 2 3 45 45
split_gain=0.602856 0.512562 0.704588 0.754985 0.791286 0.727351 0.669099 0.651938 0.736341 0.621398 0.76314 0.619207 0.523322 0.701151 0.494569 0.555274 0.507037 0.453582 0.42775 0.425915 0.372822 0.398301 0.336462 0.304767 0.284783 0.374178 0.275032 0.259512 0.202593 0.124144
threshold=54.980937957763679 6.4215145111083993 0.76291969418525707 0.50588777661323558 0.27675867080688482 0.34472656250000006 2.8078142404556279 0.88423511385917675 1.2808616757392886 0.73617699742317211 0.40052460134029394 0.70108518004417431 0.35837292671203619 0.70909976959228527 0.048429749906063087 0.62500000000000011 39.041666030883796 0.44623818993568426 0.34735116362571722 0.26882468163967138 0.17474099248647693 0.39016243815422064 0.90527912974357616 0.30727006494998937 0.53720495104789745 0.6047007441520692 0.51562500000000011 0.40911883115768438 0.19594390690326693 0.29256050288677221
decision_type=2 2 2 2 2 2 2 2 2 2 2 2 2 2 2 2 2 2 2 2 2 2 2 2 2 2 2 2 2 2
left_child=1 12 6 5 26 17 7 19 -9 11 -11 -8 14 20 15 22 -17 -4 -7 -3 28 -22 -1 -6 25 -16 -5 -26 -14 -15
right_child=-2 2 3 4 23 18 9 8 -10 10 -12 -13 13 29 24 16 -18 -19 -20 -21 21 -23 -24 -25 27 -27 -28 -29 -30 -31
leaf_value=0.0093191616505723402 -0.01351332211259197 -0.0064169189104124552 0.011988651358916596 0.019486563411799919 -0.0096925548183443393 0.0068097127023011468 -0.010200908378573627 -0.015510556029744077 0.0055755562360999865 0.014278558234862779 -0.00029505871943804728 0.0028286094879586511 -0.0034519792399799218 0.013387108331890371 0.011724078497322585 -0.00212447863295243 0.012784824256769375 -0.005577676684668134 -0.012842198614787328 0.013772353393934247 0.003522139962520304 -0.016093364348811812 -0.0078706770465717581 0.0054613976851215652 -0.01383138118668535 -0.0053628404052952893 0 0.0040445440993630592 0.0088403533642312168 -0.00026663508046540651
leaf_weight=0.44452919613105146 1.6093672370261618 0.75157632527407148 2.8389843348704731 4.0839209895784725 1.169460553530371 0.37025295314379025 7.2106000720814354 7.5918736217281531 1.0393797840952173 3.4435186148621133 10.36656742353807 4.3955098840815481 2.5092530625988716 1.499784290557727 1.2749174451455467 1.7073483092972317 13.214356411459447 1.0279996919271068 3.810884463651746 0.95296963391592726 0.51957785978447679 2.8605748394766124 2.2005122005793964 1.5256211681407874 1.3482966221927197 1.2177269288076784 0.5518953482096548 0.214330044997041 0.7998906000284477 0.20180024992441747
leaf_count=186 158 70 235 461 173 40 1270 1005 142 569 1808 570 327 294 353 360 3694 105 542 112 33 358 442 141 239 207 73 78 131 24
internal_value=0.000610616 0.00108836 -0.000694781 0.00442137 0.0108219 -0.00162891 -0.00303759 -0.00910715 -0.0123446 -0.000204441 0.00385502 -0.0051954 0.00414737 -0.00179272 0.00656251 0.00868477 0.0108642 0.00651589 -0.00954449 0.00468 -0.0064999 -0.0122775 -0.00239459 -0.0011459 -0.00193675 0.00337223 0.0172806 -0.00958734 0.000185141 0.0111581
internal_weight=82.7533 81.1439 51.131 15.379 7.3309 8.04812 35.752 10.3358 8.63125 25.4162 13.8101 11.6061 30.0129 8.39088 21.622 17.5667 14.9217 3.86698 4.18114 1.70455 6.6893 3.38015 2.64504 2.69508 4.05527 2.49264 4.63582 1.56263 3.30914 1.70158
internal_count=14200 14042 7316 1770 848 922 5546 1329 1147 4217 2377 1840 6726 1167 5559 4682 4054 340 582 182 849 391 628 314 877 560 534 317 458 318
is_linear=0
shrinkage=0.03


Tree=132
num_leaves=31
num_cat=0
split_feature=13 48 13 6 18 4 41 34 15 23 44 34 39 30 32 35 40 33 34 50 23 9 26 15 29 28 21 4 5 46
split_gain=0.56045 0.590105 0.554299 0.512611 0.506472 0.662028 0.501094 0.460727 0.587092 0.523675 0.448695 0.755181 0.723973 0.43108 0.397716 0.530608 0.510029 0.602472 0.5732 0.382874 0.360207 0.539891 0.359356 0.345692 0.332295 0.300927 0.300611 0.29361 0.33774 0.290843
threshold=32.168743133544929 0.36127871274948126 29.222804069519047 0.10846414789557458 0.17578125000000003 0.91811594367027294 0.98013317584991466 0.55140465497970592 0.74166667461395275 0.46902036666870123 0.060915276408195503 0.42933611571788793 0.77697512507438671 0.24609375000000003 0.034826131537556655 0.59852957725524913 0.83590433001518261 45.098779678344734 0.52163463830947887 0.133645735681057 0.48275004327297216 0.68958431482315075 0.59375000000000011 1.0000000180025095e-35 0.955944985151291 0.83440452814102184 44.423376083374031 0.9365089237689973 0.15481928735971454 0.99644014239311229
decision_type=2 2 2 2 2 2 2 2 2 2 2 2 2 2 2 2 2 2 2 2 2 2 2 2 2 2 2 2 2 2
left_child=1 14 13 4 6 24 -2 9 20 22 11 -7 -12 26 19 16 17 -16 -18 -1 -9 -22 -5 -11 -6 -25 -3 -17 -29 -26
right_child=3 2 -4 7 5 10 -8 8 -10 23 12 -13 -14 -15 15 27 18 -19 -20 -21 21 -23 -24 25 29 -27 -28 28 -30 -31
leaf_value=0 -0.013378538112743822 0.0017018452722201089 0.0064870953610590256 0.011856522243473442 0.0044287992576820387 0.0082343529521543939 0.0067459387793185784 -0.0068156242466852618 -0.012476748369639379 0.0020841514468838678 -0.0078300753491620627 -0.0054960906322544297 0.010744243190465236 0.0037363845231017799 -0.003229954438019498 0.0021362664408307763 0.0091221404520784016 0.017462263808886956 -0.00880143401474851 0.018412574970277179 0.016563227231975272 -0.00069816358018097153 -0.0053220055614052637 -0.016802647010187549 0.0011458365350856166 -0.0037753790233968961 -0.015009975822369757 -0.013099722771519834 0.0028697319153061372 -0.014729586742927354
leaf_weight=1.2704792129370681 3.0930652030438064 0.59670847139204664 2.4131535237538628 0.99374975939281585 0.7490673445136079 5.0096551518363439 0.613248093985021 0.76621936762239684 1.2470270154881289 0.92699468618957226 1.3248300380291755 8.0105100541259144 10.292939919294438 1.2251205554784972 1.0054069456527956 4.8137091349490202 2.1236406497046119 4.2803852426004596 2.3040771937085083 2.7140416247857502 2.3035244989441708 2.455916690218146 1.2905707700992932 6.1359452774049696 0.7851635719998743 3.8764867841673549 3.7666662788251415 2.2937213148252344 0.98321373168437265 2.8465141930500977
leaf_count=208 414 122 298 54 370 613 90 97 255 118 153 1179 1053 336 101 1335 706 992 531 945 391 416 176 967 149 764 335 355 362 440
internal_value=-1.89552e-07 0.00319096 -0.00326327 -0.00188503 0.000366239 0.00187309 -0.00868543 -0.00555418 0.000415655 -0.00863687 0.00390412 0 0.00793567 -0.00827447 0.00573204 0.00319652 0.00766731 0.0131614 0 0.0135455 0.00525102 0.00856059 0.00257238 -0.0112482 -0.00759482 -0.0128322 -0.012274 -0.00209401 -0.00805613 -0.0111433
internal_weight=82.5118 29.7903 8.00165 52.7214 32.725 29.0187 3.70631 19.9964 6.77269 13.2237 24.6379 13.0202 11.6178 5.5885 21.7887 17.8042 9.71351 5.28579 4.42772 3.98452 5.52566 4.75944 2.28432 10.9394 4.38075 10.0124 4.36337 8.09064 3.27694 3.63168
internal_count=14325 6626 1091 7699 4461 3957 504 3238 1159 2079 2998 1792 1206 793 5535 4382 2330 1093 1237 1153 904 807 230 1849 959 1731 457 2052 717 589
is_linear=0
shrinkage=0.03


Tree=133
num_leaves=31
num_cat=0
split_feature=32 43 50 37 31 34 43 47 22 47 7 31 34 6 33 4 14 48 24 39 39 27 3 13 23 37 35 45 32 22
split_gain=0.587373 0.661256 0.641091 0.776567 0.592503 0.55028 0.544119 0.535383 0.54716 0.534446 0.49773 0.490771 0.494777 0.487201 0.579414 0.662199 0.475702 0.608921 0.464669 0.462006 0.419939 0.398888 0.39134 0.378664 0.368507 0.368441 0.315446 0.280445 0.274997 0.273006
threshold=0.039639718830585487 0.61225575208663952 0.31663674116134649 0.14438226819038394 0.031270626932382591 0.39824938774108892 0.82661032676696788 0.88720384240150463 0.37296865880489355 0.93069282174110424 3.5363624095916752 0.065512549132108702 0.37361344695091253 0.09819332137703897 66.395481109619155 0.90943261981010448 23.895069122314457 0.40528884530067449 0.33760839700698858 0.85157442092895519 0.82949259877204906 0.97998782992362987 0.67177337408065807 25.458011627197269 0.48875381052494055 0.22047570347785952 0.61631831526756298 0.064322866499423995 0.036176206544041641 0.59789553284645092
decision_type=2 2 2 2 2 2 2 2 2 2 2 2 2 2 2 2 2 2 2 2 2 2 2 2 2 2 2 2 2 2
left_child=1 4 3 6 5 21 9 19 -9 -2 29 12 -4 14 15 24 17 -7 23 20 -5 -1 -17 -14 -3 -21 -10 -12 -23 -6
right_child=2 13 11 7 10 16 -8 8 26 -11 27 -13 18 -15 -16 22 -18 -19 -20 25 -22 28 -24 -25 -26 -27 -28 -29 -30 -31
leaf_value=-0.013579219474857535 0.015183309061819913 0.0089457589937585735 0.0021722241767473112 -0.0044644771877294636 -0.0029124794910056267 0.012629466628037654 -0.0063676989765807171 -0.009723117872814142 0.013331148453853074 -0.0022759415813524524 0.0019883483670490986 0.001685624284077604 0 -0.00026332698400335268 -0.0030327505990943877 0.018873862895169916 -0.0061750381477669106 -0.0015266082247932411 0.00098769003559125374 -0.011678633554648784 0.012740081729374223 0.009900528771054188 -0.0019492573850342391 -0.019888283223027298 -0.0086529026447300303 -0.0015175462665270108 -0.0015388661004418387 -0.013573689890229263 -0.0070547009694538129 0.010585590190398283
leaf_weight=1.8213562850869522 4.7449632860516457 0.94723012953181962 1.2936635722144254 1.7185099889393378 3.2017246430914366 7.1427904432348424 1.1738366744830271 0.82382070370658667 3.0611116216168739 1.4711789753346236 0.59096929397492193 2.4417075251985798 0.91121552456752386 5.3558423390932139 1.7835031597642217 6.4325951344217174 1.535047392011619 3.2949114184593782 1.015301985258702 8.4443423503107606 1.3045125613280104 1.0417705234140155 0.42922673071734596 5.4179865074547706 1.3483278151543343 6.5288913054318973 1.1161854835954725 5.0954675865286845 0.39741688105277706 0.91968515567714337
leaf_count=260 595 121 196 299 811 847 194 188 1141 258 119 470 282 1455 225 903 274 436 116 1005 95 78 42 873 313 1158 327 894 34 271
internal_value=-0.000323017 0.00214139 -0.00284296 -0.000401086 -0.000837834 0.00269033 0.00736128 -0.00322327 0.00452408 0.0108927 -0.00633716 -0.00870402 -0.0118223 0.00667641 0.0100624 0.0129556 0.00575271 0.0081557 -0.0146117 -0.00565898 0.00353539 -0.0065615 0.0171075 -0.0173167 0 -0.00780822 0.0092486 -0.0114522 0.00301586 0.00099261
internal_weight=82.8051 41.3379 41.4672 30.3874 25.0411 15.2333 7.38998 22.9974 5.00112 6.21614 9.80785 11.0799 8.63817 16.2967 10.9409 9.15738 11.9727 10.4377 7.3445 17.9963 3.02302 3.26054 6.86182 6.3292 2.29556 14.9732 4.1773 5.68644 1.43919 4.12141
internal_count=14280 7083 7197 5260 4024 1929 1047 4213 1656 853 2095 1937 1467 3059 1604 1379 1557 1283 1271 2557 394 372 945 1155 434 2163 1468 1013 112 1082
is_linear=0
shrinkage=0.03


Tree=134
num_leaves=31
num_cat=0
split_feature=32 35 34 18 48 30 31 36 36 47 18 38 42 22 33 6 23 3 47 7 9 28 45 18 48 31 29 34 44 45
split_gain=0.591683 0.65091 0.58796 0.570877 0.729001 0.580578 0.620053 0.42348 0.591797 0.536073 0.505663 0.465775 0.472313 0.403014 0.380203 0.316611 0.313005 0.31191 0.285946 0.263954 0.324943 0.258536 0.252912 0.244278 0.390435 0.225095 0.217471 0.183564 0.172365 0.145069
threshold=0.039639718830585487 0.38890118896961218 0.66942009329795849 0.16796875000000003 0.23378896713256839 0.12890625000000003 0.026100731454789642 0.28536699712276464 0.23484721779823306 0.91161149740219127 0.38671875000000006 0.46875000000000006 0.46978823840618139 0.53646269440650951 59.644859313964851 0.083375625312328353 0.53732785582542431 0.31766808032989508 0.98961567878723156 2.322741031646729 8.5653100013732928 0.85389474034309398 0.094579834491014494 0.64453125000000011 0.84431836009025585 0.031419936567544944 0.9749821424484254 0.58765590190887462 0.21320346742868426 0.22607904672622683
decision_type=2 2 2 2 2 2 2 2 2 2 2 2 2 2 2 2 2 2 2 2 2 2 2 2 2 2 2 2 2 2
left_child=2 23 3 19 18 28 -7 8 9 15 14 12 -10 -13 22 -3 25 -11 -5 29 21 -21 -9 24 -2 -12 -4 -18 -6 -1
right_child=1 7 26 4 5 6 -8 10 11 17 16 13 -14 -15 -16 -17 27 -19 -20 20 -22 -23 -24 -25 -26 -27 -28 -29 -30 -31
leaf_value=0.0074762564929228351 0.017539370239002421 -0.016486588932851619 0.0001989962779766554 0.020924636889511728 0 0.010592100843740435 0.0010766112601377179 0 0.015817096657007819 0.011956912551471296 0.0029313554109663457 -0.0049941792620087962 -0.0012690100254122989 0.0043603777937215871 0.0010496487300227526 -0.0036510869863050216 0.01243795126837333 -0.0044661687889088414 0 -0.016573098418015051 0.0046353442299048916 0.0023345172971004032 -0.02220308331446957 -0.00083316914043471033 -0.0043893361245796207 -0.010455574500679486 -0.012974784961921554 -0.0024671068675893933 -0.015358224505580073 -0.0049621887766493414
leaf_weight=1.0414150050346496 1.7629552335420156 3.6419952574578947 1.1063869764475378 2.256901030792505 0.61249365477124473 8.5355528802465432 20.657780081630335 0.51701831229729567 2.341231263009834 1.0526178154541406 0.76574223837815258 9.6169435740157478 1.8146185846417209 5.6078294870239906 0.54743603846873146 5.2253951768361731 0.86524178925901629 0.99275850849517144 0.57445900605671329 2.2230426585883842 0.31526680881506752 0.21213490713853378 2.779275139735546 1.0237673404335508 0.2748622098006307 2.1271538048458751 1.875535273022251 0.319846452694037 0.87252993421861902 0.2798122779931872
leaf_count=172 392 631 313 672 109 1095 3819 93 259 403 36 1575 286 1127 125 830 238 190 150 445 8 30 305 261 22 320 219 57 52 52
internal_value=-0.000145689 -0.00267638 0.00235976 0.00349832 0.00485509 0.00308202 0.00421678 -0.0038589 -0.00196689 -0.00727095 -0.00972643 0.00108272 0.00897559 -0.00130728 -0.016351 -0.0103634 -0.000901261 0.00415153 0.0174649 -0.00583198 -0.0102626 -0.0138526 -0.0195108 0.00866129 0.0131228 -0.0062987 -0.00851104 0.00775419 -0.0107384 0.0025467
internal_weight=81.84 41.2767 40.5633 37.5814 33.5097 30.6784 29.1933 38.2151 30.2934 10.9128 7.92171 19.3806 4.15585 15.2248 3.84373 8.86739 4.07798 2.04538 2.83136 4.07167 2.75044 2.43518 3.29629 3.06158 2.03782 2.8929 2.98192 1.18509 1.48502 1.32123
internal_count=14286 7150 7136 6604 5897 5075 4914 6475 5301 2054 1174 3247 545 2702 523 1461 651 593 822 707 483 475 398 675 414 356 532 295 161 224
is_linear=0
shrinkage=0.03


Tree=135
num_leaves=31
num_cat=0
split_feature=0 32 44 6 34 43 40 15 46 48 4 2 32 28 4 1 32 49 6 41 22 22 0 14 0 34 49 21 43 43
split_gain=0.625506 0.612354 0.811712 0.779729 0.683119 0.548004 0.597111 0.486965 0.479634 0.525267 0.523904 0.48945 0.465799 0.728412 0.475373 0.442451 0.426375 0.369677 0.441879 0.61863 0.422901 0.359334 0.347139 0.454312 0.294621 0.284272 0.278804 0.206247 0.233639 0.243521
threshold=4.6359872817993173 0.039639718830585487 0.059262510389089591 0.099171083420515074 0.62296497821807872 0.60302522778511058 0.43051156401634222 0.20714285969734195 0.99603959918022167 0.46538902819156652 0.88196298480033886 0.51562500000000011 0.041745394468307502 0.84647527337074291 0.89925822615623485 0.72222506999969494 0.030104974284768108 1.2850705385208132 0.13129340857267383 0.86263683438301098 0.43284025788307195 0.5791832208633424 12.988608360290529 1.842205345630646 6.4215145111083993 0.40052460134029394 0.46172919869422918 60.979545593261726 0.4747792929410935 0.6837390959262849
decision_type=2 2 2 2 2 2 2 2 2 2 2 2 2 2 2 2 2 2 2 2 2 2 2 2 2 2 2 2 2 2
left_child=7 3 12 4 5 15 -7 -1 9 11 26 -5 13 -3 24 -2 -12 18 19 -4 -20 27 23 -6 -14 -16 -10 28 -9 -30
right_child=1 2 17 8 22 6 -8 21 10 -11 16 -13 14 -15 25 -17 -18 -19 20 -21 -22 -23 -24 -25 -26 -27 -28 -29 29 -31
leaf_value=0.012979249350083818 0.0062112029157188522 -0.022678400401500244 0.0085277196697713577 0.012882259628932172 0.0030339449280308273 -0.0045698727030817144 0.015452445175017229 -0.011838760062489049 0.011773578003727641 -0.0094407180220353604 0.0050102275196109323 -0.0061914410363508986 0.012745023564279099 0.0030058124222268169 0.00051529598566536392 -0.0057782792368660995 -0.012520207780249025 -0.010956964252056956 0.0058301602134298068 -0.0093907914567730125 -0.010555041537505442 0.010919097267611004 0.0070416430414773886 -0.016753892283594772 -0.002204663412436237 -0.010248605111109643 -0.0052001969123056649 0.0031117574150029388 0.0090968180959940075 -0.0052684595384084746
leaf_weight=3.9624606772558755 6.3279916727187864 3.0928454556851679 8.8244325526829908 3.2231917869503373 0.88421398671925988 0.88422465065377664 6.998828318741289 1.8754002027999357 1.002217944987932 1.1568035855016203 0.64256969271809605 0.76714602430001821 0.96690825416590032 0.77693669407744881 2.0939216643891987 3.3235845893213991 7.7829665067547467 1.1921137685858401 1.178482528135645 1.0928644826635707 2.8916976047330536 1.3913023386267012 0.40853870645514678 1.8385873104562049 1.7789503984531618 8.395850835440795 0.48149996553547669 2.5224450647801859 0.76389950529846862 1.6372943514434153
leaf_count=1385 860 472 1012 322 57 140 887 444 316 148 108 117 217 259 401 378 1505 93 143 136 408 650 118 227 262 1504 77 787 385 455
internal_value=-0.000432199 -0.00160372 -0.00455175 0.00103035 0.00478175 0.00715005 0.0126072 0.00551906 -0.003909 0.00278199 -0.00759591 0.00810828 -0.0088502 -0.0173474 -0.00511101 0.00164603 -0.0104753 0.000354231 0.00218517 0.00559904 -0.00500498 0.000563861 -0.00627456 -0.0104332 0.0042558 -0.00798102 0.00518142 -0.00229885 -0.00604363 0
internal_weight=80.1602 68.0074 32.285 35.7224 20.666 17.5346 7.88305 12.1528 15.0564 5.14714 9.90925 3.99034 17.1054 3.86978 13.2356 9.65158 8.42554 15.1796 13.9875 9.9173 4.07018 8.19034 3.13134 2.7228 2.74586 10.4898 1.48372 6.79904 4.27659 2.40119
internal_count=14273 10167 4907 5260 2667 2265 1027 4106 2593 587 2006 439 3115 731 2384 1238 1613 1792 1699 1148 551 2721 402 284 479 1905 393 2071 1284 840
is_linear=0
shrinkage=0.03


Tree=136
num_leaves=31
num_cat=0
split_feature=45 41 0 1 13 23 1 24 1 48 40 32 41 32 13 41 7 36 37 4 13 3 10 1 3 33 35 34 4 3
split_gain=0.632502 0.555017 0.557545 0.711673 0.62293 0.584591 0.552034 0.486458 0.585554 0.53898 0.456576 0.382077 0.369581 0.36244 0.361327 0.400116 0.361123 0.413649 0.335144 0.29249 0.289099 0.27097 0.26166 0.244774 0.243675 0.255506 0.209621 0.195489 0.181422 0.172978
threshold=0.063345577567815795 0.99191969633102428 10.423141479492189 0.7623402774333955 32.168743133544929 0.42719385027885443 0.63354149460792553 0.30609977245330816 0.78038796782493602 0.33760868012905126 0.69595173001289379 0.043226264417171485 0.86064261198043834 0.030247011221945289 54.441017150878913 0.93343001604080211 3.2325528860092168 0.28491173684597021 0.17339956760406497 0.91062802076339733 55.542648315429695 0.071598723530769362 0.62500000000000011 0.74013981223106395 0.15482424199581149 77.692653656005874 0.79410621523857128 0.59014746546745311 0.91811594367027294 0.39739720523357397
decision_type=2 2 2 2 2 2 2 2 2 2 2 2 2 2 2 2 2 2 2 2 2 2 2 2 2 2 2 2 2 2
left_child=6 2 4 5 16 -4 12 8 -6 -9 -7 21 20 -5 15 19 17 -2 -18 -8 -1 28 -23 -17 25 -13 -24 -15 -3 -14
right_child=1 11 3 13 7 10 14 9 -10 -11 -12 24 29 27 -16 23 18 -19 -20 -21 -22 22 26 -25 -26 -27 -28 -29 -30 -31
leaf_value=-0.015085769413777428 0.0019647086187012199 0.0067498874479289695 -0.0094937476600059304 0.0050725362386173966 -0.010527567828471454 0 0 0.012737134305270337 0.0027438536980502427 -0.0038196944172501262 0.012249583573557472 0.011570345712378001 0.010695877768844264 -0.017384485626003275 -0.0036999453110673503 0.0073187662954366066 0.011205726190305153 -0.0094882627541961438 -0.00050165314727019475 0.018574022921108737 0.0038282310392110173 0 0.017447765066259759 -0.0080320103043033716 -0.0067234696680572277 -0.0053472435622912463 -0.00027636321852757604 0 -0.0068914696978529064 -0.0035126249345295893
leaf_weight=1.3688720628852009 5.6299250293450331 0.55787258195050327 1.0009144805662789 0.52751477109268252 18.724950521507715 4.6529886494681687 0.52023615411599156 1.2846411463106031 2.7004917979211305 6.8432687404128956 7.0455463030084502 0.99206001740822125 0.88117443908413384 1.4963738389196808 0.65882062375021622 0.97588049713522174 3.3990302107995367 3.7573218252218794 3.3309848728968063 4.4146646033041179 0.25514302842202585 0.87805795902386297 3.2306033215863867 0.77421397886064369 2.4486712005600566 0.30773875775048509 0.28531301482871629 1.0136492117308078 0.94349741085898131 0.26215095905354246
leaf_count=176 1211 287 70 30 2771 913 133 180 278 753 1442 331 324 146 107 349 761 311 996 425 49 246 872 88 440 70 220 53 222 39
internal_value=-1.73975e-05 -0.00108049 -0.00218087 0.00246459 -0.00386437 0.0057348 0.00660789 -0.0063941 -0.00867328 0 0.00791901 0.00519098 -0.00325002 -0.0084987 0.0106265 0.0127265 0.000701562 -0.00280275 0.00570784 0.0164438 -0.0106445 0.00948217 0.012655 0 -0.00150175 0.00567703 0.0156025 -0.0128381 0 0.00591947
internal_weight=81.1626 71.0514 61.4076 15.737 45.6706 12.6994 10.1112 29.5534 21.4254 8.12791 11.6985 9.64381 2.76734 3.03754 7.34382 6.685 16.1173 9.38725 6.73002 4.9349 1.62402 5.89534 4.39397 1.75009 3.74847 1.2998 3.51592 2.51002 1.50137 1.14333
internal_count=14293 12603 9915 2654 7261 2425 1690 3982 3049 933 2355 2688 588 229 1102 995 3279 1522 1757 558 225 1847 1338 437 841 401 1092 199 509 363
is_linear=0
shrinkage=0.03


Tree=137
num_leaves=31
num_cat=0
split_feature=32 50 43 37 47 15 50 47 43 18 46 34 30 34 3 42 2 6 3 1 2 48 0 27 34 25 22 42 42 29
split_gain=0.584442 0.501053 0.494037 0.470318 0.907234 0.587416 0.56644 0.427805 0.41953 0.452437 0.637139 0.52588 0.577555 0.404655 0.430268 0.429387 0.401178 0.440173 0.390822 0.363872 0.355552 0.333087 0.327282 0.306875 0.368821 0.358798 0.27145 0.249701 0.242486 0.229916
threshold=0.039639718830585487 0.36894853413105017 0.82661032676696788 0.14357157796621325 0.9463045895099641 0.51666668057441723 0.3206429928541184 0.93069282174110424 0.61225575208663952 0.21484375000000003 0.99913194775581371 0.43102274835109716 0.16796875000000003 0.6604614555835725 0.069619316607713713 0.95275297760963451 0.32812500000000006 0.092799607664346709 0.47961659729480749 0.68303751945495617 0.29687500000000006 0.3011575341224671 5.1331634521484384 0.98476719856262218 0.37361344695091253 0.26002331078052526 0.48579029738903051 0.90967366099357616 0.95480081439018261 0.9640149474143983
decision_type=2 2 2 2 2 2 2 2 2 2 2 2 2 2 2 2 2 2 2 2 2 2 2 2 2 2 2 2 2 2
left_child=8 2 3 6 5 -5 7 -2 9 21 11 20 -13 14 27 18 -12 -18 -16 26 -11 -1 -3 24 -24 -26 -4 29 -21 -10
right_child=1 22 19 4 -6 -7 -8 -9 13 10 16 12 -14 -15 15 -17 17 -19 -20 28 -22 -23 23 -25 25 -27 -28 -29 -30 -31
leaf_value=0 0.014550251479785441 0.0016039039290280262 0.0093240681571058557 -0.0086572233299560299 0.014277998989302326 0.001207376966908615 -0.0072535267501722799 -0.0016553754750983946 0.0037228447970973672 0.0049576281650995369 -0.00061480211061319765 0.010066048540955238 -0.0044529099120306182 -0.0056208286683396844 0.013638896039141734 -0.004520265643043855 0.01810348425532082 0.00073015739966612056 -0.0014857368924999341 -0.015732361414209532 -0.013766265273756663 -0.015415371996372607 0.001244825495781693 0.0011498912599623152 -0.019956173001192724 0.0023654068945917683 -0.006102189818412115 0.0069914910011325895 0.0019495728623591911 -0.011325459596119206
leaf_weight=1.8863537263969221 4.5352641783392782 1.2186691940441949 0.87464472957071793 9.5932959837446159 1.8521630007599004 9.7899528730122238 1.0668820398277601 1.31425372173544 0.43508845080214076 0.3446674012957377 2.8390146852470934 3.2555720402160659 4.6705556081142277 1.3685860508994654 9.7146764329663657 0.84715622662042811 3.0016097303741844 2.6495169693225762 1.1752830182085752 3.0265464122785493 3.3212646245010546 1.6941609526984391 0.62412186762958288 0.74107401334913436 3.7861675016611116 0.2559287353651597 1.1944203600287435 0.75581687620433502 0.2544495582114904 1.6147382466588167
leaf_count=461 575 318 259 1569 723 1640 175 261 215 53 621 313 684 272 1733 208 431 701 210 437 374 345 101 128 550 44 357 148 36 285
internal_value=-2.1623e-05 -0.00257769 -0.000871094 0.000712084 -0.00143725 -0.0037129 0.00703809 0.0107611 0.00249593 0 0.00177935 -0.00255995 0.00163412 0.00610517 0.00769233 0.0100929 0.00766559 0.0117435 0.0117666 -0.00847439 -0.0106777 -0.00862118 -0.00956738 -0.0124107 -0.0149167 -0.017759 0.000354683 -0.00157522 -0.0135252 -0.00697433
internal_weight=79.7019 40.1278 33.5019 28.1518 21.2354 19.3832 6.9164 5.84952 39.5741 23.6627 20.0822 11.5921 7.92613 15.9113 14.5428 11.7371 8.49014 5.65113 10.89 5.35006 3.66593 3.58051 6.62596 5.40729 4.66622 4.0421 2.06907 2.80564 3.281 2.04983
internal_count=14227 7173 6032 4943 3932 3209 1011 836 7054 3983 3177 1424 997 3071 2799 2151 1753 1132 1943 1089 427 806 1141 823 695 594 616 648 473 500
is_linear=0
shrinkage=0.03


Tree=138
num_leaves=31
num_cat=0
split_feature=32 46 35 12 45 38 13 44 30 40 12 49 40 1 32 13 34 25 45 16 20 0 32 45 31 28 25 1 37 3
split_gain=1.0049 0.644401 0.578805 0.421543 0.543302 0.631253 0.534687 0.465113 0.949445 0.920968 0.593093 0.527541 0.523297 0.521767 0.401081 0.386541 0.315682 0.300058 0.423146 0.294383 0.313369 0.268 0.257324 0.362274 0.247154 0.222385 0.227067 0.210904 0.198069 0.226563
threshold=0.035146744921803481 0.99913194775581371 0.56032416224479686 1.2231518626213076 0.11576370149850847 0.78125000000000011 25.168395996093754 0.064172957092523589 0.18359375000000003 0.72375816106796276 1.2727811336517336 0.5192241668701173 0.79582828283309948 0.7317481040954591 0.052243800833821304 36.049081802368171 0.53720495104789745 0.21034651994705203 0.18324007838964465 0.40722656250000006 0.030241138301789764 11.3326473236084 0.039754111319780357 0.22353495657444003 0.042788118124008186 0.97715878486633312 0.26651863753795629 0.64141952991485607 0.24817707389593127 0.16615395247936252
decision_type=2 2 2 2 2 2 2 2 2 2 2 2 2 2 2 2 2 2 2 2 2 2 2 2 2 2 2 2 2 2
left_child=1 17 15 4 5 21 14 8 12 10 -9 -10 -8 -11 24 -3 -7 18 -1 20 -4 27 28 -24 -5 26 -19 -2 29 -6
right_child=3 2 19 6 22 16 7 9 11 13 -12 -13 -14 -15 -16 -17 -18 25 -20 -21 -22 -23 23 -25 -26 -27 -28 -29 -30 -31
leaf_value=-0.0087282635075900429 0 0.0080877073552364474 0 0 0.013462317740325542 0.0051765056995026161 -0.022133470074902347 -0.0069047252811356803 -4.2602992621693618e-05 -0.010914857832511667 0.0075354149526476203 -0.010575021169142837 0.00045833241127159869 0.002803581692697048 -0.0072863726360264929 -0.0084295266854178125 -0.01378912357657309 0.014973903060397819 0.0053282486079215072 0 0.021129740376800623 -0.00021585461262460997 -0.012694631488142247 0.0027036263503430447 0.012325934511826515 -0.0042177014649272893 0 0.020686434298781808 -0.0063289661170426977 -0.00017550213446041236
leaf_weight=4.2624624969175784 0.28793548024259408 1.7043017850373874 0.50165575137361873 2.1050296168541527 1.0112473534536555 0.53869962459430076 4.0324078495323219 2.3351440144469988 12.654775525632433 8.2862024128044123 9.3451570208708272 5.9630738401610861 0.76894016188452941 2.5092158762854515 1.0956542267376788 1.4064598906552417 0.55037481240287889 1.4377496046145104 1.9361944555203079 0.68641155074874394 3.9095728489846806 0.43564924816018891 2.4157516717314143 1.3612714309565488 2.8490456134750275 0.37927407158713311 0.84546393361233629 2.4235269062774023 0.36943421815522004 1.4677506762091068
leaf_count=759 39 529 237 488 138 73 450 214 2705 1125 1040 1228 108 212 282 192 48 210 268 147 986 34 393 278 1580 49 46 252 21 190
internal_value=-0.000716893 0.00548736 0.0110485 -0.00250968 0.00253515 0.00994482 -0.00364918 -0.0047848 -0.00769027 -0.00143094 0.00409508 -0.00393603 -0.0185429 -0.00750454 0.00399706 0 -0.00498461 0 -0.00379062 0.0164248 0.0187871 0.0157908 -0.0024919 -0.00711274 0.00780103 0.00674482 0.0102096 0.0185361 0.00311188 0.00679591
internal_weight=79.8758 17.0695 8.2084 62.8063 10.8616 4.23619 51.9446 45.8949 23.4192 22.4757 11.6803 18.6178 4.80135 10.7954 6.04973 3.11076 1.08907 8.86114 6.19866 5.09764 4.41123 3.14711 6.62546 3.77702 4.95408 2.66249 2.28321 2.71146 2.84843 2.479
internal_count=14321 3423 2091 10898 1466 446 9432 7082 4491 2591 1254 3933 558 1337 2350 721 121 1332 1027 1370 1223 325 1020 671 2068 305 256 291 349 328
is_linear=0
shrinkage=0.03


Tree=139
num_leaves=25
num_cat=0
split_feature=14 49 49 16 6 41 0 35 32 4 35 19 1 20 37 3 3 29 5 31 25 9 0 27
split_gain=0.81036 0.626531 0.711999 0.770618 0.598577 0.575495 0.839645 0.73826 0.609156 0.543769 0.538055 0.492731 0.443351 0.438134 0.270334 0.254619 0.192747 0.179177 0.17336 0.164632 0.0632246 0.0236958 0.0217537 0.00135253
threshold=37.610967636108406 1.2850705385208132 0.76291969418525707 0.41308593750000006 0.055011674761772163 0.84142243862152111 10.977052688598635 0.61278155446052562 0.038273228332400329 0.87021389603614818 0.45552200078964239 0.062966700643301024 0.70838674902915966 0.042221490293741233 0.17245157808065417 0.42108348011970526 0.12568638473749164 0.99588418006896984 0.09388329461216928 0.024669379927217964 0.25307299196720129 0.3480528742074967 13.52400064468384 0.98800164461135875
decision_type=2 2 2 2 2 2 2 2 2 2 2 2 2 2 2 2 2 2 2 2 2 2 2 2
left_child=1 2 5 9 15 6 12 11 -9 23 -11 -7 -1 -8 21 -5 -6 18 22 -16 -21 -3 -2 -4
right_child=17 14 3 4 16 7 13 8 -10 10 -12 -13 -14 -15 19 -17 -18 -19 -20 20 -22 -23 -24 -25
leaf_value=-0.012750194050938744 -0.0024954471372771701 0 -0.0083272248887109289 -0.0031303744339542961 0.0010866644688330572 0.0015419610285143655 0.0074177902277697697 0.0043580818690907644 -0.0058713363111478874 -0.0033528775203700277 0.012888279190464444 0.012115034913401393 0 -0.0082931831916154587 0 0.014359800356466033 -0.014045596047141343 2.7271822612155883e-05 -0.019371505382728284 -0.017118438554199391 0 0.004890503794442007 0.0031707340919287295 0
leaf_weight=7.6150874509185105 0.25624929170589883 0.28471000166609828 0.47349967429909234 0.3978435777826228 0.36208690339117344 9.9054399866217882 5.3896166399572385 7.6359669503508512 11.87282469634374 1.3744468088843866 13.055145124119006 7.1418649154220466 3.5756492576620076 1.0683900229050776 0.70177119877189431 0.7870941303553991 2.2375869832249009 0.29775043524568889 1.5821823125479566 1.9358423338635478 0.30119331755849987 0.31588154079508968 0.16927415918326005 0.12644468754297122
leaf_count=1349 35 32 120 40 113 2129 934 2157 2355 132 1145 1769 584 226 24 48 485 50 237 183 54 36 39 19
internal_value=0.000448781 0.00109923 0.00178369 0.00665024 -0.00411886 0 -0.00430335 0.00214373 -0.00170388 0.00963696 0.0110298 0.00656357 -0.00906388 0.00365289 -0.00964288 0.00836936 -0.0113882 -0.0140413 -0.0164405 -0.012898 -0.0157542 0.00251769 0 -0.00794365
internal_weight=78.8638 76.5584 73.019 18.8141 3.78461 54.2048 17.6487 36.5561 19.5088 15.0295 14.4296 17.0473 11.1907 6.45801 3.5394 1.18494 2.59967 2.30546 2.00771 2.93881 2.23704 0.600592 0.425523 0.599944
internal_count=14295 13934 13605 2102 686 11503 3093 8410 4512 1416 1277 3898 1933 1160 329 88 598 361 311 261 237 68 74 139
is_linear=0
shrinkage=0.03


Tree=140
num_leaves=31
num_cat=0
split_feature=49 13 33 35 4 48 10 27 3 50 37 4 40 20 20 1 32 5 42 33 23 40 34 44 47 27 19 50 23 0
split_gain=0.81888 0.881553 0.597682 0.710688 0.467325 0.428182 0.408229 0.559377 0.555047 0.759809 0.475372 0.435565 0.437906 0.418786 0.417055 0.360081 0.347633 0.34394 0.317429 0.324871 0.314428 0.304705 0.323547 0.286364 0.324501 0.308919 0.237808 0.231412 0.231149 0.260061
threshold=0.94084015488624584 31.465666770935062 57.854497909545906 0.45295611023902899 0.92286121845245372 0.31404981017112737 1.0000000180025095e-35 0.98864641785621654 0.34819826483726507 0.20688787102699283 0.22522214055061343 0.98343965411186229 0.69595173001289379 0.036834033206105239 0.030316543765366081 0.7193763554096223 0.04314237833023072 1.2510074973106386 0.74249926209449779 58.516757965087898 0.48875381052494055 0.83590433001518261 0.48570515215396887 0.28730159997940069 0.49817529320716863 0.95115923881530773 0.028957741335034374 0.23596508055925372 0.37981458008289343 13.197704792022707
decision_type=2 2 2 2 2 2 2 2 2 2 2 2 2 2 2 2 2 2 2 2 2 2 2 2 2 2 2 2 2 2
left_child=1 5 3 -2 -5 15 7 10 11 16 14 13 -13 -8 -3 21 -10 -11 19 27 -12 26 -23 28 -25 -26 -1 -7 -4 -30
right_child=2 6 23 4 -6 18 8 -9 9 17 20 12 -14 -15 -16 -17 -18 -19 -20 -21 -22 22 -24 24 25 -27 -28 -29 29 -31
leaf_value=-0.00044558131063881926 -0.0037261477836809057 0.0079503398935941386 0.0032175404697473531 0 0.01990424078176016 -0.0057908420969380071 0 0.014316208170031717 -0.0068706620987054367 -0.018297032464548817 -0.003481618213410205 0.011485494144020484 -0.0023461633918028454 -0.010606868802242474 -0.0073757935110856671 -0.00053839620438942456 0.0071433486550698993 0 0.0066761735639407479 -0.011532545294841524 0.012304164194241518 0.010504628564925971 -0.0040700331104836143 -0.0029491971365405308 -0.0019908036745937582 0.01677280707314335 0.014160009264402052 0.0079054077697106699 -0.01331171057897153 0.0040445177603210944
leaf_weight=0.6473279430356359 1.4174113986082355 0.87095646807574567 0.80348943712306242 1.2212143491560707 4.4403268622554606 0.9811689501657378 6.6705332015262737 1.2091988696483884 2.4941059566917811 6.323870753927622 0.88114703772589509 2.5123484641371752 3.7255041996249929 5.8452133532846346 9.0683991590340138 4.2753720671462352 1.8992952995176891 0.76229083916405205 1.3689931680855805 2.8568064884093474 1.9613104213422046 1.1176469750353137 2.6943251209595473 1.6030791734228844 0.5211345754796638 1.3178424603102028 5.9722479649644811 1.3506562861148266 2.1070782586757564 0.21669264038064273
leaf_count=264 103 218 45 162 312 167 1160 171 406 918 104 356 803 776 1274 829 285 154 506 627 396 520 696 101 42 81 1862 411 296 255
internal_value=-3.24382e-05 -0.00148335 0.00635067 0.0118198 0.0161373 0.00336001 -0.00390134 0.000141863 -0.00581311 -0.0108108 -0.00192287 -0.00220958 0.00362735 -0.00539382 -0.00515457 0.006135 -5.49086e-05 -0.016277 -0.00245484 -0.00603825 0.00699735 0.00894036 0.000874708 0 0.00499126 0.0115705 0.012467 0.00123364 -0.00596928 -0.0100607
internal_weight=79.137 65.4887 13.6483 7.07895 5.66154 21.2645 44.2242 13.991 30.2332 11.4796 12.7818 18.7536 6.23785 12.5157 9.93936 14.7069 4.3934 7.08616 6.55762 5.18863 2.84246 10.4315 3.81197 6.56932 3.44206 1.83898 6.61958 2.33183 3.12726 2.32377
internal_count=14300 12903 1397 577 474 5882 7021 2163 4858 1763 1992 3095 1159 1936 1492 4171 691 1072 1711 1205 500 3342 1216 820 224 123 2126 578 596 551
is_linear=0
shrinkage=0.03


Tree=141
num_leaves=31
num_cat=0
split_feature=32 3 0 3 34 14 0 45 0 50 41 18 14 6 34 33 41 36 39 39 32 44 16 41 50 32 16 37 23 15
split_gain=0.644755 0.865437 0.520096 0.719343 0.503287 0.558339 0.499413 0.438408 0.402326 0.365361 0.367765 0.365054 0.363434 0.349214 0.421437 0.329085 0.324397 0.317654 0.313373 0.310444 0.307121 0.306005 0.301404 0.501683 0.32724 0.286338 0.34806 0.273783 0.262081 0.495713
threshold=0.037693627178668983 0.4902478307485581 6.265996217727662 0.49516062438488012 0.47867660224437719 4.7518362998962411 7.1758544445037851 0.08291740715503694 15.040683269500734 0.34179255366325384 0.84142243862152111 0.17578125000000003 19.691011428833011 0.096625484526157393 0.61681863665580761 45.098779678344734 0.93343001604080211 0.29675802588462835 0.96935611963272106 0.98670044541358959 0.041068114340305335 0.45584416389465338 0.40527343750000006 0.82684683799743663 0.139934316277504 0.031229688785970214 0.37792968750000006 0.17031498998403552 0.43179227411746984 0.72380954027175914
decision_type=2 2 2 2 2 2 2 2 2 2 2 2 2 2 2 2 2 2 2 2 2 2 2 2 2 2 2 2 2 2
left_child=1 7 4 8 5 15 20 17 22 -8 -11 -9 16 14 -13 -2 25 21 28 -20 -5 -1 24 -24 -4 -3 -27 -15 -6 -30
right_child=2 12 3 6 18 -7 9 11 -10 10 -12 13 -14 27 -16 -17 -18 -19 19 -21 -22 -23 23 -25 -26 26 -28 -29 29 -31
leaf_value=0.01862845705545231 -0.0014979369970408518 0.00098169613686280256 0.00070965255112190556 0.0025249370737631728 0.009056383544459385 -0.0040026728819362971 0.0091821989692080722 -0.0059067712262915965 0.0082879590044818222 -0.010632171045101833 0.0074536675678648183 0.011280975717314555 0.0047404444034969068 -0.0042516950838992389 -0.003799536468585489 0.015063940161225867 0.0049579967456573068 0 -0.011796978784775763 0.0054630467191589347 -0.015538057168178764 -0.0018624259592990807 -0.0083377960908804956 0.0066695831382149852 -0.012162877021555652 -0.019458251048915406 0 0.0058483479331686416 0.0029760439866266006 -0.013029931951396907
leaf_weight=3.7040543062685241 0.74823730392381804 0.65859829832333971 1.4223096257192178 0.63133936258964052 1.764002919808261 1.8267477294866692 5.6812335557042388 2.2289678285014842 0.43074141898250573 1.3952282555692366 0.67166758957318951 7.5374623029929371 1.115427636701497 4.5352842521315315 1.2139999601204179 4.3450181573425652 0.34216521753114637 1.2747575227695049 3.0145833391143246 0.31835807283641759 1.0308965460862962 0.26744307251647104 3.6037584441655772 2.4459147617744748 12.772015837239449 2.5960793712511081 0.81538033270044241 3.2786530886369292 4.6764438968239119 1.4516694454068781
leaf_count=820 122 67 286 56 391 313 836 406 217 171 55 1332 172 997 220 1067 166 201 623 170 126 17 621 354 1955 285 127 740 1121 321
internal_value=0 0.00345403 -0.00209266 -0.00448536 0.0017449 0.00764946 0.00200808 0.0059614 -0.00753563 0.00552598 -0.00326272 0.00324914 -0.006234 0.00491805 0.00870626 0.012292 -0.00992594 0.0131219 -0.00197771 -0.00857563 -0.00917919 0.0165481 -0.00838781 -0.00175928 -0.0107138 -0.0125 -0.0154153 0 0.00112236 -0.00169073
internal_weight=77.7984 29.5683 48.2302 30.0851 18.1451 6.92 9.41037 24.0406 20.6747 7.74813 2.0669 18.7944 5.52765 16.5654 8.75146 5.09326 4.41222 5.24625 11.2251 3.33294 1.66224 3.9715 20.244 6.04967 14.1943 4.07006 3.41146 7.81394 7.89212 6.12811
internal_count=14355 5550 8805 4677 4128 1502 1244 4733 3433 1062 226 3695 817 3289 1552 1189 645 1038 2626 793 182 837 3216 975 2241 479 412 1737 1833 1442
is_linear=0
shrinkage=0.03


Tree=142
num_leaves=31
num_cat=0
split_feature=32 3 45 50 35 31 37 15 43 5 39 14 7 44 27 13 39 34 37 6 26 0 4 32 24 22 29 45 20 36
split_gain=0.503812 0.712688 0.598754 0.606363 0.617379 0.559619 0.458 0.452443 0.432097 0.50782 0.392366 0.48824 0.414562 0.392941 0.544446 0.723822 0.588544 0.508574 0.806457 0.657009 0.696111 0.507053 0.408446 0.342956 0.330915 0.296047 0.261585 0.252819 0.250267 0.21006
threshold=0.037622105330228812 0.42108348011970526 0.08291740715503694 0.25075513124465948 0.79605981707572948 0.035084281116724021 0.16653926670551303 0.37087912857532507 0.61877489089965831 0.17602343857288363 0.98320010304451 18.877042770385746 3.4683437347412114 0.059262510389089591 0.98864641785621654 34.789615631103523 0.95300278067588817 0.4990482777357102 0.16511256247758868 0.13014177232980731 0.65625000000000011 12.724411010742189 0.98343965411186229 0.041906842961907394 0.22008204460144046 0.6114386022090913 0.9530392885208131 0.18135019391775134 0.032105552032589919 0.29387694597244268
decision_type=2 2 2 2 2 2 2 2 2 2 2 2 2 2 2 2 2 2 2 2 2 2 2 2 2 2 2 2 2 2
left_child=1 2 25 6 5 -5 28 -8 9 -3 13 12 -12 14 15 16 -2 18 22 20 -19 -17 -15 -14 -20 29 -6 -21 -4 -1
right_child=10 8 3 4 26 -7 7 -9 -10 -11 11 -13 23 17 -16 21 -18 19 24 27 -22 -23 -24 -25 -26 -27 -28 -29 -30 -31
leaf_value=0.019941281195334063 0.0037791633531571002 0.00030564495356593177 0.00075813723452576142 0.016519024717244608 0.0033477502401064703 0 0.011811221251540438 -0.0047486625406678541 0.0057817633928660137 -0.014988477293757983 -9.8540026332233786e-05 -0.0095769403335876843 0 -0.004050148173619708 0.0075006813586930132 -0.014626576465766502 -0.0080878514224084763 -0.0012376698290419638 0.0024375133782932865 -0.011549785118806952 0.015518441473181637 0.0030413445476748916 0.011415824415841181 0.022658954050687428 -0.013979135803900748 -0.00071130872102317954 -0.014308359015184591 0.0023829689899954338 -0.012384338828903725 0.00074438840966377622
leaf_weight=3.0786169378698167 7.1765924060455344 2.9829649267339837 1.1402418643992875 4.5661356625205354 0.45451928065449443 2.763459903144394 1.9251516318327051 1.8892893876327432 1.7842757930775404 3.0600926876359154 1.7842659164452919 0.53091671410948027 0.85278793888574034 1.7972984042280602 1.6789024972385949 8.9864877118088753 5.7987079010781599 3.0026498416991654 0.67757997522130597 1.5988689869845987 4.5091749214770971 1.0391312798747083 2.2692217102303402 1.2326456327718913 4.737553432903951 0.57773569418350224 0.6295228413073346 1.0989184468780875 3.2345024865062442 1.0633657553989904
leaf_count=659 1824 342 245 746 325 761 292 354 311 455 357 80 172 247 348 1513 1502 323 58 231 482 413 260 282 595 142 236 151 402 179
internal_value=-0.000111853 0.00290979 0.00574617 0.00247247 0.00780911 0.01104 -0.0029371 0.00370331 -0.00425261 -0.00804157 -0.00200028 0.00553678 0.00976724 -0.00291947 -0.00536838 -0.00670611 -0.00150882 0.000115972 -0.004496 0.00468572 0.00910966 -0.0124135 0.00453791 0.0164767 -0.0113976 0.0142921 -0.00741177 -0.00595348 -0.00889697 0.0166995
internal_weight=77.9216 29.1499 21.3225 16.6028 8.41364 7.3296 8.18919 3.81444 7.82733 6.04306 48.7717 4.40062 3.8697 44.3711 24.6798 23.0009 12.9753 19.6913 9.48165 10.2096 7.51182 10.0256 4.06652 2.08543 5.41513 4.71972 1.08404 2.69779 4.37474 4.14198
internal_count=14287 5449 4341 3361 2068 1507 1293 646 1108 797 8838 891 811 7947 5600 5252 3326 2347 1160 1187 805 1926 507 454 653 980 561 382 647 838
is_linear=0
shrinkage=0.03


Tree=143
num_leaves=31
num_cat=0
split_feature=32 13 49 34 26 49 5 50 3 40 50 42 36 42 43 29 6 48 15 37 34 21 16 34 6 15 7 20 29 48
split_gain=0.557108 0.495752 0.71941 0.640307 0.736294 0.541426 0.619409 0.511942 0.472991 0.452873 0.395231 0.37897 0.341835 0.324007 0.54983 0.414655 0.411572 0.394302 0.318843 0.310796 0.302178 0.299182 0.317489 0.367072 0.30858 0.269436 0.251497 0.246452 0.239097 0.197948
threshold=0.033038433641195304 32.168743133544929 0.87012416124343883 0.50466260313987743 0.59375000000000011 0.52713158726692211 0.11203493550419809 0.061643986031413085 0.1109006740152836 0.75933867692947399 0.09131991490721704 0.75625389814376842 0.32903383672237402 0.75119048357009899 0.68043735623359691 0.99937468767166149 0.16167277097702029 0.26740892231464392 0.96666666865348827 0.14528380334377292 0.46820259094238287 41.076549530029304 0.39160156250000006 0.3509634137153626 0.035095334053039558 0.79285714030265819 3.5691715478897099 0.038550153374671943 0.97134819626808178 0.62147098779678356
decision_type=2 2 2 2 2 2 2 2 2 2 2 2 2 2 2 2 2 2 2 2 2 2 2 2 2 2 2 2 2 2
left_child=12 13 5 9 -5 6 8 -6 -3 27 28 -12 21 14 17 16 -15 25 -8 -19 -16 -1 23 -23 -25 -2 -22 -4 -7 -11
right_child=1 2 3 4 7 10 18 -9 -10 29 11 -13 -14 15 20 -17 -18 19 -20 -21 26 22 -24 24 -26 -27 -28 -29 -30 -31
leaf_value=-0.0018049750790671019 0.01136497946971507 -0.0067103065725725502 -0.0035947299322327928 -0.0055145065092234167 -0.0032991938344751133 0.010650987120551092 -0.0065017334769556174 0.020231054124453304 0.01091082136271166 -0.015147044094306414 -0.013220469653520309 -8.6728926539771678e-05 -0.0063250848585160004 0.015267208336821644 0.0018383822189546037 -0.004763661404963376 -0.0037956599550536181 0.0052875283250698605 0.0056692665822115464 -0.0041980500884588722 -0.016971021719082709 -0.001701761534673226 -0.0024786359838119398 0 0.018043682610017354 -0.0023760347062309439 0.0010286281376817607 0.01036565042587562 -0.0052934377822616736 0
leaf_weight=1.3722757447249003 4.2731246436596946 0.90436343805049801 1.0282550362026071 1.1422607758140655 0.47177018644288216 0.71449812807259039 12.500098831165811 3.1001955009705853 3.9661363553823321 1.589623854524689 11.12253818996396 2.9343008236610322 0.71431157054030325 3.543883289807126 0.86929436787613612 0.93879418348660681 0.57973951802705403 3.7690139882324711 1.210512540012133 7.5881999004050158 2.0767715724796294 0.76416815191623744 0.73211153042939248 0.71936009824275959 4.4077966280674445 0.86390858510276292 0.37821392662590358 1.3943371768109498 0.53937137773027644 0.8417479035706491
leaf_count=408 1187 190 78 121 36 69 2270 363 508 184 1754 489 81 1249 244 115 150 745 192 1206 391 116 270 62 883 321 168 77 82 255
internal_value=-0.000409477 -0.00138245 -0.00331313 0.00350379 0.0105495 -0.0053689 -0.0015748 0.0164252 0.00654216 -0.00345978 -0.00941065 -0.010866 0.00627191 0.00187171 0 0.00794081 0.0117839 0.00238152 -0.00491088 -0.000634237 -0.00956502 0.0083088 0.0107596 0.012961 0.0155571 0.00855466 -0.0138346 0.00424469 0.0031557 -0.0110105
internal_weight=77.051 68.341 43.46 9.56819 4.71423 33.8918 18.5811 3.57197 4.8705 4.85396 15.3107 14.0568 8.71002 24.8809 19.8185 5.06242 4.12362 16.4942 13.7106 11.3572 3.32428 7.99571 6.62344 5.89132 5.12716 5.13703 2.45499 2.42259 1.25387 2.43137
internal_count=14264 12444 6668 1114 520 5554 3160 399 698 594 2394 2243 1820 5776 4262 1514 1399 3459 2462 1951 803 1739 1331 1061 945 1508 559 155 151 439
is_linear=0
shrinkage=0.03


Tree=144
num_leaves=31
num_cat=0
split_feature=14 40 0 32 10 32 1 40 41 50 35 20 35 0 29 35 5 3 20 0 28 50 42 42 27 23 35 50 26 35
split_gain=0.686574 0.489472 0.551741 0.595838 0.496693 0.435304 0.440562 0.388903 0.431487 0.367045 0.335692 0.302337 0.225413 0.197701 0.165675 0.16026 0.153515 0.152833 0.147475 0.124727 0.120061 0.0638427 0.0561152 0.0555966 0.0489488 0.0283867 0.02798 0.0229293 0.0103863 0.00695381
threshold=35.819452285766609 0.95209553837776195 4.1726045608520517 0.044645437970757491 0.62500000000000011 0.029918110929429535 0.84807047247886669 0.96678075194358837 0.99950441718101513 0.32320541143417364 0.63348227739334118 0.037047512829303748 0.43323263525962835 3.5954529047012334 0.99588418006896984 0.81185767054557811 0.041078314185142524 0.10930459573864938 0.045696308836340911 15.040683269500734 0.83576318621635448 0.32606191933155065 0.24152298271656039 0.41980020701885229 0.64624273777008068 0.43179227411746984 0.44221200048923498 0.34690856933593756 0.65625000000000011 0.83631226420402538
decision_type=2 2 2 2 2 2 2 2 2 2 2 2 2 2 2 2 2 2 2 2 2 2 2 2 2 2 2 2 2 2
left_child=1 2 3 4 21 15 9 8 11 -7 -6 28 -2 17 16 26 -14 -5 -15 -18 23 -1 -22 -9 -24 -25 -4 -13 -3 -17
right_child=12 7 5 13 10 6 -8 20 -10 -11 -12 27 14 18 -16 29 19 -19 -20 -21 22 -23 24 25 -26 -27 -28 -29 -30 -31
leaf_value=-0.0059772235305536898 0.0019375050900411186 0.002809081136881721 0 0.0027943414263274314 0.020858392774157873 0.0017707643153607859 -0.014750159076805689 0.0010789995109001351 0.0048088988073196207 -0.003537664727777621 0 -0.02077030369212891 0 0.0097653425160932148 0 -0.0023373310431667625 -0.020905913836117267 -0.010639214541218798 -0.0035321396937605118 0 -0.00026653916972784478 0.0023626205599009131 0 0 0.0090474916508612741 -0.00840064398576627 0.015643302178753073 0 -0.00018415733201495094 0
leaf_weight=0.70564122870564361 0.23918563325423692 0.1794447099091484 0.1808146177791049 0.17800548447121434 3.3935961622992181 44.465380513669515 0.78513066587038238 0.098414928419515824 0.3659363780170678 14.654897259824791 1.0500942333455894 2.0463064602663512 0.1548817001894357 0.71056438187952142 0.24716406798688684 0.14557805494405318 1.6723803092609157 1.4315968160226473 0.2214803405222483 0.20010134253243439 0.10224344406742591 0.19066071079578251 0.057133452966809162 0.13787359930574894 1.2264041677262865 0.44185591562563786 1.3525821184593949 0.20905268029309798 0.30658239305194002 0.23843117228534538
leaf_count=172 26 69 20 182 1069 6183 43 60 11 2886 783 324 35 219 35 18 180 430 43 138 15 75 7 69 659 98 191 44 135 87
internal_value=0.000177639 0.000813003 0.00154523 0.00856039 0.0135992 0.000481102 -1.97727e-05 -0.00722175 -0.0127214 0.00036804 0.0171944 -0.0165232 -0.0127393 -0.00202977 -0.0153192 0.011801 -0.0174095 -0.0075025 0.00486004 -0.0191711 0.00152867 -0.00231077 0.0060653 -0.00404419 0.00777927 -0.00694545 0.0147413 -0.0199339 4.88142e-05 0
internal_weight=77.3894 74.8757 69.7045 7.88164 5.33999 61.8228 59.9054 5.17125 3.10732 59.1203 4.44369 2.74139 2.51371 2.54165 2.27453 1.91741 2.02736 1.6096 0.932045 1.87248 2.06393 0.896302 1.38578 0.678144 1.28354 0.57973 1.5334 2.25536 0.486027 0.384009
internal_count=14306 13892 12401 2973 2099 9428 9112 1491 583 9069 1852 572 414 874 388 316 353 612 262 318 908 247 681 227 666 167 211 368 204 105
is_linear=0
shrinkage=0.03


Tree=145
num_leaves=31
num_cat=0
split_feature=14 40 9 35 13 48 50 7 19 39 31 6 45 21 21 40 4 24 0 42 18 47 9 35 22 39 25 1 48 13
split_gain=0.566809 0.419475 0.714161 0.706958 0.929901 0.58322 0.623617 0.512988 0.473751 0.464736 0.521368 0.483476 0.443496 0.384262 0.393145 0.391869 0.36209 0.360768 0.353792 0.339655 0.313877 0.282274 0.270877 0.249368 0.227057 0.219262 0.18937 0.154585 0.120488 0.117683
threshold=35.819452285766609 0.80007666349411022 0.79551774263381969 0.60800582170486461 56.478122711181648 0.42688232660293585 0.088790383189916625 7.5098576545715341 0.072604585438966765 0.89344611763954174 0.023414977826178077 0.08516899868845941 0.090962015092372908 72.970298767089858 55.724340438842781 0.95098304748535167 0.9162234663963319 0.30533660948276525 10.785425186157228 0.74249926209449779 0.74609375000000011 0.75581213831901561 0.46441774070262914 0.43323263525962835 0.60499832034111034 0.84405234456062328 0.16761381924152377 0.54511213302612316 0.26853404939174658 67.802379608154311
decision_type=2 2 2 2 2 2 2 2 2 2 2 2 2 2 2 2 2 2 2 2 2 2 2 2 2 2 2 2 2 2
left_child=1 3 13 5 9 6 12 17 -8 11 -11 -5 -1 14 19 -16 -6 20 -9 -3 -4 -19 25 -2 -18 -7 -24 -15 -29 -20
right_child=23 2 7 4 16 22 8 18 -10 10 -12 -13 -14 27 15 -17 24 21 29 -21 -22 -23 26 -25 -26 -27 -28 28 -30 -31
leaf_value=0.0074485907175715176 0.0028767881771234274 -0.0069258127482880703 -0.016238197235230106 -0.016830036027964967 -0.0038569429573174158 0.0023954111256467301 0.0050540512496066994 0.01506188578222164 0.017183784700646031 0.010600702923342066 -0.0022991904025975902 -0.00053573659857066057 -0.012057296802039414 0.0020081223595804602 0.010841916906920643 -0.0021145656347881219 0.019776546954741448 -0.0068800477424194924 -0.0080184206254998343 0.005251100509129975 0.0022685549277943629 0.0075318280283160699 -0.0041928939697418038 -0.01453976621526817 -0.00013558520763746546 -0.013694820775451273 0.0091132305984657283 0 -0.014333904195908633 0.0031929029421323514
leaf_weight=0.80753087264020651 0.24789008940570001 3.80069397455373 5.5445032247298496 2.6688261305680561 0.26636226884875158 0.3309435448609287 8.6750888587848731 0.4968098716926751 6.0955406628199844 2.4085989282757536 15.304556552982829 3.8182218098445446 1.3771538120054172 0.25454981572693114 6.4149761084190668 2.0410968870128272 1.9968514091160616 2.0048269622930097 0.88702971921884433 2.4622335122840013 0.37265563322580408 1.0008424947736783 0.63068273942917574 2.2239372288313461 0.25483073899522413 1.4145063140604177 1.0706884909304788 0.38925649208249513 1.1381457661918828 0.30974361942935502
leaf_count=106 27 839 1234 308 141 28 1422 69 703 389 3398 816 288 81 1386 555 265 342 93 409 153 122 58 387 84 130 145 171 123 64
internal_value=0.000197662 0.000779471 -0.00208658 0.00250029 -0.000630219 0.00657801 0.00883461 -0.00784792 0.0110222 -0.00272543 0 -0.00899257 -0.00383036 0.00168536 0.00355581 0.00750438 0.0137045 -0.0106583 0.00430492 -0.00166161 -0.0144795 -0.000649917 -0.00333827 -0.0116035 0.0172518 -0.00979004 0.003344 -0.00841077 -0.0114417 -0.00361854
internal_weight=76.7096 74.2377 27.1174 47.1204 26.7182 20.4021 16.9553 10.6164 14.7706 24.2002 17.7132 6.48705 2.18468 16.501 14.719 8.45607 2.51804 8.92283 1.69358 6.26293 5.91716 3.00567 3.44682 2.47183 2.25168 1.74545 1.70137 1.78195 1.5274 1.19677
internal_count=14336 13922 5641 8281 5401 2880 2519 2077 2125 4911 3787 1124 394 3564 3189 1941 490 1851 226 1248 1387 464 361 414 349 158 203 375 294 157
is_linear=0
shrinkage=0.03


Tree=146
num_leaves=31
num_cat=0
split_feature=47 22 34 33 49 41 28 35 30 24 33 0 35 39 22 41 20 47 41 45 3 37 41 0 6 31 14 48 41 24
split_gain=0.530012 0.647943 0.536089 0.513672 0.57668 0.618839 0.546054 0.446965 0.44135 0.430277 0.554746 0.519337 0.408669 0.407619 0.407311 0.382293 0.379779 0.341732 0.329747 0.326438 0.31715 0.312183 0.371706 0.298814 0.298344 0.275805 0.255277 0.259735 0.255082 0.243985
threshold=0.88553577661514293 0.38681267201900488 0.38648726046085363 60.96076965332032 0.77557164430618297 0.51267343759536754 0.85519936680793773 0.43147520720958715 0.12890625000000003 0.29949387907981878 57.988094329833991 7.1758544445037851 0.63698884844779979 0.91746449470520031 0.35080714523792272 0.9014335870742799 0.0386890396475792 0.43403109908103948 0.99701556563377391 0.20158091187477115 0.17906456440687182 0.27212944626808172 0.9375382959842683 10.320318698883058 0.139982745051384 0.053900916129350669 2.3106616735458378 0.29625761508941656 0.7858046591281892 0.32345707714557653
decision_type=2 2 2 2 2 2 2 2 2 2 2 2 2 2 2 2 2 2 2 2 2 2 2 2 2 2 2 2 2 2
left_child=3 2 -2 4 9 -6 8 -7 -5 10 11 -1 21 17 -10 -16 -11 -8 24 -9 -15 22 23 -3 -4 -19 27 -14 -22 -24
right_child=1 12 18 6 5 7 13 19 14 16 -12 -13 26 20 15 -17 -18 25 -20 -21 28 -23 29 -25 -26 -27 -28 -29 -30 -31
leaf_value=0.00029333229098816037 0.0073220105071230652 -0.0028668400158995836 -0.017767492336444392 0.0064422084251351628 -0.0050615782410363807 -0.0049875269064978923 -0.0055610247265813787 0.01385271978943344 0.0040757669068749863 -0.0010780805710363542 0.0055518556771961642 -0.012131867226687817 0.01114027721275373 0.0045477977546145966 -0.016767667218779692 -0.00072116984665964053 0.010287272125580284 0.014458756887130123 0.0039071300611079034 0.00026485025114354488 -0.011792185352707664 -0.0027786123967944096 0.017533521373854086 0.011915232256114117 0.0018852245183712906 -0.0020259584135030374 -0.0065832234170579802 -0.0039271438284696897 0.00047168406787447388 0
leaf_weight=3.9149186462891539 1.2190216446761066 2.5080800024443275 2.2128419169603157 0.53720073297154414 2.7736653011525041 0.99837316863704373 0.58398239160305676 7.197130550259315 0.64356418230454338 6.7230741564271721 2.4678844052250488 7.5158236797287827 1.4780287542380386 1.5615530925133496 6.1507088184080185 2.2533740279613994 2.8677654892671853 2.4934928612419758 0.38183520766324353 2.5943046304382733 3.3037258593285515 0.71983096795156676 5.6862277191030444 0.80897873477078963 0.33146981337631576 0.54077512354706403 1.9894396257295737 0.71274304602411565 1.5596673712134359 0.45699319196864951
leaf_count=944 201 642 322 35 202 77 98 726 153 1121 413 1479 455 511 892 534 398 426 245 294 486 126 1800 85 105 177 582 271 362 108
internal_value=0.000286577 0.00458891 -0.00465044 -0.00112127 0.000900892 0.00566052 -0.00494265 0.00886677 -0.00969737 -0.00184387 -0.00514262 -0.00795376 0.00758033 0 -0.0115 -0.0133184 0.00268748 0.00705493 -0.0109968 0.0108887 -0.00429546 0.0105756 0.012047 0.00196831 -0.0145512 0.0110032 0 0.00560358 -0.00793789 0.0160317
internal_weight=75.1865 18.5055 4.14517 56.681 37.0529 13.5635 19.628 10.7898 9.58485 23.4895 13.8986 11.4307 14.3603 10.0432 9.04765 8.40408 9.59084 3.61825 2.92615 9.79144 6.42495 10.1801 9.46028 3.31706 2.54431 3.03427 4.18021 2.19077 4.86339 6.14322
internal_count=14270 4942 873 9328 5654 1299 3674 1097 1614 4355 2836 2423 4069 2060 1579 1426 1519 701 672 1020 1359 2761 2635 727 427 603 1308 726 848 1908
is_linear=0
shrinkage=0.03


Tree=147
num_leaves=31
num_cat=0
split_feature=6 49 34 48 39 14 45 46 40 4 18 16 36 34 21 4 19 33 35 13 25 39 39 35 47 45 14 34 5 7
split_gain=0.520423 0.594904 0.483633 0.638356 0.844596 0.619128 0.726368 0.722321 0.579613 0.568074 0.622915 0.534005 0.518709 0.529284 0.439793 0.417197 0.491106 0.409504 0.504164 0.534512 0.489155 0.407977 0.395147 0.394613 0.47441 0.391093 0.328305 0.5984 0.322076 0.293741
threshold=0.10769977420568468 0.22761961817741397 0.54722458124160778 0.48695491254329687 0.94401246309280407 10.119677543640138 0.15834405273199084 0.99463710188865673 0.64838653802871715 0.92766594886779796 0.63671875000000011 0.35839843750000006 0.30727006494998937 0.35587823390960699 61.602428436279304 0.88875979185104381 0.053714323788881309 57.854497909545906 0.73342972993850719 27.259869575500492 0.24072612822055819 0.93752193450927745 0.96439105272293102 0.6484646499156953 0.67711058259010326 0.093699622899293913 6.1994926929473886 0.44415993988513952 0.083022564649581923 2.7625683546066289
decision_type=2 2 2 2 2 2 2 2 2 2 2 2 2 2 2 2 2 2 2 2 2 2 2 2 2 2 2 2 2 2
left_child=2 15 5 4 11 6 12 -7 22 -9 -11 21 13 -1 -10 -2 -17 23 19 -19 -21 -4 -8 24 29 -26 27 -25 -14 -3
right_child=1 17 3 -5 -6 7 8 9 14 10 -12 -13 28 -15 -16 16 -18 18 -20 20 -22 -23 -24 26 25 -27 -28 -29 -30 -31
leaf_value=-0.00081284582044113102 0.014956823490388831 -0.0026411719512930438 -0.0095519708829414334 0.011441411221526695 -0.012396260959281794 -0.0142306499335875 -0.011904857319213853 -0.0074618425425113577 0.011781525729171899 0.01026384333103929 -0.0085066504499637496 0.0086645278040746506 0.0083172372052792379 0.016625516023984863 -0.0035654622578012028 -0.0087975361543391004 0.0083854487128201174 0.0024599539831563588 0.0074271242042892125 -0.018744297827245529 0 0.0086179516435898537 0.0041960937565716679 -0.01122157367203171 0.0065540101739354744 -0.0098116504993525488 -0.012141085995734026 0.0087603347434735326 -0.0088266056310980431 0.014675047794492427
leaf_weight=1.378902293654394 1.3569028891943187 0.47349096380640032 3.3137488351349007 1.5409907123394067 5.9288998691627057 2.0433339298615456 3.0156254724352021 2.6903199100488546 3.5602772654528962 6.3275373572978424 1.0430295578116782 3.8856850334195769 0.6939177309977812 8.6443832735603774 1.6838368212338535 2.1603914541665294 1.8115268699475562 1.3099141904676761 0.50257623266952656 5.5066564544395078 1.8029658040613865 0.47377281938679505 1.1222311526653355 1.342575099290116 1.1390114446985538 2.1926208196091466 3.0096689923957456 2.1738761143787997 1.2500371612259185 2.345704205421498
leaf_count=205 669 40 584 461 990 260 457 648 701 684 166 606 32 1595 358 928 1003 353 197 884 331 55 189 140 180 321 514 359 161 227
internal_value=4.74595e-05 -0.00317288 0.00193336 -0.00229149 -0.00472974 0.00394386 0.00693068 -0.00122219 0.000217448 0.00219628 0.00655026 0.00159436 0.0115397 0.0140983 0.00659147 0.00490202 -0.000246936 -0.00540682 -0.00997879 -0.0119721 -0.0149042 -0.00532716 -0.00698742 -0.0014085 0.00348223 -0.00330263 -0.00626683 0 -0.000941412 0.0110512
internal_weight=75.7244 27.1279 48.5965 15.1431 13.6021 33.4534 21.3492 12.1042 9.38197 10.0609 7.37057 7.67321 11.9672 10.0233 5.24411 5.32882 3.97192 21.7991 9.12211 8.61954 7.30962 3.78752 4.13786 12.6769 6.15083 3.33163 6.52612 3.51645 1.94395 2.8192
internal_count=14298 6146 8152 2696 2235 5456 3698 1758 1705 1498 850 1245 1993 1800 1059 2600 1931 3546 1765 1568 1215 639 646 1781 768 501 1013 499 193 267
is_linear=0
shrinkage=0.03


Tree=148
num_leaves=31
num_cat=0
split_feature=41 18 2 33 35 0 0 35 4 13 43 3 0 4 35 20 46 26 42 41 32 7 31 47 32 3 27 25 33 50
split_gain=0.474718 0.407834 0.483395 0.552477 0.745588 0.740403 0.505326 0.465114 0.434833 0.46834 0.398918 0.628729 0.523435 0.314421 0.413451 0.350797 0.275229 0.266857 0.253495 0.286979 0.259649 0.241299 0.200668 0.205244 0.199975 0.141286 0.133481 0.131432 0.13131 0.107971
threshold=0.99191969633102428 0.16796875000000003 0.39062500000000006 55.716793060302741 0.56799313426017772 10.423141479492189 12.988608360290529 0.80188247561454784 0.91739454865455639 51.877708435058601 0.82661032676696788 0.35878913104534155 7.3833520412445077 0.98343965411186229 0.76131123304367077 0.044920168817043311 0.99644014239311229 0.34375000000000006 0.25949975848197943 0.9809255599975587 0.032537978142499931 3.9958169460296635 0.08847550675272943 0.92376208305358898 0.036027876660227783 0.13483588397502902 0.9573844075202943 0.10659410431981088 54.678840637207038 0.12877191603183749
decision_type=2 2 2 2 2 2 2 2 2 2 2 2 2 2 2 2 2 2 2 2 2 2 2 2 2 2 2 2 2 2
left_child=1 17 3 8 5 -5 -6 10 16 -10 11 -4 -12 14 15 21 -3 -1 -19 20 -20 27 23 -15 -9 -17 -16 -2 -26 -24
right_child=13 2 7 4 6 -7 -8 24 9 -11 12 -13 -14 22 26 25 -18 18 19 -21 -22 -23 29 -25 28 -27 -28 -29 -30 -31
leaf_value=0.00090882511715480131 0 0.0049355784698057632 0.0098894786843288177 -0.0049664803335253424 -0.014663303180725883 0.010668429155297454 0.0046494020863099951 0.00071331711361119878 0.0097512215105074306 -0.0067276709296689883 0.0058051528118005036 0 -0.010899190460909055 0.0018210350576341593 0.0029048594834718403 0.0052806422843510161 -0.010151476622228968 0.001301837160041011 0 0.0014327823999341963 -0.019208991642900214 -0.00088750963960413699 -0.0015122573948028 -0.010208691980435778 -0.014715269324240931 -0.00730097731310295 -0.00933916367603853 0.018617780607946541 0 0.010795144636509222
leaf_weight=1.4745906227035437 0.54372647561831211 0.60737675245036582 11.555910110648265 8.968458469797044 7.3546866921678866 2.7260180022713021 0.69045609587919887 0.99436090548988376 5.9506543404131662 1.0078204703895606 2.0217553643524289 10.622533941117579 2.666655742956209 1.3507642389886321 0.39024664873431891 0.46495744795538463 2.2387115895689931 0.61409925972111512 0.497977704828373 0.44279027139418747 2.8049270485789748 0.31776715313026205 0.12419590511126433 1.5954055565889573 1.3528781871718818 0.63149698503548279 0.60839432799548376 3.6411652907991083 0.31446502012840927 0.58532611190457828
leaf_count=262 167 60 1759 2414 1495 608 227 357 765 185 339 1151 382 286 339 57 270 70 83 69 442 107 44 308 205 62 269 1254 111 191
internal_value=-0.000161082 -0.00116902 -0.000308002 -0.00301465 -0.00585378 -0.00053231 -0.0123434 0.00231185 0.00243647 0.00644212 0.00364096 0.00534479 -0.00341428 0.00548978 0.00902635 0.0120566 -0.00570563 -0.00812721 -0.0113425 -0.0138852 -0.0164916 0.0152178 -0.000816446 -0.00486925 -0.00761522 -0.000560759 -0.00399401 0.0169546 -0.0121122 0.00726153
internal_weight=75.1606 64.9071 59.0727 29.5442 19.7396 11.6945 8.04514 29.5286 9.80456 6.95847 26.8669 22.1784 4.68841 10.2534 6.59775 5.59911 2.84609 5.83438 4.35979 3.7457 3.3029 4.50266 3.65569 2.94617 2.6617 1.09645 0.998641 4.18489 1.66734 0.709522
internal_count=14338 11254 10328 6024 4744 3022 1722 4304 1280 950 3631 2910 721 3084 2255 1647 330 926 664 594 525 1528 829 594 673 119 608 1421 316 235
is_linear=0
shrinkage=0.03


Tree=149
num_leaves=31
num_cat=0
split_feature=6 43 32 18 49 33 16 23 15 11 3 49 30 22 41 1 0 19 41 49 6 34 37 4 34 36 34 31 32 46
split_gain=0.59679 0.468877 0.627262 0.625592 0.678368 0.505118 0.503646 0.501381 0.436948 0.487333 0.451775 0.417303 0.416469 0.401917 0.390346 0.50529 0.42927 0.376109 0.42714 0.378552 0.501938 0.374084 0.314375 0.296926 0.276814 0.482355 0.349137 0.317485 0.317409 0.479626
threshold=0.10769977420568468 0.52016714215278637 0.037622105330228812 0.34765625000000006 0.27963961660861975 65.789165496826186 0.24902343750000003 0.40385685861110693 0.74166667461395275 0.62500000000000011 0.2909382581710816 0.75521668791770946 0.16796875000000003 0.4848496019840241 0.62221449613571178 0.62391895055770885 4.7839617729187021 0.099127732217311873 0.5714605748653413 0.94084015488624584 0.17195969820022586 0.46302290260791784 0.22654945403337481 0.90943261981010448 0.56443017721176159 0.2539577335119248 0.49773213267326361 0.10012606903910638 0.038914564996957786 0.99797487258911144
decision_type=2 2 2 2 2 2 2 2 2 2 2 2 2 2 2 2 2 2 2 2 2 2 2 2 2 2 2 2 2 2
left_child=1 13 5 6 21 12 -4 -6 9 17 -11 -8 -3 14 15 -1 -16 19 -19 20 -2 -5 -18 -14 25 26 -15 -27 -26 -30
right_child=8 2 3 4 7 -7 11 -9 -10 10 -12 -13 23 24 16 -17 22 18 -20 -21 -22 -23 -24 -25 28 27 -28 -29 29 -31
leaf_value=-0.0078828953192099198 -0.0098193642504708339 -0.0008320347492781694 0.0094464621954731803 0.0075739964638950625 -0.0043548120364451434 -0.0050512598655776831 -0.012476227878342301 0.014373397886100854 -0.011756802330620611 0.014328512342375071 -0.0035167705976956562 0.0026327727121165999 0.00075726678186414952 -0.0082532200701231889 0.0034552008450267294 0.011676025059550548 -0.016296794631655703 -0.0076009563673158191 0.010811415800328822 0.0040969840399786451 0.0030502925183522691 -0.0088836364595474247 0 0.018054628270957829 -0.009951634401763049 0.013210579177001356 0.0073123889625457805 -0.0037128121819377065 0.013143719061022996 -0.0064782964931291258
leaf_weight=1.1919416484306586 11.352515145772498 1.2102818924686287 0.71284423582256096 0.79722882295027231 0.84028909512562666 0.85970303525391578 4.6933737683430081 5.3776452852252987 3.7929851866356321 2.0503723977162731 1.2710455686901694 1.4758566061791496 1.5606956195333621 2.3950837404772742 1.0566826736612709 1.4911472207750192 3.8785084630508209 0.70302744093351011 2.2313187389663653 2.2099693690543054 2.5751306669844771 2.7124932538717985 1.0804108426782475 5.7956390289764386 2.0487858829001189 4.379766390673467 1.0065371917153241 0.45443080555560289 1.1521676538104659 1.2409062071674268
leaf_count=150 2303 138 203 216 218 185 783 858 1014 1025 381 142 460 437 438 109 632 58 567 168 597 552 171 935 311 564 210 72 84 256
internal_value=9.99706e-05 0.00213446 0.00478442 0.000905916 0.00571291 0.0105885 -0.00537081 0.0111742 -0.00341629 -0.00143316 0.00757172 -0.0085802 0.0128356 -0.00102866 -0.00575021 0.00239143 -0.00963244 -0.00344994 0.00482685 -0.00532381 -0.00719394 -0.00362954 -0.0130365 0.0152737 0.00217521 0.0053403 -0.00235091 0.0107418 -0.00304495 0.00317418
internal_weight=73.5988 47.4124 26.0361 16.6097 9.72766 9.42632 6.88207 6.21793 26.1864 22.3934 3.32142 6.16923 8.56662 21.3764 8.69869 2.68309 6.0156 19.072 2.93435 16.1376 13.9276 3.50972 4.95892 7.35633 12.6777 8.23582 3.40162 4.8342 4.44186 2.39307
internal_count=14237 8124 4690 2972 1844 1718 1128 1076 6113 5099 1406 925 1533 3434 1500 259 1241 3693 625 3068 2900 768 803 1395 1934 1283 647 636 651 340
is_linear=0
shrinkage=0.03


Tree=150
num_leaves=31
num_cat=0
split_feature=13 32 48 5 24 15 4 50 35 32 35 41 43 32 10 49 3 14 22 32 4 19 10 20 13 27 3 33 27 37
split_gain=0.647145 0.529238 0.463385 0.455448 0.507911 0.401702 0.371766 0.480161 0.540419 0.473304 0.413992 0.430516 0.349042 0.325678 0.367958 0.334724 0.428822 0.305709 0.301158 0.263212 0.249281 0.234793 0.210988 0.201335 0.200741 0.193717 0.170484 0.168977 0.152111 0.140926
threshold=32.168743133544929 0.031229688785970214 0.35837292671203619 0.3484912663698197 0.2233763933181763 0.14835165441036227 0.98343965411186229 0.35538977384567266 0.63698884844779979 0.035758104175329215 0.50623047351837169 0.76438656449317943 0.59796118736267101 0.048795023933053024 0.62500000000000011 0.15651457756757739 0.50009465217590343 0.62679770588874828 0.55792975425720226 0.040938381105661399 0.89925822615623485 0.021290788426995281 0.62500000000000011 0.03621295094490052 30.427571296691898 0.97613510489463817 0.10930459573864938 57.988094329833991 0.9721493422985078 0.28952455520629888
decision_type=2 2 2 2 2 2 2 2 2 2 2 2 2 2 2 2 2 2 2 2 2 2 2 2 2 2 2 2 2 2
left_child=2 18 13 6 27 19 10 8 -8 -9 11 -3 -12 14 20 26 -17 -6 29 -4 -1 -19 -15 -7 -25 -24 -16 -5 -22 -2
right_child=1 3 5 4 17 23 7 9 -10 -11 12 -13 -14 22 15 16 -18 21 -20 -21 28 -23 25 24 -26 -27 -28 -29 -30 -31
leaf_value=0.0086598025153186917 0.014417202999325402 -0.005083488990476167 -0.0016575766361542573 -0.0028652087634629076 0.0032821833090477376 0 -0.0003790290177884914 0.0072573617249760856 0.010543514924056309 -0.012188554925601593 -0.011273927418773257 0.013197879695117055 -0.0010258803301857501 0.0076446717005083696 -0.0047954413483069867 0.015411515698447353 -0.00076777848606902346 0 -0.004380568363555961 0.013290119969921832 -0.0096784146583941202 -0.015100859592566811 -0.0090699484745090445 -0.014466374007782362 0.00092026495985641989 0.0032353863816078228 0.0054891540633667836 0.0080766178127832881 0.003256557158174681 0
leaf_weight=0.33797617140226544 2.0975637798983371 1.2126938832225271 1.2902479086551459 1.9313596026622684 0.43614815291948428 2.0489022792171454 8.7316369024774776 0.63822691730456371 5.8282264360241234 2.7134197432897054 6.2593212933279556 1.3480597009765913 6.6840030590392416 0.56545617204392273 1.2688924745743873 7.5178626180640986 1.2549569915427126 1.0994716736022381 0.45822645492444269 0.93164005444850762 1.7340534502873195 6.5058069502993021 2.1698800661833961 2.1393667895026742 0.40238693691208016 0.72457368466712058 2.5940516454647877 1.0712475475520475 0.18363387911813323 0.28827727190218855
leaf_count=162 341 237 208 451 65 426 1340 135 627 375 1017 240 1003 138 570 2261 251 245 148 106 390 1142 483 335 69 221 897 341 55 11
internal_value=-3.86325e-05 -0.00213604 0.00372041 -0.00304952 -0.00810195 -0.00240968 -0.0011056 0.00168854 0.00419701 -0.00697943 -0.0044221 0.00470159 -0.00665006 0.00615803 0.00801499 0.00992902 0.0129483 -0.0117139 0.00844194 0.00585851 -0.00154197 -0.0132039 -0.00116675 -0.00728022 -0.0116114 -0.00517941 0.00120256 0.00133156 -0.00671996 0.0123571
internal_weight=72.4676 47.3037 25.1639 44.4596 11.044 6.81254 33.4156 17.9115 14.5599 3.35165 15.5041 2.56075 12.9433 18.3513 14.8914 12.6358 8.77282 8.04143 2.84407 2.22189 2.25566 7.60528 3.45991 4.59066 2.54175 2.89445 3.86294 3.00261 1.91769 2.38584
internal_count=14290 7718 6572 7218 2244 1144 4974 2477 1967 510 2497 477 2020 5428 4586 3979 2512 1452 500 314 607 1387 842 830 404 704 1467 792 445 352
is_linear=0
shrinkage=0.03


Tree=151
num_leaves=31
num_cat=0
split_feature=15 6 22 18 4 20 47 0 41 4 33 14 45 32 26 6 23 49 34 35 23 14 42 25 33 30 39 33 6 50
split_gain=0.609871 0.631236 0.469341 0.44669 0.533988 0.434981 0.434388 0.437036 0.431768 0.398523 0.477335 0.467709 0.424647 0.382628 0.326184 0.259381 0.240203 0.238197 0.439526 0.348331 0.299745 0.225723 0.223222 0.216526 0.230197 0.176721 0.170361 0.137487 0.17906 0.128783
threshold=0.14835165441036227 0.13198086619377139 0.4607399851083756 0.17578125000000003 0.91811594367027294 0.034124812111258514 0.64597830176353466 4.6359872817993173 0.7858046591281892 0.86671635508537304 48.911823272705085 1.5262008309364321 0.074393868446350112 0.053566453978419311 0.71875000000000011 0.1492114141583443 0.67552661895751964 0.3808147013187409 0.5840192735195161 0.73533847928047191 0.46902036666870123 16.539000511169437 0.93039408326148998 0.22956309467554095 43.191390991210945 0.23046875000000003 0.6808702051639558 51.306020736694343 0.049796761944890029 0.32908397912979132
decision_type=2 2 2 2 2 2 2 2 2 2 2 2 2 2 2 2 2 2 2 2 2 2 2 2 2 2 2 2 2 2
left_child=2 3 6 4 27 21 -1 -8 14 29 11 -11 -12 16 -4 22 -10 18 20 26 -7 25 -9 24 -6 -3 -19 28 -2 -5
right_child=1 5 8 9 23 17 7 15 13 10 12 -13 -14 -15 -16 -17 -18 19 -20 -21 -22 -23 -24 -25 -26 -27 -28 -29 -30 -31
leaf_value=0.00946429818580901 0.0060590553485121981 0.011648613244470115 0.0062994490518848978 -0.011867343085549906 0.00064988590072507515 0.0051736319027738155 0.0071234096214317063 -0.016142776437703722 0.018056709281097059 -0.0059309981353631329 0.007621171269792058 0.010877682783452094 -0.0010326521585464689 -0.0039490667105642595 -0.010090053716040152 0.0021242444991334667 0 4.0458536922263294e-05 0.010900268752744432 0.0013672915961643667 -0.011725803415093619 -0.0070894608507310981 0.0012414101098347629 0.0006656822453169753 -0.018782757288470672 -0.0011502798237523299 -0.016925202456234863 0.0086776820271292666 -0.0063191990745186189 0.00057229801078335961
leaf_weight=1.4380467814335123 0.57839176543347992 1.3068460513604803 1.6137054480786885 1.3955942867178226 0.2360736985428965 0.39205561610287887 0.76251831348781696 2.4687975792621737 4.7355980569700478 0.88073322641139196 5.3420079405186724 7.9387027160410071 23.900280953439506 0.36682715255301435 0.86471807634370623 0.51848503146902647 1.0751287655148187 0.19951049983501423 0.64687562340259308 0.73339164916251309 2.2191918224707479 0.3955716358614153 0.27971674827858795 0.33244048757478584 2.2431630288483575 0.75030783074907947 4.6790263098664582 0.70190819061826903 1.765123263132409 0.3446469903574324
leaf_count=189 119 435 132 288 106 60 294 281 1041 162 796 1231 4872 95 140 139 352 19 284 163 758 58 30 37 260 520 688 125 337 167
internal_value=0.000487817 -0.000873692 0.00587379 0.00067879 -0.00632431 -0.00692457 -0.000549232 -0.00589054 0.0098783 0.00191261 0.00270592 0.00846054 0.000648767 0.0136167 0 -0.0105886 0.0155831 -0.00985753 -0.00154863 -0.0132639 -0.00762773 0.00259632 -0.0137141 -0.0139637 -0.0164152 0.00714986 -0.0158322 0.00169545 -0.00146845 -0.00899913
internal_weight=71.1054 56.9818 14.1235 45.6591 5.8571 11.3228 5.46756 4.02952 8.65598 39.802 38.0617 8.81944 29.2423 6.17755 2.47842 3.267 5.81073 8.87005 3.25812 5.61193 2.61125 2.45273 2.74851 2.81168 2.47924 2.05715 4.87854 3.04542 2.34352 1.74024
internal_count=14178 11485 2693 8500 984 2985 933 744 1760 7516 7061 1393 5668 1488 272 450 1393 1972 1102 870 818 1013 311 403 366 955 707 581 456 455
is_linear=0
shrinkage=0.03


Tree=152
num_leaves=31
num_cat=0
split_feature=41 32 5 39 28 32 4 41 6 1 41 35 21 40 22 35 33 23 23 29 0 6 40 0 43 40 33 38 35 34
split_gain=0.574071 0.405424 0.508887 0.485828 0.546767 0.349981 0.303681 0.377291 0.442797 0.321031 0.771711 0.491466 0.291887 0.28956 0.282753 0.268922 0.206563 0.185034 0.178842 0.167657 0.140274 0.127452 0.109437 0.106664 0.0999945 0.0909047 0.0875787 0.0723039 0.0554187 0.0606901
threshold=0.99670004844665538 0.029918110929429535 0.3484912663698197 0.92089429497718822 0.86350297927856456 0.045155813917517669 0.86671635508537304 0.89278042316436779 0.080123204737901701 0.70838674902915966 0.94147798418998729 0.57675302028656017 55.301561355590827 0.65224042534828197 0.41561549901962286 0.34738816320896154 65.201446533203139 0.72245800495147716 0.55659744143486034 0.99960452318191539 12.017917633056642 0.16332352906465533 0.47028556466102606 6.5845015048980722 0.74059453606605541 0.35906963050365454 60.075695037841804 0.53125000000000011 0.42398540675640112 0.63168969750404369
decision_type=2 2 2 2 2 2 2 2 2 2 2 2 2 2 2 2 2 2 2 2 2 2 2 2 2 2 2 2 2 2
left_child=1 17 6 14 5 -5 7 20 -9 11 -11 -8 21 18 26 -15 -6 28 -14 27 -3 22 25 -16 -20 -2 -4 -17 -1 -30
right_child=12 2 3 4 16 -7 9 8 -10 10 -12 -13 13 15 23 19 -18 -19 24 -21 -22 -23 -24 -25 -26 -27 -28 -29 29 -31
leaf_value=0 0.0073366765945083968 -0.015684238100302148 0.013270395271055595 -0.015258661859507455 0.0077967394298593595 -2.8975673093512418e-05 0.0027199563291721959 -0.0083701945322798826 0.012415995371478755 0.0073995358595831473 -0.0073282339899091052 -0.0047832915361755287 0.0022657120549571955 -0.0055328213628547977 0.0032640989262014432 0 -0.0044956161931272807 -0.00066657904848730493 -0.014321240117481635 -0.00072560445540698591 0 0 0.018732441031969669 -0.006418366555124063 0 -0.0021042109230066494 0 0.015144241112529209 0.016401721157628904 0
leaf_weight=0.14648951892740925 0.57949523715069495 1.8565190457447895 0.93022331144311399 6.7545040758013766 1.4361451068398303 2.1359014671979821 14.240044040394425 0.77176757706911281 0.84336036583408713 12.829299001889011 3.1054716660000841 14.822517779255575 0.46040580654516838 0.299380810465664 0.44050111842443618 0.12935219101200335 1.2968963051098397 0.5320701583259505 0.74242732583661564 0.34047447238117445 0.20858628742280405 0.17512605860247266 1.614173454348929 1.608234064246062 0.22642442731012125 0.71544231186999241 0.26666110916994512 1.4646591251876087 1.0576354468357747 0.20027823414420698
leaf_count=32 274 293 180 1605 359 456 2702 85 270 1435 525 2974 76 40 236 32 350 138 134 16 73 70 626 382 59 265 74 380 177 32
internal_value=-3.68868e-05 -0.000977114 -0.00149967 -0.00616513 -0.00893149 -0.012276 0 -0.00725967 0.00193379 0.000761198 0.0040889 -0.00103888 0.0076491 0.000476936 0.00280556 0.00675939 0.00151834 0.00982033 -0.00684775 0.0109212 -0.0137137 0.0132305 0.0145681 -0.00296473 -0.0116534 0.00216938 0.0109018 0.0138862 0.0136659 0.0148648
internal_weight=72.2305 65.4831 63.5466 14.8691 11.6234 8.89041 48.6776 3.68023 1.61513 44.9973 15.9348 29.0626 6.74736 3.66312 3.24562 2.23387 2.73304 1.93647 1.42926 1.93449 2.06511 3.08424 2.90911 2.04874 0.968852 1.29494 1.19688 1.59401 1.4044 1.25791
internal_count=14350 12378 11999 3642 2770 2061 8357 721 355 7636 1960 5676 1972 737 872 468 709 379 269 428 366 1235 1165 618 193 539 254 412 241 209
is_linear=0
shrinkage=0.03


Tree=153
num_leaves=31
num_cat=0
split_feature=41 21 40 45 14 7 28 39 45 29 9 45 20 0 29 0 39 38 30 0 20 20 29 6 42 28 49 37 1 45
split_gain=0.42598 0.477238 0.366356 0.445264 0.553069 0.689595 0.463686 0.569736 0.357391 0.34531 0.426033 0.518175 0.415122 0.506326 0.34613 0.337008 0.311664 0.306785 0.271216 0.207325 0.221909 0.20006 0.161276 0.139779 0.133245 0.173195 0.132161 0.10357 0.0697048 0.0575564
threshold=0.99670004844665538 54.686992645263679 0.95209553837776195 0.15834405273199084 5.3837177753448495 3.2325528860092168 0.75643235445022594 0.97750979661941539 0.15448081493377688 0.96946877241134655 1.6798335313796999 0.18836615234613421 0.05097941309213639 6.4534487724304208 0.96561095118522655 10.423141479492189 0.85437244176864635 0.71875000000000011 0.51953125000000011 3.4318445920944218 0.033553067594766624 0.044920168817043311 0.99499860405921947 0.16332352906465533 0.60544848442077648 0.9679892659187318 0.57609713077545177 0.30688565969467169 0.75649863481521618 0.30326373875141149
decision_type=2 2 2 2 2 2 2 2 2 2 2 2 2 2 2 2 2 2 2 2 2 2 2 2 2 2 2 2 2 2
left_child=2 23 3 4 5 16 8 -8 -6 10 11 -5 13 -11 -12 19 -1 -7 22 -4 -21 -20 24 29 25 -3 -17 -22 -28 -2
right_child=1 18 15 9 6 17 7 -9 -10 12 14 -13 -14 -15 -16 26 -18 -19 21 20 27 -23 -24 -25 -26 -27 28 -29 -30 -31
leaf_value=0.0098418878313816377 0.01631329381816542 -0.014792606709798952 0.002289502330649988 -0.0059562872735752937 -0.0095092728375817809 0.013641669320818093 -0.0017339212532607535 0.012779776861158823 0.0069880703637326081 -0.00012613191753420785 -0.013660510402033695 0.0086556048533031633 0.0093621664975013542 -0.010774110206436472 0.0047458155333049545 -0.0040691433831527039 -0.0034959174480287303 0 0.012739322207011359 0.0019617201722003205 -0.017053688214662611 -0.0016399912943807695 0.0031715312255662619 0 0 0.0011995925765445666 0.010257461606563418 0 0 0
leaf_weight=0.96148815535707655 2.5342283456629957 1.3500074001931359 0.16862420771212727 2.0567318253743014 6.2241395187011248 7.0861611158470605 7.4394067430330306 2.341009064395621 0.44947219116147596 7.4438264521013542 1.6237100312573596 6.2621928955340991 0.58827027049846847 9.6177313899752317 0.49963057227432717 0.36716486942896132 6.5715788295055972 1.8152447244210632 0.90855202668171819 0.15658461907878551 2.9100702636787905 0.66525962436571717 0.48250815097708244 0.16661851690150786 0.70961120173160441 0.20294211783038907 0.64044501104945084 0.13535633170977224 0.13000642461702228 0.071631040074862429
leaf_count=136 1053 257 216 499 1232 1402 1117 184 59 1437 330 1482 90 1218 20 138 1169 508 243 59 645 42 67 65 137 43 335 41 13 75
internal_value=-3.73898e-05 0.00641932 -0.000867697 -0.000145755 0.00214322 0.0059155 -0.00157575 0.00232496 -0.00724135 -0.00291022 0.00112982 0.0044696 -0.00539372 -0.00655877 -0.00823613 -0.00828905 -0.000488086 0.0111397 0 -0.0123647 -0.0142116 0.00721989 -0.00541786 0.0142211 -0.00857979 -0.0118763 0.0025185 -0.0160641 0.00787752 0.0156994
internal_weight=72.5802 7.09136 65.4888 60.9806 32.8885 16.4345 16.454 9.78042 6.67361 28.0921 10.4423 8.31892 17.6498 17.0616 2.12334 4.50825 7.53307 8.90141 4.31888 3.37064 3.20201 1.57381 2.74507 2.77248 2.26256 1.55295 1.13762 3.04543 0.770451 2.60586
internal_count=14312 1982 12330 10883 5807 3215 2592 1301 1291 5076 2331 1981 2745 2655 350 1447 1305 1910 789 961 745 285 504 1193 437 300 486 686 348 1128
is_linear=0
shrinkage=0.03


Tree=154
num_leaves=31
num_cat=0
split_feature=32 19 41 40 35 39 37 15 23 30 24 42 6 40 29 32 32 42 4 30 42 34 14 17 35 7 21 47 35 34
split_gain=0.41526 0.385057 0.379544 0.339633 0.413584 0.533448 0.771687 0.456852 0.59863 0.537478 0.409755 0.306954 0.294461 0.25662 0.246026 0.214123 0.19167 0.261069 0.179934 0.161718 0.11952 0.111722 0.132795 0.0679365 0.0663205 0.0567868 0.036852 0.0482884 0.0400507 0.0343188
threshold=0.029918110929429535 0.031319266185164459 0.99683538079261791 0.95098304748535167 0.57991307973861705 0.94106751680374157 0.13686621189117434 0.29670330882072454 0.39856638014316564 0.38671875000000006 0.23706092685461047 0.74527630209922802 0.14707764238119128 0.97703230381011974 0.99805268645286571 0.04700251296162606 0.039074927568435676 0.96238207817077648 0.9060555398464204 0.10546875000000001 0.95275297760963451 0.62944337725639354 30.063309669494632 0.99218750000000011 0.42398540675640112 3.9046275615692143 55.301561355590827 0.99913194775581371 0.80873683094978344 0.55298256874084484
decision_type=2 2 2 2 2 2 2 2 2 2 2 2 2 2 2 2 2 2 2 2 2 2 2 2 2 2 2 2 2 2
left_child=19 2 11 4 7 10 -7 8 -3 -9 -6 12 15 14 18 -2 20 -18 -5 -1 -13 22 24 -15 -21 -14 27 28 -4 -16
right_child=1 3 26 13 5 6 -8 9 -10 -11 -12 16 25 23 29 -17 17 -19 -20 21 -22 -23 -24 -25 -26 -27 -28 -29 -30 -31
leaf_value=-0.0014346351633948526 -0.014996591274212493 -0.0023245802119994806 0.010968262859251709 0 0.0036356513055322811 0.011227314865324337 -0.0023645223670240413 -0.0019441935585631364 0.014254970254121965 0.010089742685402676 -0.0071668530213629816 0.0077514950299396286 0.0051872396368530744 -0.0015145556439092743 0.0042402700733873214 0 -0.011598092258157059 0.005020661784863112 -0.015151164778584001 0 -0.0026492722892795476 0 0 0.0066909632599636186 0.017759761096107052 -0.0026341582307187407 0 0 0 -0.0016053127057711054
leaf_weight=0.23675904230913092 4.9454388771846407 2.0221670011815176 0.65544816953479201 0.47843557144005888 3.0447988327978264 5.1916790860195752 8.261252657932344 12.501207953639094 5.6378751705851755 3.3803513580642166 12.425381027525871 1.8007256058917853 0.67459993321972422 0.40697295509744413 0.64476514444686461 0.67631204130884714 1.2510028016404247 0.35514544113539148 2.5901131704013096 0.14068132103420827 0.39559747070597939 0.26890655595343549 0.14518220369063772 0.72258079332823399 1.4690741547092327 0.2737575812425348 0.081483789836056419 0.36638416521600448 0.063024081056937575 0.26969374145846814
leaf_count=20 1016 260 259 86 467 888 1915 1941 1091 962 2331 321 193 135 88 141 164 29 782 23 59 56 37 334 316 69 34 121 101 40
internal_value=0 -0.000502711 -0.00528943 0.000479291 0.00128403 -0.00103247 0.00308709 0.00417842 0.00976871 0.000885443 -0.00476693 -0.00729926 -0.0107951 -0.00614714 -0.00942594 -0.0131463 0 -0.00625583 -0.0127578 0.0104492 0.0046968 0.0128463 0.0147524 0.00300288 0.0165993 0.00119653 0.00631833 0.00757562 0.00974245 0.00101125
internal_weight=71.3768 69.1162 11.5389 57.5773 52.4647 28.9231 13.4529 23.5416 7.66004 15.8816 15.4702 10.3726 6.57011 5.11256 3.98301 5.62175 3.80247 1.60615 3.06855 2.2606 2.19632 2.02384 1.75494 1.12955 1.60976 0.948358 1.16634 1.08486 0.718472 0.914459
internal_count=14279 13827 2507 11320 9855 5601 2803 4254 1351 2903 2798 1992 1419 1465 996 1157 573 193 868 452 380 432 376 469 339 262 515 481 360 128
is_linear=0
shrinkage=0.03


Tree=155
num_leaves=31
num_cat=0
split_feature=13 10 14 48 20 15 39 45 48 27 30 3 36 15 3 21 49 20 20 38 42 4 36 40 34 45 39 36 2 13
split_gain=0.617971 0.510388 1.00818 0.651113 0.623951 0.89773 0.647341 0.481001 0.447976 0.446446 0.402616 0.365155 0.370818 0.358406 0.381511 0.350606 0.437805 0.332348 0.273256 0.430221 0.333671 0.268334 0.243781 0.23638 0.235023 0.262254 0.27672 0.210614 0.210055 0.189622
threshold=32.168743133544929 0.62500000000000011 8.4336061477661151 0.36784663796424871 0.042708646506071098 0.57738095521926891 0.77005887031555187 0.17803448438644412 0.29789632558822637 0.97358217835426342 0.17578125000000003 0.99848350882530224 0.30435395240783697 0.29670330882072454 0.10930459573864938 42.93452453613282 0.87012416124343883 0.047804633155465133 0.044920168817043311 0.40625000000000006 0.27374686300754553 0.91865441203117382 0.23891296237707141 0.75296843051910411 0.69683182239532482 0.05536394193768502 0.83220261335372936 0.28703302145004278 0.51562500000000011 30.427571296691898
decision_type=2 2 2 2 2 2 2 2 2 2 2 2 2 2 2 2 2 2 2 2 2 2 2 2 2 2 2 2 2 2
left_child=8 4 3 9 5 15 -7 28 10 17 -1 12 -6 14 27 22 -17 -3 19 -12 -21 -8 -2 -11 25 -4 -27 -10 -5 -15
right_child=1 2 24 7 11 6 21 -9 13 23 18 -13 -14 29 -16 16 -18 -19 -20 20 -22 -23 -24 -25 -26 26 -28 -29 -30 -31
leaf_value=-0.0026588925297474026 -0.004480596489019632 -0.011373335727301081 0 0.014033808148418075 -0.013682105781286298 -0.007061855709528447 0.00084879377493626135 -0.0038052310217694882 0.0034244546402042129 0.010892828542242777 -0.004266220575262907 0.006122916344754121 0.0034418310270038573 -0.0062300336310732365 0.010886355763986623 -0.010783216649258923 0.0059079138531402276 0.0055369710686886866 0 -0.0026659539695204309 0.016144359082499234 0.012410509275438521 0.011072098033688213 -0.0029171330676108767 0.00090533136222969719 0 -0.020876461001540256 -0.0092400796934612936 -0.0011482451021727015 0.0043728310977325493
leaf_weight=1.704698796034793 0.51433350455773208 5.9601563974283653 0.43231543980073084 3.455315987084759 3.800283017626497 1.3651879630633619 3.0537398450724131 1.7659208554250652 1.435975618907831 1.0480325693788475 0.52385069425508657 0.60101973765995342 0.71108203992480401 5.850777818232018 3.3655938500378397 5.1884154973449768 0.88345810458849872 0.36243314028251905 2.0501108683238263 0.36314834823133413 7.1981007696740562 9.7111142685171199 1.126624845957849 1.2465971900383008 0.30665900639723975 0.57892491028178472 3.8372534493464627 1.1015061801153931 0.40362068265676487 0.83579500345513213
leaf_count=267 97 1029 55 441 662 222 769 287 514 185 119 75 83 1338 618 930 190 57 490 117 2794 1377 256 223 42 64 633 122 56 199
internal_value=0.00061666 -0.00137017 -0.00498701 -0.00035906 0.00121051 0.00353834 0.00790933 0.00670028 0.00441007 -0.00549652 0.00836064 -0.00719618 -0.0103039 0.000132178 0.00528014 -0.00411378 -0.00743844 -0.00937052 0.0105558 0.0127921 0.0146847 0.0101251 0.00521064 0.00387153 -0.0151496 -0.0166592 -0.0185273 -0.00228304 0.0119189 -0.00411795
internal_weight=70.782 46.3525 19.3972 14.2421 26.9553 21.8429 14.13 5.62486 24.4296 8.61722 11.8399 5.11238 4.51137 12.5896 5.90308 7.71283 6.07187 6.32259 10.1352 8.0851 7.56125 12.7649 1.64096 2.29463 5.15515 4.84849 4.41618 2.53748 3.85894 6.68657
internal_count=14311 7733 3072 2278 4661 3841 2368 784 6578 1494 3787 820 745 2791 1254 1473 1120 1086 3520 3030 2911 2146 353 408 794 752 697 636 497 1537
is_linear=0
shrinkage=0.03


Tree=156
num_leaves=24
num_cat=0
split_feature=14 32 48 1 37 50 49 33 50 43 34 38 38 20 20 29 5 30 34 37 36 41 35
split_gain=0.541982 0.479795 0.382687 0.591016 0.315138 0.51857 0.476851 0.635981 0.431671 0.363497 0.283757 0.205167 0.216275 0.197096 0.204554 0.156019 0.148831 0.125538 0.124834 0.0956898 0.0914201 0.0867827 0.0632602
threshold=35.819452285766609 0.029918110929429535 0.23378896713256839 0.73388716578483593 0.1687145605683327 0.3206429928541184 0.41987407207489019 53.877500534057624 0.1703191623091698 0.72421213984489452 0.52163463830947887 0.53125000000000011 0.71875000000000011 0.044041408225893981 0.03187499754130841 0.99588418006896984 0.041078314185142524 0.10546875000000001 0.62944337725639354 0.26638989150524145 0.24010185897350314 0.82868278026580822 0.42398540675640112
decision_type=2 2 2 2 2 2 2 2 2 2 2 2 2 2 2 2 2 2 2 2 2 2 2
left_child=1 17 3 13 5 8 10 -8 -4 -7 -6 20 -13 14 -3 16 -2 -1 22 -18 -5 -15 -19
right_child=15 2 4 11 6 9 7 -9 -10 -11 -12 12 -14 21 -16 -17 19 18 -20 -21 -22 -23 -24
leaf_value=-3.7141630531491659e-05 0 -0.00066975757743162985 -0.001830315069348297 0 0.0064174941603247389 0 0.0013071041557359869 -0.0091451478054684603 0.0069219170335954473 -0.013031746498197813 -0.0027081358789217756 0.0087556181273185756 -0.0064307694805374365 -0.0043956119464638906 0.015128269877764389 0.00038192670123507266 -0.018432784653744302 0 0 0 -0.012901788880102027 0.004753444971188743 0.017243785938321717
leaf_weight=0.19894095140625667 0.17509886588959434 0.35827493503893304 6.7085314835858361 0.32874233421171106 5.2649992833685264 5.0031741263665017 7.0384416079905376 13.850946373037003 12.93537724521593 2.1429671308142133 4.6447879528714111 0.9047412767249623 0.40295377768052276 0.65514307434204955 3.822485095653974 0.26036514851148229 1.459727769877645 0.14000389422290016 0.26376535062445317 0.25619951705448318 0.99300901987589896 1.0413465338933745 1.4438825142569838
leaf_count=21 37 166 1001 47 1484 1333 902 2363 2069 596 1216 149 57 119 1431 50 297 24 55 42 125 342 344
internal_value=-8.29256e-05 0.000430929 -5.96255e-05 0.00547641 -0.00100809 0.00127114 -0.0030626 -0.0055875 0.00384377 -0.00503618 0.00200909 -0.0045218 0.00201721 0.0103928 0.0133274 -0.0122827 -0.0145931 0.0120778 0.0139907 -0.0166135 -0.0103658 0 0.0160998
internal_weight=70.2939 68.1425 66.0959 8.5067 57.5892 26.79 30.7992 20.8894 19.6439 7.14614 9.90979 2.62945 1.3077 5.87725 4.18076 2.15139 1.89103 2.04659 1.84765 1.71593 1.32175 1.69649 1.58389
internal_count=14270 13844 13400 2436 10964 4999 5965 3265 3070 1929 2700 378 206 2058 1597 426 376 444 423 339 172 461 368
is_linear=0
shrinkage=0.03


Tree=157
num_leaves=24
num_cat=0
split_feature=14 32 47 35 22 37 4 48 48 30 42 3 34 37 45 34 30 29 37 14 5 34 35
split_gain=0.579098 0.42576 0.472201 0.476067 0.534029 0.382535 0.720333 0.759263 0.360077 0.431305 0.387324 0.270368 0.262859 0.241697 0.225233 0.295386 0.185594 0.16747 0.151282 0.129549 0.0989653 0.0742311 0.0631937
threshold=35.819452285766609 0.029918110929429535 0.88553577661514293 0.64049857854843151 0.38681267201900488 0.1672831475734711 0.90527912974357616 0.3768365234136582 0.26740892231464392 0.14453125000000003 0.41980020701885229 0.54642257094383251 0.38648726046085363 0.13275111466646197 0.090101905167102828 0.41619318723678594 0.10546875000000001 0.99588418006896984 0.26286059617996221 2.108245968818665 0.056731417775154121 0.63168969750404369 0.43618023395538336
decision_type=2 2 2 2 2 2 2 2 2 2 2 2 2 2 2 2 2 2 2 2 2 2 2
left_child=1 16 5 4 12 6 13 -8 10 -10 -7 -6 -4 -3 19 -16 -1 18 20 -5 -2 22 -18
right_child=17 2 3 14 11 8 7 -9 9 -11 -12 -13 -14 -15 15 -17 21 -19 -20 -21 -22 -23 -24
leaf_value=-0.0012760589817861674 0 -0.010764135885546547 0.0056943303402418044 0.010275431591381435 0.012894040744930493 0.012250606185465064 -0.00021147485120765361 0.012283800320134743 -0.014903797879374047 -0.0029689967393586795 -0.0024472129559168459 -0.00075580229128543108 -0.0083238217456644142 0.00043424341202340114 0.0044242205091512268 -0.010729084206621012 0 0.00062131324003520045 0 -0.0014532624562010842 -0.018807962753809169 0 0.017490145664578752
leaf_weight=0.23850456875516002 0.14249625556112677 3.3863832509596259 0.99712206388358327 0.57215860557334852 7.7196136459497193 1.5974918538995577 9.6294957020436396 6.3443521034860177 2.5654321039328378 21.735310808915528 2.9860572748293635 0.93471635122841679 1.7676577735110184 1.9433901294105451 0.7040477267437385 2.6780427514750045 0.13854548078961659 0.25855233179754566 0.31618026997966797 0.62958424180396833 1.4223180050903463 0.22445247397990886 1.3209671000804517
leaf_count=22 45 639 154 225 2357 220 1507 964 203 4075 692 336 405 422 195 854 23 46 54 197 271 52 336
internal_value=0.000166123 0.000777181 0.000232544 0.00459726 0.00775447 -0.00116321 0.00174999 0.00500586 -0.00339889 -0.00488679 0.0034147 0.0111835 -0.00230165 -0.00678341 -0.00271078 -0.00660026 0.0120066 -0.0123829 -0.014807 0.00489903 -0.017302 0.0147801 0.0162957
internal_weight=70.2529 68.1133 66.1909 16.0029 11.4191 50.1879 21.3036 15.9738 28.8843 24.3007 4.58355 8.65433 2.76478 5.32977 4.58383 3.38209 1.92247 2.13955 1.88099 1.20174 1.56481 1.68397 1.45951
internal_count=14294 13878 13445 4723 3252 8722 3532 2471 5190 4278 912 2693 559 1061 1471 1049 433 416 370 422 316 411 359
is_linear=0
shrinkage=0.03


Tree=158
num_leaves=31
num_cat=0
split_feature=14 10 44 13 24 41 48 32 35 1 40 34 32 12 50 19 3 1 0 49 40 50 19 22 43 0 7 35 22 33
split_gain=0.48983 1.04368 0.576233 0.486923 0.47298 0.598075 0.450999 0.441446 0.585265 0.482718 0.429867 0.424926 0.349978 0.326939 0.320961 0.449394 0.343968 0.338726 0.32188 0.286182 0.28293 0.371557 0.26965 0.217974 0.217737 0.171436 0.171158 0.169974 0.16113 0.147683
threshold=5.9651665687561044 0.62500000000000011 0.45080643892288214 34.789615631103523 0.23797893524169925 0.86064261198043834 0.29092550277709966 0.047848658636212356 0.56161504983901989 0.57734322547912609 0.95098304748535167 0.69206717610359203 0.035975839942693717 1.2533389925956728 0.29048305749893194 0.024159425869584087 0.55326864123344432 0.71084353327751171 4.0657601356506357 1.1405805349349978 0.92846128344535839 0.39554347097873693 0.076252412050962462 0.64284968376159679 0.79939308762550365 7.2824645042419442 5.8555271625518808 0.56612619757652294 0.58940142393112194 37.539020538330085
decision_type=2 2 2 2 2 2 2 2 2 2 2 2 2 2 2 2 2 2 2 2 2 2 2 2 2 2 2 2 2 2
left_child=7 2 4 22 20 6 -6 10 9 -9 14 23 -7 -10 15 25 -17 18 -16 -15 21 -2 29 -5 -19 -1 -4 -12 -11 -3
right_child=1 3 26 11 5 12 -8 8 13 28 27 -13 -14 19 17 16 -18 24 -20 -21 -22 -23 -24 -25 -26 -27 -28 -29 -30 -31
leaf_value=-0.0081776686586101967 0.018028446370605106 -0.0029523894275582359 -0.016176484643394329 -0.01967959072519217 -0.010127719803536966 0.00097152420878968582 0.0052522562669585649 -0.0076916779301168369 0.00058759374757787284 0.015146214095963378 -0.010543153241413883 0.0026686194348387866 -0.015395036304555841 -0.017339706752152996 0.0054174946623915619 0.0094799426429588232 -0.0016001787828724876 0.010813410576544299 -0.0080017893147222748 0.0026891559309831724 -0.0013380660855856065 -0.0015278980028963171 -0.0070768042559413123 0 -0.0020133145094850657 0.0026264614678254035 0 0.0022568397671955255 -0.00016452755362870211 0.0098918058972647244
leaf_weight=1.6077610472275474 2.4596893245616336 0.23851668485440169 1.1543877223739389 4.7913344605331076 0.95638152136234467 1.2035452731070102 10.788948485747822 0.74965809978311826 1.1366927476628914 1.456121733470354 1.7243222441393293 0.49806029081810255 2.0851024980511284 2.7925690622505503 1.1750625795539216 16.425156483594041 2.1188329846336265 2.0650903298228518 4.6292864052884397 0.18823880146373984 0.80746063467813645 0.61858232847589523 1.952207981055835 0.64014088618569065 0.9618137014331295 1.3813251638785002 0.37964146339800198 0.46782772491860658 0.30409633083036158 1.2314225867303319
leaf_count=340 382 21 115 795 227 277 1789 196 139 426 520 46 442 594 666 3384 354 530 967 12 178 189 363 116 251 106 16 213 99 409
internal_value=-0.000276214 -0.0031553 0.000606427 -0.0109364 0.00242131 -1.55652e-05 0.00306817 0.00186314 -0.00456023 0.00499407 0.00335705 -0.0155471 -0.00987595 -0.0108082 0.00440185 0.00630752 0.00804333 -0.000108495 -0.0044473 -0.0149635 0.0105371 0.0139519 -0.000559905 -0.0178392 0.00650483 -0.00302599 -0.0127156 -0.00702044 0.0123129 0.00624154
internal_weight=68.9893 29.8054 20.4537 9.35168 18.9197 15.034 11.7453 39.1839 6.62738 2.50988 32.5565 5.92954 3.28865 4.1175 30.3643 21.5331 18.544 8.83125 5.80435 2.98081 3.88573 3.07827 3.42215 5.43148 3.0269 2.98909 1.53403 2.19215 1.76022 1.46994
internal_count=14162 5365 3615 1750 3484 2735 2016 8797 1466 721 7331 957 719 745 6598 4184 3738 2414 1633 606 749 571 793 911 781 446 131 733 525 430
is_linear=0
shrinkage=0.03


Tree=159
num_leaves=30
num_cat=0
split_feature=14 32 30 31 42 6 48 23 37 49 33 0 27 19 33 42 32 27 35 35 32 20 21 35 29 34 14 5 16
split_gain=0.418916 0.357049 0.356607 0.555879 0.67102 0.491069 0.334758 0.348139 0.319831 0.304796 0.69 0.545254 0.660096 0.531989 0.464341 0.375787 0.32626 0.299057 0.286832 0.266028 0.260938 0.214145 0.197593 0.182017 0.171743 0.150196 0.155507 0.111216 0.00742309
threshold=37.610967636108406 0.039639718830585487 0.12890625000000003 0.026100731454789642 0.56052282452583324 0.09819332137703897 0.4543979167938233 0.72245800495147716 0.26286059617996221 0.85185348987579357 57.854497909545906 6.265996217727662 0.92093998193740856 0.044454962015151984 56.857244491577156 0.36326980590820318 0.054847577586770065 0.98384487628936779 0.43323263525962835 0.5815606713294984 0.039287816733121879 0.032360617071390159 45.490739822387702 0.49731068313121801 0.99588418006896984 0.45839004218578344 10.977472305297853 0.066810909658670439 0.30175781250000006
decision_type=2 2 2 2 2 2 2 2 2 2 2 2 2 2 2 2 2 2 2 2 2 2 2 2 2 2 2 2 2
left_child=1 2 25 6 20 -6 7 -4 24 11 13 15 14 28 -13 19 18 -14 -12 -3 -5 -17 -8 -15 27 -1 -27 -2 -11
right_child=8 9 3 4 5 -7 22 -9 -10 10 16 12 17 23 -16 21 -18 -19 -20 -21 -22 -23 -24 -25 -26 26 -28 -29 -30
leaf_value=-0.012644662851287826 0 0.0033797067501138141 0.01399795973162845 -0.0064537445867856574 0.0089382136004534929 -0.0023630614143199838 0.0060388498649487947 -0.0020438306916571434 0.0030709617759169545 0 0.0033721850692178651 -0.0061617813000309721 -0.0127454480330517 0 0.0099046939200736085 -0.0029792389543199611 0.0084953703991226138 -0.00027352134985017421 -0.010787474180632228 -0.01183456656049015 0.0063163131683894314 0.0071061733615397412 -0.0071182137732878018 0.020737965381150764 0 0.0073462982697083366 -0.0062682226838212162 -0.019616406332316181 -0.0059753150299986912
leaf_weight=0.88681515879579709 0.16424757183995042 0.71132568172470501 6.4116376884630863 9.4572938319251989 8.4663443083481962 4.3517780460351778 0.89110961936967248 0.80515089358959802 0.46276603652586334 0.22164183508721125 0.89874031271028787 1.9787467129499443 8.9951155521921446 0.45221750577911768 2.3911629648937378 1.4195335102558582 0.52333750488469366 2.7527946652553501 3.2458772143581882 1.6645966346259227 0.62320987501880232 6.6311627184186364 1.1540375685290198 1.8497868730119078 0.23219002649420861 0.52210558965452947 0.47136315115494654 1.3600442766764897 0.27394876582548022
leaf_count=101 46 249 820 2074 1634 1481 123 282 56 48 154 357 1649 53 361 392 51 534 510 288 96 2215 155 136 44 90 56 224 20
internal_value=-0.000263141 0.000191105 0.00236798 0.00325312 0.000490808 0.00499096 0.00907681 0.0118122 -0.0108566 -0.00190746 0.0029691 -0.00344589 -0.00678735 0.0127958 0.00227826 0.00159885 -0.00360943 -0.010309 -0.00707524 -0.00673907 -0.00489472 0.00486371 -0.000299747 0.0179319 -0.0153972 -0.00760312 0 -0.0178917 -0.00509373
internal_weight=70.2701 68.0508 34.0408 32.1606 22.8986 12.8181 9.26194 7.21679 2.21925 34.01 7.46555 26.5444 16.1178 2.79759 4.36991 10.4266 4.66796 11.7479 4.14462 2.37592 10.0805 8.0507 2.04515 2.302 1.75648 1.88028 0.993469 1.52429 0.495591
internal_count=14299 13929 6912 6665 5285 3115 1380 1102 370 7017 972 6045 2901 257 718 3144 715 2183 664 537 2170 2607 278 189 314 247 146 270 68
is_linear=0
shrinkage=0.03


Tree=160
num_leaves=31
num_cat=0
split_feature=32 6 5 49 1 13 4 20 42 47 36 17 36 49 35 5 35 3 30 50 2 6 4 36 31 41 37 24 4 13
split_gain=0.397454 0.48655 0.543935 0.40598 0.351472 0.69459 0.372961 0.363741 0.348857 0.340135 0.455028 0.633628 0.446374 0.3854 0.429532 0.307576 0.294766 0.270394 0.373859 0.270176 0.256312 0.297989 0.253567 0.252991 0.247728 0.247119 0.220849 0.26756 0.219749 0.217847
threshold=0.040151813998818404 0.09819332137703897 0.17424328625202182 0.22968939691782 0.69501870870590221 27.259869575500492 0.94526639580726635 0.042142869904637344 0.54592314362525951 0.88720384240150463 0.25058832764625555 0.99218750000000011 0.27590538561344152 0.21909335255622867 0.63698884844779979 0.094499148428440108 0.74608439207077037 0.071598723530769362 0.18359375000000003 0.24195712804794314 0.57812500000000011 0.15768151730298999 0.9116569757461549 0.26695618033409124 0.065003652125597014 0.99785390496253978 0.21362712234258655 0.24206434190273288 0.89141723513603222 64.807090759277358
decision_type=2 2 2 2 2 2 2 2 2 2 2 2 2 2 2 2 2 2 2 2 2 2 2 2 2 2 2 2 2 2
left_child=1 2 22 -3 5 -5 19 -7 25 10 11 26 13 -12 -15 -11 24 -10 -19 -6 21 -13 28 -17 -14 29 27 -2 -1 -4
right_child=9 3 8 4 6 7 -8 -9 17 15 12 20 16 14 -16 23 -18 18 -20 -21 -22 -23 -24 -25 -26 -27 -28 -29 -30 -31
leaf_value=0.00658272227595627 0.012678900685646253 0.006881590909261796 -0.010091327687882075 0.0077377082983136345 -0.011342418987574172 -0.015633610560539642 0.0084942302187690794 0.0024861599442232204 -0.0044027655707907813 -0.0039740653349795907 -0.0065528581801982139 -0.017216682572443649 -0.0097461432727528712 0 0.015046835795849648 0.011483501920836275 0.0052484451205571901 -0.0033361920524392435 0.012363355062552371 0.001965159257461263 0.0026586542772904995 0 0.011767342021462615 -0.001219334993325582 0.0032302617216201203 0.0059239980693626994 -0.0053115168585014015 -0.0017061023207829405 -0.0074534551123254487 0.0030556650058292251
leaf_weight=1.161529218792569 1.1549008666188476 2.8533041732698612 3.8710406019090424 0.97995012011960891 1.5465560608572562 4.5389559608738637 2.3923887481942074 0.58430527849122871 1.0602975476358549 2.0794437122094669 1.0904023612383733 5.1211257426984957 5.4891195661039092 3.4917659884231398 2.7233999252493959 3.1452603884390555 1.0333398304064756 1.0797273703501558 3.484818915327196 1.806840274010028 0.23957727890228842 1.1430131613742558 8.7769318976061168 1.280736653061467 0.74988497629237816 0.51255247482913535 2.0549848531372845 1.4462850490235721 0.87403970251034468 0.56759496961603861
leaf_count=275 115 1650 714 246 208 954 318 88 233 597 195 1087 774 608 312 1355 213 127 854 318 44 151 1137 478 272 134 272 255 162 89
internal_value=0.000339817 0.0025066 0.00533051 -0.00148834 -0.00411606 -0.00863479 0.000807543 -0.0130086 8.92506e-05 -0.00199773 -0.00359021 -0.00787532 0 0.00489891 0.00795357 0.00354186 -0.00494653 0.00504737 0.00817839 -0.0046787 -0.0132847 -0.0145895 0.00976162 0.00770755 -0.00754127 -0.00494101 0.00016293 0.00559487 0 -0.00760581
internal_weight=68.3341 36.0908 21.3885 14.7023 11.849 6.10321 5.74579 5.12326 10.576 32.2432 25.7378 11.1599 14.5779 7.30557 6.21517 6.50544 7.27234 5.62484 4.56455 3.3534 6.50372 6.26414 10.8125 4.426 6.239 4.95119 4.65617 2.60119 2.03557 4.43864
internal_count=14235 7507 3725 3782 2132 1288 844 1042 2151 6728 4298 1924 2374 1115 920 2430 1259 1214 981 526 1282 1238 1574 1833 1046 937 642 370 437 803
is_linear=0
shrinkage=0.03


Tree=161
num_leaves=31
num_cat=0
split_feature=32 30 31 6 43 3 14 50 36 40 3 39 39 41 32 32 24 21 34 24 41 22 40 13 21 24 3 34 29 4
split_gain=0.424036 0.425587 0.473332 0.589294 0.502687 0.610786 0.424686 0.402598 0.338651 0.314449 0.29712 0.293346 0.349279 0.407614 0.610589 0.315185 0.29111 0.265692 0.249031 0.354629 0.247626 0.544126 0.311621 0.23299 0.216057 0.203412 0.218679 0.15389 0.0949327 0.0909358
threshold=0.039639718830585487 0.12890625000000003 0.026100731454789642 0.09819332137703897 0.60302522778511058 0.069619316607713713 30.715439796447757 0.39047944545745855 0.33418841660022741 0.69595173001289379 1.2193917632102969 0.85157442092895519 0.98096010088920604 0.79007753729820263 0.040992561727762229 0.041906842961907394 0.24008978903293612 46.791395187377937 0.52688786387443554 0.26131552457809454 0.95131400227546703 0.47353701293468481 0.56399884819984447 58.744289398193366 51.214756011962898 0.33669751882553106 0.074926570057868971 0.25457346439361578 0.94356408715248119 0.87142530083656322
decision_type=2 2 2 2 2 2 2 2 2 2 2 2 2 2 2 2 2 2 2 2 2 2 2 2 2 2 2 2 2 2
left_child=1 28 6 4 9 -6 8 11 10 -4 -3 18 13 14 -13 -14 -9 -15 19 29 21 -5 -22 -17 -20 26 -18 -28 -1 -2
right_child=7 2 3 20 5 -7 -8 16 -10 -11 -12 12 15 17 -16 23 25 -19 24 -21 22 -23 -24 -25 -26 -27 27 -29 -30 -31
leaf_value=0 -4.4163505896039812e-05 0.013575897543622095 0.0059354272023602389 0.0016392104505587031 -0.0035394454510108329 0.013621653340517183 -0.0067520942520238464 0.00087422187232470217 -0.0032133375252521505 -0.0057348588232092653 -0.003737452320975923 0.0070583627483345795 -0.004684696395287455 -0.0059135836922501479 -0.011535051574692501 0.013408545621669678 0.00083393833260596544 0.0025115834405012084 -2.428968347353017e-05 -0.0074750512246632124 -0.0052167292767307579 -0.013389013883927478 0.011455841233435004 -0.0031122975462899681 0.016735852046470098 0 0 -0.018931394101080693 -0.011649734658479582 0.011557184287884411
leaf_weight=0.59070020676881441 0.18166750296950629 7.926108630148514 2.2825455173369864 2.9022241327329521 1.7402191577712072 5.8944318206922617 0.55390289382194247 1.2161891368741624 0.71183663616830095 4.3598514989644173 0.28447819035500277 1.0454532467410951 0.87604590932460213 3.9263939314114387 7.2336284237935615 2.2204183748981454 0.23758171411464069 9.5966787638026272 0.51792844745796163 1.721081157797016 1.0259223305220073 4.0540263805887662 0.88594161235232594 0.23963202753657231 1.1034003759195909 0.54165650391951192 0.20335542648535954 2.6171590289741289 1.1750598216021897 0.86392754552070983
leaf_count=97 16 1248 581 546 336 1115 141 229 61 716 14 199 202 925 1130 544 94 2398 142 311 439 861 814 63 213 78 19 463 153 170
internal_value=9.89712e-05 0.00245923 0.00339399 0.000816914 0.00457942 0.00940567 0.00872314 -0.00218221 0.0105699 -0.00108012 0.0123097 -0.000629196 -0.00200938 -0.0035109 -0.00835619 0.00565816 -0.0094425 0 0.00562633 0 -0.00478668 -0.00732404 0.00275987 0.0104978 0.0122706 -0.0130125 -0.0153961 -0.0174089 -0.00870854 0.00903872
internal_weight=68.7294 34.3872 32.6215 23.1452 14.277 7.63465 9.47633 34.3422 8.92242 6.6424 8.21059 29.5263 25.1383 21.8022 8.27908 3.3361 4.81594 13.5231 4.38801 2.76668 8.86811 6.95625 1.91186 2.46005 1.62133 3.59975 3.0581 2.82051 1.76576 1.0456
internal_count=14318 7122 6872 5408 2748 1451 1464 7196 1323 1297 1262 6313 5461 4652 1329 809 883 3323 852 497 2660 1407 1253 607 355 654 576 482 250 186
is_linear=0
shrinkage=0.03


Tree=162
num_leaves=28
num_cat=0
split_feature=36 0 10 44 4 36 19 22 33 14 27 4 37 3 41 3 20 37 7 0 37 20 49 23 40 31 1
split_gain=0.417227 0.387079 0.692692 0.505726 0.475576 0.448776 0.401678 0.512999 0.429512 0.362405 0.350276 0.518752 0.331473 0.305803 0.299153 0.272277 0.319756 0.24954 0.171886 0.165579 0.147715 0.124773 0.120924 0.0886184 0.0617037 0.0065207 0.000390956
threshold=0.33980445563793188 6.4215145111083993 1.0000000180025095e-35 0.044610282406210906 0.88659173250198375 0.16904441267251971 0.099127732217311873 0.67279869318008434 73.525432586669936 11.177658557891847 0.97799068689346325 0.95220488309860241 0.21676731109619143 0.56014177203178417 0.86662000417709362 0.50009465217590343 0.044920168817043311 0.098008144646883025 5.2049987316131601 4.9104251861572275 0.1742370277643204 0.032238774001598365 0.40321911871433264 0.53732785582542431 0.9267803728580476 0.022921535186469558 0.58413648605346691
decision_type=2 2 2 2 2 2 2 2 2 2 2 2 2 2 2 2 2 2 2 2 2 2 2 2 2 2 2
left_child=1 5 6 4 14 23 7 8 -3 15 12 -12 -5 18 -4 16 -7 -6 -8 -2 -17 -21 -9 26 -11 -15 -1
right_child=19 2 3 10 17 9 13 22 -10 24 11 -13 -14 25 -16 20 -18 -19 -20 21 -22 -23 -24 -25 -26 -27 -28
leaf_value=0 0.0012752029260398728 0.011067589654529395 -0.0075595630440648447 0.00027583816492539461 0.0019447988653445221 0.0092290869461028758 0.00046646707459811916 0.0011056396076638117 -0.0061283508181829462 -0.0090541487528094447 -0.002469155472335421 0.013132996762444917 -0.0099561295446892878 0 0.0092745639426021591 0.0046369536733187524 -0.00040575626489634955 -0.011763277072862422 -0.015509465536558969 0 -0.0047699025145762986 -0.015818669876940798 -0.010576769675860341 -0.013625721515470477 0 0.006243760143148357 0.00055435012728347966
leaf_weight=0.12370268139057117 0.2629511313571119 9.6225099324365111 0.43401225493289786 7.9917266749471327 0.65341417386662115 15.500812409296495 0.30472819472197332 0.41779569059144595 0.61348648941930228 0.86234904637967591 2.7969902954500858 2.8331386256759288 2.9901811135205207 0.092204182874411234 1.5553626201290169 1.5775943358967186 2.9967791780509279 8.8993104382097936 0.94915362618485233 0.28516185052285425 2.4239862048416398 1.2839962349971754 0.80936575250234455 0.46360198548063636 0.25020743235654663 0.36469249469519127 0.14499217865522951
leaf_count=16 23 1711 65 1200 94 5080 129 74 157 161 343 355 433 8 307 375 629 2058 128 37 357 145 166 25 34 148 48
internal_value=0.000687871 0.00119781 -0.000516544 -0.0032124 -0.00776372 0.00413212 0.0048533 0.00698923 0.00931627 0.00511791 4.08095e-05 0.00572617 -0.00285818 -0.0056506 0.00329814 0.00609748 0.00757354 -0.0104459 -0.0118115 -0.0105004 -0.000275892 -0.0133696 -0.00654181 -0.0105272 -0.00678093 0.00569992 0
internal_weight=67.5042 65.6721 41.3281 28.1541 11.5421 24.344 13.1739 11.4632 10.236 23.6117 16.612 5.63013 10.9819 1.71078 1.98937 22.4992 18.4976 9.55272 1.25388 1.83211 4.00158 1.56916 1.22716 0.732297 1.11256 0.456897 0.268695
internal_count=14306 14101 7376 4855 2524 6725 2521 2108 1868 6636 2331 698 1633 413 372 6441 5709 2152 257 205 732 182 240 89 195 156 64
is_linear=0
shrinkage=0.03


Tree=163
num_leaves=31
num_cat=0
split_feature=0 6 46 32 45 38 40 32 49 40 39 30 38 13 22 34 15 13 16 39 36 24 50 21 22 32 5 4 48 36
split_gain=0.603017 0.341281 0.356436 0.337051 0.320706 0.514397 0.341958 0.271904 0.336861 0.699668 0.52661 0.46594 0.804961 0.300943 0.298542 0.284606 0.224207 0.219226 0.198664 0.194636 0.189901 0.189133 0.16505 0.124587 0.139149 0.104746 0.108922 0.0989154 0.0974465 0.0767323
threshold=4.1726045608520517 0.053492059931159026 0.9928053915500642 0.053566453978419311 0.1149900183081627 0.78125000000000011 0.60584098100662243 0.032812813296914108 0.76291969418525707 0.63732847571372997 0.85157442092895519 0.18359375000000003 0.46875000000000006 28.172995567321781 0.66480198502540599 0.38827730715274816 0.44505494832992559 53.635166168212898 0.38964843750000006 0.91364958882331859 0.29387694597244268 0.23942978680133822 0.31386406719684606 61.820550918579109 0.58306291699409496 0.048429749906063087 0.93160802125930797 0.91574838757514965 0.29092550277709966 0.22523655742406848
decision_type=2 2 2 2 2 2 2 2 2 2 2 2 2 2 2 2 2 2 2 2 2 2 2 2 2 2 2 2 2 2
left_child=3 2 -2 16 5 17 20 15 11 13 -11 14 -13 -10 -9 28 21 -4 22 -8 -6 -1 -17 24 27 26 -23 -18 -3 -25
right_child=1 7 4 -5 6 -7 19 8 9 10 -12 12 -14 -15 -16 18 23 -19 -20 -21 -22 25 -24 29 -26 -27 -28 -29 -30 -31
leaf_value=0 -0.0082924939278375218 0.001825304705925985 0.01911745342549967 -0.0052390118963707875 -0.011392142797573725 -0.0059543495611867744 0.011398162233348687 -0.012649901766143192 -0.0020148865405184577 0.0064041201692214989 -0.0078429441398907094 0.007930933545708339 -0.0052984758567227019 0.013559481292794075 0.003171623359335097 0.012302037132395197 0.0012230772499447087 0 -0.0031538781735353846 0 0.0031729237794278415 0.017858036775183991 0 0 0.0048289894791845606 0 0 -0.0092505224345919759 -0.0089904334605402439 0.0096561150858788143
leaf_weight=0.61871182838512861 0.97973237166297522 0.14145667507545912 2.2641720494138999 0.8544161263416753 1.5266829204774692 0.46055965544655908 1.4124407565977892 7.3987901088039534 0.79869221418630276 2.209074639977187 7.0438070319069084 4.1701632539261508 18.55992496493127 3.0414069542457582 0.49808925614343014 2.6449407980835535 0.25422906180028837 0.57570881537685625 0.57099704746360647 2.4792271707374312 0.26529151620343316 2.8431226934553715 1.0469511914998291 0.32568640779936664 0.37998535015503865 0.57388609909685318 0.094947888253955059 1.3098804244364144 0.99095385902910493 0.80663020002248231
leaf_count=280 90 69 306 295 298 51 195 1128 64 283 1170 865 4362 269 101 371 196 75 135 416 49 1319 431 96 233 162 11 394 170 364
internal_value=-0.000405003 -0.00152824 0.00318816 0.00675582 0.0054458 0.0116583 0.00018483 -0.00258942 -0.00340981 0.000400156 -0.00385607 -0.00509458 -0.00251299 0.00995335 -0.0110705 0.00308309 0.00900846 0.0161028 0.00675168 0.00531618 -0.00779723 0.01297 0.00926877 0.00107653 -0.00243526 0.0151332 0.0169212 -0.00656508 -0.00601011 0.00682732
internal_weight=67.1406 59.0791 9.96382 8.0615 8.98408 3.30044 5.68364 49.1152 43.7199 13.093 9.25288 30.627 22.7301 3.8401 7.89688 5.3953 7.20708 2.83988 4.26289 3.89167 1.79197 4.13067 3.69189 3.07641 1.94409 3.51196 2.93807 1.56411 1.13241 1.13232
internal_count=14248 10898 1480 3350 1390 432 958 9418 8242 1786 1453 6456 5227 333 1229 1176 3055 381 937 611 347 1772 802 1283 823 1492 1330 590 239 460
is_linear=0
shrinkage=0.03


Tree=164
num_leaves=31
num_cat=0
split_feature=13 32 5 39 16 40 14 35 49 0 1 32 3 4 42 3 34 0 6 33 15 21 14 21 44 24 34 3 6 24
split_gain=0.464518 0.34422 0.398011 0.43076 0.682432 0.622951 0.620305 0.570262 0.446464 0.39191 0.380281 0.278932 0.412415 0.272357 0.239108 0.215843 0.257351 0.208542 0.192868 0.206225 0.187675 0.159545 0.159317 0.118599 0.11674 0.116684 0.0968293 0.0662398 0.0660796 0.0651526
threshold=25.577754974365238 0.029918110929429535 0.3484912663698197 0.94106751680374157 0.37011718750000006 0.59586066007614147 2.0213369131088261 0.62825810909271251 0.54872238636016857 12.320147991180422 0.68668740987777721 0.04913380183279515 0.50009465217590343 0.90012124180793773 0.83854675292968761 0.15482424199581149 0.55298256874084484 3.2833392620086674 0.031367911025881774 46.701852798461921 0.72380954027175914 55.571210861206062 2.9531891345977788 65.633262634277358 0.2639319002628327 0.20575568825006488 0.62944337725639354 0.17060811817646029 0.019775439053773883 0.255178913474083
decision_type=2 2 2 2 2 2 2 2 2 2 2 2 2 2 2 2 2 2 2 2 2 2 2 2 2 2 2 2 2 2
left_child=11 24 3 5 6 7 -5 -3 -7 -6 21 12 18 22 -15 16 -13 -17 28 -20 -21 25 -12 -23 26 -4 -2 -19 29 -1
right_child=1 2 10 4 9 8 -8 -9 -10 -11 13 15 -14 14 -16 17 -18 27 19 20 -22 23 -24 -25 -26 -27 -28 -29 -30 -31
leaf_value=-0.00090646728473774553 0.013023523077629665 0.0014322310145195715 0.0027145500397818285 -0.0023657613869636821 -0.0062775249687614717 0.0072343749850709866 0.011618031019564589 -0.014952730936185557 -0.0030293939048009564 0.0094796792752910343 0.0074546575291601323 0.011964531299717916 -0.0047371622677215598 -0.014137383788545992 0 -0.013796933066427869 -0.0054869077614490185 -0.0030177114218457217 0 0.017193854077344077 0 0.0094167267848499145 -0.0046423161095105739 -0.0018899406318607756 -0.0010004239809168188 -0.0069179266689001285 0 0.0059752713207556155 -0.0038356754111790389 0.0075471878443917825
leaf_weight=0.2604360164841617 1.3834623264410755 2.1415366841247332 0.69670914007292539 3.3072862085391552 6.9144987812906029 4.6598925333819343 7.8722385397122707 4.8154802511853632 10.56384081647411 0.67960114780726133 0.61393069563200553 0.67103789486282073 1.0462394730857338 5.8011411928891903 1.2846535016651612 0.8182795796456046 0.32386549608781934 0.15656856237910688 0.92369186422729388 3.744332139933249 0.44642170640145185 1.4100112493724735 1.491558882902609 0.27136874845746195 0.21901059563970182 1.6551287993788717 0.23789448407478619 0.46200240508187562 0.65652576001593843 0.62748915737029165
leaf_count=81 264 293 205 605 1214 923 1246 865 1444 267 185 192 281 985 284 202 77 12 358 1995 299 366 389 170 35 561 31 151 118 132
internal_value=-0.000252549 -0.00138538 -0.001932 -0.000343635 0.00283846 -0.00317261 0.00738025 -0.00998589 0.000179635 -0.00357936 -0.00627006 0.00530067 0.00794298 -0.00939214 -0.0118953 -0.00207234 0.00487706 -0.00814207 0.0106854 0.0130922 0.0154163 0.000701226 0 0.00644877 0.00866521 -0.00321083 0.0109988 0.00138744 0 0.00431184
internal_weight=66.1561 56.0192 54.1789 40.9544 18.7736 22.1808 11.1795 6.95702 15.2237 7.5941 13.2245 10.1369 7.70514 9.19128 7.08579 2.43175 0.994903 1.43685 6.6589 5.11445 4.19075 4.03322 2.10549 1.68138 1.84037 2.35184 1.62136 0.618571 1.54445 0.887925
internal_count=14230 10332 10002 6857 3332 3525 1851 1158 2367 1481 3145 3898 3264 1843 1269 634 269 365 2983 2652 2294 1302 574 536 330 766 295 163 331 213
is_linear=0
shrinkage=0.03


Tree=165
num_leaves=31
num_cat=0
split_feature=41 18 37 5 32 38 34 4 6 6 41 34 32 36 16 33 1 3 29 48 6 36 25 29 16 39 43 50 25 5
split_gain=0.336876 0.340312 0.345435 0.616577 0.305389 0.333703 0.245131 0.241032 0.240075 0.523599 0.35152 0.262225 0.23317 0.209348 0.214209 0.19294 0.260225 0.172424 0.154113 0.134711 0.131287 0.126226 0.120801 0.0883092 0.0774067 0.0717454 0.0608183 0.0510808 0.0419064 0.0340905
threshold=0.99739241600036632 0.17578125000000003 0.098008144646883025 0.2068489491939545 0.044744217768311507 0.40625000000000006 0.63944998383522045 0.91534316539764415 0.032474478706717498 0.053492059931159026 0.83257314562797557 0.65736287832260143 0.03358795307576657 0.23891296237707141 0.30566406250000006 56.857244491577156 0.74013981223106395 0.13483588397502902 0.99960452318191539 0.37838238477706915 0.019775439053773883 0.2754866778850556 0.085298147052526488 0.9940834939479829 0.26855468750000006 0.96995261311531078 0.39741052687168127 0.34363780915737158 0.25307299196720129 1.4128604531288149
decision_type=2 2 2 2 2 2 2 2 2 2 2 2 2 2 2 2 2 2 2 2 2 2 2 2 2 2 2 2 2 2
left_child=1 13 3 6 5 27 7 -3 20 11 -11 -10 -5 14 -1 16 25 19 29 -6 -4 -22 -18 28 -14 -15 -19 -2 -17 -7
right_child=4 2 8 12 17 18 -8 -9 9 10 -12 -13 24 15 -16 23 22 26 -20 -21 21 -23 -24 -25 -26 -27 -28 -29 -30 -31
leaf_value=0.0093346091213430231 0.00056083245808298001 0 0 0.0051109727200666522 0.0099385986730134383 0.016005573493934666 -0.0020388829186888144 0.019489903879644676 0.0093969388910403722 -0.0035755856162269207 0.0018437995146015336 -0.0049417852653518626 0 0.0043799306242067113 -0.0058766469730797436 -0.0064743545160872709 0 0 -0.00028788977025618836 -0.0032026342674406783 -0.014793475333885685 0 -0.017840760919062764 0.0064609619002142142 -0.013126191794594389 -0.004475740863070659 -0.0092113408223177175 -0.0074536270310647558 3.4867236727927554e-05 0
leaf_weight=0.67432286089751758 0.10714151849970166 0.54204180865053775 0.85449700470780898 0.29636302572907869 0.5614915869955438 2.8530958339470098 0.21568481123540539 2.1754846964904573 5.7258471345776334 25.156010179511213 16.698741571879509 0.44132099676062342 0.22630970389582195 0.62731571012409426 0.53108780918410048 0.44007938498543786 0.40532656683353741 0.21371057967189688 0.18032331753056485 0.16186866443604231 1.1420454396211424 0.32010732620256011 2.2517349132831441 0.36134947199025191 0.83935274742543697 0.66495381576532964 1.0198521268612237 0.25817826722050086 0.30015824735164642 0.089765124197583535
leaf_count=202 55 179 219 97 190 1007 44 258 831 4268 4894 72 102 241 91 92 87 62 18 23 189 60 327 27 122 126 159 133 16 39
internal_value=0 -0.00069532 6.01082e-05 0.00740138 0.00651129 0.0109861 0.0140256 0.0163131 -0.000639831 -3.69314e-05 -0.00135084 0.00740595 -0.00549262 -0.00680475 0.00164663 -0.00925628 -0.0118251 -0.00146879 0.0140833 0.00510514 -0.00845358 -0.0120106 -0.015915 0 -0.0109405 0 -0.00722662 -0.00421665 -0.0036077 0.0155745
internal_weight=66.3356 60.8901 54.6338 4.29524 5.44543 3.4885 2.93321 2.71753 50.3386 48.0219 41.8548 6.16717 1.36203 6.25633 1.20541 5.05092 3.94933 1.95692 3.12318 0.72336 2.31665 1.46215 2.65706 1.10159 1.06566 1.29227 1.23356 0.36532 0.740238 2.94286
internal_count=14230 12544 11335 802 1686 1252 481 437 10533 10065 9162 903 321 1209 293 916 781 434 1064 213 468 249 414 135 224 367 221 188 108 1046
is_linear=0
shrinkage=0.03


Tree=166
num_leaves=18
num_cat=0
split_feature=41 32 0 14 0 32 7 40 4 1 9 31 14 22 35 47 36
split_gain=0.454016 0.399503 0.309036 0.372262 0.590204 0.926302 0.497232 0.671217 0.441721 0.434334 0.206469 0.170441 0.121625 0.0825322 0.0622982 0.0778741 0.00375378
threshold=0.99950441718101513 0.029918110929429535 15.040683269500734 5.9651665687561044 9.3118371963500994 0.054847577586770065 3.3600639104843144 0.7666744887828828 0.88365340232849132 0.76405495405197155 0.42418093979358679 0.022921535186469558 30.063309669494632 0.39549115300178533 0.40205579996109014 0.96698519587516796 0.17243045568466189
decision_type=2 2 2 2 2 2 2 2 2 2 2 2 2 2 2 2 2
left_child=1 12 3 6 5 -5 8 -8 -3 -6 13 16 14 -2 -1 -16 -4
right_child=10 2 11 4 9 -7 7 -9 -10 -11 -12 -13 -14 -15 15 -17 -18
leaf_value=0 0 0.0060931001638076555 -0.002244760108257117 -0.011750196001648457 0.002332549765065505 0.010078341873778346 0.010099645180943632 -0.0015373552257571023 -0.0047884333507373844 -0.0099395016785903609 -0.0015343903984912611 0.014028360089577785 -0.00075458142761445604 0.017090289555911485 0.014997879067261265 0 0
leaf_weight=0.10517892288043995 0.15820361766964097 3.0247629024961524 0.13086736161494517 11.064651905537177 12.089290956359035 1.1141664669557929 7.556017871698713 8.0756455917871772 16.780406015146582 2.2358780516078687 0.25362453253183037 0.80730552339082351 0.16185471335484169 1.1544113819400079 1.3421273508574811 0.14577691591694009 0.14295397856039926
leaf_count=29 51 706 6 2250 2074 130 1965 2156 3456 232 57 512 39 217 317 41 58
internal_value=-0.000272491 -0.000794384 -0.00130594 -0.00170387 -0.00432978 -0.00891239 0.000242701 0.00417639 -0.00276936 0 0.0120416 0.00991504 0.010293 0.0154912 0.0124305 0.0135494 -0.00134955
internal_weight=66.3431 64.7769 63.0219 61.9408 26.504 12.1788 35.4368 15.6317 19.8052 14.3252 1.56624 1.08113 1.75494 1.31261 1.59308 1.4879 0.273821
internal_count=14296 13971 13545 12969 4686 2380 8283 4121 4162 2306 325 576 426 268 387 358 64
is_linear=0
shrinkage=0.03


Tree=167
num_leaves=31
num_cat=0
split_feature=32 46 3 14 0 21 40 33 42 6 45 4 14 39 33 18 20 47 20 42 33 20 32 32 35 34 35 41 34 32
split_gain=0.457131 0.509594 0.322386 0.504368 0.468467 0.379427 0.349075 0.504119 0.348538 0.337666 0.318914 0.286912 0.39546 0.363713 0.280797 0.25739 0.249941 0.240494 0.25188 0.229223 0.196456 0.189942 0.176755 0.17449 0.161223 0.142876 0.136742 0.144134 0.135326 0.115557
threshold=0.035146744921803481 0.99913194775581371 0.8332481086254121 12.624236583709719 9.4428324699401873 59.176961898803718 0.95319336652755748 72.892375946044936 0.96238207817077648 0.08838971704244615 0.23343283683061603 0.92672085762023937 4.3121290206909189 0.77697512507438671 69.511726379394545 0.23828125000000003 0.040628908202052123 0.98961567878723156 0.030241138301789764 0.20524267852306369 66.395481109619155 0.030112247914075855 0.037400007247924812 0.043302346020936973 0.5499977469444276 0.612683266401291 0.56487765908241283 0.99950441718101513 0.61681863665580761 0.053227512165904052
decision_type=2 2 2 2 2 2 2 2 2 2 2 2 2 2 2 2 2 2 2 2 2 2 2 2 2 2 2 2 2 2
left_child=1 11 3 6 21 9 7 8 -2 -6 -9 25 -13 -14 19 -3 -7 18 -17 -4 -20 -5 -21 -16 -15 -1 27 -8 -24 -25
right_child=2 15 14 4 5 16 26 10 -10 -11 -12 12 13 24 23 17 -18 -19 20 22 -22 -23 28 29 -26 -27 -28 -29 -30 -31
leaf_value=-0.010368389470644961 -0.0022853335672193627 0 -0.0034886738524157104 0 -0.011458107096560633 0.010341043183728998 -0.013685054743578375 0.012789740804602313 0.009360489069852089 0.0029824872438100444 -0.0016950499039775054 -0.0055874200158673734 -0.0057055376425063902 0 0.003676824761685842 -0.00089056683965548736 -0.0030711457532165472 -0.0012636650426693491 0.018428993514659209 -0.00048960101389440515 0 -0.018464605807317187 0.016697445184186876 -0.012367168397294551 0.016034850040759052 0.0014176214775813655 3.6040980840266748e-05 0.00055499036523643007 0 0.00061746765803916744
leaf_weight=2.2032818140360164 27.39969177010062 2.007388877827907 0.32219296693801824 0.25093962135724579 3.7565913544167415 1.5891703086563214 2.136358056734025 3.1846884238184421 1.4638039071287483 1.1900942231077349 1.226040575893421 1.7997822532925054 0.37702799505495965 0.65618217457085881 0.68552041574730516 0.36421609768876795 1.2667507898295296 0.42007185106922396 3.5688635689148218 0.40385899806278791 0.24872923046495987 2.7716858388885157 1.9597773329878694 0.73583534912904724 1.8953206368896642 0.43005205370718602 0.5470613716461229 0.22552166017703701 0.6961077598389237 0.20391835607006215
leaf_count=479 5879 505 38 28 573 252 791 926 242 264 295 276 39 75 89 160 178 169 1117 49 134 495 277 105 336 116 280 18 74 48
internal_value=-0.000461406 0.00411554 -0.00180176 -0.00263299 -0.00804446 -0.00285784 -0.000760501 0.000143183 -0.0013006 -0.00756213 0.00863984 -0.0010225 0.00290414 0.0089803 0.00464176 0.00961501 0.00436036 0.0129201 0.0148927 0.00899388 0.0168936 -0.0166486 0.0115828 -0.0032479 0.0129906 -0.0077575 -0.00925706 -0.0116724 0.013871 -0.00913724
internal_weight=65.9865 13.9709 52.0156 47.0084 10.8252 7.80261 36.1832 33.2742 28.8635 4.94669 4.41073 7.36165 4.72831 2.92853 5.00721 6.60927 2.85592 4.60188 4.18181 3.38194 3.81759 3.02263 3.05974 1.62527 2.5515 2.63333 2.90894 2.36188 2.65589 0.939754
internal_count=14307 3406 10901 10221 1790 1267 8431 7342 6121 837 1221 1321 726 450 680 2085 430 1580 1411 438 1251 523 400 242 411 595 1089 809 351 153
is_linear=0
shrinkage=0.03


Tree=168
num_leaves=31
num_cat=0
split_feature=13 49 4 22 33 50 1 0 35 10 35 35 45 41 11 32 49 33 10 4 1 4 38 42 32 6 14 16 18 45
split_gain=0.366444 0.549791 0.453138 0.440679 0.366161 0.364352 0.333614 0.496658 0.501839 0.407429 0.520692 0.380268 0.333203 0.335716 0.282001 0.265265 0.278374 0.267343 0.372376 0.262274 0.257569 0.256511 0.255463 0.229826 0.22522 0.398651 0.224143 0.221011 0.190876 0.213447
threshold=32.168743133544929 0.76291969418525707 0.94492921233177196 0.46788971126079565 58.309019088745124 0.42746342718601232 0.70108518004417431 9.6589250564575213 0.57991307973861705 0.62500000000000011 0.57156425714492809 0.72762343287467968 0.05536394193768502 0.98013317584991466 0.62500000000000011 0.04913380183279515 1.2287597060203554 45.098779678344734 0.62500000000000011 0.87021389603614818 0.67876577377319347 0.92518514394760143 0.78125000000000011 0.19710940867662433 0.048429749906063087 0.047821339219808585 1.0408213734626772 0.28613281250000006 0.30078125000000006 0.17990352958440783
decision_type=2 2 2 2 2 2 2 2 2 2 2 2 2 2 2 2 2 2 2 2 2 2 2 2 2 2 2 2 2 2
left_child=15 6 3 21 5 27 7 14 20 10 22 -10 -11 -14 23 16 17 28 -19 -20 -9 -3 -8 -2 25 -6 -12 -4 -1 -30
right_child=1 2 4 -5 24 -7 9 8 11 12 26 -13 13 -15 -16 -17 -18 18 19 -21 -22 -23 -24 -25 -26 -27 -28 -29 29 -31
leaf_value=0.0029381878490685868 0.00075149556438906936 0.0095044120286901009 0 -0.012597484297327865 0.0086613718433482135 -0.0029591607466830281 -0.0099712796832307736 0.012458130371994808 -0.013568324817553346 0.0045373078692668694 -0.0023515832809829803 0.0020887135239448539 -0.011968247316844002 0.0033242147757178847 0.00062942591768442885 -0.003564721870472313 -0.0042992719631612499 -0.002984495964485663 -0.0014818945164551513 0.010356203925762994 -0.003849886574185786 -0.0060276704480250257 0.0042616606916371516 -0.015213955974774504 0.0087827212312853731 -0.0089164445059623232 0.010310180869401827 0.01651053686310967 -0.012926100625023912 0.003456644057482635
leaf_weight=2.3396757602167884 0.41444828506792131 1.4232339464288064 0.6514268381288274 1.8878550133085807 0.6122596811037514 0.69202769830008026 2.2047282156127026 1.8602927256288242 1.9890165431206699 1.1360525572672475 0.73663177178241301 1.6677346455180666 4.7728284290642478 0.83248131076106791 0.86087047841283482 3.9198020059411638 2.041058513626921 1.9116430347203248 1.1899398050591123 11.205732243433884 0.36540689258254122 0.48728679021587584 0.71162053127773095 6.5411423318000743 0.77070958313561266 2.8230924523886642 4.9443188819786883 3.6203053713834379 0.95355453365482368 0.22549738915404305
leaf_count=555 40 214 84 429 27 76 298 432 562 109 54 694 831 210 212 951 157 570 327 3814 67 77 67 1402 119 511 835 323 175 52
internal_value=-0.000289434 -0.00199943 0.00285512 -0.00465015 0.00641054 0.0111954 -0.00429022 -0.00755858 -0.000233431 -0.000903677 0.00307819 -0.00686827 -0.00611096 -0.00908346 -0.0120793 0.00256808 0.0040347 0.00532597 0.00708615 0.00897005 0.00848722 0.00380225 -0.00553089 -0.0139107 0 -0.0038608 0.00811309 0.0141838 -0.00115146 -0.00826769
internal_weight=65.7927 42.0058 12.9682 3.79838 9.16982 4.96376 29.0376 13.6989 5.88245 15.3387 8.5973 3.65675 6.74136 5.60531 7.81646 23.7869 19.8671 17.826 14.3073 12.3957 2.2257 1.91052 2.91635 6.95559 4.20606 3.43535 5.68095 4.27173 3.51873 1.17905
internal_count=14274 7673 1860 720 1140 483 5813 3409 1755 2404 1254 1256 1150 1041 1654 6601 5650 5493 4711 4141 499 291 365 1442 657 538 889 407 782 227
is_linear=0
shrinkage=0.03


Tree=169
num_leaves=28
num_cat=0
split_feature=14 7 31 37 3 15 40 29 28 36 34 48 39 45 21 40 14 37 44 30 5 29 44 45 18 31 47
split_gain=0.383774 0.291819 0.431646 0.400179 0.384477 0.490605 0.510244 0.446316 0.402471 0.417977 0.382985 0.297719 0.28172 0.261149 0.231516 0.222958 0.218736 0.209542 0.204773 0.199812 0.098543 0.081636 0.0736301 0.0607364 0.0604257 0.0215093 0.0182918
threshold=37.610967636108406 6.8686282634735116 0.033794378861784942 0.20812931656837466 0.16192838549613955 0.13809524476528171 0.63490355014801036 0.94570326805114757 0.69837898015975963 0.28155317902565008 0.52059483528137218 0.19678317010402682 0.96748214960098278 0.15834405273199084 70.561725616455092 0.95319336652755748 20.130750656127933 0.26286059617996221 0.029631255194544796 0.24609375000000003 0.041078314185142524 0.99588418006896984 0.11834733933210374 0.21548955142498019 0.61328125000000011 0.051534963771700866 0.85422906279563915
decision_type=2 2 2 2 2 2 2 2 2 2 2 2 2 2 2 2 2 2 2 2 2 2 2 2 2 2 2
left_child=1 4 -3 22 8 7 10 23 13 15 -7 -8 -11 18 -9 -10 24 20 -1 -15 -2 -22 26 -6 -5 -18 -4
right_child=17 2 3 16 5 6 11 14 9 12 -12 -13 -14 19 -16 -17 25 -19 -20 -21 21 -23 -24 -25 -26 -27 -28
leaf_value=0.0069103288787734762 0 0.014766598240716229 -0.013182451091065275 0.015037465971429048 -0.0093949516841397053 -0.0025421313720771724 0.0044246807076610238 0.011020110651651118 0.011877255947577936 -0.0068547106100197751 0.0077034780869694669 -0.006844363860424277 0.006837280851762214 -0.011423133327013993 -0.0034930141981241144 -0.00037846019728820954 -0.0046870501003779576 0.0017865656452030541 -0.0033148357030366709 0.0010447019640906169 -0.017321440197101402 0 0 0 0 0 0
leaf_weight=2.8632797832251553 0.1235206362180169 2.1181146065500789 0.81642482713505182 0.63989836478140183 0.77042180347052525 6.5692472450537007 1.3316552913020157 4.7560051538675907 7.1541931277170061 2.306766958587104 4.5813986460598244 20.157113749846758 1.2011653568624749 2.0577250054047913 0.35797853185795236 0.97100552495976433 0.29371067916508764 0.3414398833119775 1.9721663479431297 0.97299350854882494 1.2113514239463254 0.16928269469644863 0.19730866778991174 0.23677351122023538 0.20223971992527368 0.22642577817896381 0.19249527252395637
leaf_count=1024 33 186 123 115 185 1328 542 602 1852 400 1041 4342 290 389 43 370 33 51 377 405 247 42 22 90 30 49 38
internal_value=0.000165787 0.00068717 0.00717601 -0.000626799 2.27654e-06 -0.00166819 -0.00320267 0.00539344 0.00338857 0.00676685 0.00170807 -0.00584693 -0.00102418 -0.00146888 0.00910836 0.0102029 0.00737943 -0.0105548 0.00237245 -0.00741 -0.014149 -0.0157428 -0.010275 -0.00711475 0.0131064 -0.00244163 -0.0122037
internal_weight=64.7921 62.9465 4.68662 2.5685 58.2599 38.7606 32.6394 6.12118 19.4993 11.6331 11.1506 21.4888 3.50793 7.86616 5.11398 8.1252 1.36227 1.84559 4.83545 3.03072 1.50415 1.38063 1.20623 1.0072 0.842138 0.520136 1.00892
internal_count=14249 13876 596 410 13280 8173 7253 920 5107 2912 2369 4884 690 2195 645 2222 227 373 1401 794 322 289 183 275 145 82 161
is_linear=0
shrinkage=0.03


Tree=170
num_leaves=31
num_cat=0
split_feature=9 40 49 7 22 43 5 42 21 13 39 32 46 20 39 5 31 3 37 25 25 4 20 4 43 32 9 22 43 9
split_gain=0.386827 0.508702 0.428804 0.488318 0.375049 0.535029 0.34806 0.320818 0.271402 0.257451 0.246943 0.243099 0.291643 0.403335 0.352556 0.277703 0.271365 0.35134 0.303572 0.258386 0.22416 0.219276 0.214534 0.178457 0.177594 0.181573 0.171013 0.754208 0.445664 0.332723
threshold=0.79551774263381969 0.7761581838130952 0.85185348987579357 10.74187231063843 0.50720283389091503 0.52016714215278637 0.11203493550419809 0.45027472078800207 52.460645675659187 29.685661315917972 0.93146175146102916 0.037622105330228812 0.99913194775581371 0.034291489049792297 0.86720260977745067 0.3484912663698197 0.02787887025624514 0.46856430172920233 0.17548894137144092 0.18784921616315844 0.21253265440464023 0.93197047710418712 0.042068898677825935 0.90012124180793773 0.94080463051795971 0.032123180106282241 0.51541602611541759 0.58940142393112194 0.67775943875312816 0.30444945394992834
decision_type=2 2 2 2 2 2 2 2 2 2 2 2 2 2 2 2 2 2 2 2 2 2 2 2 2 2 2 2 2 2
left_child=11 4 3 24 5 8 -4 -6 21 -9 -10 12 13 23 -14 22 17 19 -19 -13 -15 -2 -16 -1 25 -3 28 -28 29 -18
right_child=1 2 6 -5 7 -7 -8 9 10 -11 -12 16 14 20 15 -17 26 18 -20 -21 -22 -23 -24 -25 -26 -27 27 -29 -30 -31
leaf_value=-0.0020486827133222867 0.0024368093511072499 0.00041302904887045454 -0.0075571968813989291 0.0053245283963986216 0.0022626772332592841 0.013088504653342173 0.0088695781137659736 0.0036572126987685096 0.010335999764770275 -0.01240887079157121 -0.0035796433599042591 -0.016178664948296635 -0.0027591411589816522 -0.0095108939632080301 0.016613105428855284 0 0.0077706730604467566 0.011589804901337319 -0.0055985509964045386 0.0015265767202612694 0.0030897257443252227 -0.011939667790950466 0 0.010534861668561945 0.00040426585038843464 -0.015084325961173813 0.010106960177767887 -0.0087189718916332436 -0.0072060536221434804 -0.0021970043677828179
leaf_weight=0.57395548828935572 0.58536541632929773 0.28150894948339367 0.9901045106525993 0.70401436690372055 2.5941089356492739 2.9318339360615937 1.6376492424897149 0.33293313575268291 1.4302488235116473 3.0587787926051533 1.0357611558210917 1.8722349419258568 1.3465568430401615 2.9307956926859338 3.7485147880288423 2.0034032633193419 5.0008572954975552 0.67841399757890009 0.92168799962382764 0.39771716139512125 0.8553218003726214 1.6449223673553206 0.53447912749834348 2.1128193034091964 0.33766984369140107 6.9655627074680524 5.33533945322415 1.7071846834151072 5.101508565421681 4.7006567226198968
leaf_count=169 163 65 196 54 444 565 277 182 165 622 135 221 311 426 1250 782 1041 65 62 78 146 163 76 439 108 1688 1514 448 1257 1133
internal_value=-0.000299377 -0.00322897 -0.0077755 -0.0108747 0.00049402 0.00481881 0.00147618 -0.00448877 -0.00120859 -0.00967505 0.0042792 0.00146669 0.00449813 0 0.00811222 0.0109117 -0.00018999 -0.00670247 0.00218985 -0.0126409 -0.00598668 -0.00765141 0.0145439 0.00720646 -0.0131728 -0.0141415 0.00107529 0.00465366 -0.000624024 0.00290672
internal_weight=64.3519 24.5305 10.9165 8.28876 13.614 7.62813 2.62775 5.98582 4.6963 3.39171 2.46601 39.8214 14.1058 6.47289 7.63295 6.2864 25.7156 3.87005 1.6001 2.26995 3.78612 2.23029 4.28299 2.68677 7.58474 7.24707 21.8455 7.04252 14.803 9.70151
internal_count=14245 4827 2388 1915 2439 1191 473 1248 626 804 300 9418 3599 1180 2419 2108 5819 426 127 299 572 326 1326 608 1861 1753 5393 1962 3431 2174
is_linear=0
shrinkage=0.03


Tree=171
num_leaves=26
num_cat=0
split_feature=14 45 3 25 14 47 45 2 31 14 42 14 41 23 33 30 27 6 29 0 29 23 19 14 7
split_gain=0.426964 0.258422 0.22029 0.358221 0.441891 0.34025 0.399556 0.378087 0.339272 0.304793 0.518156 0.398592 0.26033 0.255845 0.236976 0.197824 0.19185 0.15342 0.108825 0.10514 0.100768 0.0915334 0.0796639 0.0354247 0.000313977
threshold=37.610967636108406 0.032181531190872199 0.33784338831901556 0.19863823056221011 20.571062088012699 0.91161149740219127 0.24946516752243045 0.39062500000000006 0.098133608698844924 15.590853691101076 0.74527630209922802 0.30122286081314092 0.81304427981376659 0.58509990572929393 63.80860900878907 0.16015625000000003 0.98125743865966808 0.045588932931423194 0.99588418006896984 15.040683269500734 0.94356408715248119 0.37865440547466284 0.028957741335034374 14.26684093475342 3.6753758192062382
decision_type=2 2 2 2 2 2 2 2 2 2 2 2 2 2 2 2 2 2 2 2 2 2 2 2 2
left_child=1 15 3 5 8 7 -7 -3 -5 10 11 -4 16 -12 -14 -1 -11 -2 19 -19 -6 -17 -23 -24 -21
right_child=17 2 9 4 20 6 -8 -9 -10 12 13 -13 14 -15 -16 21 -18 18 -20 24 -22 22 23 -25 -26
leaf_value=-0.0028982006354756678 0.0010007056024318641 -0.0078781609802145037 0.0059497430291594842 0.010007830692505864 0.00096557457013922475 0.0083075604162882767 -0.0074318197418411303 0.00053001926360960133 -0.0027314864136645306 -0.004986825977740676 0.010667313742561156 -0.0074483346659272405 0.014905636830496928 -0.0034527672307636437 -0.0026005579641468165 0 0.0058408442832023058 -0.017315610257552041 0 0 -0.01012605542563105 0 0.015838228497890752 0 0.00050787359257859659
leaf_weight=0.27379749651299734 0.21287724812282149 6.450345103570732 1.2741495192749521 8.9555009212344867 0.25031274473440024 5.4042341462481991 0.841153349741944 11.646883347093533 1.4429540246055683 2.7933575065835603 2.0749683418689524 15.217611934414888 1.3308066236641023 0.82729845447465766 0.2581381192721891 0.19956672098487604 1.3269743217315406 1.3103706732581484 0.21200513417716127 0.078832350554875918 0.87894006131682545 0.16765314567601297 1.4176780510315437 0.19083881584811013 0.095542974158888683
leaf_count=43 33 1456 99 2198 130 1953 229 2250 586 456 409 2985 150 276 43 25 191 171 46 14 94 44 291 36 111
internal_value=1.83551e-05 0.000571849 8.13798e-05 0.00161836 0.00575852 -0.000373737 0.00504051 -0.00256539 0.0078923 -0.00197777 -0.00381343 -0.00596073 0.0034497 0.0060202 0.0109969 0.00882666 -0.000454134 -0.011174 -0.0136185 -0.0155147 -0.00695971 0.0118876 0.0134591 0.0148417 0
internal_weight=65.1328 63.2232 60.9736 35.8703 11.5277 24.3426 6.24539 18.0972 10.3985 25.1033 19.394 16.4918 5.70928 2.90227 1.58894 2.24953 4.12033 1.90963 1.69675 1.48475 1.12925 1.97574 1.77617 1.60852 0.174375
internal_count=14319 13944 13505 8896 3008 5888 2182 3706 2784 4609 3769 3084 840 685 193 439 647 375 342 296 224 396 371 327 125
is_linear=0
shrinkage=0.03


Tree=172
num_leaves=31
num_cat=0
split_feature=41 32 5 24 43 4 1 40 0 33 50 39 13 14 5 15 33 3 42 34 41 27 32 18 1 34 3 6 4 50
split_gain=0.328354 0.312689 0.276263 0.431053 0.356125 0.263999 0.496698 0.460143 0.455124 0.453239 0.350607 0.319821 0.309338 0.303755 0.258392 0.257282 0.203697 0.196425 0.176504 0.180742 0.175918 0.160992 0.165432 0.157482 0.154639 0.14593 0.118712 0.112691 0.0947901 0.0866805
threshold=0.99739241600036632 0.044744217768311507 0.35561597347259527 0.2233763933181763 0.61877489089965831 0.91865441203117382 0.69823455810546886 0.89572617411613475 9.6589250564575213 54.266193389892585 0.14523150771856311 0.82949259877204906 33.923471450805671 8.5669212341308612 0.2829719483852387 0.13809524476528171 79.964813232421889 0.13483588397502902 0.25092592835426336 0.59454947710037243 0.85040917992591869 0.95176291465759288 0.037823278456926353 0.47265625000000006 0.74194496870040905 0.47867660224437719 0.2309205159544945 0.13548291474580768 0.98343965411186229 0.094082344323396697
decision_type=2 2 2 2 2 2 2 2 2 2 2 2 2 2 2 2 2 2 2 2 2 2 2 2 2 2 2 2 2 2
left_child=2 23 5 20 18 9 8 10 13 14 -8 -10 16 -7 15 -1 -11 28 -5 -20 -4 27 -23 29 -22 -14 -9 -6 -3 -2
right_child=1 17 3 4 21 6 7 26 11 12 -12 -13 25 -15 -16 -17 -18 -19 19 -21 24 22 -24 -25 -26 -27 -28 -29 -30 -31
leaf_value=0 0 0.009529002302505276 -0.0019209328252578573 0.00071700369321953366 0.0080444089829600756 -0.00081788863073440482 -0.00012510899036987394 0.0025617148771033497 -0.0042524498163115845 0.013261700658724599 0.01130611538875047 0.0088291544497393695 -0.0075807633885881208 -0.010723726359713444 0.0037489768482612484 -0.012742329992475061 -0.0022433825715950312 -0.0075343721769900044 -0.015968349646866734 0 0.012415488634329085 0.0021435434376556196 -0.009377904891043648 0.00020041997745848659 -0.00026485705521801507 0.0020126033391209561 -0.0077799831066495918 -0.0018223350827168815 -0.0015421290206974183 0.016596412220295859
leaf_weight=1.560577447860849 0.21578951505944122 0.51740791470365355 1.7383139984667644 0.33995661677908895 1.3751031484207485 10.617129110905809 2.511979783899732 0.45190288817684576 1.343374218478856 1.7679379123146648 8.6463148453622107 4.6445039277386968 1.4324175150322846 3.330929723524604 0.64457796860369843 4.6357561560798786 0.29347060533473257 1.2524093139654722 3.814680368766858 0.96458117122529063 1.2169509166560599 0.8465596028545409 1.5913053660915464 1.3706784842652266 0.64610556446132239 1.9617904473052474 1.5764298228386904 0.62297311225847796 0.16981321526691318 1.8081166065894647
leaf_count=238 49 174 485 96 380 2443 301 109 295 610 1134 1135 262 486 172 975 39 224 1034 228 703 218 342 341 146 373 210 159 46 865
internal_value=0.000103869 0.00663357 -0.000541772 -0.00422836 -0.00745487 0.000529578 0.00197006 0.0062945 -0.00091107 -0.00298131 0.00868732 0.00527644 0.00283895 -0.00394334 -0.00777566 -0.00974576 0.0100626 -0.00146791 -0.0121736 -0.0135751 0.00343994 -0.000219674 -0.00504465 0.011226 0.00841358 -0.00215708 -0.00440018 0.00438571 0.00572265 0.0151653
internal_weight=63.9098 5.33422 58.5756 13.1565 9.55516 45.4191 33.1226 13.1866 19.9359 12.2965 11.1583 5.98788 5.45562 13.9481 6.84091 6.19633 2.06141 1.93963 5.11922 4.77926 3.60137 4.43594 2.43786 3.39458 1.86306 3.39421 2.02833 1.99808 0.687221 2.02391
internal_count=14272 1699 12573 3791 2457 8782 6113 1754 4359 2669 1435 1430 1284 2929 1385 1213 649 444 1358 1262 1334 1099 560 1255 849 635 319 539 220 914
is_linear=0
shrinkage=0.03


Tree=173
num_leaves=31
num_cat=0
split_feature=47 3 0 41 20 37 4 48 24 32 33 7 43 43 35 14 41 33 42 36 35 31 0 16 48 15 18 32 16 37
split_gain=0.378366 0.377735 0.423319 0.386512 0.34134 0.323053 0.495416 0.448673 0.487512 0.347294 0.320464 0.36466 0.264728 0.231396 0.227887 0.248144 0.220156 0.219939 0.346854 0.32741 0.278118 0.271146 0.212103 0.204202 0.202173 0.23176 0.198449 0.189515 0.189504 0.162267
threshold=0.87854769825935375 0.1939089894294739 8.7276644706726092 0.97901478409767162 0.033036375418305404 0.1672831475734711 0.90527912974357616 0.3768365234136582 0.28288115561008459 0.035328542813658721 47.218070983886726 7.1189515590667733 0.29366050660610205 0.62816074490547191 0.40542627871036535 0.7485485076904298 0.83257314562797557 53.877500534057624 0.85037314891815197 0.26880033314228063 0.38128547370433813 0.055262256413698203 7.3105885982513437 0.42285156250000006 0.29933512210845953 0.79285714030265819 0.55859375000000011 0.043302346020936973 0.27636718750000006 0.088779248297214522
decision_type=2 2 2 2 2 2 2 2 2 2 2 2 2 2 2 2 2 2 2 2 2 2 2 2 2 2 2 2 2 2
left_child=5 4 3 14 -2 6 -1 8 23 12 -9 -12 -7 22 -3 -16 -6 19 20 21 -19 -11 -14 -8 25 -18 -21 28 -5 -10
right_child=1 2 -4 27 16 9 7 10 29 17 11 -13 13 -15 15 -17 24 18 -20 26 -22 -23 -24 -25 -26 -27 -28 -29 -30 -31
leaf_value=-0.0066291444412321255 -0.00083367521992084399 0.0023246814599711956 0.010034501030734694 -0.0031253898603605702 -0.0031925036816319173 0.010587777570246926 0.0071429627075073271 -0.00015431937188847963 0.0022249904061061982 0.0094939803054735362 0.015291574078209181 -0.0034433141421703153 0.0018608670554698674 0.0052944027069369935 0.0020916424998165596 -0.015533068405174075 0.017707903361085162 0.001103835566028166 0.0030227399887064136 -0.011539155389448288 -0.010112821448483047 -0.006002847707593695 -0.010877027616599023 -0.0050869696958083807 0.00013252258891630541 0 0.0025557489677219807 -0.0041566885900136867 0.010626981686792306 -0.010463677826599026
leaf_weight=4.8853683963898229 2.3715973062207913 0.36783057681168285 1.2544945007539352 0.39165198311093341 0.18219712993595738 1.2193905903841393 4.2960725209995854 1.9060210271418334 0.3140800965484235 2.4937208553456034 4.1006846204036265 0.45462140522431571 1.0008873002079783 1.4526387605365014 0.27336709725204889 2.7947227545082569 3.3568959557742351 1.5412326717923885 1.6670451416284766 1.5707504380552566 13.905578778503694 0.40252639609388996 1.841359189347713 0.52506873750826333 1.4068856340600175 0.41605050970974833 0.46287276556540735 1.4030814869329331 1.6563664821660493 3.192629325814778
leaf_count=1150 906 288 296 179 48 159 836 367 84 346 669 49 212 405 57 719 1125 260 430 341 2635 132 371 130 382 128 50 390 628 463
internal_value=-0.000758336 0.00305057 -0.00115811 -0.00459104 0.00745002 -0.00213743 0.000660258 0.00352555 -0.000844228 -0.00419303 0.00891803 0.0125985 0.00188839 -0.00154808 -0.010618 -0.0130971 0.0111405 -0.00586042 -0.00739051 0 -0.00881219 0.00558234 -0.00629375 0.00465058 0.0125652 0.0155735 -0.00755715 0.00177278 0.00685025 -0.00842
internal_weight=63.1077 15.8751 8.14151 6.88702 7.73363 47.2325 19.6745 14.7892 8.32785 27.558 6.46133 4.55531 5.51428 4.29489 3.43592 3.06809 5.36203 22.0437 17.1139 4.92987 15.4468 2.89625 2.84225 4.82114 5.17983 3.77295 2.03362 3.4511 2.04802 3.50671
internal_count=14235 5146 2557 2261 2589 9089 3748 2598 1513 5341 1085 718 1147 988 1064 776 1683 4194 3325 869 2895 478 583 966 1635 1253 391 1197 807 547
is_linear=0
shrinkage=0.03


Tree=174
num_leaves=25
num_cat=0
split_feature=14 32 3 39 37 0 13 14 15 36 47 31 18 47 18 34 42 21 36 48 34 27 6 29
split_gain=0.271413 0.237582 0.479092 0.37702 0.357167 0.34625 0.462426 0.400347 0.395139 0.508935 0.344881 0.383789 0.326736 0.324693 0.211812 0.191066 0.124348 0.0748689 0.0393218 0.0222404 0.0122676 0.00896259 0.00757501 0.00150811
threshold=54.980937957763679 0.048429749906063087 0.46856430172920233 0.62469834089279186 0.1124301701784134 6.7514281272888192 43.151193618774421 5.9651665687561044 0.29670330882072454 0.28536699712276464 0.92887049913406383 0.027707451954483989 0.33203125000000006 0.92727792263031017 0.62109375000000011 0.5291910469532014 0.57637089490890514 50.521780014038093 0.27756154537200933 0.21368326246738437 0.29226689040660864 0.98177486658096325 0.044794391840696342 0.99560058116912853
decision_type=2 2 2 2 2 2 2 2 2 2 2 2 2 2 2 2 2 2 2 2 2 2 2 2
left_child=1 3 4 20 18 8 7 -7 9 -5 11 -6 -8 -10 16 -12 17 -4 19 -3 -1 -16 -18 -2
right_child=23 2 14 5 10 6 12 -9 13 -11 15 -13 -14 -15 21 -17 22 -19 -20 -21 -22 -23 -24 -25
leaf_value=0 -0.012142994000061027 0 0 0.013305698196331806 0.0049252017019910405 -0.00018015875803916993 -0.0019510318201900732 -0.010314321939877205 0.0036613028554212403 -0.00043995962498034972 0.00853044064096572 -0.016264734089077974 0.0060674013778718545 -0.0059375427921069613 -0.0053692843678341089 -0.0058251163298818527 0 0.0134415494571864 0 0.0076610792215508284 -0.013090286636400503 0 -0.0023249312784419532 0
leaf_weight=0.2264956344733936 0.70391015001587121 0.17831723904236962 0.2392954053066213 5.8240308566018957 0.19984434312209476 9.6129528474411945 6.5955941460706553 5.2069805574574266 8.6938626548508164 3.0314764984286739 0.64774841445614562 4.4045701237409958 9.6573127441806701 3.6532621187689065 0.33806555284536433 0.57962103704630863 0.13468673895113159 1.3779959050298201 0.20669955638004467 0.5124702956964029 0.70305219612782821 0.14411806533462368 0.27137839810166042 0.25908190410700627
leaf_count=45 102 20 110 2038 17 1559 1271 1217 2184 441 228 884 1952 1323 73 145 28 156 49 105 86 87 75 49
internal_value=-0.000295317 2.02805e-06 -0.00414205 0.000839807 -0.00817454 0.00134768 -0.000595203 -0.00435734 0.00422869 0.0087286 -0.0108522 -0.014095 0.00271508 0.000364365 0.00507487 0.000832616 0.00910073 0.0117648 0.00419324 0.00637681 -0.0120631 -0.00453694 -0.000197197 -0.0112827
internal_weight=63.4028 62.4398 9.23481 53.205 6.72927 52.2755 31.0728 14.8199 21.2026 8.85551 5.83178 4.60441 16.2529 12.3471 2.50554 1.22737 2.02336 1.61729 0.897487 0.690788 0.929548 0.482184 0.406065 0.962992
internal_count=14244 14093 1977 12116 1448 11985 5999 2776 5986 2479 1274 901 3223 3507 529 373 369 266 174 125 131 160 103 151
is_linear=0
shrinkage=0.03


Tree=175
num_leaves=31
num_cat=0
split_feature=6 13 45 24 42 37 3 25 14 13 35 13 23 1 43 48 4 14 15 22 14 44 7 32 40 33 24 36 6 47
split_gain=0.278052 0.37505 0.288396 0.501069 0.327762 0.309402 0.475623 0.436793 0.361024 0.34695 0.340726 0.33908 0.333508 0.260038 0.258705 0.243093 0.512002 0.394823 0.348154 0.348404 0.31804 0.309827 0.293836 0.239048 0.232722 0.214213 0.20252 0.191413 0.186341 0.184884
threshold=0.10846414789557458 26.480503082275394 0.23615506291389468 0.23508792370557788 0.55753466486930858 0.19141038507223132 0.15482424199581149 0.1528645604848862 3.353411197662354 28.025104522705082 0.53576689958572399 56.478122711181648 0.36709009110927587 0.76698359847068798 0.32284905016422277 0.38585576415061956 0.88423511385917675 2.8078142404556279 0.79285714030265819 0.56591057777404796 7.5446379184722909 0.08856209367513658 4.2641546726226816 0.036492394283413894 0.8874076008796693 49.068323135375984 0.25301367044448858 0.2421255558729172 0.23797596991062167 0.8891618847846986
decision_type=2 2 2 2 2 2 2 2 2 2 2 2 2 2 2 2 2 2 2 2 2 2 2 2 2 2 2 2 2 2
left_child=2 28 5 13 -5 7 12 8 25 29 14 -10 -7 -4 -8 16 21 22 19 24 -19 -3 -18 -11 -17 -1 -12 -14 -2 -9
right_child=1 15 3 4 -6 6 10 9 11 23 26 -13 27 -15 -16 18 17 20 -20 -21 -22 -23 -24 -25 -26 -27 -28 -29 -30 -31
leaf_value=0 0.0086687618145914469 0.012233055208869834 0.010251322564654842 -0.012456121351637718 0.00077020060013265187 -0.0048616404248201578 0.0018961478178376257 -0.007450155827182647 -0.0090680696380641169 0.00043571536804356783 0.0092825826189646462 0.0053729237768423456 0 -0.0049111665619301342 -0.010808898116086095 0.010000416913344454 -0.016759220996578214 0.0036152933730895808 -0.0107210554788901 -0.0063865162825154226 -0.008272326382905041 -0.0049795606279067978 0.0025476189116124593 0.014624213182482925 -0.002138715443742889 0.011356413555096319 -0.0018210998316980614 0.014724602228770828 -0.0042827175259776123 0.005112619141432519
leaf_weight=2.2782938438176661 2.6466122861820653 1.1095279320143188 2.0227864085172764 3.6125301333086099 1.852950958178553 0.71689230386982572 1.0662846907362089 0.96598005933628739 3.6817743688225164 1.872891581369913 1.1545915638998847 1.0699708315514724 1.1641890341488763 0.50775249395519484 4.9152800091469544 3.9117673132641348 4.4572862731874903 2.7627548651871621 1.0743781239725647 1.3848147019743917 3.1049542101682164 0.64414310289430421 0.24243697221390892 5.8185701645634254 1.0622836916882077 1.9320911461545618 3.1239009287164663 2.1637877344182925 0.34324757149443019 1.1934047655959146
leaf_count=420 1665 422 440 671 536 108 123 240 664 423 264 218 370 45 1095 587 780 832 247 378 604 153 89 672 234 441 582 543 17 394
internal_value=0 -0.00256619 0.00149308 -0.00318743 -0.00808244 0.00277138 -0.000374102 0.0052127 0 0.00926519 -0.00395465 -0.00492596 0.0070971 0.00582991 -0.00816718 -0.00418182 -0.0066083 -0.00913329 0 0.0031905 -0.00252691 0.00530886 -0.0149647 0.0119621 0.00698171 0.00596441 0.00179789 0.0108944 0.00572924 -0.000136993
internal_weight=63.8581 22.7442 41.1139 7.99602 5.46548 33.1179 14.3049 18.813 8.96213 9.85085 10.2601 4.75175 4.04487 2.53054 5.98156 19.7543 12.3211 10.5674 7.43324 6.35887 5.86771 1.75367 4.69972 7.69146 4.97405 4.21038 4.27849 3.32798 2.98986 2.15938
internal_count=14257 6008 8249 1692 1207 6557 3085 3472 1743 1729 2064 882 1021 485 1218 4326 2880 2305 1446 1199 1436 575 869 1095 821 861 846 913 1682 634
is_linear=0
shrinkage=0.03


Tree=176
num_leaves=31
num_cat=0
split_feature=13 0 14 44 38 41 20 30 20 15 39 5 39 35 49 2 13 35 0 36 45 47 42 3 35 41 7 32 22 11
split_gain=0.34548 0.405796 0.50477 0.686317 0.376247 0.325316 0.356457 0.325001 0.295276 0.281295 0.276134 0.275639 0.265614 0.312076 0.312303 0.302259 0.310624 0.399974 0.334531 0.263439 0.364793 0.259511 0.251288 0.243894 0.212541 0.213489 0.21365 0.211805 0.211567 0.201721
threshold=34.642435073852546 9.5884079933166522 8.1682567596435565 0.064172957092523589 0.46875000000000006 0.97314107418060314 0.040184728801250465 0.13671875000000003 0.042494991794228561 0.72380954027175914 0.9717320203781129 0.35561597347259527 0.890434890985489 0.56983482837677013 1.2850705385208132 0.42187500000000006 28.619110107421879 0.80188247561454784 5.3894550800323495 0.29603244364261633 0.1939218267798424 0.975785791873932 0.81678402423858654 0.9363793432712556 0.63036617636680614 0.99229732155799877 3.034834742546082 0.033876834437251098 0.37296865880489355 0.62500000000000011
decision_type=2 2 2 2 2 2 2 2 2 2 2 2 2 2 2 2 2 2 2 2 2 2 2 2 2 2 2 2 2 2
left_child=12 2 3 5 -4 6 -2 -3 11 -10 -6 22 13 14 -1 24 18 21 -17 20 -5 -18 -9 -11 25 26 -14 -15 -7 -26
right_child=1 7 4 19 10 28 -8 8 9 23 -12 -13 15 27 -16 16 17 -19 -20 -21 -22 -23 -24 -25 29 -27 -28 -29 -30 -31
leaf_value=0.0082178792256279911 -0.014942474083093833 -0.0083140874137113564 0 0.013840308501354405 -0.019230335067583888 -0.0053315881037674503 0 0.0088681004053774645 0.004339851219314475 -0.014350765554881767 0 -0.002081853729309057 -0.0055945833438659862 0.0027260436405558879 -0.0070175747609294197 0.0062317331372173431 0.01786785603464847 -0.0038898469345284644 -0.0084179385256424773 -0.0022690592341119212 -0.0020367471744835346 0 -0.0031752645969621799 0.0025185892901764969 -0.0094381034490562381 0.0082287045499440103 0.0039577776745976321 -0.010950726767669099 0.010720069037950789 0.0031948838748769421
leaf_weight=2.5101622820438965 3.4507427404169011 1.739064827372206 2.14746257499064 2.9732110752083827 3.1710382134187967 0.25279895169660438 1.8473934708745217 8.5394453032931743 0.98466077484044889 1.4424325642758047 1.0353746976761611 2.8389750400128824 2.8741571908685746 0.50352833836223032 0.75994907820131619 2.8928308306931267 3.5576918395308894 0.47137003182433534 1.1442622168106025 1.6715170094976199 1.1560583855898583 0.51875176487374108 0.93462997436290685 0.36165297939442087 2.0589134267211189 3.1074771654893993 3.5387165271931735 2.8665463411889505 0.62413821143127279 0.73867241315019772
leaf_count=620 802 236 383 270 625 56 326 1618 282 250 196 851 728 140 55 1263 573 128 109 202 133 105 304 34 645 867 1216 607 186 479
internal_value=-0.00016814 -0.00215562 -0.00515531 -0.000989005 -0.0113977 -0.00757769 -0.0103367 0.00104707 0.00276077 -0.00448914 -0.0157649 0.00484199 0.00225125 -0.00245377 0.00316046 0.00392664 0.00795334 0.0126218 0.000637037 0.00566659 0.0092799 0.0155122 0.00720386 -0.010207 0.000508537 0.00286 -9.59229e-05 -0.00806458 0.00411919 -0.00534958
internal_weight=62.7136 35.1706 18.3297 11.9759 6.35388 6.17507 5.29814 16.8409 15.1018 2.78875 4.20641 12.3131 27.543 6.64019 3.27011 20.9028 8.58491 4.54781 4.03709 5.80079 4.12927 4.07644 9.47408 1.80409 12.3179 9.52035 6.41287 3.37007 0.876937 2.79759
internal_count=14289 6754 3179 1975 1204 1370 1128 3575 3339 566 821 2773 7535 1422 675 6113 2178 806 1372 605 403 678 1922 284 3935 2811 1944 747 242 1124
is_linear=0
shrinkage=0.03


Tree=177
num_leaves=31
num_cat=0
split_feature=0 0 44 41 24 23 47 14 32 2 14 33 45 33 45 14 32 50 36 37 47 33 33 32 34 6 6 45 23 35
split_gain=0.356773 0.369849 0.453996 0.485167 0.489677 0.49492 0.453318 0.448904 0.416798 0.449153 0.417884 0.337147 0.36728 0.331434 0.263897 0.340062 0.332621 0.456665 0.265069 0.259672 0.247477 0.237867 0.229983 0.224432 0.213429 0.209503 0.207441 0.262525 0.206649 0.213761
threshold=6.5442335605621347 10.423141479492189 0.064172957092523589 0.97809410095214855 0.30609977245330816 0.49889841675758367 0.93593749403953563 6.9715201854705819 0.035566134378314025 0.35937500000000006 9.0366902351379412 58.516757965087898 0.1939218267798424 45.098779678344734 0.15834405273199084 5.3837177753448495 0.039692649617791183 0.16230958700180056 0.31958809494972235 0.24280040711164477 0.4066032618284226 34.42016792297364 69.033008575439467 0.045912656933069236 0.67389047145843517 0.086798552423715605 0.072814591228961958 0.17710318416357043 0.56902757287025463 0.55294653773307811
decision_type=2 2 2 2 2 2 2 2 2 2 2 2 2 2 2 2 2 2 2 2 2 2 2 2 2 2 2 2 2 2
left_child=13 2 3 4 6 -6 -2 11 10 28 -3 12 -4 26 15 18 17 -16 24 -19 -12 -22 -13 -18 -15 -11 -1 -28 29 -10
right_child=1 8 7 -5 5 -7 -8 -9 9 25 20 22 -14 14 16 -17 23 19 -20 -21 21 -23 -24 -25 -26 -27 27 -29 -30 -31
leaf_value=0.0033293765195300932 -0.016160420689597738 -0.0034593283041606266 0.01437239164256064 0.0047183335941180559 0.0095179311923856372 -0.009424078414263513 0.0016290033052737496 -0.0054239768395836297 0.0053416078562904612 -0.010604650807581622 -0.0020439992169753976 -0.0083004917279992044 -0.0024847240426464023 0.012611091139500551 -0.0057878058324095961 -0.0030443082185768224 -0.0075881859563880849 0.015554506041678663 -0.0029718409065335274 -0.0011411303297729637 -0.00082806871003957233 0.01807173020063509 0.004913478902693052 0.002286989327670871 -0.0013688583033623877 0.0003660260057880406 -0.011598592389595989 0.0033791444057844604 0.012485893353445751 -0.0070851593073307413
leaf_weight=1.3007817443285628 6.8142035961500387 1.0542318632142258 2.9376010839041542 1.4828562732000126 1.5424718283757104 1.4219633210741447 0.98400597751606245 5.7794684421169222 1.9112960627389823 3.4021706123021431 0.25493498914875123 1.4555542457965205 0.89479680475778867 7.4604785038827703 0.93052017445734092 1.3651351463413437 3.5946582364631467 2.3044687091096425 0.55591614395962086 0.52913457635440853 0.2662939504371028 2.6426724012671912 1.1240413171472026 2.4802356215222972 0.47962750936858345 1.5533745459251802 2.3911497923836582 0.61161162747885089 0.9639161600061924 1.177670607154141
leaf_count=253 1400 208 306 406 350 213 335 1009 292 621 33 216 110 2624 235 402 866 863 82 81 74 587 101 710 90 478 497 214 502 184
internal_value=0 -0.00183089 -0.00400175 -0.00784867 -0.0100891 0 -0.0136447 0 0.00196841 -0.00150931 0.00883639 0.00525349 0.010116 0.00276738 0.00446477 0.00771983 0.000514355 0.00681783 0.00990378 0.0121699 0.0135007 0.0158049 -0.00194041 -0.00337897 0.0113724 -0.007178 -0.00381378 -0.00771635 0.00487704 0
internal_weight=61.6672 37.6635 24.437 12.2455 10.7626 2.96444 7.79821 12.1915 13.2266 9.00843 4.21813 6.41199 3.8324 24.0037 19.7002 9.86116 9.83902 3.76412 8.49602 2.8336 3.1639 2.90897 2.5796 6.07489 7.94011 4.95555 4.30354 3.00276 4.05288 3.08897
internal_count=14342 7425 4446 2704 2298 563 1735 1742 2979 2077 902 733 416 6917 5953 3198 2755 1179 2796 944 694 661 317 1576 2714 1099 964 711 978 476
is_linear=0
shrinkage=0.03


Tree=178
num_leaves=31
num_cat=0
split_feature=32 43 33 3 33 14 27 0 30 15 25 37 23 3 34 30 42 41 32 5 48 20 28 6 22 0 41 35 3 6
split_gain=0.294475 0.556192 0.429025 0.402586 0.476825 0.423537 0.619613 0.387779 0.367146 0.36374 0.528953 0.39334 0.295548 0.264275 0.262107 0.265133 0.253183 0.305593 0.239925 0.232216 0.178998 0.176448 0.172788 0.159883 0.152802 0.142891 0.140592 0.121477 0.141415 0.115132
threshold=0.037622105330228812 0.50273951888084423 65.789165496826186 0.81325298547744762 69.511726379394545 14.016976356506349 0.98722070455551159 15.183836460113527 0.19140625000000003 0.53589746356010448 0.14424175769090655 0.25109937787055975 0.6627480983734132 0.40481132268905645 0.66942009329795849 0.12890625000000003 0.32919111847877508 0.99191969633102428 0.043302346020936973 0.03718963451683522 0.27155998349189764 0.042142869904637344 0.76260724663734447 0.07385899126529695 0.5791832208633424 4.9515342712402353 0.38739128410816198 0.80188247561454784 0.1897820979356766 0.16512207686901095
decision_type=2 2 2 2 2 2 2 2 2 2 2 2 2 2 2 2 2 2 2 2 2 2 2 2 2 2 2 2 2 2
left_child=1 8 12 5 -5 9 7 19 13 16 -11 -12 14 26 15 -3 22 -18 -6 -7 -10 25 -2 -15 -25 -22 -1 28 -14 -28
right_child=3 2 -4 4 18 6 -8 -9 20 10 11 -13 27 23 -16 -17 17 -19 -20 -21 21 -23 -24 24 -26 -27 29 -29 -30 -31
leaf_value=-0.0024005323004369452 0.0099937869779043852 -0.0035699889637226196 -0.0057675911010110431 0.012512434130831305 0.0047191758811284722 4.3029215061472222e-05 0.0064037182999925092 0.0050528317384135159 0.00083636425712420607 -0.0074541285175885423 0.010038939079131632 -0.0047435221952019518 0.0084714330502574098 0.0040530107371075331 -0.0017261611022022123 0.013964918384092515 -0.0070415141725039231 0.0020185090656946428 -0.010706327717914762 -0.016563485553661338 0 0.0012031474546574015 -0.0008482684676308789 -0.011209796105648758 0.0019330493452774423 -0.013474182330071503 0.011837330225575772 -0.0067316393205411494 -0.0022631525135690576 0
leaf_weight=0.17418142454698893 0.94004073239921782 0.17205974832176973 1.1526470254102594 2.725138893176335 0.558319751791714 0.45723026740597461 1.0611089595913652 0.2823400050838244 1.1592873709014382 1.8854883271123961 6.5470573851926019 1.1159438111353663 1.1644505884250973 0.58614692342234809 0.61741638006060373 7.5581219718078501 12.132156688254325 3.3752038930324479 0.99460541957523674 4.8602475204788789 0.477150599137531 0.48864261066773895 2.4857425332011189 1.2635990155977195 0.32259449226694403 3.2103175273223314 2.4605009011065708 0.57217146597395174 0.95788210865794088 0.33199117349431606
leaf_count=6 187 8 334 385 77 63 179 136 488 545 1556 352 428 67 160 1594 2912 1037 153 824 202 81 354 153 70 629 517 339 324 96
internal_value=5.64665e-05 0.00275746 0.00693029 -0.00145234 0.00617833 -0.0026095 -0.00891866 -0.012807 -0.00201986 -0.000779765 0.00362314 0.00724084 0.00887379 0.00306535 0.0113973 0.0128668 -0.00322114 -0.00488503 -0.00430914 -0.0148799 -0.00710214 -0.00962129 0.00303483 -0.00327492 -0.00766294 -0.0116464 0.0081195 0 0.00349259 0.0100267
internal_weight=62.0898 22.6692 12.1947 39.4206 4.27806 35.1426 6.66093 5.59982 10.4744 28.4816 9.54849 7.663 11.0421 5.13901 8.3476 7.73018 18.9331 15.5074 1.55293 5.31748 5.3354 4.17611 3.42578 2.17234 1.58619 3.68747 2.96667 2.6945 2.12233 2.79249
internal_count=14256 5496 3187 8760 615 8145 1202 1023 2309 6943 2453 1908 2853 909 1762 1602 4490 3949 230 887 1400 912 541 290 223 831 619 1091 752 613
is_linear=0
shrinkage=0.03


Tree=179
num_leaves=31
num_cat=0
split_feature=0 15 36 34 22 40 43 9 35 41 44 48 44 50 3 39 32 36 23 14 6 43 36 35 46 40 7 0 20 22
split_gain=0.244602 0.320239 0.449137 0.483886 0.314339 0.304419 0.370806 0.432208 0.441991 0.331263 0.388455 0.298874 0.284385 0.317878 0.298868 0.279061 0.257381 0.268361 0.315001 0.252594 0.245489 0.234133 0.227146 0.22292 0.222057 0.226253 0.2124 0.201322 0.195497 0.193948
threshold=6.5442335605621347 0.29670330882072454 0.28536699712276464 0.52582207322120678 0.57300525903701793 0.76176500320434581 0.61584270000457775 0.62136822938919078 0.45295611023902899 0.86263683438301098 0.45584416389465338 0.58197692036628734 0.060915276408195503 0.096476528793573393 0.50568717718124401 0.93146175146102916 0.053566453978419311 0.16904441267251971 0.39675329625606542 0.90430814027786266 0.071123894304037108 0.81637427210807811 0.26880033314228063 0.46642626821994787 0.99584627151489269 0.48540672659873968 3.4579478502273564 11.3326473236084 0.037473320960998542 0.52189388871192943
decision_type=2 2 2 2 2 2 2 2 2 2 2 2 2 2 2 2 2 2 2 2 2 2 2 2 2 2 2 2 2 2
left_child=1 2 16 19 20 9 7 22 -9 10 12 -10 14 -14 -2 26 17 -1 -19 -4 29 -11 23 -7 -6 -26 -8 -17 -23 -3
right_child=5 4 3 -5 24 6 15 8 11 21 -12 -13 13 -15 -16 27 -18 18 -20 -21 -22 28 -24 -25 25 -27 -28 -29 -30 -31
leaf_value=-0.0030866893051248265 -0.0078565948032271894 0.0050615049834973821 -0.015231809605289933 0.0080029274093418989 -0.0046467540694038554 -0.004307206249437672 -0.0026150475900338344 0.0021077243613504934 -0.01673144293345492 0 -0.0081854798032636161 0 -0.0038787838082433579 0.010078189203643947 0.007253346293125405 -0.007317054931094834 -0.0029229518892226998 0 0.0159947450605833 0.0011148335501552891 -0.0070540274906158822 -0.013679847268580896 -0.0059274790153610217 0.010762254788572949 -0.0026359068975680879 0.012210661564313094 0.010647983212840028 0.0032728530369609248 0.0019583474952748099 -0.0059411887653283771
leaf_weight=0.3392890015893516 1.8809945928078406 3.3533358799322723 1.3131447623745773 1.2585356653435154 0.43489695648895521 0.34706886694766792 0.69039041642099563 1.1481640042620709 5.2649150273209671 4.0167244979238594 1.1017545274662541 0.80515302527783195 0.87248638532764555 7.7946617147972574 0.90322300858679216 3.2785943694179878 0.51352580120146729 1.1399020019453017 4.8731701618380612 0.65290371463925101 6.0272626173682511 1.7432559503358791 1.387268977880012 1.5625220623260245 0.44023619794461444 2.4591930289170705 2.1578903189511038 1.4014381810338816 0.25991263677133236 1.0377564984373746
leaf_count=49 413 736 162 188 67 99 140 240 894 1063 116 246 117 1300 127 787 142 223 1911 111 2064 252 306 347 179 872 409 398 81 212
internal_value=-0.000176962 0.00208189 0.00591394 -0.00220513 -0.000736658 -0.00174383 -0.00443972 -0.00784232 -0.0115513 0.000814936 0.00364029 -0.0144919 0.00558503 0.00810697 -0.00154063 0.000323341 0.00990405 0.0116055 0.0131843 -0.0102462 -0.00347185 -0.00432864 0.000378398 0.00645328 0.00594674 0.0090892 0.00680946 -0.00359983 -0.0106754 0.00128503
internal_weight=60.4596 23.8432 10.0905 3.22458 13.7527 36.6164 18.0434 10.5151 7.21823 18.573 12.5531 6.07007 11.4514 8.66715 2.78422 7.52831 6.86589 6.35236 6.01307 1.96605 10.4184 6.01989 3.29686 1.90959 3.33433 2.89943 2.84828 4.68003 2.00317 4.39109
internal_count=14251 6916 2786 461 4130 7335 3866 2132 1380 3469 2073 1140 1957 1417 540 1734 2325 2183 2134 273 3012 1396 752 446 1118 1051 549 1185 333 948
is_linear=0
shrinkage=0.03


Tree=180
num_leaves=31
num_cat=0
split_feature=32 6 31 45 1 23 37 43 33 30 7 25 37 20 27 46 43 27 41 3 29 28 38 22 41 22 34 34 28 14
split_gain=0.377606 0.356543 0.399142 0.336033 0.423103 0.376244 0.341844 0.331853 0.37526 0.342264 0.323241 0.312905 0.296891 0.311262 0.294273 0.325459 0.289952 0.287947 0.285262 0.265811 0.252929 0.320664 0.23077 0.232613 0.27129 0.217473 0.213694 0.21079 0.210354 0.207665
threshold=0.039639718830585487 0.09819332137703897 0.026100731454789642 0.15684889256954196 0.5670992136001588 0.37865440547466284 0.19200835376977923 0.57477799057960521 66.395481109619155 0.18359375000000003 3.9494695663452153 0.19863823056221011 0.25418736040592199 0.051588542759418494 0.97469398379325878 0.99913194775581371 0.34300541877746588 0.98722070455551159 0.70783498883247387 0.071598723530769362 0.95156317949295055 0.58338117599487316 0.65625000000000011 0.38925288617610937 0.95334038138389599 0.54971992969512951 0.41448882222175604 0.40422055125236517 0.93269726634025585 13.783210277557375
decision_type=2 2 2 2 2 2 2 2 2 2 2 2 2 2 2 2 2 2 2 2 2 2 2 2 2 2 2 2 2 2
left_child=1 7 18 6 -5 -6 20 14 9 -9 11 -8 13 -7 15 28 -16 -12 25 -11 -2 -22 23 -4 -25 -3 -20 -23 -1 -28
right_child=3 2 22 4 5 12 10 8 -10 19 17 -13 -14 -15 16 -17 -18 -19 26 -21 21 27 -24 24 -26 -27 29 -29 -30 -31
leaf_value=-0.013315259927077456 -0.0050054735821695676 -0.0095332835002320832 0.0012092019325004378 0.0064373760662389265 0.0051589333907203971 -0.012013159621335036 -0.0060303649355727008 -0.00024670065757272428 -0.0026069258796154069 0 -0.013482293087533154 0.0067491467781333357 0.0016937937010166634 0.0034566152186462661 0.012917715062390032 0.0018890246484123815 -0.001274496712377368 0.0025496277760274863 -0.0015711974326216758 0.016437687315130869 -0.0018412880960521068 0 0.0022341314568958153 -0.013888316069636582 0 0.0046922550483254567 0.01536502449701406 0.013302835570361854 0.0023697058808913193 -0.0012304799888632483
leaf_weight=2.1713257277442666 1.0041920753792535 1.0799561038438676 1.1242222447472157 1.1635678397433356 0.92218650889117171 10.665808885991279 2.0641712390060984 1.4926572160475169 1.570817323416122 1.2489368344977263 2.7225565399712655 2.8014924783929018 1.2405135842527659 0.54886388496379446 1.5166796124976829 3.0154461124911904 1.660484425978211 0.61295371336746018 0.59611030682572197 4.6210263655157178 1.8670764961279926 0.96416175729245868 1.4757789702343869 3.9847176768307691 1.2668256389515589 0.65948521925020021 1.9508629667034258 3.5976206452905899 0.27654906234238286 0.29391864026547398
leaf_count=401 391 91 300 460 233 2460 433 194 250 285 705 675 344 118 157 776 332 130 163 1052 437 120 807 797 739 85 502 683 35 75
internal_value=-0.000640327 0.00165375 -0.00198538 -0.00299763 -0.00612256 -0.00779544 0 0.00435789 0.00809799 0.0107793 -0.00390139 0.00071241 -0.00928968 -0.0107894 0 -0.0039634 0.0062528 -0.00993566 0.00415711 0.0136475 0.00445818 0.00681504 -0.00597245 -0.0083241 -0.0107118 -0.0033007 0.00917499 0.0105914 -0.0104998 0.012558
internal_weight=60.181 30.0058 12.4319 30.1752 14.5409 13.3774 15.6342 17.5739 8.93344 7.36262 8.20117 4.86566 12.4552 11.2147 8.64048 5.46332 3.17716 3.33551 4.58033 5.86996 7.43305 6.42886 7.85154 6.37577 5.25154 1.73944 2.84089 4.56178 2.44787 2.24478
internal_count=14230 7041 3559 7189 3615 3155 3574 3482 1781 1531 1943 1108 2922 2578 1701 1212 489 835 916 1337 1631 1240 2643 1836 1536 176 740 803 436 577
is_linear=0
shrinkage=0.03


Tree=181
num_leaves=31
num_cat=0
split_feature=34 6 13 24 33 1 37 36 47 39 24 24 7 46 1 4 5 50 34 34 48 39 39 1 40 42 29 32 34 6
split_gain=0.313885 0.300413 0.420927 0.393984 0.540665 0.402687 0.295564 0.442075 0.45908 0.323797 0.291246 0.288204 0.278106 0.269807 0.319308 0.246478 0.242553 0.240132 0.233783 0.233766 0.2311 0.188384 0.182399 0.126974 0.126366 0.105245 0.0968963 0.0963348 0.100247 0.0921694
threshold=0.66942009329795849 0.10273755714297296 26.218254089355472 0.29476444423198706 60.96076965332032 0.78211793303489696 0.1124301701784134 0.27095697820186621 0.8891618847846986 0.88737508654594432 0.24726380407810214 0.2977647483348847 3.7708650827407841 0.99488958716392528 0.69016978144645702 0.92726004123687755 0.2075786963105202 0.49526421725749975 0.5137193799018861 0.56982138752937328 0.25664095580577856 0.7981218993663789 0.97614067792892467 0.62391895055770885 0.71603563427925121 0.74249926209449779 0.97900760173797619 0.059080088511109359 0.39304247498512274 0.07924047484993936
decision_type=2 2 2 2 2 2 2 2 2 2 2 2 2 2 2 2 2 2 2 2 2 2 2 2 2 2 2 2 2 2
left_child=1 3 22 6 5 17 9 8 -8 29 12 -6 23 14 -12 26 -9 -5 -13 -11 -15 -17 27 -4 -14 -23 -2 28 -3 -1
right_child=15 2 10 4 11 -7 7 16 -10 19 13 18 24 20 -16 21 -18 -19 -20 -21 -22 25 -24 -25 -26 -27 -28 -29 -30 -31
leaf_value=-0.0075705338613499913 0.0080867505778837584 0 -0.00042218217042958489 0.014811578761264755 0.0089451159346046593 -0.0023616246285006561 -0.0027192188960374359 -0.011883995809964673 0.0081539703139293148 0.014887135634669691 -0.0064738911629453177 0.00053676104209745776 0.0020481289935679547 0.0031512228002237076 0.0074779939380125397 0.001553624305710074 0 -0.0018615336303089394 -0.011132783665211036 -0.00075961313275363655 -0.0093817741402313203 -0.01438046278170841 -0.0018194976123576273 0.010463398604827097 -0.0086760455368760682 0 -0.0024468752987835871 0 0.014506324745953082 0.0024271020253895962
leaf_weight=0.77142219340749141 0.41935354455927099 0.39018772559939296 0.5833877674449498 6.3173579648573632 0.85061573746497732 1.0645100137335246 7.9410972830155533 3.5882680679787873 4.5912861225151573 2.0875437551294458 1.8306481469844578 2.500165625482623 0.58930796635104332 0.63720636835205269 2.0236134469450917 0.33391937846317921 2.3015911296315608 0.29160855192458246 1.6175533032655947 0.58537781470658945 9.8170595843039319 2.5127999300530068 0.6750252600540988 2.0008985431268229 1.2301167646510291 0.23439829066046503 0.40130330860847607 0.17040781007381145 1.4880641643358101 0.27698348381090909
leaf_count=109 230 163 203 1184 95 167 1755 515 1235 474 316 459 205 296 283 105 684 66 281 116 2150 388 339 555 339 146 123 25 1186 77
internal_value=0 0.000660068 -0.00200304 0.00239512 0.00640631 0.0109647 0 -0.00170592 0.00135071 0.00666109 -0.00377436 -0.000788818 0.00215364 -0.00581628 0.000264768 -0.00724882 -0.00789728 0.0135337 -0.00474076 0.0113698 -0.00814753 -0.0106787 0.00710612 0.00773686 -0.00464403 -0.012984 0.00277325 0.0106633 0.0122703 -0.00356924
internal_weight=60.1231 56.2213 21.4359 34.7854 12.6418 7.67348 22.1436 18.4222 12.5324 3.72133 18.7122 4.96833 4.40371 14.3085 3.85426 3.90177 5.88986 6.60897 4.11772 2.67292 10.4543 3.08112 2.72368 2.58429 1.81942 2.7472 0.820657 2.04866 1.87825 1.04841
internal_count=14269 13277 6060 7217 2252 1417 4965 4189 2990 776 4347 835 1302 3045 599 992 1199 1250 740 590 2446 639 1713 758 544 534 353 1374 1349 186
is_linear=0
shrinkage=0.03


Tree=182
num_leaves=31
num_cat=0
split_feature=41 45 30 6 3 5 11 4 32 37 34 7 4 13 29 21 30 32 3 6 2 35 29 40 4 23 42 0 42 35
split_gain=0.491595 0.260975 0.364372 0.33152 0.33294 0.244326 0.282554 0.552308 0.529826 0.498957 0.415972 0.307393 0.274112 0.242996 0.220213 0.215116 0.307406 0.206204 0.203747 0.172567 0.130503 0.100582 0.122641 0.127862 0.0857278 0.0750707 0.0701661 0.0678556 0.0557546 0.0552154
threshold=0.99670004844665538 0.093699622899293913 0.13671875000000003 0.054231388494372375 0.17906456440687182 0.54919657111167919 0.62500000000000011 0.95605885982513439 0.051567858085036285 0.13113176822662356 0.62063875794410717 6.2423205375671396 0.90474665164947521 53.635166168212898 0.99759337306022655 54.686992645263679 0.23828125000000003 0.035146744921803481 0.9363793432712556 0.035095334053039558 0.14062500000000003 0.34738816320896154 0.99960452318191539 0.63490355014801036 0.81221711635589611 0.49557372927665716 0.90967366099357616 6.7514281272888192 0.94174209237098705 0.48326861858367925
decision_type=2 2 2 2 2 2 2 2 2 2 2 2 2 2 2 2 2 2 2 2 2 2 2 2 2 2 2 2 2 2
left_child=1 2 27 13 14 6 7 10 11 -9 -3 -8 24 19 -5 26 25 -6 20 -4 -14 -18 23 -23 -7 -17 -2 -1 -26 -10
right_child=15 5 3 4 17 12 8 9 29 -11 -12 -13 18 -15 -16 16 21 -19 -20 -21 -22 22 -24 -25 28 -27 -28 -29 -30 -31
leaf_value=0 0.014569528319807816 -0.0084417756061408201 0 0.0094902158537442504 0.0037203825243876461 -0.0027704258825958623 0.013423294444954 0.010468833116028137 0 -0.0012847615489226362 0.0030428116410475309 -0.0036381568980631265 0.00094733929557829139 -0.00083071705349748598 -0.0037062566712817348 0 -0.0016249651222875403 -0.006403138693796679 0.0023337163627497582 0.019681009096251662 -0.012772708189620919 0 -0.0007407386790764922 0.014078257885958571 0.0092023188969350151 -0.011068022579142533 0 -0.010412510740535787 0 -0.010758187302320988
leaf_weight=0.25705913396086444 1.9614402959414285 12.501307554506637 0.45041309635416782 3.7122704094072088 1.5645589358318828 0.17459912574849923 3.0501410200813548 3.2772757584534711 0.13742532697506238 11.687947512291428 2.6025543565046982 0.44872730970382679 0.11113914378802281 0.45743190495704755 0.53603784105507646 0.1745834254252262 0.23111227469053153 4.2514479147284874 0.34365241602063168 1.3061108871625036 4.6454808452435827 0.58382025788887437 0.35041513480246056 1.3048499293654456 0.62004511013947194 0.65381688957859296 0.28304819771437895 1.106380000041099 0.099967480258783326 0.66287761702551506
leaf_count=30 1040 2379 132 1043 329 68 1278 563 81 2077 548 74 106 60 79 34 54 1033 42 173 1618 173 16 379 327 115 147 111 19 145
internal_value=-0.000147402 -0.00111743 0.00225034 0.0042049 0.00107941 -0.00235506 -0.00117259 -0.00230248 0.00510715 0.00159579 -0.0062105 0.010246 -0.00756844 0.0127229 0.0068646 0.0075712 0.000862076 -0.0030934 -0.0101503 0.0163618 -0.0118221 0.00646028 0.00846504 0.0108767 0.003156 -0.00859371 0.0132019 -0.0084136 0.00711247 -0.00890509
internal_weight=59.5479 54.0049 13.6417 12.2783 10.0643 40.3631 34.3683 30.0691 4.29917 14.9652 15.1039 3.49887 5.99488 2.21396 4.24831 5.54309 3.2986 5.81601 5.10027 1.75652 4.75662 2.4702 2.23909 1.88867 0.894612 0.8284 2.24449 1.36344 0.720013 0.800303
internal_count=14273 12315 2990 2849 2484 9325 7145 5567 1578 2640 2927 1352 2180 365 1122 1958 771 1362 1766 305 1724 622 568 552 414 149 1187 141 346 226
is_linear=0
shrinkage=0.03


Tree=183
num_leaves=31
num_cat=0
split_feature=45 30 15 4 37 13 14 38 50 48 37 34 9 21 24 36 3 35 36 16 3 6 34 25 33 32 9 22 47 35
split_gain=0.367989 0.468881 0.354427 0.327099 0.286763 0.296334 0.357943 0.279004 0.279142 0.273819 0.271886 0.268843 0.346069 0.332371 0.258006 0.241419 0.233885 0.220719 0.346305 0.299868 0.291077 0.240783 0.219765 0.198284 0.196603 0.189028 0.166236 0.149462 0.137957 0.136608
threshold=0.074393868446350112 0.13671875000000003 0.14835165441036227 0.94436758756637584 0.16301929205656054 46.412832260131843 22.016265869140629 0.78125000000000011 0.26563872396945959 0.36955238878726965 0.26638989150524145 0.52500331401824962 0.43179629743099218 47.699834823608406 0.29949387907981878 0.28653083741664892 0.73256754875183117 0.65220439434051525 0.25864478945732122 0.23925781250000003 0.10288201645016672 0.10273755714297296 0.53720495104789745 0.25516405701637274 67.271713256835952 0.037978136911988265 0.47534966468811041 0.57748019695281994 0.95846271514892589 0.67385882139205944
decision_type=2 2 2 2 2 2 2 2 2 2 2 2 2 2 2 2 2 2 2 2 2 2 2 2 2 2 2 2 2 2
left_child=1 -1 11 25 17 9 16 8 28 14 -8 12 15 -13 -6 -2 -7 21 19 -19 -20 22 -4 -11 -15 -3 -23 -14 -5 -27
right_child=2 3 4 7 5 6 10 -9 -10 23 -12 13 27 24 -16 -17 -18 18 20 -21 -22 26 -24 -25 -26 29 -28 -29 -30 -31
leaf_value=-0.0084162968875012619 0.00033668128388527512 0.0070940907675911763 0.010990169329423743 0.01861756581785905 -0.0049463900142459665 0.0086619709106387326 -0.010481951333498328 -0.00088843814697518514 0 -0.013259383737047376 0.0043460369757234406 -0.0019660938277648674 0.0088887955484557059 0.017440683623618097 0.0055078190724617837 -0.013609902927784693 -0.00319787423755168 0.0031666199712779637 -0.0057135693423234621 -0.011045951434844416 0.0074010623305803156 -0.007901185133022362 0 0.0015337669516729022 0 -0.0069217219190638619 0.0038074701051878787 -0.0018162612681600937 0 0.0037883790151282274
leaf_weight=0.93248292343923722 1.4426457534500499 1.3796788830150015 3.6927608102705589 3.3895970231460528 8.6290804188902275 3.7045871812260875 2.387242076791154 0.77811500141979184 0.95566627034713736 4.7476438310986842 0.65304479674523452 1.0215386653653697 2.3384100100156506 1.9344912992164611 1.5932745675236208 1.1240432214544851 1.1271772904583484 0.97327929559832949 1.2015300524799384 3.5074898864404531 3.4313916357932612 1.2508709079338589 1.8134332643530795 0.32000168268859841 0.89234579316689622 2.1831017176664322 0.89072570492862713 0.75006246965494927 0.31989192566834379 0.45160410231619597
leaf_count=91 370 600 661 436 2586 935 454 214 239 892 113 273 606 437 337 104 213 255 378 1041 1016 236 368 123 226 474 270 149 56 174
internal_value=0.000378816 0.00527496 -0.000675114 0.00758745 -0.00197472 -0.00409335 0.000296193 0.011795 0.0142235 -0.00641691 -0.00626706 0.00416703 0 0.00935537 -0.00270406 -0.00703331 0.00530689 0.000849653 -0.0020094 -0.00739693 0.00305675 0.00444201 0.00753117 -0.011732 0.0136752 6.94681e-05 -0.00241459 0.00574686 0.0172252 -0.00372336
internal_weight=59.8172 10.3901 49.4271 9.45765 39.9235 23.1621 7.87205 5.44327 4.66516 15.29 3.04029 9.50354 5.65516 3.84838 10.2224 2.56669 4.83176 16.7615 9.11369 4.48077 4.63292 7.64779 5.50619 5.06765 2.82684 4.01438 2.1416 3.08847 3.70949 2.63471
internal_count=14327 2284 12043 2193 9878 5653 1715 945 731 3938 567 2165 1229 936 2923 474 1148 4225 2690 1296 1394 1535 1029 1015 663 1248 506 755 492 648
is_linear=0
shrinkage=0.03


Tree=184
num_leaves=31
num_cat=0
split_feature=41 5 48 24 1 4 45 35 47 49 33 32 49 33 14 14 33 36 32 33 3 15 41 36 47 4 29 41 41 40
split_gain=0.284757 0.282892 0.350318 0.466573 0.250119 0.460971 0.423676 0.261583 0.318754 0.301911 0.235067 0.231733 0.227276 0.209556 0.379806 0.247071 0.17846 0.175675 0.175473 0.16767 0.16368 0.159226 0.152352 0.18595 0.100883 0.084221 0.0807599 0.061376 0.0600847 0.0549414
threshold=0.99739241600036632 0.36752028763294226 0.43502137064933782 0.2233763933181763 0.70838674902915966 0.95220488309860241 0.20806603878736499 0.38128547370433813 0.77914854884147655 0.76291969418525707 70.707107543945327 0.044744217768311507 0.18534722179174426 46.701852798461921 5.8986806869506845 2.244282722473145 57.01111030578614 0.31340555846691137 0.032440913841128356 47.802438735961921 0.13483588397502902 0.74166667461395275 0.85040917992591869 0.26834981143474584 0.51441654562950145 0.98343965411186229 0.99960452318191539 0.84353068470954906 0.9984978735446931 0.81942409276962291
decision_type=2 2 2 2 2 2 2 2 2 2 2 2 2 2 2 2 2 2 2 2 2 2 2 2 2 2 2 2 2 2
left_child=1 4 3 22 7 13 12 21 9 -9 18 26 -7 15 -15 -6 24 -8 -5 -10 25 27 29 -24 -4 -13 -2 -1 -22 -3
right_child=11 2 16 10 5 6 17 8 19 -11 -12 20 -14 14 -16 -17 -18 -19 -20 -21 28 -23 23 -25 -26 -27 -28 -29 -30 -31
leaf_value=-0.0043303719937219567 0.011799295334129722 0.00094750713382456308 0 0 -0.013654031324978102 -0.001268762784409498 -0.00684928275775748 -0.0080025746813422449 -0.0035789419074847891 0 0.0013070609605543102 0.0092401557569993034 0.014358640529661551 0.0077793882152319234 -0.0049775880488473192 0.00017461444254182016 -0.0027389462095605056 0.0063425616739322139 -0.013167503787801122 0.0054393240314813771 0 0.012986377631029576 0.011487666293691001 -0.0028323704958683063 0.013519222732660333 -0.0012061963075151838 0 0.004187080702605173 -0.0086614794788020255 -0.0058831450822607973
leaf_weight=0.73729849519441149 2.8114102610343248 0.58009223797125586 0.36315286997705587 0.58086001119227137 1.0623653235525146 0.40194022239302185 1.4198393769911488 8.3284247711344559 1.4132792811287789 8.7166514974160219 0.76606624345004082 0.50743400670035033 4.8479401039803633 3.6584644552567624 2.6610743852725136 1.695370504632592 0.57324718414020015 0.34020809084177006 6.1586025102078565 5.2995636778505286 0.17929700613603905 0.78429259377298866 1.2369656769878927 0.34047332641057426 0.75175481577753089 0.15729512635152787 0.19333145569544274 0.29253847160725854 0.96976043042377569 0.92620208629523404
leaf_count=173 1247 141 97 168 161 89 233 1973 399 1268 297 175 580 645 491 297 273 15 1494 2131 71 100 630 175 217 44 20 269 143 258
internal_value=0.000220328 -0.0004005 -0.00425331 -0.00640153 0.000737727 0.00359589 0.00887847 -0.00101508 -0.00206128 -0.00424833 -0.010141 0.00655971 0.0126706 -0.00066211 0.00205159 -0.00657017 0.00547438 -0.00183831 -0.0118307 0.00293386 -0.000588954 0.00748377 0.00221998 0.00733317 0.0104142 0.00572646 0.0106936 0 -0.00660298 -0.00272712
internal_weight=58.7552 53.9367 12.2774 10.5893 41.6593 16.0872 7.00993 25.572 23.7579 17.0451 7.50553 4.81853 5.24988 9.07727 6.31954 2.75774 1.68815 1.76005 6.73946 6.71284 1.81379 1.81413 3.08373 1.57744 1.11491 0.664729 3.00474 1.02984 1.14906 1.50629
internal_count=14274 12574 3750 3163 8824 2511 917 6313 5771 3241 1959 1700 669 1594 1136 458 587 248 1662 2530 433 542 1204 805 314 219 1267 442 214 399
is_linear=0
shrinkage=0.03


Tree=185
num_leaves=31
num_cat=0
split_feature=32 49 41 50 16 41 43 13 47 5 24 30 22 0 16 20 22 0 34 50 3 16 42 20 45 2 9 20 42 4
split_gain=0.223751 0.25379 0.51149 0.394064 0.392184 0.359219 0.338775 0.416418 0.381047 0.370489 0.379876 0.321611 0.294953 0.474985 0.392871 0.255957 0.206998 0.227468 0.18998 0.187524 0.179866 0.181585 0.174621 0.136085 0.123609 0.149513 0.118168 0.0970794 0.082553 0.0797447
threshold=0.03290634602308274 0.84271362423896801 0.82684683799743663 0.3097145557403565 0.41308593750000006 0.56154060363769542 0.82661032676696788 34.789615631103523 0.95846271514892589 0.12448623776435853 0.23595657944679263 0.16796875000000003 0.39333185553550726 13.113867759704592 0.28027343750000006 0.034077188000082977 0.46203072369098669 12.614737033843996 0.44713445007801061 0.1733275577425957 0.44524689018726354 0.35253906250000006 0.37952858209609991 0.044041408225893981 0.32405139505863195 0.54687500000000011 1.3742834925651553 0.029559870250523094 0.96799793839454662 0.90474665164947521
decision_type=2 2 2 2 2 2 2 2 2 2 2 2 2 2 2 2 2 2 2 2 2 2 2 2 2 2 2 2 2 2
left_child=20 2 12 4 5 22 9 8 -8 11 -11 -4 23 14 -14 -7 -5 -18 -6 -15 21 24 -3 29 25 28 -20 -9 -1 -2
right_child=1 3 6 16 18 15 7 27 -10 10 -12 -13 13 19 -16 -17 17 -19 26 -21 -22 -23 -24 -25 -26 -27 -28 -29 -30 -31
leaf_value=0.014660159137339479 -0.00098817165003818532 0.0044056911219598266 -0.0029038673875073848 0.0015976016383873284 -0.0084707210501720736 0 0.0086108245511476392 0 -0.0073944132272228246 0.0067716181057639957 -0.0033122266142623534 0.010408399183084246 0.0039571322346122276 -0.003749235893521336 -0.012353629384914142 0.016287566428436963 -0.014607131249237123 0.0030378602900279616 -0.0020677588243091 0.0097651187842131351 -0.0019953227229123315 -6.0916175717166794e-05 -0.0083864631450313552 -0.0051023478924885823 -0.00086081708787827491 0 0.0087711808845182034 -0.014823167467150629 0 0.0076704935588215607
leaf_weight=2.8906086533315833 0.33022550048190136 1.2217965997988338 1.2337540178268742 1.3445321907638565 1.2771085098356709 1.1819796977797521 1.9176015027551323 0.11279997113160778 1.3974972596333826 3.7796177510972475 10.204575243216821 6.0033480489364592 0.75586675988597463 0.57701007684226968 8.8536524108567374 3.8385095932826516 1.2014225384336894 0.1732115465129026 0.67827775239129529 0.98860052923919284 1.3630637471942462 1.347403852480056 0.62485739259864193 0.54402446188032616 0.17743618694657914 0.53462870577641286 0.64083043538630591 1.8536564872774759 0.16037752875126887 1.7653865548491012
leaf_count=666 81 86 163 184 221 141 779 33 333 1368 3036 1737 175 71 1748 375 183 100 247 402 292 439 81 93 64 276 104 414 36 394
internal_value=0.000302309 -0.000329566 -0.00152985 0.00322986 0.00615716 0.00963394 0.000837912 -0.00519231 0.00101849 0.00263984 -0.000116546 0.00769775 -0.00602471 -0.00807169 -0.0105358 0.0132265 -0.00506748 -0.0107774 -0.00232661 0.00409506 0.00518663 0.00760622 -0.000294471 0.0016538 0.0104178 0.0116961 0.00341586 -0.0134877 0.0137139 0.0054585
internal_weight=58.9737 52.5001 40.3176 12.1825 9.46336 6.86714 26.5029 5.28156 3.3151 21.2213 13.9842 7.2371 13.8148 11.1751 9.60952 5.02049 2.71917 1.37463 2.59622 1.56561 6.47352 5.11045 1.84665 2.63964 3.76305 3.58561 1.31911 1.96646 3.05099 2.09561
internal_count=14322 12549 10827 1722 1255 683 7863 1559 1112 6304 4404 1900 2964 2396 1923 516 467 283 572 473 1773 1481 167 568 1042 978 351 447 702 475
is_linear=0
shrinkage=0.03


Tree=186
num_leaves=31
num_cat=0
split_feature=13 48 15 4 48 14 3 41 23 10 21 34 41 25 38 34 14 5 6 4 32 47 36 4 41 28 35 32 34 29
split_gain=0.253465 0.378308 0.286998 0.279364 0.487708 0.55787 0.483494 0.432516 0.431482 0.399411 0.386833 0.429536 0.291705 0.311618 0.25442 0.226597 0.213091 0.212618 0.204931 0.198111 0.214697 0.205664 0.191861 0.197325 0.191854 0.189541 0.217951 0.186441 0.179229 0.190828
threshold=32.168743133544929 0.35980458557605749 0.29670330882072454 0.94492921233177196 0.31017191708087927 22.016265869140629 0.42108348011970526 0.86064261198043834 0.57778275012969982 0.62500000000000011 42.521223068237312 0.48570515215396887 0.83605870604515087 0.21034651994705203 0.65625000000000011 0.60760042071342479 1.0408213734626772 0.11892880499362947 0.15997035801410678 0.98343965411186229 0.053566453978419311 0.92727792263031017 0.33980445563793188 0.89789465069770824 0.98780658841133129 0.48761123418807989 0.79410621523857128 0.035696085542440421 0.40052460134029394 0.98240610957145702
decision_type=2 2 2 2 2 2 2 2 2 2 2 2 2 2 2 2 2 2 2 2 2 2 2 2 2 2 2 2 2 2
left_child=1 19 22 9 12 6 7 -6 -8 10 16 18 13 -5 15 24 -2 -13 -12 20 25 -21 23 -3 -11 -1 -27 -7 -14 -30
right_child=3 2 -4 4 5 27 8 -9 -10 14 11 17 28 -15 -16 -17 -18 -19 -20 21 -22 -23 -24 -25 -26 26 -28 -29 29 -31
leaf_value=0 -0.0031255644788705694 -0.002456117980153447 -0.0089976635708007673 -0.01454459667872577 0.013834962472672765 0.0028951714149387906 0.0057027693657994549 -0.0023446409967378032 -0.0089884968399416357 -0.01610580307561417 -0.012413622452145105 0.0088733208575602698 0.0091636364455336839 0.00018885046704860135 0 0 0.013010961324632553 -0.0020021512271703353 0.002484970171366228 0.004036420590502284 -0.0034920102632348474 -0.0057782945827245169 -0.0069859900952116104 0.010765868011368796 0 0.01215373934855422 -0.0023208545352523648 -0.011140049247528552 0.004683184340139466 -0.0096556211045652103
leaf_weight=2.044235186833248 0.21726589079480785 0.6691722503164782 3.0929643159688567 2.7326126308180418 5.8233073661904182 0.31494012106850222 3.0791981545189628 1.1892632585950194 2.1747551284170186 4.1986652623163527 3.1452292135072644 1.5742156627202346 0.73554821428842831 1.3442830995772963 1.5998064862360477 1.0470527213765306 1.5144028526701729 2.8713185630840599 0.28623931884067122 3.9611836509357081 0.61473979888251129 2.1228045405441662 0.28091263095848251 1.5833545058558227 0.4956797138438559 6.1626225760846864 0.3644055874829063 1.817506214865716 0.4273055464873321 0.77978579950286075
leaf_count=584 31 159 642 446 1093 95 461 293 469 778 665 292 170 238 465 236 562 575 66 1117 205 809 20 289 156 2538 164 247 219 168
internal_value=-0.000370531 0.00214881 -0.00378232 -0.00187682 0.000372115 0.00346864 0.00610511 0.0107665 -0.000363538 -0.00462292 -0.000118772 -0.00339869 -0.00604645 -0.0100153 -0.00943758 -0.0120071 0.0094851 0.00222033 -0.0102136 0.00461675 0.0071798 0 0.00248028 0.00636809 -0.0143699 0.00854351 0.0107461 -0.00784696 0.00183622 -0.00339841
internal_weight=58.2648 20.8964 5.6264 37.3684 20.4185 14.399 12.2665 7.01257 5.25395 16.9499 9.60867 7.877 6.01954 4.0769 7.3412 5.7414 1.73167 4.44553 3.43147 15.27 9.186 6.08399 2.53344 2.25253 4.69434 8.57126 6.52703 2.13245 1.94264 1.20709
internal_count=14252 6527 1110 7725 3899 2658 2316 1386 930 3826 2191 1598 1241 684 1635 1170 593 867 731 5417 3491 1926 468 448 934 3286 2702 342 557 387
is_linear=0
shrinkage=0.03


Tree=187
num_leaves=27
num_cat=0
split_feature=41 31 14 32 20 3 11 0 7 42 29 22 14 29 23 9 27 0 37 22 45 3 49 42 24 34
split_gain=0.330389 0.299304 0.276891 0.374961 0.349367 0.291203 0.334258 0.455045 0.297109 0.326925 0.272463 0.249226 0.195547 0.195177 0.148108 0.146276 0.132315 0.113601 0.10313 0.0684636 0.0462172 0.0372833 0.0319658 0.00796279 0.00261879 0.000105555
threshold=0.99950441718101513 0.098133608698844924 21.075515747070316 0.035910079255700118 0.037114193663001067 0.34140357375144964 0.62500000000000011 10.423141479492189 4.7502014636993417 0.78705966472625744 0.99588418006896984 0.37296865880489355 16.21002292633057 0.95876494050025951 0.49361367523670202 0.42418093979358679 0.9829414188861848 10.423141479492189 0.18304632604122165 0.39965835213661199 0.019472905434668068 0.018530661240220073 0.42904996871948248 0.33852210640907293 0.27255500853061682 0.63470232486724865
decision_type=2 2 2 2 2 2 2 2 2 2 2 2 2 2 2 2 2 2 2 2 2 2 2 2 2 2
left_child=1 2 5 14 18 6 7 -1 9 -7 -6 -8 -10 22 -4 19 20 -16 -5 -2 -15 -22 24 -24 -3 -25
right_child=15 13 3 4 10 8 11 -9 12 -11 -12 -13 -14 16 17 -17 -18 -19 -20 -21 21 -23 23 25 -26 -27
leaf_value=-0.0010807341328836803 0 0.0048953572575178668 -0.0043576005664145677 0.0052242244697209709 -0.016630870388553952 -0.005717739021882268 -0.0012754675595709935 0.0091411462457092977 -0.00042886153860250895 0.0054098197435859929 0.0022413966217923599 0.011642464049837518 0.010743203864672006 0 -0.0016822197462372311 -0.000813303033082477 0.00048393459407089712 0.010140666353774721 -0.0045803503998287894 0.01520693261061601 0 -0.016029916643911551 -0.0028091807920131518 0.00029558219998537279 0 0
leaf_weight=19.82212879862346 0.12913343461695947 0.21969218635058441 0.32161970023298536 1.0905658021583802 2.9155689783692655 13.611289241649503 1.0408805876577378 3.7694145277237103 2.2399467825525785 1.7457739141755144 0.25230582198128093 4.1690335991479515 1.3226825962774453 0.060491278767585643 0.14816819599946018 0.22741914457583323 0.1092154394427779 1.3974413248652124 0.70475046421051946 0.98906267607526388 0.06607769418042142 1.6128095580352235 0.23863839311525226 0.087340915313689038 0.11544036193663487 0.042174458503723145
leaf_count=4384 52 228 56 222 460 2725 268 795 541 428 64 1870 115 8 42 59 76 426 159 212 38 700 24 114 144 6
internal_value=-0.0002819 -0.000771186 -0.000162587 -0.00543752 -0.00942435 0.000626958 0.0025392 0.000735811 -0.00211478 -0.00401597 -0.0142309 0.00878872 0.00450695 -0.00922795 0.0037043 0.0106794 -0.0129458 0.00761318 4.05072e-05 0.0137136 -0.014753 -0.0154303 0.000646292 -0.00138071 0.00448633 0
internal_weight=58.4491 57.1035 54.5516 6.83042 4.96319 47.7212 28.8015 23.5915 18.9197 15.3571 3.16787 5.20991 3.56263 2.55188 1.86723 1.34562 1.84859 1.54561 1.79532 1.1182 1.73938 1.67889 0.703286 0.368154 0.335133 0.129515
internal_count=14216 13893 12555 1429 905 11126 7317 5179 3809 3153 524 2138 656 1338 524 323 822 468 381 264 746 738 516 144 372 120
is_linear=0
shrinkage=0.03


Tree=188
num_leaves=31
num_cat=0
split_feature=14 13 6 14 33 32 6 31 45 7 30 41 15 37 30 20 41 34 37 49 37 5 43 6 29 40 36 35 48 19
split_gain=0.373344 0.278906 0.296817 0.268655 0.329996 0.22508 0.202957 0.248869 0.230764 0.19587 0.179071 0.184019 0.147891 0.144417 0.131216 0.14257 0.117689 0.121479 0.104575 0.10153 0.0954352 0.0897749 0.085807 0.0831597 0.0665408 0.0616348 0.0517876 0.0475638 0.0430658 0.0404803
threshold=37.610967636108406 25.577754974365238 0.04629469849169255 2.108245968818665 47.627315521240241 0.029918110929429535 0.18542132526636126 0.027707451954483989 0.05536394193768502 0.14114634692668918 0.30078125000000006 0.49604037404060369 0.57738095521926891 0.17748580873012546 0.37890625000000006 0.043971218168735511 0.97809410095214855 0.44490811228752142 0.26286059617996221 0.16531101614236834 0.12607167661190036 0.041078314185142524 0.93709641695022594 0.042741401121020324 0.99588418006896984 0.67452585697174083 0.33418841660022741 0.81756743788719188 0.29175002872943884 0.095613863319158568
decision_type=2 2 2 2 2 2 2 2 2 2 2 2 2 2 2 2 2 2 2 2 2 2 2 2 2 2 2 2 2 2
left_child=1 3 10 4 19 26 8 -8 -7 -6 11 -3 -11 28 16 22 25 -18 21 -1 -13 -2 -16 -15 -23 -5 27 -4 -12 -17
right_child=18 2 5 14 9 6 7 -9 -10 12 13 20 -14 23 15 29 17 -19 -20 -21 -22 24 -24 -25 -26 -27 -28 -29 -30 -31
leaf_value=0.0032535569693383937 0 -0.0026538940819027077 0.011249123042758519 -0.0018702082463753909 -0.0010022492285306555 0.0031783776840509405 -0.0046197133586024239 0.011108188918734921 -0.0034355848065577227 0.016479294242865771 0.0073143539463195514 0 0 -0.010363386390561101 0.011176832090148725 -0.0055793875027272425 0.0010960591069365656 -0.010487253421026294 0 -0.0073449039892299521 0.012116646059155982 -0.016572228627113956 -0.00025100025013489698 0.00038032011921486575 0 0.0058909559456473293 0 0 0 0.00095189087195237537
leaf_weight=0.36292620688618438 0.11287242942489584 0.37757206888636519 0.73283577531401423 0.67333317541488236 0.27105503436178002 4.2025469276850336 0.46274745844129839 1.2735518508125094 35.006147106549179 2.9597522043404756 0.31880981125868835 0.65339334317832287 0.17156123160384584 0.67274410021491349 1.0767346210195681 0.4093543966882861 0.34073409363918461 1.4119435897846413 0.247783083897957 0.60490262755774893 2.9429853421024745 1.0661613607662728 0.10340463905595232 0.16562812798656523 0.15065683185821388 0.54421432848903351 0.124900980561506 0.20178299859981053 0.18077664752490819 0.20716669352259487
leaf_count=262 34 33 172 167 11 758 72 316 7639 1628 56 187 65 165 692 145 102 432 52 101 422 245 41 26 43 178 5 100 38 85
internal_value=-0.000161108 0.000291902 -0.000607567 0.00484619 0.00945289 -0.00154205 -0.00204241 0.0056637 -0.00259065 0.0132014 0.00538023 0.00823214 0.015102 -0.00170523 0 0.00472711 -0.00374229 -0.00756541 -0.0113604 -0.00221234 0.0103565 -0.0135346 0.00914362 -0.00755668 -0.0151314 0.00133815 0.00794068 0.00955077 0.00460475 -0.00229768
internal_weight=58.031 56.4535 47.3164 9.13708 4.3702 42.0045 40.945 1.7363 39.2087 3.40237 5.31191 3.97395 3.13131 1.33796 4.76689 1.79666 2.97023 1.75268 1.57747 0.967829 3.59638 1.32969 1.18014 0.838372 1.21682 1.21755 1.05952 0.934619 0.499586 0.616521
internal_count=14272 13898 9989 3909 2067 9062 8785 388 8397 1704 927 642 1693 285 1842 963 879 534 374 363 609 322 733 191 288 345 277 272 94 230
is_linear=0
shrinkage=0.03


Tree=189
num_leaves=31
num_cat=0
split_feature=6 13 18 34 23 15 33 41 4 34 48 4 41 25 49 45 50 24 39 5 47 4 34 3 36 5 48 5 27 49
split_gain=0.23531 0.409838 0.282985 0.272456 0.343287 0.454185 0.260479 0.3084 0.338584 0.298963 0.251893 0.218035 0.210443 0.202553 0.263207 0.209779 0.198233 0.281052 0.187988 0.164734 0.163405 0.150014 0.140549 0.229731 0.137323 0.125457 0.115342 0.109733 0.103187 0.0993441
threshold=0.10769977420568468 26.480503082275394 0.17578125000000003 0.55418926477432262 0.48074099421501165 0.72380954027175914 65.603569030761733 0.38739128410816198 0.9116569757461549 0.65736287832260143 0.48141063749790197 0.91811594367027294 0.99598923325538646 0.24223740398883822 0.90850192308425914 0.032181531190872199 0.22204531729221347 0.29519779980182653 0.97614067792892467 0.21925330907106402 0.98797121644020092 0.94230100512504589 0.54856255650520336 0.25752384960651403 0.2701068669557572 0.039344737306237228 0.40761359035968786 0.71680071949958812 0.97651475667953502 0.46172919869422918
decision_type=2 2 2 2 2 2 2 2 2 2 2 2 2 2 2 2 2 2 2 2 2 2 2 2 2 2 2 2 2 2
left_child=2 18 11 13 -5 10 7 -4 12 -10 -6 22 -9 14 15 -3 17 27 20 25 26 -16 23 -1 -19 -18 -2 -8 29 -15
right_child=1 3 6 4 5 -7 16 8 9 -11 -12 -13 -14 28 21 -17 19 24 -20 -21 -22 -23 -24 -25 -26 -27 -28 -29 -30 -31
leaf_value=0.011681555852857527 0.014413558671783787 0.0027666140973585142 -0.0086580179018560608 -0.0097961762110895922 0.012038576258699188 -0.0077236036357692748 0.010147739351038484 -0.0055071738154970785 0.007722831388130685 -0.0035174609997629153 -0.0023849455184332497 -0.010776117042646581 0.0067536214906406978 0.0024931521142465243 -0.005412071869550907 -0.01116063067600573 0.0015276728153163779 -0.008451549224856289 -0.002700417482840862 0.00097942595556167874 -0.0019015822400064947 0.0069840674409876007 -0.0049028500045230844 -0.0038262352884315407 0.0019734317804053882 -0.010265544073390687 0 -0.00054995960161246334 0.0066603678681548869 -0.007966373022941101
leaf_weight=0.92523314815480195 1.6389945567207211 0.32390525558730843 0.59514615032822149 1.082431369992263 3.2434735735296276 1.0251163897191871 2.1594317107883385 3.4904755519455675 16.629902420638249 1.4511095284324245 0.6550672303783357 1.8995373186553477 0.64678394549264329 0.38404087905655504 0.43984538275981211 8.834305101350763 0.20715485959226532 1.350097672417178 0.63635169580084028 1.4340952765996915 0.2101949220887035 0.98208444722695276 1.0283255866379475 0.50048240910109598 0.93440524683683168 3.1345392580260523 0.28915092555689614 0.37051740899914865 0.72248585880515748 0.56756016646977514
leaf_count=263 1193 77 52 219 809 338 688 930 3131 299 150 331 385 199 94 2178 89 201 332 525 136 80 165 130 108 669 67 166 120 134
internal_value=-0.000228579 -0.00273005 0.00115787 -0.0044917 0.000299322 0.00430426 0.00222011 0.00395207 0.0047774 0.00652644 0.00901047 -0.00512588 -0.00206493 -0.00691165 -0.0083802 -0.0101489 -0.00160075 0.00210902 0.00618721 -0.00557762 0.00980571 0.00125952 0.000232755 0.00566782 -0.00397154 -0.00866002 0.0123201 0.0080192 0.000910683 -0.00309343
internal_weight=57.7922 21.035 36.7572 18.2603 6.00609 4.92366 32.4037 22.8134 22.2183 18.081 3.89854 4.35358 4.13726 12.2542 10.5801 9.15821 9.59024 4.81445 2.77469 4.77579 2.13834 1.42193 2.45404 1.42572 2.2845 3.34169 1.92815 2.52995 1.67409 0.951601
internal_count=14258 6126 8132 4398 1516 1297 7243 4797 4745 3430 959 889 1315 2882 2429 2255 2446 1163 1728 1283 1396 174 558 393 309 758 1260 854 453 333
is_linear=0
shrinkage=0.03


Tree=190
num_leaves=28
num_cat=0
split_feature=41 31 7 3 35 35 37 5 22 33 3 29 34 27 45 45 9 22 42 0 30 49 12 42 0 35 34
split_gain=0.295585 0.252884 0.242487 0.28591 0.357226 0.430352 0.336414 0.382185 0.28022 0.274632 0.178262 0.153537 0.131106 0.111188 0.0725766 0.0692557 0.0577229 0.0558959 0.0481338 0.0422406 0.0379167 0.0365467 0.0203048 0.0142039 0.00898873 0.00457571 0.000762858
threshold=0.99950441718101513 0.098133608698844924 7.8861973285675058 0.35878913104534155 0.74241924285888683 0.79605981707572948 0.1672831475734711 0.24500644207000735 0.39549115300178533 72.892375946044936 0.25752384960651403 0.95876494050025951 0.41774809360504156 0.9829414188861848 0.019472905434668068 0.10864051803946496 0.42418093979358679 0.39549115300178533 0.64676174521446239 11.44998073577881 0.82421875000000011 0.42904996871948248 1.4878277778625491 0.34556677937507635 11.910251140594484 0.6096617877483369 0.63470232486724865
decision_type=2 2 2 2 2 2 2 2 2 2 2 2 2 2 2 2 2 2 2 2 2 2 2 2 2 2 2
left_child=1 2 3 4 9 -6 7 -5 -8 -1 15 21 24 14 -13 -4 17 -2 -14 -17 -16 22 25 -23 -12 -3 -25
right_child=16 11 10 6 5 -7 8 -9 -10 -11 12 13 18 -15 20 19 -18 -19 -20 -21 -22 23 -24 26 -26 -27 -28
leaf_value=-0.0012420814054944849 0 0.0063027434347221693 -0.0061782588526860874 0.0069516890336112748 0.013326381087734002 -0.0023721593188128806 0.0018860849824498243 -0.0056008336585805568 -0.008095403447049376 0.0079169918338998085 -0.0025992625120546662 0 0.014880635712021882 0.0003572021884247678 -0.015053073520677137 -0.00074363938600606363 0 0.013853793291026198 0 0.0056844129478636016 0 -0.0037385535597433102 0 0.00079209756603039797 0.0004518271252887804 0 0
leaf_weight=22.634038585252718 0.13504524854943045 0.27779140873462838 0.34648260114772644 4.27036037573271 3.2781668076422639 1.6213074098923241 2.2840375690866486 2.589014998433413 9.9236449017844262 2.3616926786635295 0.16011778631946105 0.086230351589620002 1.4322396550560368 0.105909889563918 1.4910107081086605 0.33541904375306331 0.14144760649651278 0.91213157863239758 0.31251178754609998 0.50070088485517772 0.08523555437568564 0.25331629087304464 0.038511060178279877 0.094281719881109893 0.23394079166610027 0.024298396354424767 0.042501453310251236
leaf_count=5427 45 295 54 876 1036 1002 450 706 1912 691 22 9 136 75 615 61 57 205 37 96 135 28 10 104 52 75 5
internal_value=0.000155584 -0.00021883 0.000243653 -0.000293171 0.00145827 0.00810145 -0.00312457 0.00172233 -0.00599934 0 0.00708801 -0.00805629 0.0109633 -0.0114836 -0.0132156 -0.000358006 0.0109981 0.0124376 0.0134327 0.00247126 -0.0143475 0.00034756 0.00460001 -0.00184538 0 0.00598503 0
internal_weight=55.9714 54.7828 52.2837 48.9623 29.8952 4.89947 19.0671 6.85938 12.2077 24.9957 3.32141 2.49909 2.13881 1.76839 1.66248 1.1826 1.18862 1.04718 1.74475 0.83612 1.57625 0.7307 0.340601 0.390099 0.394059 0.30209 0.136783
internal_count=14216 13909 12558 12100 8156 2038 3944 1582 2362 6118 458 1351 247 834 759 211 307 250 173 157 750 517 380 137 74 370 109
is_linear=0
shrinkage=0.03


Tree=191
num_leaves=31
num_cat=0
split_feature=14 11 31 42 22 14 25 7 23 7 3 4 22 43 39 7 37 43 50 22 34 1 36 14 34 5 29 21 41 6
split_gain=0.2522 0.247451 0.460881 0.441984 0.307681 0.388736 0.40086 0.363207 0.302815 0.290771 0.305677 0.331221 0.259911 0.256329 0.31074 0.247423 0.209178 0.175086 0.1745 0.169929 0.169055 0.140048 0.128881 0.109304 0.0863029 0.084998 0.0930681 0.0593203 0.0580503 0.0458314
threshold=37.610967636108406 0.62500000000000011 0.030813287012279037 0.49462117254734045 0.49861888587474829 11.592089653015138 0.17768581956624988 3.1817661523818974 0.38428433239459997 5.4596331119537362 0.41319502890110021 0.94492921233177196 0.51992422342300426 0.59796118736267101 0.85157442092895519 3.1817661523818974 0.26286059617996221 0.30366849899291998 0.14353664964437488 0.33440880477428442 0.46454291045665747 0.82235851883888256 0.22409654408693316 30.063309669494632 0.64334848523139965 0.054055828601121909 0.99588418006896984 72.127880096435561 0.90580332279205333 0.019775439053773883
decision_type=2 2 2 2 2 2 2 2 2 2 2 2 2 2 2 2 2 2 2 2 2 2 2 2 2 2 2 2 2 2
left_child=1 2 9 17 13 7 -7 -6 29 10 11 -1 -12 14 -4 -15 25 22 -11 -10 28 -21 -3 -20 -22 -2 -27 -24 -19 -5
right_child=16 3 4 8 5 6 -8 -9 19 18 12 -13 -14 15 -16 -17 -18 20 23 21 24 -23 27 -25 -26 26 -28 -29 -30 -31
leaf_value=-0.00046630198863296447 0 -0.0031981606148072709 0.0064733820360919382 0.0019182855115376543 -0.00033529004625801399 -0.0080766345755620486 0.0078420228773012513 -0.013106721140519331 0 0 -0.0079877137410070721 0.0096914172658234647 0.0029136331856220573 -0.0016844101556787773 -0.0065158855338405932 0.0078459395089012177 0.0026056874867324623 -0.0022172001604273415 0.015290613573968498 0.016928810080207576 -0.011321795996011706 0 0.010112197097629087 0 0.00019332433530988121 -0.01634730082794205 0 0 0.0058590037084848738 -0.0048659349398676834
leaf_weight=4.9740771821889229 0.11420903010002703 0.31784116550988839 1.1014464470645196 0.37872627843171336 3.6594960656366293 1.2891006387217196 2.5847471088345628 5.6511779558131821 0.47253691072546677 0.65181521815247778 3.6563319726265027 4.3438550776118063 2.1970523737254553 3.0777854127445607 5.8043463741778396 4.6087264670495642 0.34420975648026786 0.1956135643704332 2.0528016365424269 3.1145357851419253 1.7614364235560058 0.33556438260711718 0.93611321022035532 0.44705773956957262 0.086697065155021735 1.0299102806675362 0.16844821366248641 0.10421547497389838 0.54351032214617589 0.64332215873582754
leaf_count=1338 41 94 215 87 921 334 527 1787 138 53 418 614 379 517 1428 1184 54 53 211 2091 549 32 279 74 78 229 45 32 268 215
internal_value=0.000213813 0.00068857 -0.000169064 0.0050066 -0.00263093 -0.00578898 0.00135898 -0.00889732 0.0102977 0.00335077 0.00112084 0.00445863 -0.00363009 0.000218325 -0.00350792 0.00392989 -0.00874267 -0.0017593 0.010507 0.0135228 -0.00603855 0.0153835 0.00422418 0.0132601 -0.00985008 -0.0128558 -0.0144449 0.00841825 0.00195071 -0.00116293
internal_weight=56.6467 54.9899 46.0998 8.89011 27.7768 13.1845 3.87385 9.31067 4.94469 18.323 15.1713 9.31793 5.85338 14.5923 6.90579 7.68651 1.65678 3.94543 3.15167 3.92264 2.58726 3.4501 1.35817 2.49986 1.84813 1.31257 1.19836 1.04033 0.739124 1.02205
internal_count=14285 13916 10000 3916 6913 3569 861 2708 2563 3087 2749 1952 797 3344 1643 1701 369 1353 338 2261 948 2123 405 285 627 315 274 311 321 302
is_linear=0
shrinkage=0.03


Tree=192
num_leaves=31
num_cat=0
split_feature=14 27 5 37 7 19 11 6 13 1 4 0 1 50 6 31 14 50 23 35 50 25 25 34 37 36 50 6 13 34
split_gain=0.314247 0.241798 0.383985 0.326623 0.206674 0.384087 0.287608 0.347112 0.299509 0.266311 0.506691 0.314561 0.260031 0.234678 0.22335 0.443503 0.211085 0.175532 0.148955 0.10288 0.146495 0.0997234 0.114607 0.0964051 0.0753222 0.0746192 0.0720125 0.0576152 0.048078 0.0445579
threshold=22.016265869140629 0.85953882336616527 0.077623773366212859 0.26638989150524145 5.5179181098937997 0.054145343601703651 0.62500000000000011 0.078313827514648451 23.144374847412113 0.70759594440460216 0.93889808654785167 10.977052688598635 0.6942369043827058 0.12521795183420184 0.07152127102017404 0.060538902878761298 3.9192737340927128 0.44223517179489141 0.6080823838710786 0.63036617636680614 0.31501802802085882 0.10973208770155908 0.19435254484415057 0.37555564939975744 0.18304632604122165 0.25818602740764623 0.26878473162651068 0.074409533292055144 64.164707183837905 0.56037288904190075
decision_type=2 2 2 2 2 2 2 2 2 2 2 2 2 2 2 2 2 2 2 2 2 2 2 2 2 2 2 2 2 2
left_child=4 28 24 18 6 21 8 14 19 11 -11 -10 13 -7 15 -8 17 -9 -4 20 -1 -6 23 -23 27 -18 -21 -3 -2 -14
right_child=1 2 3 -5 5 12 7 16 9 10 -12 -13 29 -15 -16 -17 25 -19 -20 26 -22 22 -24 -25 -26 -27 -28 -29 -30 -31
leaf_value=0.011725903296852844 0.0068819310790174037 0.008807003812114177 -0.018819351488258775 0.0018201403544792821 0.0035711591119680724 0 0.01101352077211352 0.015397587057043336 -0.0059367829691156435 -0.0044381900665734627 0.0056811892772865753 0.0048595780044080631 0.0018365056901516554 0.01915685038487655 -0.010058471937230189 -0.0055909666757006397 -0.0049023925733182845 -4.3471300473813864e-05 -0.00064387175260157412 -0.0051498829317796584 -0.00083495337829945777 1.9735349487871911e-05 0.0010957177764475752 -0.011905682096258143 -0.0020281427153426806 0.0044948393234028198 0.0039552500728064167 0 -0.00011804046128758993 -0.0053709315193373785
leaf_weight=1.8470454078487817 0.53972679175785643 0.59903526227571979 2.3734109217548403 0.61785553390291159 0.51589208049699609 0.57272144856688179 1.7619174564315456 2.6815041726513305 15.9412936068984 7.605324714066227 8.0771377191340417 1.7554529405388155 0.31879159634991072 1.7081823725966385 0.7435074400200391 1.9065372008772099 0.67725206285831496 0.34162775159347791 0.94951036929705868 0.57222489136620402 0.4236910710678784 0.20212841604370602 0.5851739871141034 0.92143923451658338 0.66067130237206584 0.32883130497066304 0.47748503914044704 0.30908672794612357 0.3257365590397967 0.28252990353212226
leaf_count=423 86 63 352 97 44 44 567 1670 3532 1618 1048 950 89 349 162 668 385 84 458 157 85 17 101 204 169 206 386 73 67 38
internal_value=0 -0.00582899 -0.00820773 -0.0125073 0.000793157 0.00597774 2.47567e-05 0.00476735 -0.00108402 -0.00205966 0.000622023 -0.00450273 0.0119022 0.015445 -0.000622498 0.00239224 0.010216 0.0133299 -0.0156701 0.00623605 0.00892627 -0.00207835 -0.00558024 -0.00934857 0.00208935 0 0 0.00615012 0.00398818 -0.000915751
internal_weight=56.6227 6.37503 5.50957 3.94078 50.2477 5.10686 45.1408 8.44118 36.6997 33.3792 15.6825 17.6967 2.88223 2.2809 4.41196 3.66845 4.02922 3.02313 3.32292 3.32045 2.27074 2.22463 1.70874 1.12357 1.56879 1.00608 1.04971 0.908122 0.865463 0.601321
internal_count=14192 1365 1212 907 12827 886 11941 3742 8199 7148 2666 4482 520 393 1397 1235 2345 1754 810 1051 508 366 322 221 305 591 543 136 153 127
is_linear=0
shrinkage=0.03


Tree=193
num_leaves=31
num_cat=0
split_feature=41 14 7 30 14 32 13 7 40 22 41 4 7 33 22 23 37 33 41 29 13 25 35 28 49 15 6 3 40 3
split_gain=0.318653 0.249758 0.233057 0.273144 0.260808 0.488078 0.40964 0.345333 0.437638 0.257142 0.250345 0.177387 0.169585 0.138581 0.131442 0.102843 0.0868689 0.0744691 0.0732706 0.0728305 0.0663081 0.0618576 0.0784769 0.0377954 0.0221209 0.0156655 0.00616761 0.00367331 0.00036607 0.0002195
threshold=0.99739241600036632 37.610967636108406 6.8686282634735116 0.20703125000000003 5.9651665687561044 0.054847577586770065 46.412832260131843 3.2811955213546757 0.7324141561985017 0.57436838746070873 0.75287869572639476 0.98343965411186229 3.9958169460296635 77.692653656005874 0.50407254695892345 0.45941242575645452 0.26286059617996221 61.079475402832038 0.99946340918540966 0.99588418006896984 67.802379608154311 0.22655134648084643 0.75005453824996959 0.69513884186744701 0.21356076002120974 0.074175827205181136 0.0012591107515618207 0.21704444289207461 0.52637445926666271 0.14304498583078387
decision_type=2 2 2 2 2 2 2 2 2 2 2 2 2 2 2 2 2 2 2 2 2 2 2 2 2 2 2 2 2 2
left_child=1 2 4 17 7 6 -6 9 -9 -1 14 12 13 21 -5 -7 19 -4 23 -3 -12 22 -2 27 -25 -14 -15 -13 -28 -20
right_child=11 16 3 10 5 15 -8 8 -10 -11 20 18 25 26 -16 -17 -18 -19 29 -21 -22 -23 -24 24 -26 -27 28 -29 -30 -31
leaf_value=-0.0047055491621538223 0.016582794365897834 -0.013946406381734033 0.013647236879211379 -0.0016989494119727978 -0.0091587541866064107 -0.00012305692225849114 0 0.0094389288999123175 -0.00052029800828247094 0.0040549755017650979 -0.010074377557528682 0 0 -0.0022150704134688971 0.010628809125745651 0.012356804872971314 0 0 0 0 0 0 0 -0.0075447496386463258 0 -0.0038487328943701865 0 0.0016921687318322803 0.00054646553605929374 0.0045210812955241413
leaf_weight=10.884030831202837 1.9116768647800206 1.093142145211458 1.5226227718085272 0.38018076102889631 9.6480706583170157 0.19186853670544113 7.0986302600722402 5.9394933606745308 7.8431250222929521 2.8375207036951897 1.0542060312873216 0.15466186373669166 0.076643319560389389 0.13131759874522675 0.70461683062603697 0.90461218293057755 0.25929715652091534 0.37196781264356094 0.16750578326173116 0.16441777339787211 0.16797520831460122 0.14552828815067176 0.39384591518319201 0.66790655150543898 0.18621365886065178 0.2082827595731942 0.087467169505544007 0.15455024671973661 0.10326957048528129 0.23384322371566668
leaf_count=2219 633 266 135 89 2447 45 1733 1692 2457 871 204 72 38 4 106 135 54 55 51 42 30 89 319 153 48 80 13 52 74 54
internal_value=-0.000171663 -0.000951944 -0.000411809 0.00552424 -0.00113386 -0.00387895 -0.0054365 0.000615366 0.00391678 -0.00253777 -0.000729221 0.00655065 0.0099385 0.0120697 0.00612682 0.00972499 -0.0102299 0.0117966 -0.000194318 -0.0123005 -0.00818327 0.013979 0.0148613 -0.00435437 -0.0063615 -0.00171948 0 0 0 0.00422563
internal_weight=55.6885 51.0658 49.5489 4.20157 45.3474 17.8432 16.7467 27.5042 13.7826 13.7216 2.30698 4.62271 3.05803 2.77311 1.0848 1.09648 1.51686 1.89459 1.56468 1.25756 1.22218 2.45105 2.30552 1.16333 0.85412 0.284926 0.322054 0.309212 0.190737 0.401349
internal_count=14260 12580 12218 619 11599 4360 4180 7239 4149 3090 429 1680 1250 1132 195 180 362 190 430 308 234 1041 952 325 201 118 91 124 87 105
is_linear=0
shrinkage=0.03


Tree=194
num_leaves=31
num_cat=0
split_feature=0 33 14 33 10 37 40 44 14 13 9 21 50 24 6 32 9 23 29 37 48 41 27 4 13 43 38 30 35 50
split_gain=0.380311 0.249068 0.259415 0.227971 0.210328 0.469925 0.384069 0.320959 0.289609 0.305938 0.288538 0.29332 0.252816 0.334374 0.251383 0.24532 0.242772 0.252484 0.233282 0.192566 0.292545 0.190764 0.19015 0.177909 0.174769 0.150866 0.14794 0.250287 0.146224 0.177899
threshold=6.5442335605621347 47.802438735961921 1.842205345630646 84.045551300048842 1.0000000180025095e-35 0.22599797695875171 0.7324141561985017 0.060915276408195503 6.9715201854705819 40.858566284179695 0.70961478352546703 47.914394378662116 0.2631984949111939 0.21503673493862155 0.085545547306537642 0.036696318536996848 0.47836883366107946 0.57672792673110973 0.97423824667930614 0.17474099248647693 0.35029907524585729 0.9992845654487611 0.98888477683067333 0.88423511385917675 28.30186748504639 0.29037718474864965 0.59375000000000011 0.16015625000000003 0.79410621523857128 0.2369620352983475
decision_type=2 2 2 2 2 2 2 2 2 2 2 2 2 2 2 2 2 2 2 2 2 2 2 2 2 2 2 2 2 2
left_child=1 28 3 21 5 12 7 23 15 -10 16 -12 13 -2 -15 -9 -8 -18 -7 24 -21 22 -3 -6 -4 -13 27 -14 29 -1
right_child=4 2 19 -5 6 18 10 8 9 -11 11 25 26 14 -16 -17 17 -19 -20 20 -22 -23 -24 -25 -26 -27 -28 -29 -30 -31
leaf_value=-0.0040626102730631445 0.0051824236223704826 0.013780892267339882 0 -0.0028965007297608561 0.0026763732897497191 0.01415155416105853 -0.0077606786758289284 0 -0.0094330275113999034 0.0047072238263893137 0.00032791159065914075 0 -0.0030453031724446463 -0.013982896542741645 0.0024601052812802111 0.014258685953370587 0.0081388652317991653 -0.004697342987335186 -0.00019193035463215555 0.0017226734798713563 -0.010413748314198622 0 -0.0010948488798554693 -0.0085954801492757384 0.010492229988148249 -0.015130109025937651 -0.0040247358323027812 0.010497446691168781 -0.0098396791379832052 0.0055583192607957261
leaf_weight=2.8698631781080648 0.56240712944418048 4.7621840215797446 2.6463131247073743 0.54151513503165905 0.75305729391402776 1.8448014305904501 2.2779085872534761 1.3192570467072076 1.4506924176821487 1.9696620748509301 1.0783747951936673 0.43118603687616985 1.0646296252234608 2.8839418575080349 0.36356811423320312 1.9373897575424051 2.2153410634200559 1.2527693029915097 0.93644701951416198 4.017970116721699 1.6372770085145019 0.8026085483652422 0.31531155222910445 3.2247648978664074 1.7265495225292395 5.0276988659898052 1.2735072829455019 1.8785545685532268 0.72231536518665951 2.1149907077851822
leaf_count=500 63 1900 1078 124 227 721 483 168 304 362 271 128 239 410 132 251 447 335 131 1500 283 159 88 755 427 1104 216 661 275 574
internal_value=-0.000416267 0.00250667 0.00437837 0.00869291 -0.00243866 0.000746054 -0.00403302 0 0.00402366 -0.00138871 -0.0074387 -0.0114045 -0.00277816 -0.00766275 -0.01129 0.00940369 -0.00146036 0.00281712 0.00975516 0.000805753 -0.00237701 0.0104621 0.0123353 -0.00574991 0.00515657 -0.0138786 0.00168302 0.00530791 -0.00228929 0
internal_weight=55.9029 22.1569 16.4497 6.42162 33.746 10.8079 22.9381 10.6548 6.677 3.42035 12.2833 6.53726 8.02661 3.80992 3.24751 3.25665 5.74602 3.46811 2.78125 10.0281 5.65525 5.8801 5.0775 3.97782 4.37286 5.45888 4.21669 2.94318 5.70717 4.98485
internal_count=14316 6908 5559 2271 7408 2573 4835 2067 1085 666 2768 1503 1721 605 542 419 1265 782 852 3288 1783 2147 1988 982 1505 1232 1116 900 1349 1074
is_linear=0
shrinkage=0.03


Tree=195
num_leaves=28
num_cat=0
split_feature=41 31 7 22 43 7 22 32 41 47 43 36 1 22 4 46 25 24 48 3 45 0 22 4 43 49 19
split_gain=0.221211 0.261239 0.191721 0.33287 0.649409 0.36941 0.325253 0.290864 0.346675 0.275617 0.359435 0.236625 0.178099 0.170628 0.159717 0.149836 0.0866136 0.0755899 0.0720842 0.0212709 0.0225947 0.0109612 0.00727688 0.00183751 0.00176553 0.000962756 0.000390883
threshold=0.99950441718101513 0.098133608698844924 3.1968163251876835 0.4607399851083756 0.59796118736267101 3.7823396921157841 0.5791832208633424 0.036622567102313049 0.9915316402912141 0.44279706478118902 0.36570440232753759 0.31446082890033727 0.73388716578483593 0.41341951489448553 0.98343965411186229 0.99063551425933849 0.24420804530382159 0.32745432853698736 0.20856802165508273 0.58362191915512096 0.063345577567815795 10.098805427551271 0.6096981167793275 0.90178543329238903 0.42989201843738561 0.50014054775238048 0.085910808295011534
decision_type=2 2 2 2 2 2 2 2 2 2 2 2 2 2 2 2 2 2 2 2 2 2 2 2 2 2 2
left_child=1 2 6 4 5 -4 7 12 -9 17 -11 14 -1 23 -8 -6 18 -5 24 20 -20 -18 -13 -2 -3 -23 -26
right_child=13 16 3 9 15 -7 11 8 -10 10 -12 22 -14 -15 -16 -17 21 -19 19 -21 -22 25 -24 -25 26 -27 -28
leaf_value=0.0065477433209086373 -0.0024408209326346451 0.0011773070690174752 0.0080496082352790564 -0.013090973595302847 -0.00069171635784627929 -0.0042955863796261045 0.013034762602159331 -0.010070046046845851 0.00053811788557596386 0.0064660402606600553 -0.0023778226362647292 0 -0.0035485410956084392 0.012958452087545284 0 0.012815783454174967 0.0026829955504696214 0 0 0 -0.013763195415931051 -0.0013694910490113534 -0.0061563674831279017 0 -0.00057917300212359209 0 0
leaf_weight=2.2089224049814247 0.11647578183328622 0.13266364658193142 2.0512898339511576 0.99611655155604484 0.26089636224787582 6.4068487194090267 1.4056064294090898 7.6183816947523137 3.1863151491015742 4.7287164025110568 13.85233438243449 0.26115848301560607 1.8178649311885235 0.97192990344774444 1.3410196557524614 5.3707391662537702 0.20088218431919802 0.28720170908491127 0.14367998675152183 0.064680892159230896 1.2972136988646523 0.11280276626348495 0.31107402819907293 0.11787160116364248 0.10552141233347356 0.074372356641106308 0.031623978051356971
leaf_count=781 21 123 496 228 28 1176 690 1248 820 954 4013 23 324 258 332 1301 212 65 81 36 633 36 45 40 81 71 54
internal_value=-0.000145781 -0.000566373 -3.86622e-07 0.00126537 0.00467328 -0.000449885 -0.00246733 -0.0044546 -0.00690698 -0.00111621 0 0.00469397 0.00159384 0.00909651 0.00840981 0.0117277 -0.00894018 -0.0109555 -0.0109174 -0.0125665 -0.0130363 0 -0.0052383 -0.00201219 0 -0.00101397 -0.000129408
internal_weight=55.4742 54.2679 52.1045 33.9541 14.0898 8.45814 18.1503 14.8315 10.8047 19.8644 18.5811 3.31886 4.02679 1.20628 2.74663 5.63164 2.16344 1.28332 1.77538 1.50557 1.44089 0.388057 0.572233 0.234347 0.269809 0.187175 0.137145
internal_count=14170 13851 12524 8261 3001 1672 4263 3173 2068 5260 4967 1090 1105 319 1022 1329 1327 293 1008 750 714 319 68 61 258 107 135
is_linear=0
shrinkage=0.03


Tree=196
num_leaves=31
num_cat=0
split_feature=45 30 48 31 42 6 41 3 38 50 28 29 39 27 45 34 9 36 41 7 4 24 37 36 48 47 39 27 47 3
split_gain=0.228564 0.269627 0.266365 0.375219 0.338636 0.41649 0.332427 0.427954 0.328036 0.29165 0.279426 0.260595 0.301084 0.254638 0.21394 0.20989 0.208979 0.181059 0.137772 0.114221 0.108188 0.0923927 0.0887513 0.0852206 0.138429 0.0824648 0.0796558 0.0725349 0.0590981 0.0419356
threshold=0.064322866499423995 0.13671875000000003 0.23378896713256839 0.03401909954845906 0.7589399814605714 0.13263487815856936 0.51267343759536754 0.16396622359752658 0.53125000000000011 0.13763625174760821 0.69837898015975963 0.92568171024322521 0.85157442092895519 0.89816510677337658 0.16225097328424457 0.53720495104789745 0.88683307170867931 0.21311451494693759 0.75287869572639476 2.7005155086517338 0.88512960076332103 0.27255500853061682 0.24817707389593127 0.22177886217832568 0.21225270628929141 0.99149304628372203 0.95948439836502086 0.98384487628936779 0.97905701398849498 0.73256754875183117
decision_type=2 2 2 2 2 2 2 2 2 2 2 2 2 2 2 2 2 2 2 2 2 2 2 2 2 2 2 2 2 2
left_child=1 -1 8 6 11 16 19 10 13 -9 -8 18 -13 17 -10 23 -6 -2 -5 -4 -7 22 -16 -3 -25 29 -17 -26 -19 -15
right_child=2 15 3 4 5 20 7 9 14 -11 -12 12 -14 25 21 26 -18 28 -20 -21 -22 -23 -24 24 27 -27 -28 -29 -30 -31
leaf_value=-0.0065309578918212336 0.0023953439758303114 0 0.0009434618312829273 -0.0035483141910000807 0.0093124574526153581 0.00049042856138668573 -0.010040078298513095 -0.0022625036233859855 0 0.0073544415178768783 0.0016952391140168384 0.0017777551583411564 -0.0094596828799120136 0.01021039824224766 0.018394480900982068 0.0022923404728285822 -0.0018085406336128026 -0.013723703327295916 0.0078474178800241566 -0.010484664132472057 -0.011810591786271744 0 0 0 0.014137030689885033 -0.0013516606783678801 -0.0063114426799135539 0 0 0
leaf_weight=0.65464787802193214 0.28892031928989981 0.50507873820606608 0.27085852087475659 0.65053112316309725 3.1872710175302919 0.1960806529605178 2.4550690557589432 2.6682723865524158 1.6078005358140219 10.643159096558518 2.6278775176979252 1.6844045787074708 13.243109722221559 0.61725721275433887 1.2313198831725456 1.1841552348341791 1.3367631240034823 1.1326425058068705 0.91936070189331076 1.7954995260224675 1.1280735098043804 0.23409502941649396 0.25988028064602975 0.45685069554019708 2.8925585449251234 0.16082207937142812 0.53829488581686735 0.65124870718864247 0.23603024657495542 0.15382991125807166
leaf_count=72 61 147 24 398 1001 91 634 316 723 1878 632 419 3316 149 699 386 430 147 497 166 421 112 164 65 716 64 231 143 101 46
internal_value=-0.000294834 0.00438335 -0.0010908 -0.00198277 -0.00460632 0.00105436 0.000823809 0.00236101 0.00427778 0.00519371 -0.00419847 -0.00673001 -0.00797131 -0.00250394 0.00960082 0.00669043 0.00575081 -0.00852001 0.00241466 -0.00818915 -0.00927099 0.0147379 0.016462 0.00963753 0.0108444 0.00551517 -0.000625184 0.0125237 -0.0121292 0.00859576
internal_weight=55.6118 6.88283 48.7289 42.8063 22.3456 5.84819 20.4607 18.3944 5.9226 13.3114 5.08295 16.4974 14.9275 2.5895 3.3331 6.22819 4.52403 1.65759 1.56989 2.06636 1.32415 1.7253 1.4912 4.50574 4.00066 0.931909 1.72245 3.54381 1.36867 0.771087
internal_count=14249 1760 12489 10223 6573 1943 3650 3460 2266 2194 1266 4630 3735 568 1698 1688 1431 309 895 190 512 975 863 1071 924 259 617 859 248 195
is_linear=0
shrinkage=0.03


Tree=197
num_leaves=31
num_cat=0
split_feature=13 49 1 50 34 0 41 35 40 7 0 2 50 50 22 20 49 24 49 31 48 20 0 19 25 29 22 33 40 22
split_gain=0.353297 0.339211 0.358824 0.383965 0.347581 0.31877 0.298934 0.291978 0.367206 0.289429 0.27489 0.269666 0.219318 0.201333 0.193005 0.191867 0.189063 0.187151 0.165042 0.347075 0.28881 0.271098 0.26458 0.25785 0.161048 0.18073 0.157165 0.156154 0.144068 0.144828
threshold=32.168743133544929 0.84271362423896801 0.74518766999244701 0.16555064171552661 0.50588777661323558 13.113867759704592 0.95010551810264599 0.57156425714492809 0.54432058334350597 4.3446958065032968 10.098805427551271 0.51562500000000011 0.061643986031413085 0.32207147777080541 0.41341951489448553 0.040628908202052123 1.2287597060203554 0.26061706244945532 0.20465451478958133 0.027047039940953258 0.29789632558822637 0.044558981433510787 6.0914397239685067 0.034712102264165885 0.1643200218677521 0.99039754271507274 0.34201917052268987 40.348913192749031 0.64838653802871715 0.35080714523792272
decision_type=2 2 2 2 2 2 2 2 2 2 2 2 2 2 2 2 2 2 2 2 2 2 2 2 2 2 2 2 2 2
left_child=16 2 3 10 24 6 -5 -4 9 -9 17 12 -6 -14 -10 -7 18 -2 19 27 26 22 23 -20 25 -3 -21 -1 -26 -30
right_child=1 4 7 5 11 15 -8 8 14 -11 -12 -13 13 -15 -16 -17 -18 -19 21 20 -22 -23 -24 -25 28 -27 -28 -29 29 -31
leaf_value=0.0015139546653796731 0.004220119835806938 0.0094803151535810207 -0.0052644683765359799 -0.010869570400513336 -0.0018920733575439627 0.0075934345664917177 0.0031273875483964759 -0.010414924063960255 0 0.0050274608259975023 0.0098000374946353459 -0.0038805341798043547 0.01569384526867108 -1.3080121555010636e-06 0.013087008924509638 -0.005685513062604907 -0.004113396559544266 -0.0080086371177588763 -0.00074615232830018362 -0.00084722714534754941 -0.0023260910118268513 -0.001257267360565929 -0.0014707819318161449 0.013049156729136884 0.002511203296500598 -0.0039016303257238399 0.010718979140340309 -0.013403616573152694 0.0016095737130909353 -0.010987049360716206
leaf_weight=0.19043743817019876 0.74799220627756557 0.87073146867623819 2.7797525053611007 11.760270848892102 0.36850692168809507 1.2313191667562922 0.74741098689992291 1.1916430289857092 0.88467002837569486 1.032711528270738 1.3253990306984631 0.50212866126094002 2.9130508832822675 0.44642169959843148 2.7791274158953456 0.61097632457676798 1.7045618999982242 1.7366038457257671 0.8702370823302753 0.62856506672687862 3.0232085746174562 2.2249695465579862 1.1271850030898347 5.9132768193630909 0.4482435756362978 0.58812237344682217 3.1556983354748809 0.96136511152872117 0.28813750772678792 2.2369235214755463
leaf_count=88 230 75 401 2721 34 729 422 236 100 117 303 71 400 137 442 207 174 409 349 198 1229 534 249 1767 56 81 1715 251 56 466
internal_value=0 -0.00178226 -0.0034753 -0.00580379 0.00296777 -0.00797719 -0.00964146 0.00118848 0.00499242 -0.00297933 0.00171503 0.00841102 0.0111717 0.0133982 0.0100765 0.0016832 0.00311682 -0.00331164 0.00413477 0.000370522 0.00356155 0.00652261 0.00894299 0.0110255 -0.00226709 0.0034727 0.00839525 -0.00998564 -0.00600358 -0.00864975
internal_weight=55.2896 35.4901 26.8279 18.16 8.66227 14.35 12.5077 8.6679 5.88815 2.22435 3.81 4.23011 3.72798 3.35947 3.6638 1.8423 19.7995 2.4846 18.0949 7.95927 6.80747 10.1357 7.9107 6.78351 4.43216 1.45885 3.78426 1.1518 2.9733 2.52506
internal_count=14247 7693 6317 5021 1376 4079 3143 1296 895 353 942 642 571 537 542 936 6554 639 6380 3481 3142 2899 2365 2116 734 156 1913 339 578 522
is_linear=0
shrinkage=0.03


Tree=198
num_leaves=30
num_cat=0
split_feature=44 13 0 24 50 24 41 36 49 20 34 30 4 23 34 24 36 35 40 31 33 2 0 20 27 35 3 34 9
split_gain=0.289051 0.247217 0.384159 0.282344 0.377453 0.355249 0.300578 0.262704 0.215265 0.327834 0.294084 0.225294 0.209378 0.345586 0.226478 0.288274 0.223845 0.203784 0.146736 0.145068 0.176748 0.137222 0.133932 0.132188 0.134585 0.130829 0.0771317 0.0704851 0.00490291
threshold=0.45993590354919439 31.16759014129639 9.5042657852172869 0.30609977245330816 0.19845236092805865 0.25699222087860113 0.97207203507423412 0.32200439274311071 0.20465451478958133 0.043971218168735511 0.36919410526752477 0.19140625000000003 0.95220488309860241 0.45139931142330175 0.5840192735195161 0.2464561462402344 0.22523655742406848 0.43147520720958715 0.82371091842651378 0.039480416104197509 52.670833587646491 0.54687500000000011 5.0197947025299081 0.034331381320953376 0.91443690657615673 0.50420784950256359 0.45976980030536657 0.43102274835109716 0.60826665163040172
decision_type=2 2 2 2 2 2 2 2 2 2 2 2 2 2 2 2 2 2 2 2 2 2 2 2 2 2 2 2 2
left_child=1 7 3 4 5 -3 -6 8 11 10 -10 21 14 26 15 -4 -15 -16 -13 20 -5 -1 28 -2 -25 -21 -14 -11 -9
right_child=23 2 12 19 6 -7 -8 22 9 27 -12 18 13 16 17 -17 -18 -19 -20 25 -22 -23 -24 24 -26 -27 -28 -29 -30
leaf_value=-0.010138339703359343 0.0015400280466630549 0.0069818206852476665 0.0058878170779324539 0.0036061090362156738 -0.011225429766016393 -0.0054650737674604476 0.0020806477591617761 0.0026626798537983348 -0.0016474991668291327 0.0040758568661391987 0.013143785576029179 0.0057081043954879396 2.0087726572223074e-05 -0.00058044940335763768 -0.0040597498578378802 -0.0077488743037551593 0.011035660862014173 0.010046042157380683 -0.0033658503545900592 -0.001126412957044414 -0.0071740070813735707 0.0021050945037106505 -0.010546977473640438 0.00032429002421004068 -0.012575956929531867 0.01039193624104613 -0.0092149764006356424 -0.0036412252401583907 0
leaf_weight=1.3706804511603028 0.27129243027593419 2.7057716579001889 0.83686475415015404 1.6340139841486228 7.8978355962681217 3.6567535743379267 1.0709344292990861 0.18513631490350124 0.81951367390501939 0.46901779272593591 5.2986067966776318 4.7156208680280542 0.50122326979180776 1.2320029378461184 0.40691289660753671 4.1716184935103229 5.0199216866094503 1.5245700228842904 1.0266882110954609 0.47410639311419789 1.5985504438722271 0.29298894321254909 0.83394916891120374 0.32325445802416686 2.1044239109760383 1.3816319013712925 0.51695193676277995 2.0358685233368305 0.21524870203575119
leaf_count=277 48 561 309 307 1729 657 380 37 188 125 1844 2479 74 461 45 969 1208 426 439 186 273 140 76 38 207 240 40 475 30
internal_value=-0.000144659 0.000370791 -0.00102788 -0.00365104 -0.00564252 0 -0.00928632 0.0032434 0.00447555 0.0074533 0.0107879 0.000177366 0.00253653 0.00582698 -0.000832356 -0.00437034 0.00856852 0.0056798 0.0033822 0.00179785 -0.00145148 -0.00687506 -0.00625639 -0.00828721 -0.0103895 0.00703472 -0.00542496 -0.000589684 0.00168793
internal_weight=54.592 51.893 34.6297 20.4196 15.3313 6.36253 8.96877 17.2633 16.029 8.62301 6.11812 7.40598 14.2101 7.2701 6.93997 5.00848 6.25192 1.93148 5.74231 5.0883 3.23256 1.66367 1.23433 2.69897 2.42768 1.85574 1.01818 2.50489 0.400385
internal_count=14268 13975 7865 4333 3327 1218 2109 6110 5967 2632 2032 3335 3532 1783 1749 1278 1669 471 2918 1006 580 417 143 293 245 426 114 600 67
is_linear=0
shrinkage=0.03


Tree=199
num_leaves=31
num_cat=0
split_feature=14 11 42 4 41 37 36 36 6 29 4 48 5 45 22 37 34 43 29 0 49 37 47 33 1 50 37 6 50 46
split_gain=0.288599 0.221989 0.377033 0.250204 0.28966 0.281728 0.279809 0.250239 0.239004 0.225199 0.208845 0.184693 0.166536 0.150326 0.146512 0.144847 0.141582 0.151384 0.124014 0.144659 0.108645 0.102668 0.091827 0.0808247 0.0643999 0.0627221 0.0599815 0.0596516 0.0498495 0.0469568
threshold=30.063309669494632 0.62500000000000011 0.48591269552707678 0.87021389603614818 0.88144513964653026 0.095516446977853789 0.26915608346462255 0.24981099367141726 0.077751424163579955 0.99937468767166149 0.92009019851684581 0.27653107047080999 0.078514993190765395 0.37112663686275488 0.36434863507747656 0.087092243134975447 0.4744658917188645 0.22400286048650744 0.99588418006896984 15.183836460113527 0.25485773384571081 0.15420279651880267 0.62848192453384411 70.707107543945327 0.56118473410606395 0.29642859101295477 0.19793491810560229 0.085545547306537642 0.10338423401117326 0.99706262350082409
decision_type=2 2 2 2 2 2 2 2 2 2 2 2 2 2 2 2 2 2 2 2 2 2 2 2 2 2 2 2 2 2
left_child=1 3 16 4 23 10 7 -7 -8 14 25 21 -2 -12 27 -16 22 -18 19 24 -19 -6 -3 -1 -14 -5 -11 -4 -24 -13
right_child=12 2 9 5 11 6 8 -9 -10 26 13 29 18 -15 15 -17 17 20 -20 -21 -22 -23 28 -25 -26 -27 -28 -29 -30 -31
leaf_value=-0.014357165022023822 0.0012017855012373309 -0.0023843742282563985 -0.0048434714131878201 0.0027159695024428173 -0.0090568096945418362 -6.6682917669893358e-05 0.0016560691340789043 0.0065501255330256249 -0.0053882533166578215 0.0031942432866239458 0.014238979422276057 0 0 -0.00080480425126507374 0 0.015592704198340891 0.003327880032942735 -0.011603229003946024 0.00039315776985573503 8.8501237763317402e-05 0 0.0021601582115339194 0 0 -0.016312350692263791 -0.0054111489179045728 -0.0051497938127757952 0.0041681893119863596 0.0089352747825415472 0.0096160061214940751
leaf_weight=1.5956988168618402 0.6520653442566976 0.33067372636287329 0.3025671160139608 0.69837509119679386 0.66065373495803192 13.152847686080351 5.3563338528183548 6.6171086702597668 10.985037745125735 0.19181518006371323 1.9451361111714507 0.13700947409233777 0.15756732347654212 0.17481666385720007 0.18334509458509307 3.2554178011305339 0.29837305903492994 1.4257911461609181 0.20412817809847172 0.22119345041573968 0.51046189833141387 0.17292814560642 0.16956250800285466 0.15268111770274106 1.5125668679465887 0.5043507940863492 0.62878130422905087 0.33127102917933371 0.89092262813210255 0.74603478058998007
leaf_count=379 162 41 71 166 166 3084 960 1464 2242 76 415 54 39 31 63 2149 93 538 43 182 203 59 57 38 311 234 109 138 390 365
internal_value=0.000279263 0.000900785 0.00504547 0 -0.0067571 0.000726123 -5.66573e-05 0.00221229 -0.00294394 0.00984422 0.00797253 0.000910998 -0.00768818 0.0121765 0.0123398 0.0142731 -0.00151027 -0.0057501 -0.0109183 -0.0128904 -0.00882767 -0.00518467 0.00360212 -0.0129696 -0.0151223 -0.00023949 -0.000868364 0 0.00717602 0.00795592
internal_weight=54.1655 51.418 8.51898 42.899 3.46501 39.434 36.1113 19.77 16.3414 4.8932 3.32268 1.71663 2.74752 2.11995 4.0726 3.43876 3.62578 2.23463 2.09546 1.89133 1.93625 0.833582 1.39116 1.74838 1.67013 1.20273 0.820596 0.633838 1.06049 0.883044
internal_count=14322 13585 3928 9657 1061 8596 7750 4548 3202 2606 846 644 737 446 2421 2212 1322 834 575 532 741 225 488 417 350 400 185 209 447 419
is_linear=0
shrinkage=0.03


Tree=200
num_leaves=31
num_cat=0
split_feature=32 44 40 39 14 24 27 44 0 25 31 3 5 21 37 40 23 49 34 40 39 0 5 0 45 34 40 37 27 5
split_gain=0.257316 0.303573 0.278818 0.285717 0.245805 0.472762 0.416297 0.246564 0.3056 0.257299 0.233204 0.260524 0.27401 0.206898 0.172885 0.168997 0.135733 0.180757 0.169748 0.133441 0.128257 0.14264 0.126445 0.109315 0.102128 0.100885 0.099709 0.0893721 0.0974963 0.0801205
threshold=0.037622105330228812 0.024695121683180336 0.95319336652755748 0.98019123077392589 10.596415996551515 0.23797893524169925 0.98259004950523388 0.058257918804883964 5.0548510551452646 0.17142392694950107 0.038994956761598594 0.46856430172920233 0.068178914487361922 58.643022537231452 0.21958836168050769 0.42568843066692358 0.36709009110927587 0.14276819676160815 0.6767486333847047 0.97962319850921642 0.98825037479400646 3.0437157154083256 1.2785601615905764 6.9826345443725595 0.058913920074701316 0.63709148764610302 0.79752820730209362 0.19710458070039752 0.98539847135543834 0.16981765627861026
decision_type=2 2 2 2 2 2 2 2 2 2 2 2 2 2 2 2 2 2 2 2 2 2 2 2 2 2 2 2 2 2
left_child=1 15 3 4 7 26 -7 8 -2 -9 11 12 -3 -14 27 -1 -17 -18 -19 22 21 -16 25 -12 -25 -4 -6 28 -5 -13
right_child=2 10 19 14 5 6 -8 9 -10 -11 23 29 13 -15 20 16 17 18 -20 -21 -22 -23 -24 24 -26 -27 -28 -29 -30 -31
leaf_value=-0.0017760212462788285 0.0033215560932489106 -0.0045997885671835315 -0.014627211763199359 0.0072918069270621506 0.0090050425523881365 -0.013798961189520408 0.00042231508523458386 0.0097630362966254838 -0.0058498430119696028 0 0.00015948333833854937 0 0.0094131965632293819 -0.002079183120766707 0 -0.00080624599427594362 0 0.012976383336747204 -0.00028278250487563005 0.00068025068395805607 0 0.01765484389332193 0.00012565989870112084 0 -0.012529034536249107 0 -0.0012464212467593117 -0.0056112016818262341 -0.0028320320006526368 -0.0079839359566517207
leaf_weight=0.84195720655407225 4.0486110548517988 1.2131871901729008 1.9768607503356181 1.0568285315457608 1.1498969897220366 4.227608731474902 2.1704719454501173 3.0192945089656842 7.4972754318187071 5.347095632692799 0.51960011746268664 1.2355585324694405 5.3854062254577002 0.90048398257204088 0.21897980591165811 0.5482359958696178 1.1421787347280767 5.0802696998616739 0.46059772730222892 0.38296403896674736 0.29510111507261161 0.9169383794433088 0.24749014003464243 0.2355395957129075 1.3262463219944036 0.17984247638378281 0.33970125004998397 0.55348793856683176 0.23516888375161205 1.4088796186842953
leaf_count=467 1960 220 670 446 166 878 324 416 1916 868 123 200 1060 205 57 129 507 1768 147 332 84 131 85 43 350 123 105 156 93 242
internal_value=0.000165047 0.00280738 -0.00136783 -0.000320012 -0.00147121 -0.00563775 -0.00916408 0.000226463 -0.00238632 0.00402229 -3.5392e-05 0.00177209 0.0047035 0.00729569 0.00680599 0.00697215 0.0084472 0.0096029 0.0115408 -0.00908934 0.0120619 0.0148201 -0.0112695 -0.00753407 -0.0103278 -0.0131531 0.00590058 0 0.00370854 -0.00472724
internal_weight=54.1618 20.2981 33.8636 31.0765 27.8 7.88768 6.39808 19.9123 11.5459 8.36639 12.2249 10.1435 7.49908 6.28589 3.2765 8.07324 7.23128 6.68305 5.54087 2.78716 1.43102 1.13592 2.40419 2.08139 1.56179 2.1567 1.4896 1.84549 1.292 2.64444
internal_count=14271 5461 8810 7600 6633 1473 1202 5160 3876 1284 2443 1927 1485 1265 967 3018 2551 2422 1915 1210 272 188 878 516 393 793 271 695 539 442
is_linear=0
shrinkage=0.03


Tree=201
num_leaves=31
num_cat=0
split_feature=14 10 32 24 27 35 39 45 50 36 2 32 47 7 40 39 50 34 15 13 42 48 48 44 33 45 42 40 20 27
split_gain=0.238981 0.532997 0.363036 0.311082 0.331212 0.313154 0.330935 0.295411 0.263988 0.315296 0.298737 0.295801 0.27723 0.244626 0.290069 0.233975 0.250235 0.260478 0.213124 0.208241 0.20048 0.194323 0.176699 0.173874 0.172678 0.163759 0.160908 0.158505 0.155905 0.147248
threshold=5.9651665687561044 0.62500000000000011 0.054345563054084785 0.23706092685461047 0.97516232728958141 0.62131938338279735 0.90183046460151683 0.15834405273199084 0.29048305749893194 0.32200439274311071 0.42187500000000006 0.047848658636212356 0.92727792263031017 10.74187231063843 0.94542381167411815 0.88737508654594432 0.16679313778877261 0.5316760540008546 0.2225274741649628 46.412832260131843 0.32087117433547979 0.2449910715222359 0.229072280228138 0.56594201922416698 71.794269561767592 0.18217991292476657 0.91715687513351452 0.93588149547576915 0.042978351935744293 0.98146924376487743
decision_type=2 2 2 2 2 2 2 2 2 2 2 2 2 2 2 2 2 2 2 2 2 2 2 2 2 2 2 2 2 2
left_child=7 3 18 23 13 19 -7 8 9 11 28 12 -1 14 -5 20 21 25 -3 -6 -9 -17 -20 27 -13 -18 29 -2 -10 -22
right_child=1 2 -4 4 5 6 -8 15 10 -11 -12 24 -14 -15 -16 16 17 -19 22 -21 26 -23 -24 -25 -26 -27 -28 -29 -30 -31
leaf_value=0.012423550467589384 0.012676079440330215 0.0010074964890004353 0.0057927215921352842 -0.009941587425170607 -0.0025424522831165026 -0.012268589943649237 0.0032271845924085837 0.0018142988398424454 -0.011195847880086875 -0.0046884244886337733 0.0057222749420155518 -0.0070124546669746929 0.00056984229867333485 0.0058397730446251945 0.0051125865526571324 0.0038613670440982625 -0.0073219316745102431 0.0092975467717513142 0 0.011756021795752993 -0.014925451584531258 -0.01002803246174702 -0.013614422855342553 -0.0034943206556325677 0.0051290845565393605 0.0022356963677497513 0.0017257103359903743 0 0.0012461089509062607 0
leaf_weight=7.3158400615029731 2.4125185495722725 0.64973772656230622 0.53642527562624298 5.5622114130455866 0.40308064905548269 0.95326615884914678 2.1340172616146447 0.75717349562182734 1.7675075905863193 1.1931186620786309 1.4041016959017723 1.264637919084634 3.0840108696938842 0.41248532847384911 0.46944138705657668 0.33198145703499848 1.2936090893053895 2.8661672030066256 0.55822002839704499 2.620320337729936 2.0793885766761386 1.8261341899269607 5.6163741249474697 0.17566682002507139 0.8261984077253145 4.0742690242259414 0.16208945479593229 0.58633833874773689 0.49781540394178581 0.26103578532638483
leaf_count=1810 614 77 92 1479 104 215 466 120 501 166 712 388 1087 52 165 240 314 973 238 383 475 418 1352 18 210 1176 44 164 88 140
internal_value=-2.05808e-05 -0.00232921 -0.00848559 0.000707441 -0.00135258 0.00311412 -0.00265452 0.00162402 0.00416723 0.00605043 -0.00200479 0.00757008 0.00952991 -0.00584051 -0.00778283 -0.00146773 0.000640743 0.00330264 -0.0105883 0.00894599 -0.00746639 -0.00639536 -0.0121969 0.00794559 -0.00113689 -0.000384606 -0.0108472 0.0100722 -0.00799864 -0.012872
internal_weight=54.0952 23.0901 7.36076 15.7293 12.5548 6.11068 3.08728 31.0051 17.3532 13.6838 3.66942 12.4907 10.3999 6.44414 6.03165 13.6518 10.3922 8.23405 6.82433 3.0234 3.25969 2.15812 6.17459 3.17452 2.09084 5.36788 2.50251 2.99886 2.26532 2.34042
internal_count=14281 5419 1759 3660 2864 1168 681 8862 4962 3661 1301 3495 2897 1696 1644 3900 3121 2463 1667 487 779 658 1590 796 598 1490 659 778 589 615
is_linear=0
shrinkage=0.03


Tree=202
num_leaves=30
num_cat=0
split_feature=14 40 40 20 44 43 49 46 5 36 45 10 43 25 41 15 28 27 1 35 29 42 29 45 13 34 5 9 41
split_gain=0.280369 0.189576 0.234164 0.161 0.142953 0.308047 0.197785 0.307599 0.179788 0.184207 0.134665 0.133587 0.129676 0.113386 0.142289 0.0950051 0.0840365 0.0635418 0.0619899 0.0423401 0.041512 0.0329038 0.0291943 0.0249223 0.0221048 0.0175406 0.00802574 0.00140784 4.77468e-05
threshold=30.063309669494632 0.95209553837776195 0.96678075194358837 0.046180834993720062 0.45993590354919439 0.30011662840843206 1.2287597060203554 0.99463710188865673 0.81458017230033886 0.3157737404108048 0.16896909475326541 0.87500000000000011 0.68043735623359691 0.16838646680116656 0.99950441718101513 0.29670330882072454 0.83576318621635448 0.98956450819969188 0.56118473410606395 0.63906303048133861 0.99588418006896984 0.24152298271656039 0.99759337306022655 0.34891529381275183 70.509971618652358 0.41908073425292974 0.12768022716045382 1.5732741951942446 0.89278042316436779
decision_type=2 2 2 2 2 2 2 2 2 2 2 2 2 2 2 2 2 2 2 2 2 2 2 2 2 2 2 2 2
left_child=1 4 13 12 5 8 7 -7 9 -1 15 -8 17 -3 19 -6 22 18 -2 -15 -20 -18 -4 -23 -10 -12 -14 -28 -24
right_child=3 2 16 -5 10 6 11 -9 24 -11 25 -13 26 14 -16 -17 21 -19 20 -21 -22 23 28 -25 -26 -27 27 -29 -30
leaf_value=0.011360823318791289 0 0.00031599735265565077 -0.005140341688318428 0.0025917825758088866 0 0.0079474107227958703 0.00047642029974100119 0.00014562575128270196 -0.0041772186195960237 -0.0006529658283672147 0 -0.011657038416800641 0.0022157404972594215 -0.015498562458328653 0.00021094697989942229 -0.010752764747043238 0 0 -0.015566295014949856 0 0 0.0083969031728514769 0.00026264907478850021 0 6.5337836137480273e-05 0.004627613152580758 0 -0.0013032362541219699 0
leaf_weight=4.7746450500999336 0.12653787499584712 0.21527298271394046 0.37956564795240388 0.31688924676564045 0.82246347778709594 4.4675608498437205 0.56291435297316528 32.630261910253466 0.54490566167805798 0.73708973255997978 0.26792324136476953 0.85560937221453059 0.32029312316444691 1.3924206032897926 0.23200020310468961 1.1940536157344466 0.060310922155622393 0.13189182615315065 1.5523675847907723 0.14406692454940628 0.12711648267577391 0.83405262505402789 0.067980303312651813 0.062048499094089493 0.074610038136597723 0.36382802070875186 0.069855884699791204 0.18240978366520721 0.047311941569205374
leaf_count=982 47 52 154 58 51 745 104 9527 284 93 32 95 54 431 9 129 13 46 369 81 32 639 43 20 4 53 58 67 34
internal_value=0.000259146 0.00088629 -0.00492867 -0.00750126 0.00146405 0.00193989 0.000770923 0.00134786 0.00772477 0.00943995 -0.00406878 -0.00739555 -0.0100052 -0.0101375 -0.0121481 -0.00746671 0.00219843 -0.0126229 -0.0136824 -0.0145444 -0.0147265 0.00628464 -0.00261322 0.00750807 -0.00208902 0.00286776 0 -0.000769329 0.000165916
internal_weight=53.5583 50.7309 3.43503 2.82736 47.2959 44.6476 38.5163 37.0978 6.13125 5.51173 2.64827 1.41852 2.51047 1.98376 1.76849 2.01652 1.45127 1.93791 1.80602 1.53649 1.67948 0.956412 0.494858 0.896101 0.619516 0.631751 0.572559 0.252266 0.115292
internal_count=14306 13575 1476 731 12099 11834 10471 10272 1363 1075 265 199 673 573 521 180 903 494 448 512 401 672 231 659 288 85 179 125 77
is_linear=0
shrinkage=0.03


Tree=203
num_leaves=31
num_cat=0
split_feature=6 13 34 14 41 27 24 45 48 48 36 34 15 23 25 24 13 13 23 22 1 45 17 9 9 35 42 4 16 4
split_gain=0.24147 0.381748 0.271181 0.402342 0.371505 0.363105 0.510971 0.323555 0.312239 0.304738 0.298461 0.269463 0.259978 0.33336 0.2556 0.247249 0.244836 0.235462 0.215625 0.206435 0.174271 0.187591 0.167109 0.164845 0.124734 0.124233 0.120681 0.108545 0.106349 0.0971647
threshold=0.1091166138648987 26.480503082275394 0.56778830289840709 9.9895138740539569 0.67721009254455578 0.98021599650383007 0.22008204460144046 0.24079883843660357 0.21368326246738437 0.50190296769142162 0.23036764562129977 0.55418926477432262 0.72380954027175914 0.48074099421501165 0.24501974880695346 0.24726380407810214 58.022365570068366 29.685661315917972 0.37865440547466284 0.32537266612052923 0.61671286821365368 0.25920958817005163 0.99218750000000011 0.74797829985618602 0.31773924827575689 0.3768067210912705 0.49166435003280645 0.9239104986190797 0.30566406250000006 0.94353926181793224
decision_type=2 2 2 2 2 2 2 2 2 2 2 2 2 2 2 2 2 2 2 2 2 2 2 2 2 2 2 2 2 2
left_child=2 -2 3 7 17 6 -5 8 26 10 -6 15 13 -13 27 23 -8 -4 -9 -10 -17 -22 -15 29 -12 -19 -1 -7 -27 -3
right_child=1 11 4 5 9 14 16 18 19 -11 24 12 -14 22 -16 20 -18 25 -20 -21 21 -23 -24 -25 -26 28 -28 -29 -30 -31
leaf_value=0.0037805055780232846 0.006049479792048962 0.0092538606158297596 -0.0045268269413083232 0.0066523826005061206 0.00019377207575387427 0 -0.014271885485494006 0.0069302127188438411 -0.0027728106446649439 0.0058995199566391748 0 -0.0070737422059517817 -0.0086333170913701213 0.012587627398503384 -0.0057488012664638375 0 0 -0.0009172953658045861 -0.0065477569840276537 0.009893117405804978 -0.012973697973598111 0 0 -0.0058542897437814751 -0.014447517429196966 0 -0.0065772581789672159 0.010947257133505844 0.01444516779362035 -0.00064703509776689572
leaf_weight=0.5792569418263217 2.3436108527603237 0.95714256749488702 0.48502140608616029 1.0517091061992667 1.829325891438202 0.49307982483878809 3.2945878682876355 0.45063277511508149 0.46398322655295388 0.57808964450668998 1.0155642493700723 0.80726216657785599 1.055606660491321 1.7817969261159308 0.53454901525401499 1.2743783739133485 1.1551467551216772 0.14624959998764087 2.437888025000575 11.39439326161664 6.1343001382665534 0.81796681681589678 1.8853336131433023 0.97173344804468786 3.465766010194784 0.17488817284174718 1.2853614295017903 2.0464908949797973 1.3237095674958252 0.51472290718811564
leaf_count=157 1684 300 46 265 503 148 737 95 152 199 306 142 397 386 70 357 400 43 609 2809 1420 173 572 330 736 79 298 265 295 213
internal_value=-0.000402183 -0.003109 0.00102667 0.00266984 -0.00307136 -0.00220626 -0.00662464 0.00533978 0.0072335 -0.00648765 -0.0086845 -0.00488301 4.32351e-05 0.00384134 0.00464974 -0.0074781 -0.0109581 0.0055621 -0.0024321 0.00898713 -0.00973909 -0.0113918 0.00788775 0 -0.0122302 0.0102581 -0.00211582 0.00869184 0.01248 0.00571675
internal_weight=52.7495 18.5439 34.2057 25.1871 9.01861 8.57556 5.50144 16.6115 13.723 6.88875 6.31066 16.2002 5.53 4.47439 3.07412 10.6702 4.44973 2.12987 2.88852 11.8584 8.22665 6.95227 3.66713 2.4436 4.48133 1.64485 1.86462 2.53957 1.4986 1.47187
internal_count=14186 5974 8212 6005 2207 1885 1402 4120 3416 1744 1545 4290 1497 1100 483 2793 1137 463 704 2961 1950 1593 958 843 1042 417 455 413 374 513
is_linear=0
shrinkage=0.03


Tree=204
num_leaves=31
num_cat=0
split_feature=14 10 32 32 3 35 44 24 48 23 50 40 28 18 6 28 21 2 4 31 39 14 23 41 3 6 50 9 22 22
split_gain=0.244677 0.382257 0.261257 0.254527 0.311371 0.265863 0.247223 0.344207 0.235738 0.327641 0.222859 0.268339 0.228767 0.219026 0.175843 0.163967 0.194819 0.154883 0.150825 0.217767 0.144194 0.142234 0.140427 0.118313 0.108904 0.096989 0.0968984 0.0940724 0.123896 0.0887701
threshold=5.9651665687561044 0.62500000000000011 0.054345563054084785 0.047848658636212356 0.54642257094383251 0.56161504983901989 0.45080643892288214 0.23797893524169925 0.41148844361305242 0.56607839465141307 0.3097145557403565 0.95098304748535167 0.56329259276390087 0.59765625000000011 0.098683092743158354 0.69173550605773937 60.684698104858406 0.32812500000000006 0.86562457680702221 0.046195678412914283 0.98670044541358959 9.8170938491821307 0.37981458008289343 0.5714605748653413 0.13483588397502902 0.057781549170613296 0.12877191603183749 0.77875801920890819 0.52457323670387279 0.72011429071426403
decision_type=2 2 2 2 2 2 2 2 2 2 2 2 2 2 2 2 2 2 2 2 2 2 2 2 2 2 2 2 2 2
left_child=3 6 21 4 10 17 7 20 13 -10 11 12 -1 -9 23 -7 25 24 -12 -20 22 -3 -2 -6 -5 -17 -13 28 -16 -23
right_child=1 2 -4 5 14 15 -8 8 9 -11 18 26 -14 -15 27 16 -18 -19 19 -21 -22 29 -24 -25 -26 -27 -28 -29 -30 -31
leaf_value=0 -0.00078542535120894839 -0.0027529646377071723 0.0043272655890892403 0.0037209487574631061 0.00068126843616359543 0 -0.0090577501859468185 -0.0065678633890462424 -0.0034893140609207822 0.010041869602306729 0.0078779518707450674 0.0027458218367014172 0.0090612440877520465 0.0038401682935861785 0.009643508355566599 0 0.00038034627253024679 0.0094305097484465236 -0.0071451839490501009 0.0039381317539597975 -0.0016531505427903527 -0.01465799201463101 0.013384125730286274 -0.011835128040361935 -0.0069110547588552371 -0.016951143684359762 -0.0073880658571982031 -0.0042062802267342596 -0.001678795237334922 0
leaf_weight=3.5738433049227885 0.1773454727372189 3.4247562366872435 0.54760668357630482 0.39598291616130088 0.22205586507334318 1.0212274733494271 1.159213307124445 5.6757304972779803 1.8543106439756227 2.4749728891874838 0.36252925815642711 0.22948684880975534 11.86436253836291 1.3609057511202989 0.84088420154876053 0.26136237410537466 0.44789098933688354 0.79421289786114346 3.1506871583551401 1.4039552978283607 0.18466732383240003 2.9667234495354937 2.3743964931854862 1.4020208237197946 0.83779661286826013 1.4403947429163961 1.0326417976029914 0.40192026849399543 0.50049243643297814 0.11754962184932072
leaf_count=842 43 880 96 182 52 297 135 1298 412 884 316 127 3315 182 157 51 119 187 999 708 43 732 679 266 372 281 399 129 93 37
internal_value=0 -0.00234886 -0.00765212 0.00171352 0.00303534 -0.00361989 0.000238551 0.00175051 -0.000553406 0.00411606 0.00442719 0.00602183 0.00719238 -0.00395427 -0.00418077 -0.00835624 -0.0118034 0.00310886 -0.000584129 -0.00309477 0.00970991 -0.00950153 0.0116108 -0.00937308 -0.00201754 -0.0150743 -0.00382 0.00121631 0.00522494 -0.0137518
internal_weight=52.5019 22.3182 7.05664 30.1837 24.9849 5.19887 15.2615 14.1023 11.3659 4.32928 21.6175 16.7003 15.4382 7.03664 3.36737 3.17088 2.14965 2.02799 4.91717 4.55464 2.73641 6.50903 2.55174 1.62408 1.23378 1.70176 1.26213 1.7433 1.34138 3.08427
internal_count=14313 5421 1745 8892 7403 1489 3676 3541 2776 1296 6706 4683 4157 1480 697 748 451 741 2023 1707 765 1649 722 318 554 332 526 379 250 769
is_linear=0
shrinkage=0.03


Tree=205
num_leaves=31
num_cat=0
split_feature=32 14 24 26 40 35 36 0 46 6 14 21 50 34 40 49 3 3 22 49 36 42 5 46 35 39 2 36 16 27
split_gain=0.244846 0.28558 0.533879 0.382478 0.357829 0.35297 0.36976 0.256803 0.250625 0.244494 0.231859 0.212884 0.211209 0.180794 0.175844 0.172361 0.167224 0.31685 0.17742 0.185618 0.154356 0.147827 0.147508 0.141633 0.13629 0.13501 0.124491 0.123129 0.113437 0.0941967
threshold=0.03290634602308274 5.9651665687561044 0.23706092685461047 0.65625000000000011 0.85868555307388317 0.6484646499156953 0.26657840609550482 8.9327440261840838 0.99270033836364757 0.12900985777378085 0.10688938945531846 55.478776931762702 0.10116273537278177 0.38973322510719305 0.93588149547576915 0.30434226989746099 0.13259399682283404 0.51719594001770031 0.5868932604789735 0.46646161377429968 0.33418841660022741 0.93039408326148998 0.81458017230033886 0.99145802855491649 0.74402204155921947 0.98430743813514721 0.57812500000000011 0.24603100866079333 0.39160156250000006 0.97306674718856823
decision_type=2 2 2 2 2 2 2 2 2 2 2 2 2 2 2 2 2 2 2 2 2 2 2 2 2 2 2 2 2 2
left_child=13 4 8 15 5 12 21 23 -3 14 -8 -9 -2 -1 -10 29 18 25 19 -6 26 -7 -14 -5 -17 -18 28 -19 -15 -4
right_child=1 2 3 7 16 6 10 11 9 -11 -12 -13 22 20 -16 24 17 27 -20 -21 -22 -23 -24 -25 -26 -27 -28 -29 -30 -31
leaf_value=-0.002163373500578178 -0.001469504593734561 -0.00493142137786131 -0.0050592076826705447 0.0016501545094039605 0.010897156533027724 -0.0083720620247093123 -0.0050101212704194561 -0.0043547055319964681 0.01461859850153552 -0.0024320965924763188 0.0088132855751226636 0.0062094622582129898 0.0091127055366636081 0.012877819498512612 0 -0.015137208474484604 -0.011802040491578533 -0.0027827432677267326 -0.0059816834283155399 -0.0023611359416000018 -0.0019918010343112232 0.0029549236432111253 -0.001616183172558093 -0.0092089719849580021 -0.0011095529375343741 0.00085890467427052902 0 0.0083907062677248158 0 0.0048672512530076751
leaf_weight=1.0502728954161273 1.5000916438584742 0.66076153167523699 0.83123870769486419 0.56140859524020781 1.2835190069818048 3.8821416626306009 0.49252893391530994 1.4338691804114203 2.2671227587561598 0.65534275313257229 2.7519675878575072 3.9978965548507404 9.9518279635885811 3.3512352164943882 0.56624640733934928 3.9872042739225435 3.4945806534487933 0.52147937600966521 0.56636810742202204 0.60891515106777649 0.37325304959813355 0.33322523064998666 0.47082033056358419 2.7000184645003174 1.4609193778451297 0.25007732845551789 0.47114547688397568 0.76004421376273967 0.4020665281350374 0.60005124393501319
leaf_count=320 476 91 303 85 539 1341 128 335 545 222 902 775 2107 969 187 881 1167 188 166 200 56 102 258 710 423 118 201 161 220 102
internal_value=0.000347883 -0.000352993 -0.0030635 -0.00565759 0.00156753 0.00374855 -0.000986376 -0.000831649 0.00529741 0.00857012 0.00532205 0.00271084 0.00679034 0.00576406 0.0118681 -0.0104957 -0.00350288 -0.0063784 0.00165244 0.00625252 0.00817386 -0.00650654 0.00826636 -0.00668715 -0.0125964 -0.0103214 0.0098556 0.00330224 0.0114163 0
internal_weight=52.2376 46.5897 19.7221 15.5726 26.8676 19.3826 7.45986 8.69319 4.14947 3.48871 3.2445 5.43177 11.9227 5.64797 2.83337 6.87941 7.48498 5.02618 2.4588 1.89243 4.5977 4.21537 10.4226 3.26143 5.44812 3.74466 4.22445 1.28152 3.7533 1.43129
internal_count=14278 12512 4659 3614 7853 5314 2473 1905 1045 954 1030 1110 2841 1766 732 1709 2539 1634 905 739 1446 1443 2365 795 1304 1285 1390 349 1189 405
is_linear=0
shrinkage=0.03


Tree=206
num_leaves=31
num_cat=0
split_feature=9 40 32 20 36 20 40 10 6 31 49 18 24 0 29 33 39 27 36 36 0 26 34 33 42 25 6 35 40 45
split_gain=0.212689 0.40943 0.339231 0.310833 0.28082 0.255241 0.26114 0.231661 0.175762 0.16541 0.160003 0.157355 0.15507 0.135345 0.197935 0.13274 0.131768 0.169177 0.354087 0.27172 0.212752 0.189894 0.169646 0.133798 0.123926 0.115181 0.115134 0.104948 0.156658 0.0935126
threshold=0.79551774263381969 0.7761581838130952 0.037622105330228812 0.033506171777844436 0.19653071463108066 0.03621295094490052 0.67452585697174083 1.0000000180025095e-35 0.13408977538347247 0.028024480678141121 1.2020289897918703 0.16796875000000003 0.22635276615619662 11.088821887969972 0.96852481365203869 73.28973770141603 0.98266166448593151 0.93919143080711376 0.28118050098419195 0.30065628886222845 4.6359872817993173 0.46875000000000006 0.54856255650520336 71.794269561767592 0.67936623096466076 0.28624793887138372 0.06018252111971379 0.6096617877483369 0.95319336652755748 0.13666803389787677
decision_type=2 2 2 2 2 2 2 2 2 2 2 2 2 2 2 2 2 2 2 2 2 2 2 2 2 2 2 2 2 2
left_child=2 3 4 26 -1 24 12 13 -8 -9 11 -6 -7 29 -15 -11 17 18 22 20 -19 -21 -4 -20 -5 -13 -2 28 -18 -3
right_child=1 7 16 5 10 6 8 9 -10 15 -12 25 -14 14 -16 -17 27 19 23 21 -22 -23 -24 -25 -26 -27 -28 -29 -30 -31
leaf_value=-0.0051675757972385354 0.0011445932026703774 0.0096753348518630201 0.0086516609331531644 0.014246595037196809 0 0.004620784393933184 0.010305030146630234 0 -0.0025137412256791159 -0.013969065755190547 -0.0011368272731197833 0.010460357914159999 -0.0062504376461247424 0.0025934889472908444 -0.0095331547923150611 0 0.011792847953367007 0.00051712718992757934 -0.011833392607275676 -0.0055042001376008403 -0.0080433113476427922 0.0077117434668282298 -0.0012388471146381587 0.0018748441892579638 0 -0.00081120693534069788 -0.0087702655324067586 -0.0012468156823705176 -0.0021858974360305693 -0.00069917364426218243
leaf_weight=0.93771277714768331 0.57984721644607207 0.59289469820214291 3.6261608253771618 1.5177428505485275 1.2603566200559706 0.47186703135957975 1.9967051860003269 0.94043912384950079 0.46338124782778312 3.8393814633527654 1.0057653237890907 7.7210593113704817 3.4813803255747189 1.2136669429164615 1.4144239860179366 0.51899818415404286 1.1659472207829811 2.6668683802417927 0.89671566248580326 0.34660636028274838 7.7499162712992984 2.0043436119303806 1.299061057899962 0.12053701252443716 0.34861191657546431 0.21774074342101801 1.9939653561959856 0.60757323924190121 0.21563072137359984 0.39883926656330004
leaf_count=231 188 66 1108 318 382 91 296 134 130 1335 122 2854 703 456 144 221 287 1126 247 50 1797 310 560 17 133 30 589 201 102 81
internal_value=0 -0.00239326 0.0014852 0.0012977 0.00550038 0.00429237 0.000403755 -0.0068654 0.00699479 -0.0103596 0.00712208 0.00834212 -0.00367626 0 -0.00393484 -0.0124072 -0.000691826 -0.00166885 0.00199238 -0.00361173 -0.0057356 0.0038069 0.00576785 -0.00859771 0.0118055 0.00975943 -0.00600188 0.00497837 0.00834969 0.00574061
internal_weight=51.6141 19.7721 31.842 10.8535 11.1426 8.27969 6.41333 8.91864 2.46009 5.29882 10.2049 9.19916 3.95325 3.61982 2.62809 4.35838 20.6994 18.7102 5.94247 12.7677 10.4168 2.35095 4.92522 1.01725 1.86635 7.9388 2.57381 1.98915 1.38158 0.991734
internal_count=14309 4885 9424 2448 3619 1671 1220 2437 426 1690 3388 3266 794 747 600 1556 5805 5215 1932 3283 2923 360 1668 264 451 2884 777 590 389 147
is_linear=0
shrinkage=0.03


Tree=207
num_leaves=31
num_cat=0
split_feature=6 13 35 35 15 11 18 25 24 36 40 45 24 46 5 4 14 33 3 25 1 25 6 34 47 32 27 50 5 37
split_gain=0.252511 0.347538 0.257807 0.339455 0.230604 0.304668 0.227566 0.225707 0.218767 0.269121 0.315395 0.27061 0.341821 0.287549 0.238047 0.201666 0.187863 0.229407 0.139312 0.137322 0.136686 0.107486 0.103397 0.127231 0.113682 0.0900087 0.0890346 0.087962 0.0813233 0.0808813
threshold=0.10769977420568468 26.480503082275394 0.73716169595718395 0.79878488183021557 0.51666668057441723 0.62500000000000011 0.17578125000000003 0.23478913307189944 0.30767440795898443 0.27590538561344152 0.55718955397605907 0.22070113569498065 0.26011507213115698 0.9897916615009309 0.19979086518287661 0.91811594367027294 9.6581249237060565 77.692653656005874 0.1109006740152836 0.16838646680116656 0.78211793303489696 0.18387094885110858 0.23797596991062167 0.39304247498512274 0.98797121644020092 0.033348288387060172 0.98384487628936779 0.32433055341243749 0.15344215184450152 0.098008144646883025
decision_type=2 2 2 2 2 2 2 2 2 2 2 2 2 2 2 2 2 2 2 2 2 2 2 2 2 2 2 2 2 2
left_child=6 22 4 19 5 7 15 -3 9 11 18 13 -13 -8 -12 29 17 20 -11 28 -10 -18 23 -2 -25 -6 -27 -5 -4 -1
right_child=1 2 3 27 25 -7 8 -9 16 10 14 12 -14 -15 -16 -17 21 -19 -20 -21 -22 -23 -24 24 -26 26 -28 -29 -30 -31
leaf_value=-0.0029298236229953487 -0.00069100092375461142 -0.0072462878265721377 0 0.0011610843818704892 0 0.0082787608693088155 -0.0065310310847553994 0.0025049915329078683 0.014704493094975978 -0.0022201529676570322 -0.011698035352618244 0.0035911659212821507 -0.010510861469329504 0.0067318137929523363 0.00032039169425853407 -0.0096471601463299136 0.0046596205245103203 -0.0018515725041296064 0.010002693112881589 0 0 -0.0041072315726252903 -0.0017686203177212766 0.012723013924992189 -0.00034975906102008639 -0.013615037219536835 0 -0.0093877084850537869 0.014229913721540092 0.0050410003183257689
leaf_weight=0.83274708769749795 0.42801370431334707 6.0474407960427943 0.20239483012119253 0.13550310894788686 0.54318396194139396 0.97212408884661261 0.63651369008585845 1.919351511125569 3.235859166339651 0.41909321302955393 2.8320355282194214 2.3912334687265675 1.6974666381793211 11.740915485715957 1.5832234002555194 1.6987497233858451 1.7567722609455816 0.43251283259451145 0.87683398574881721 0.60832872711034713 0.20126989797427075 1.1965448010851103 0.2784328301786444 1.7005251469818174 0.15968503054682504 3.3857440926876738 0.51282589140464541 0.89568880716979038 1.1738526004628509 1.4249338523732147
leaf_count=230 195 1110 117 32 144 311 65 364 784 110 501 598 501 3162 573 343 330 36 214 277 52 325 16 1394 141 1107 179 505 255 323
internal_value=0.000321777 -0.00229452 -0.00405319 0.00260849 -0.00584022 -0.00215598 0.00193877 -0.00454509 0.0029338 0.00118781 -0.00378128 0.00320089 -0.00258892 0.00538828 -0.00757113 -0.00386988 0.0073482 0.0110195 0.00549791 0.00903071 0.0133675 0.000208381 0.00608564 0.00820092 0.010822 -0.0109447 -0.0122313 -0.00663539 0.0124275 0.00118319
internal_weight=51.9198 18.9631 16.3964 3.01577 13.3807 8.93892 32.9567 7.96679 29.0003 22.1773 5.71119 16.4661 4.0887 12.3774 4.41526 3.95643 6.82296 3.86964 1.29593 1.98458 3.43713 2.95332 2.56666 2.28822 1.86021 4.44175 3.89857 1.03119 1.37625 2.25768
internal_count=14294 6147 4401 1186 3215 1785 8147 1474 7251 5724 1398 4326 1099 3227 1074 896 1527 872 324 649 836 655 1746 1730 1535 1430 1286 537 372 553
is_linear=0
shrinkage=0.03


Tree=208
num_leaves=31
num_cat=0
split_feature=0 3 40 34 45 22 0 1 2 33 32 36 23 45 43 36 49 33 30 7 32 35 0 48 32 33 49 5 3 34
split_gain=0.198287 0.219887 0.166261 0.177745 0.164543 0.283148 0.189146 0.367722 0.276119 0.648385 0.244013 0.217267 0.306521 0.179349 0.282303 0.229374 0.169115 0.161957 0.15591 0.135859 0.126197 0.124135 0.101168 0.093237 0.0918027 0.0780812 0.0735116 0.102759 0.0697153 0.0615801
threshold=4.6359872817993173 0.51109406352043163 0.92497956752777111 0.52163463830947887 0.061161613091826446 0.4607399851083756 10.098805427551271 0.7623402774333955 0.35937500000000006 55.716793060302741 0.057384574785828597 0.22626541554927829 0.44993476569652563 0.11739988252520563 0.38911654055118566 0.31446082890033727 0.66043677926063549 46.701852798461921 0.13671875000000003 3.063429713249207 0.030247011221945289 0.6030671000480653 7.5673198699951181 0.43502137064933782 0.03358795307576657 70.911064147949233 0.13123106211423877 0.8694063425064088 0.046068554744124419 0.57327276468276989
decision_type=2 2 2 2 2 2 2 2 2 2 2 2 2 2 2 2 2 2 2 2 2 2 2 2 2 2 2 2 2 2
left_child=1 2 17 -4 5 18 8 11 9 22 -11 21 -13 15 -15 -10 24 -1 -2 -20 -9 -8 -6 -18 -7 -22 -19 -28 -26 -5
right_child=4 -3 3 29 6 16 7 20 13 10 -12 12 -14 14 -16 -17 23 26 19 -21 25 -23 -24 -25 28 -27 27 -29 -30 -31
leaf_value=-0.0001262683603743821 -0.0017692600537181312 -0.0048331129302712494 0.0053150305945740481 -0.009839061793645772 -0.00098156366304928732 0.0012641687202696505 0.0029708593296249378 0.0010353175839585066 0.0067393828283356808 -0.013457091255642364 0.0027684850512703129 -0.0047554543521479229 0.0095131656137908537 0.0032698134813709703 -0.0052451443112701357 -0.0058908947140003127 0.0076845926387240533 0 0 0.014661888665655083 -0.011901260445741114 -0.0067805355268355117 0.0074723048094047003 -0.0021867081998670646 0 0 0.013159291591062406 0 -0.010856820469300515 0
leaf_weight=1.0493078562940334 0.22929169581038822 1.0982670099765526 0.74606981544638962 0.73464334297750611 1.1991016641623011 0.13267938201897811 1.0290296578095861 0.44957823614822645 3.9006735540897379 6.0234006518221577 0.26879092956369266 0.74755077599547792 5.5507367502759735 3.8934120733465525 9.9525897420535312 0.65976329747354601 0.83521541638037866 0.83732857485301782 0.51389380556065622 1.618625122704543 1.512465130392229 1.3449317671729657 1.417792114196345 0.33540306206850801 0.21995901830086939 0.26734682050300751 3.2024913707537057 0.43120548170008977 1.4001924398980916 0.12994828844966833
leaf_count=454 22 437 360 129 322 65 380 33 880 1813 70 118 1771 693 2098 118 121 586 86 307 197 347 226 80 55 24 1726 266 383 132
internal_value=-0.000228712 0.00370514 0.00582178 -0.000843905 -0.00110682 0.00327349 -0.00185711 0.00121501 -0.00318876 -0.00727554 -0.012068 0.00425298 0.00698902 -0.000783108 -0.00258975 0.0036418 -0.00214188 0.00805787 0.00951222 0.0118605 -0.00733121 -0.00203675 0.00356879 0.00376978 -0.00711497 -0.010136 0.010199 0.0117087 -0.00916672 -0.00776769
internal_weight=51.7317 8.22926 7.13099 1.61066 43.5024 5.28526 38.2172 10.9016 27.3155 8.90909 6.29219 8.67225 6.29829 18.4064 13.846 4.56044 2.92345 5.52033 2.36181 2.13252 2.22939 2.37396 2.61689 1.17062 1.75283 1.77981 4.47103 3.6337 1.62015 0.864592
internal_count=14299 4090 3653 621 10209 1119 9090 2870 6220 2431 1883 2616 1889 3789 2791 998 704 3032 415 393 254 727 548 201 503 221 2578 1992 438 261
is_linear=0
shrinkage=0.03


Tree=209
num_leaves=31
num_cat=0
split_feature=13 43 43 40 22 3 18 20 43 7 32 1 41 41 33 30 39 34 0 1 46 42 34 23 43 34 34 13 32 32
split_gain=0.190594 0.315239 0.320659 0.295889 0.283842 0.250831 0.270458 0.240463 0.271419 0.221155 0.200232 0.199697 0.378548 0.340445 0.279347 0.204775 0.220803 0.168891 0.153379 0.149001 0.146538 0.136295 0.135678 0.135425 0.127533 0.126434 0.123995 0.12133 0.115223 0.114287
threshold=34.642435073852546 0.82661032676696788 0.60302522778511058 0.75933867692947399 0.55120956897735607 0.47961659729480749 0.53515625000000011 0.036697061732411392 0.34534761309623724 3.1538913249969487 0.032812813296914108 0.70759594440460216 0.86452463269233715 0.82868278026580822 55.971561431884773 0.26953125000000006 0.96006634831428539 0.4744658917188645 6.6740453243255624 0.65259498357772838 0.99100670218467724 0.32366947829723364 0.42023399472236639 0.46702583134174352 0.29037718474864965 0.52385064959526073 0.57203596830368053 27.900660514831547 0.053566453978419311 0.034826131537556655
decision_type=2 2 2 2 2 2 2 2 2 2 2 2 2 2 2 2 2 2 2 2 2 2 2 2 2 2 2 2 2 2
left_child=11 2 3 7 9 24 -7 22 -9 -4 -3 13 -13 14 21 -15 28 18 27 -11 -16 -1 -2 -12 -5 -18 -25 -14 -17 -19
right_child=1 10 4 5 -6 6 -8 8 -10 19 23 12 17 15 20 16 25 29 -20 -21 -22 -23 -24 26 -26 -27 -28 -29 -30 -31
leaf_value=0.0076252828109421179 -0.00017700262205563402 0.0026197437710280685 -0.0012647563517497644 0 -0.0021982298391975039 -0.0051236563328532084 0.0082834038032489048 0.003334762400202953 -0.008232755863501709 0 0 0.015524131926593328 0 -0.00092413109307466605 0 0.013377508719066584 0.0047410729519617211 0.0035983883968370247 -0.0029562834036149194 0.013132751078136759 -0.012506299872203122 -0.0026096244505338572 0.0099006583013140064 -0.014363558130072746 -0.011528533993129331 -0.0051964999234450429 0 0.013816710406690658 -4.8132164705414723e-06 -0.0052284432919011631
leaf_weight=0.92536870502954416 0.93929628136539589 0.54513225224218231 0.90116729348665003 0.72606347933469617 2.2190639023174299 2.375033823664126 1.2562401607610807 2.7238380945491372 2.3541224728178349 0.61528412911866315 0.51238764992740504 1.7308428954456747 1.2135694314274594 3.6937872388298256 0.61160779636702534 2.4978383806374045 1.5716024169305458 0.77057730713204398 0.33824191259918723 3.6011906213243492 2.4513140553754056 1.5881263958581255 2.4733003086184908 2.490816597019148 3.866327164334507 1.073301245785842 0.69917353562050255 0.95340122992638487 0.17324427748098958 2.818770714882703
leaf_count=67 272 121 166 174 646 392 338 418 527 290 194 329 305 1335 70 1519 888 245 46 657 490 272 683 608 1046 652 214 283 106 878
internal_value=0.000462304 -0.00108948 0.000234439 -0.00193621 0.00517847 -0.00576209 0 0.00166999 -0.00200652 0.00870394 -0.00777376 0.00251268 0.00608946 0.000133697 -0.004985 0.00378303 0.00715723 0.00117667 0.00626009 0.0112436 -0.0100201 0.00140243 0.00703547 -0.0101737 -0.00975333 0 -0.012052 0.00912518 0.0119275 -0.00230861
internal_weight=50.71 28.2984 24.0509 16.7142 7.33671 8.22366 3.63127 8.49056 5.07796 5.11764 4.24751 22.4116 7.8254 14.5862 5.57642 9.00977 5.31599 6.09456 2.50521 4.21647 3.06292 2.5135 3.4126 3.70238 4.59239 2.6449 3.18999 2.16697 2.67108 3.58935
internal_count=14231 6746 5609 3850 1759 1950 730 1900 945 1113 1137 7485 2086 5399 899 4500 3165 1757 634 947 560 339 955 1016 1220 1540 822 588 1625 1123
is_linear=0
shrinkage=0.03


Tree=210
num_leaves=31
num_cat=0
split_feature=0 49 3 16 35 16 7 42 41 20 28 20 36 32 4 3 45 3 18 3 48 49 32 1 5 42 7 14 44 6
split_gain=0.226458 0.303742 0.288118 0.278402 0.440934 0.412996 0.289315 0.266003 0.227233 0.340663 0.253016 0.226602 0.219043 0.210413 0.198256 0.175691 0.174702 0.165755 0.163754 0.145184 0.118205 0.110387 0.105322 0.0998998 0.0963689 0.0953816 0.0911114 0.0870272 0.0772694 0.0762568
threshold=4.6359872817993173 0.84271362423896801 0.50009465217590343 0.41308593750000006 0.52719801664352428 0.28613281250000006 3.9958169460296635 0.24626532942056659 0.76038268208503734 0.037114193663001067 0.95211350917816173 0.04117600433528424 0.26532986760139471 0.031113035976886753 0.88827380537986766 0.41695992648601538 0.079498942941427245 0.99848350882530224 0.68359375000000011 0.16000144928693774 0.40142995119094854 0.1868172958493233 0.04985324293375016 0.77011278271675121 0.16365757584571841 0.24152298271656039 4.959165334701539 22.016265869140629 0.2674796879291535 0.16512207686901095
decision_type=2 2 2 2 2 2 2 2 2 2 2 2 2 2 2 2 2 2 2 2 2 2 2 2 2 2 2 2 2 2
left_child=2 8 11 4 16 -6 -5 -7 9 15 13 23 19 21 -15 29 -3 18 -11 -13 -18 -10 -21 28 -19 -12 -27 -8 -1 -2
right_child=1 3 -4 6 5 7 27 -9 10 17 25 12 -14 14 -16 -17 20 24 -20 22 -22 -23 -24 -25 -26 26 -28 -29 -30 -31
leaf_value=0.013667262027925221 0.0095371867582231176 0.0046108615897097124 -0.0052221592908251032 -0.011475204434888156 -0.0039651735991980347 -0.0016261619600993816 0.0071044662186510637 0.015242934337077987 -0.0010680316074184531 -0.014418347764032672 -0.00063510623310906512 0.010983954520517517 -0.0065546213152421172 0.0025389008373805904 -0.0039578261201556287 -0.0041764603482795162 0.00095257007179852375 0.0060726200777923411 0 0.0040169285162162663 -0.0098525750150621396 0.01051391155671734 -0.0066877564930124377 0 -0.005073985470764774 0.012395813284533685 0 -0.0021286913657574146 0 -0.00041405299948397262
leaf_weight=2.9879747972827317 1.1437169226555846 0.77922590955858906 1.134485280854278 1.1527904398972162 0.78712449087470293 0.41709783487021912 0.99247556347836485 4.5049267899667029 0.28077161947294971 3.6154881645670685 0.18164890516345522 0.94328099081030892 1.1757077447400659 4.1200965656244106 17.68852613906347 1.1931501157523596 0.46320799511158872 0.46165981392550737 0.74920781332912145 0.69721136134467065 1.5659423189208608 0.86271263068920234 0.50776592610054649 0.12694870861741936 0.27521488053025678 1.2058844694438446 0.16162293685192697 0.3790275495412061 0.16386094040353771 0.13342739196377795
leaf_count=2460 366 70 458 255 139 28 299 546 109 757 26 366 279 1253 4372 312 88 77 192 271 234 324 121 85 40 514 70 96 42 28
internal_value=8.59203e-05 -0.000731441 0.00454636 0.00326805 0.00586675 0.010213 -0.00382595 0.0132736 -0.00225623 -0.00650786 -0.000620999 0.0070855 0.000189172 -0.00165956 -0.00254143 0.00138781 -0.0025427 -0.0104236 -0.0123038 0.00574251 -0.00689544 0.00709895 -0.000120634 0.0116976 0 0.0082042 0.0104178 0.00346614 0.0127543 0.00745483
internal_weight=50.8522 43.1149 7.73724 11.0418 8.51753 5.70915 2.52429 4.92202 32.0731 7.57187 24.5013 6.60275 3.32397 22.9521 21.8086 2.47029 2.80838 5.10157 4.3647 2.14826 2.02915 1.14348 1.20498 3.27878 0.736875 1.54916 1.36751 1.3715 3.15184 1.27714
internal_count=14277 10195 4082 1755 1105 713 650 574 8440 1772 6668 3624 1037 6058 5625 706 392 1066 949 758 322 433 392 2587 117 610 584 395 2502 394
is_linear=0
shrinkage=0.03


Tree=211
num_leaves=31
num_cat=0
split_feature=41 37 39 39 39 49 39 33 3 24 40 32 24 19 48 0 36 47 41 34 13 50 26 0 49 47 12 12 4 4
split_gain=0.201225 0.253083 0.342597 0.366607 0.342219 0.352768 0.336577 0.24055 0.241562 0.36987 0.220301 0.206099 0.329014 0.270327 0.243346 0.204452 0.185931 0.183639 0.178236 0.169643 0.20666 0.168556 0.16629 0.277124 0.157494 0.152241 0.162906 0.164519 0.146608 0.137955
threshold=0.79007753729820263 0.16301929205656054 0.85157442092895519 0.78490144014358532 0.93362763524055492 0.9196070432662965 0.97996747493743908 57.01111030578614 0.25439062714576727 0.28787769377231603 0.83590433001518261 0.038086218759417541 0.29949387907981878 0.027250529266893867 0.36498717963695532 12.724411010742189 0.21311451494693759 0.97923138737678539 0.99950441718101513 0.49135984480381018 41.982599258422859 0.09131991490721704 0.59375000000000011 4.8079087734222421 0.12259317189455034 0.97749733924865734 1.2170596122741701 1.4584195613861086 0.92373934388160717 0.89296209812164318
decision_type=2 2 2 2 2 2 2 2 2 2 2 2 2 2 2 2 2 2 2 2 2 2 2 2 2 2 2 2 2 2
left_child=1 4 3 -3 5 -1 15 11 9 10 -9 19 13 -13 -14 16 -4 -15 29 20 21 -2 24 -24 -21 26 -10 -28 -7 -11
right_child=7 2 6 -5 -6 28 -8 8 25 18 -12 12 14 17 -16 -17 -18 -19 -20 22 -22 -23 23 -25 -26 -27 27 -29 -30 -31
leaf_value=-0.0092064879783186251 -0.0014590018438228154 -0.0050542365048002981 0.00041374562956966005 0.010284485636039353 0.0093960450740196259 -0.0030321587867217789 0.004126253964968192 0.010446691726526732 0 0.00066940050628287479 -0.00058714651449652273 0.0011925402245281931 0.011035894757799898 -0.012912051560811703 -0.0028674213140377947 3.5570107378885679e-06 -0.01147419185553023 0.0017071360115135882 0.0034234194671492091 -0.0046612339484008742 -0.0012284806869413325 0.012837474605070981 0.0056549028091198508 -0.011719498562196553 0.0066400391041929237 -0.00074705099039768007 0.013188023073932182 -0.00029443894933640897 0.0094927672201877578 -0.011275453043891697
leaf_weight=2.2354932150192357 0.26884203292138664 1.6203703336868778 0.73859155399258991 1.8455046668095745 2.5894129148837237 0.29351804564066686 1.2937122904113483 2.4389593157466134 0.71443950754473906 0.43290830980549877 2.0124925548661849 1.4492729435078207 0.99028191869001636 3.7801073949958663 1.3986016054259378 1.4579186243536231 7.821824738450232 0.25759788691357233 0.44551786681404326 0.5824917701975213 1.2642330175731329 2.2018423109984724 0.25752154513611447 1.4713964804868735 2.0329423056118685 0.68725573175470334 4.4375479568516312 0.40907636948395509 1.1989571345184229 2.3237912218428391
leaf_count=478 54 312 121 305 414 67 431 1134 190 162 969 540 256 897 322 549 1390 139 57 246 384 783 152 319 714 357 1569 37 153 771
internal_value=8.44013e-05 -0.00204204 -0.00418371 0.00291557 0.00244497 -0.0027148 -0.00666264 0.00170153 0.00447523 0.000299009 0.00571535 -0.000659719 -0.0040071 -0.00780845 0.00356658 -0.00857618 -0.0101987 -0.0112301 -0.00608475 0.00235491 0.00643533 0.0104453 -0.0011395 -0.00690837 0.00270023 0.00842987 0.00996223 0.0116812 0.00559766 -0.00892221
internal_weight=50.9524 21.0953 14.7779 3.46588 6.31738 3.72797 11.312 29.8571 13.902 7.65367 4.45145 15.9551 7.87586 5.48698 2.38888 10.0183 8.56042 4.03771 3.20222 8.07927 3.73492 2.47068 4.34435 1.72892 2.61543 6.24832 5.56106 4.84662 1.49248 2.7567
internal_count=14272 4220 3108 617 1112 698 2491 10052 5246 3093 2103 4806 2154 1576 578 2060 1511 1036 990 2652 1221 837 1431 471 960 2153 1796 1606 220 933
is_linear=0
shrinkage=0.03


Tree=212
num_leaves=31
num_cat=0
split_feature=13 0 50 40 4 20 44 1 44 41 49 49 36 20 35 37 33 23 38 15 26 6 28 30 49 18 3 0 0 16
split_gain=0.239577 0.274445 0.247863 0.280792 0.303856 0.276484 0.216766 0.212157 0.201817 0.217012 0.188457 0.241277 0.218145 0.225739 0.20704 0.273574 0.209517 0.187868 0.313141 0.172829 0.169617 0.188467 0.167868 0.165347 0.160159 0.151763 0.125625 0.102446 0.101735 0.0888504
threshold=32.168743133544929 13.113867759704592 0.18904620409011844 0.92846128344535839 0.95021030306816112 0.037310916930437095 0.29893617331981664 0.74631559848785411 0.060303030535578735 0.72473323345184337 1.2287597060203554 0.20465451478958133 0.31958809494972235 0.043971218168735511 0.61278155446052562 0.25006793439388281 46.701852798461921 0.45348876714706426 0.46875000000000006 0.14835165441036227 0.84375000000000011 0.12405878677964212 0.73828485608100902 0.25390625000000006 0.52713158726692211 0.69921875000000011 1.1653231382369997 5.6610550880432138 4.7141737937927255 0.34082031250000006
decision_type=2 2 2 2 2 2 2 2 2 2 2 2 2 2 2 2 2 2 2 2 2 2 2 2 2 2 2 2 2 2
left_child=10 2 3 4 22 -6 20 17 19 -10 11 14 13 25 15 16 -1 24 -19 -9 21 26 -2 28 -4 -13 -3 -12 -16 -5
right_child=1 6 7 29 5 -7 -8 8 9 -11 27 12 -14 -15 23 -17 -18 18 -20 -21 -22 -23 -24 -25 -26 -27 -28 -29 -30 -31
leaf_value=-0.0015844337694482249 0.0029723070537096084 0.015314810427562104 0.006024295583313276 0.00073981527409626218 -8.7650863442746629e-06 0.013115710016541306 -0.0044946235169939864 0.0034517575392643608 -0.004107540668109616 0.010141350839142655 -0.0075795172120069173 0.012775741346746342 -0.0025979702953810805 0 0 -0.0075638305447577507 0.011637928986429255 0 -0.011322645159468233 -0.0074174759667268685 -0.0020845937163164567 -0.0015205636987628164 -0.0070849202145949076 0.0013057390337128604 -0.0046029192813236098 0 -1.919920429117557e-05 0.002459860602841593 -0.010954866496323467 -0.0099926512649371902
leaf_weight=0.74328456580406754 1.8676992375985775 2.1023125182800877 1.2866729193629027 0.14490463223773886 1.6391165316163094 2.7090674354985822 0.48715063033887407 0.92283248301828225 0.43604845642403267 1.8346514043369095 1.336532451387028 5.2510447661770723 0.92123901612649195 2.2228101527507533 0.60794966488902025 0.27590828132815648 2.3617401926912862 3.2002431208165927 6.9238717737862316 2.5230931401893031 0.30906815501293738 0.27253711037337769 1.8002335947385288 1.749400262844574 1.88646074468852 0.47967787728703104 0.11841916193952773 0.30794358276762057 1.7007248382215037 1.1887321580725254
leaf_count=176 348 1156 270 31 286 410 97 90 87 223 136 1906 146 597 493 40 1192 835 1828 519 254 29 422 1139 374 267 26 37 458 347
internal_value=0.00017868 -0.00131976 -0.00239195 0.0012835 0.0038052 0.00853073 0.00562814 -0.00432301 5.25948e-05 0.0060686 0.00290837 0.00402165 0.00709565 0.00871826 0 0.00472749 0.00812701 -0.00628607 -0.00812315 -0.00371021 0.00889611 0.0113232 -0.00178146 -0.00418117 0 0.0114584 0.0138136 -0.00434582 -0.00838362 -0.00772366
internal_weight=49.6114 31.6531 28.3636 9.34975 8.01612 4.34818 3.28949 19.0139 5.71663 2.2707 17.9583 16.3138 8.87477 7.95353 7.43901 3.38093 3.10502 13.2972 10.1241 3.44593 2.80234 2.49327 3.66793 4.05807 3.17313 5.73072 2.22073 1.64448 2.30867 1.33364
internal_count=14219 7632 6070 1844 1466 696 1562 4226 919 310 6587 6414 2916 2770 3498 1408 1368 3307 2663 609 1465 1211 770 2090 644 2173 1182 173 951 378
is_linear=0
shrinkage=0.03


Tree=213
num_leaves=31
num_cat=0
split_feature=0 15 33 36 21 24 34 3 45 31 48 1 33 25 0 14 3 20 36 49 0 26 33 35 23 50 5 35 31 22
split_gain=0.242604 0.257569 0.248187 0.228376 0.336816 0.220072 0.343038 0.280301 0.260859 0.220169 0.218045 0.226247 0.213108 0.205373 0.221499 0.201332 0.194587 0.187024 0.207046 0.174914 0.14889 0.143769 0.149047 0.130611 0.138352 0.143002 0.152492 0.122708 0.143738 0.122215
threshold=6.4215145111083993 0.27619048953056341 44.91230773925782 0.28536699712276464 73.392307281494155 0.29476444423198706 0.56982138752937328 0.8332481086254121 0.19484375417232516 0.025101051665842537 0.35837292671203619 0.70675748586654674 50.348472595214851 0.1735436096787453 3.4744824171066289 1.5262008309364321 0.20668851584196093 0.049766646698117263 0.16904441267251971 0.87012416124343883 12.854410171508791 0.65625000000000011 73.80625152587892 0.57855820655822765 0.738659828901291 0.40939694643020635 0.041078314185142524 0.38890118896961218 0.061060085892677314 0.58940142393112194
decision_type=2 2 2 2 2 2 2 2 2 2 2 2 2 2 2 2 2 2 2 2 2 2 2 2 2 2 2 2 2 2
left_child=1 3 23 4 17 6 7 8 -4 19 13 27 -11 29 -15 16 -5 18 -1 -7 -14 -8 -23 -2 25 26 -25 -12 -29 -3
right_child=2 10 5 15 -6 9 21 -9 -10 12 11 -13 20 14 -16 -17 -18 -19 -20 -21 -22 22 -24 24 -26 -27 -28 28 -30 -31
leaf_value=-0.001605432245024575 -0.0028289403223159238 -0.0045410294542887041 -0.0042891645736044311 -0.010310410975310122 -0.0041265568733919187 -0.011891803408769273 -0.0033449023828700992 0.0034547946933441293 -0.015675936609950505 0.0092626642495788076 0.00085492774469183663 0.0035954382510273324 -0.0023687802284141639 -0.0015109859822198934 0.01056497039900004 0.0073304488348282498 0.003395770918820441 -0.0009968835937135493 0.015431369232958311 0.0014481100857264275 0.0064806106378771716 0.0095401801367780373 -0.0019048542368836586 -0.0012612491781026352 -0.0018541477212173445 -0.00063708125084126785 0.012607882702804137 -0.01377106267120928 0.00083451309283520821 0.0042233313308776485
leaf_weight=0.18439098487943084 1.0229339767829539 3.6783844475357892 6.7760306955096894 1.3392990464344623 0.59012724389322091 1.2017072510207061 1.7277474695220001 0.85946441412670616 3.4804082848640974 1.710198576838591 0.18065640475833777 0.59720304057555029 6.7246388949424727 1.2543253057592667 2.506746422193828 0.68497931417368807 0.49515839718515042 0.31757952194311645 3.8621514297665271 0.57623803970636789 1.1629872286976022 1.5878695069477546 0.63029971311334509 0.22233893022348761 0.67959251280990418 0.60022913484135632 2.4812409017904429 2.1009157351436447 0.16374942535185244 0.85554663134098508
leaf_count=39 232 1296 1663 277 138 199 490 208 922 297 24 212 1251 634 974 103 64 89 2026 45 430 534 130 27 398 205 521 409 67 426
internal_value=-0.000340849 0.00221174 -0.0019815 0.00620305 0.00944753 -0.00319928 -0.0054604 -0.00801948 -0.009469 0 -0.000465684 -0.00642661 0.00196485 0.00185415 0.00643603 -0.000196129 -0.00565961 0.0122694 0.0138963 -0.00752344 -0.000144076 0.00130597 0.00577448 0.00341189 0.0058626 0.00820899 0.0106247 -0.0100781 -0.0118639 -0.00188078
internal_weight=50.2551 18.8112 31.4439 7.47369 4.95425 26.4376 15.0618 11.1159 10.2564 11.3758 11.3375 3.04252 9.59782 8.295 3.76107 2.51944 1.83446 4.36412 4.04654 1.77795 7.88763 3.94592 2.21817 5.00634 3.9834 3.30381 2.70358 2.44532 2.26467 4.53393
internal_count=14330 6778 7552 2736 2292 6169 3947 2793 2585 2222 4042 712 1978 3330 1608 444 341 2154 2065 244 1681 1154 664 1383 1151 753 548 500 476 1722
is_linear=0
shrinkage=0.03


Tree=214
num_leaves=31
num_cat=0
split_feature=40 9 31 48 50 37 14 49 33 6 24 2 18 7 1 29 20 49 35 40 37 39 42 22 17 23 6 36 48 32
split_gain=0.249593 0.280385 0.183721 0.170046 0.224209 0.215574 0.285527 0.209752 0.206553 0.181182 0.26638 0.17349 0.118221 0.114465 0.1043 0.0880318 0.0840832 0.0676394 0.067072 0.0462218 0.0411045 0.0711974 0.0475168 0.0395177 0.039101 0.0230695 0.0215656 0.0115803 0.00460269 0.00950635
threshold=0.95319336652755748 0.092987019568681731 0.050946105271577842 0.22476169466972354 0.32207147777080541 0.17245157808065417 0.50632169842720043 0.94084015488624584 56.090097427368171 0.17438257485628131 0.30139684677124029 0.29687500000000006 0.22265625000000003 5.0766348838806161 0.5287345051765443 0.99960452318191539 0.03307605721056462 0.27649173140525823 0.38890118896961218 0.96882498264312755 0.12254792079329492 0.8041471838951112 0.71887913346290599 0.52885976433753978 1.0078125000000002 0.39223775267601019 0.070078209042549147 0.22249197959899905 0.28516024351120001 0.038195069879293449
decision_type=2 2 2 2 2 2 2 2 2 2 2 2 2 2 2 2 2 2 2 2 2 2 2 2 2 2 2 2 2 2
left_child=1 15 19 8 5 7 -7 -5 20 10 -6 25 -4 -11 -14 16 28 27 -16 26 21 -3 -22 -20 -13 -10 -2 -18 -1 -30
right_child=2 3 12 4 9 6 -8 -9 11 13 -12 24 14 -15 18 -17 17 -19 23 -21 22 -23 -24 -25 -26 -27 -28 -29 29 -31
leaf_value=0.0014876175827556362 0.00034281089422134636 0.0014490560140829032 0.00053680928954272559 0.0010257485091358278 -0.0088900050734795327 0.0078688649927945997 -0.0032586419222707373 0.0096282878677889754 -0.0037968509495801507 0.0083884314937049259 0.00046152952326545112 0.015166402819155156 0 -0.0028200830326766354 0 0 0 0 -0.016346885672663541 0.0053945337947492213 0.0047823585965007919 -0.0076193688310844474 -0.0020732765822653763 0 0 0.0015217385810354911 -0.00397874127985769 0.015706913032746374 0 -0.0028461469390367055
leaf_weight=0.21956081516691428 0.17217231990070947 0.17153864481951986 0.19684473394590929 12.312301486101207 6.094185766993176 1.3493085321897513 13.28424549613919 2.7609171759067967 0.21349214564543206 0.76787956576663308 3.3749739339546068 1.2644637985722509 0.17249161332438268 0.31120214983820915 0.15393249422777477 0.2688122653053141 0.20784197328612197 0.13885147415567178 1.4449348415619168 0.42563232990505639 0.82678594507160574 0.63786569703370333 0.27944114150704991 0.40127141410630418 0.078763541299849638 0.41158090111275669 0.414866479972261 1.0598947921098441 0.1249287236132659 0.23439039755612612
leaf_count=123 44 32 114 2978 2170 445 3136 342 51 293 991 618 198 46 82 43 44 22 447 162 296 201 137 316 50 367 108 242 62 42
internal_value=0.00010865 0.000796738 -0.00667327 9.89583e-05 -0.000463234 0.000807816 -0.00160302 0.00328909 0.00544184 -0.00406262 -0.00554468 0.0105366 -0.0103002 0.00391136 -0.0120874 0.0093087 0.0109996 0.0134737 -0.0136306 0.00122378 -0.000582436 -0.0043008 0.00146409 -0.0147326 0.0143969 0 -0.00140359 0.0148155 0 -0.00103051
internal_weight=49.7754 46.3932 3.38215 44.1389 40.255 29.7068 14.6336 15.0732 3.88393 10.5482 9.46916 1.9683 2.36948 1.07908 2.17263 2.25428 1.98547 1.40659 2.00014 1.01267 1.91563 0.809404 1.10623 1.84621 1.34323 0.625073 0.587039 1.26774 0.57888 0.359319
internal_count=14202 12731 1471 12153 10401 6901 3581 3320 1752 3500 3161 1086 1157 339 1043 578 535 308 845 314 666 233 433 763 668 418 152 286 227 104
is_linear=0
shrinkage=0.03


Tree=215
num_leaves=31
num_cat=0
split_feature=41 32 49 38 30 33 18 34 37 16 34 13 49 46 19 35 33 30 7 41 25 40 5 34 2 7 15 15 23 34
split_gain=0.199904 0.197826 0.21665 0.263184 0.297895 0.264934 0.363226 0.347579 0.237382 0.350143 0.267521 0.283476 0.227232 0.191551 0.162625 0.113792 0.111694 0.105421 0.195979 0.0955412 0.0933601 0.0814482 0.0798669 0.0792658 0.0567011 0.0428737 0.0316295 0.0289377 0.019977 0.0199141
threshold=0.99739241600036632 0.03290634602308274 0.85185348987579357 0.46875000000000006 0.16796875000000003 57.01111030578614 0.56640625000000011 0.43235887587070471 0.16301929205656054 0.28808593750000006 0.40052460134029394 35.141698837280281 0.76291969418525707 0.99432355165481578 0.066991720348596587 0.61278155446052562 53.877500534057624 0.30078125000000006 2.6765953302383427 0.52498376369476329 0.10263316705822946 0.41538932919502264 1.4855783581733706 0.53720495104789745 0.42187500000000006 2.6146671772003178 0.51666668057441723 0.57738095521926891 0.55659744143486034 0.44490811228752142
decision_type=2 2 2 2 2 2 2 2 2 2 2 2 2 2 2 2 2 2 2 2 2 2 2 2 2 2 2 2 2 2
left_child=1 17 3 4 12 6 -5 -7 9 29 16 -12 -3 -6 21 23 -10 18 24 -20 -21 -2 -23 27 -1 -11 -19 -16 -17 -4
right_child=14 2 8 5 13 7 -8 -9 10 25 11 -13 -14 -15 15 28 -18 26 19 20 -22 22 -24 -25 -26 -27 -28 -29 -30 -31
leaf_value=0.0019220490286391472 0 -0.0074806413358183025 0 -0.0093256275018160709 -0.0038600650389925884 0.0057476939401214424 0.0045791303166623889 -0.004038962517221632 0.00021689647768374131 0 -0.0038679952677131003 0.0083716653600140918 0.0061837931551536442 0.0089489935017631611 0.0093824962410367606 0 -0.010678255600960669 0.00093826384966175756 -6.0209095280535983e-05 0 0.011751886507741971 0.014512622307928444 0 -0.0008822508953822756 -0.0060185165661161798 0.014548824480268258 -0.0046078608151110889 0 -0.0073803645431712497 -0.0059829374080623146
leaf_weight=0.147959956782869 0.7219953464227723 2.6788717616800599 0.16516348946606596 9.0948495603770443 0.36124246461258724 3.8642976756455019 1.0903226234440797 8.6045451346726605 0.46047730598365877 0.39390704676043276 1.8744224011607 2.8355338714682148 0.46810045294114377 4.0125179161987035 0.50554726614063816 0.14165414789022168 1.502002589368203 0.19376812493283058 0.24656353302998502 0.16783812369976692 3.0863697914574004 1.2637838905175156 0.10141522786580015 0.55651930327439914 0.60221129763522185 1.8697035149743895 0.51944849303981755 0.18255277726711938 0.5426699744493817 0.39230952152502141
leaf_count=51 420 577 37 2608 134 1264 175 3455 85 58 283 605 56 1076 110 73 262 220 23 150 775 728 43 115 133 237 182 45 144 64
internal_value=0.000376239 -0.000192914 -0.000998679 -0.00228525 0.00213134 -0.00390643 -0.0072926 -0.000581632 0.00263283 0.00864581 -0.000313942 0.00315091 -0.00372365 0.00681134 0.00607696 0 -0.00789887 0.00483076 0.00660696 0.00936045 0.0106258 0.010364 0.0130841 0.00402497 -0.00253489 0.0132022 -0.00168183 0.00794251 -0.00626213 -0.00452681
internal_weight=48.6486 44.6324 39.6683 30.1747 7.52073 22.654 10.1852 12.4688 9.49352 2.82108 6.67244 4.70996 3.14697 4.37376 4.01614 1.92894 1.96248 4.96416 4.25094 3.50077 3.25421 2.08719 1.3652 1.24462 0.750171 2.26361 0.713217 0.6881 0.684324 0.557473
internal_count=14188 12510 10976 9345 1843 7502 2783 4719 1631 396 1235 888 633 1210 1678 487 347 1534 1132 948 925 1191 771 270 184 295 402 155 217 101
is_linear=0
shrinkage=0.03


Tree=216
num_leaves=31
num_cat=0
split_feature=49 41 49 16 7 25 14 41 37 41 38 47 1 21 21 5 43 27 35 6 35 48 35 39 44 35 35 23 3 41
split_gain=0.235455 0.420705 0.258052 0.196334 0.189827 0.186033 0.283501 0.245121 0.304003 0.244163 0.33969 0.222399 0.199985 0.184395 0.180132 0.17443 0.163915 0.162247 0.197807 0.206477 0.129309 0.116832 0.114373 0.109683 0.121804 0.106785 0.0977831 0.0884084 0.070681 0.0682119
threshold=0.94084015488624584 0.82868278026580822 1.2850705385208132 0.41308593750000006 3.0483028888702397 0.1735436096787453 7.7743957042694101 0.99598923325538646 0.17933096736669543 0.99739241600036632 0.46875000000000006 0.98642677068710338 0.62818551063537609 40.589557647705085 57.846513748168952 0.13032656908035281 0.22904653102159503 0.98363441228866588 0.7112528681755067 0.054231388494372375 0.43323263525962835 0.40329062938690191 0.79605981707572948 0.95452427864074718 0.047247024253010757 0.45552200078964239 0.56799313426017772 0.37220023572444921 0.38398143649101263 0.61102262139320385
decision_type=2 2 2 2 2 2 2 2 2 2 2 2 2 2 2 2 2 2 2 2 2 2 2 2 2 2 2 2 2 2
left_child=1 4 3 13 20 9 7 8 -7 10 11 -3 -8 -2 -11 -12 -15 18 19 -6 -1 -4 -14 26 -25 -18 -19 -9 -20 -5
right_child=2 5 21 29 17 6 12 27 -10 14 15 -13 22 16 -16 -17 25 23 28 -21 -22 -23 -24 24 -26 -27 -28 -29 -30 -31
leaf_value=-0.0042905733347243279 -0.0023461293906259281 0.0061384688273362544 0.003448149028689979 0.0027467919340122796 0 0 0.0051201389407903855 -0.0075392193765147263 0.012921895826706709 0.010094925137719483 0 -0.0065862782228239677 -0.010332124803230026 -0.00079310516588893345 -0.0020039069874924305 -0.0091104409145486374 0 0.001345559974957724 0.0035916832964821197 -0.011660312679848628 0.0073347307419589919 -0.0064322952810840807 0.0014169477517146489 -0.0025454487194960392 0.0087872349520302494 0.014117343322093858 -0.0077049430181072394 0.0014168265390663299 -0.004030543895613671 -0.005515709982892603
leaf_weight=0.28669185726903279 0.31642375385854205 3.6119127478013997 0.51869452938262872 0.48015128001134122 1.6177928652032258 2.3018037537622131 0.50807841627101824 0.36356185807380859 4.2349345797483693 1.636692364510963 2.0664928041514941 0.58696833845169738 1.6775157260308331 0.35236449260264624 0.84467812828370359 5.5677543038491422 0.5077319148404057 0.73492183195776251 1.3072396642455708 7.0161671298628789 1.0780241294560253 1.8022980899186221 0.17708429541380599 0.34173310729966011 0.98016538615047466 3.623261967120925 1.2169109819478761 1.7855595300970888 1.0836263154487822 0.74912425432557939
leaf_count=51 88 923 57 195 289 926 177 41 1981 930 592 143 465 27 166 1862 62 175 436 1805 283 276 100 127 175 457 311 720 243 221
internal_value=-0.000325186 -0.0013307 0.00390827 0.00701816 -0.00506973 0.000969315 0.00379015 0.00629172 0.00892618 -0.00111735 -0.00311945 0.0028579 -0.00365036 0.00946812 0.00572207 -0.00670472 0.0111249 -0.0061574 -0.00777039 -0.00968722 0.00284224 -0.00294747 -0.00805597 0 0.00473098 0.0126826 -0.00397947 -0.00105856 0 -0.00115822
internal_weight=49.3764 41.0263 8.35005 6.02906 15.6633 25.363 11.0485 8.68586 6.53674 14.3145 11.8331 4.19888 2.36268 4.79978 2.48137 7.63425 4.48336 14.2986 11.0248 8.63396 1.36472 2.32099 1.8546 3.27373 1.3219 4.13099 1.95183 2.14912 2.39087 1.22928
internal_count=14304 12921 1383 1050 3895 9026 4410 3668 2907 4616 3520 1066 742 634 1096 2454 546 3561 2773 2094 334 333 565 788 302 519 486 761 679 416
is_linear=0
shrinkage=0.03


Tree=217
num_leaves=31
num_cat=0
split_feature=41 43 13 47 5 24 6 27 34 43 29 1 34 32 33 27 39 0 41 1 34 0 32 36 4 24 27 35 27 14
split_gain=0.199881 0.357962 0.328891 0.271044 0.232448 0.257842 0.203642 0.194619 0.192019 0.236109 0.194616 0.189024 0.225573 0.185936 0.177697 0.149732 0.14744 0.142327 0.142096 0.134802 0.132642 0.145753 0.132098 0.117409 0.117318 0.207556 0.159509 0.1035 0.0917937 0.0906207
threshold=0.82868278026580822 0.82661032676696788 34.199581146240241 0.95846271514892589 0.49760779738426214 0.2233763933181763 0.13622008264064792 0.97897574305534374 0.50035864114761364 0.79939308762550365 0.97388505935668956 0.81797087192535411 0.46302290260791784 0.050098728388547904 84.045551300048842 0.98571348190307628 0.74943125247955333 11.088821887969972 0.99670004844665538 0.67108526825904857 0.56778830289840709 9.0830941200256365 0.040856873616576202 0.27095697820186621 0.95220488309860241 0.25784783065319067 0.97998782992362987 0.74069127440452587 0.94989851117134105 7.2354261875152597
decision_type=2 2 2 2 2 2 2 2 2 2 2 2 2 2 2 2 2 2 2 2 2 2 2 2 2 2 2 2 2 2
left_child=6 4 3 13 11 -6 8 27 9 24 16 12 15 -3 -14 -2 -10 -4 19 -7 21 -12 -22 -18 25 -1 -26 28 -8 -9
right_child=1 2 17 -5 5 18 7 29 10 -11 20 -13 14 -15 -16 -17 23 -19 -20 -21 22 -23 -24 -25 26 -27 -28 -29 -30 -31
leaf_value=0.00062686376732567584 0.013391293114226741 0.011950876423278111 -0.014153410960445277 -0.0059041154893450711 0.0062130946851469814 0 0 0.0045972724755251769 -0.0026489626300737136 0.0052153479269357586 0.0071776979076131411 -0.0037253130575225896 0.0042883742269407311 -0.0027469163202627741 -0.0060508804640888288 0 0.01197931295153869 0 0.002431712997927455 -0.010997663337981006 -0.0082509042355359153 -0.0033578385660400565 0.00097667133509526287 0 -0.0052256735209384305 -0.012482734297260933 0.0034588038745033134 0 -0.01530599688721832 -0.0049277358747183966
leaf_weight=0.84243760138634227 3.754819926754867 1.3213484889893146 1.7406303787429354 1.2132479023057383 1.374369749573815 0.77753001871315142 0.64406311998027366 1.1175391544893498 0.34249910387006677 1.2760150417670946 1.8073930210084657 0.85670254682190794 9.2822615052973525 0.27445136069582066 0.63680292191566046 0.54569323027681083 2.1575865756167336 0.35163631988689292 0.52344434471160628 2.2508674209966557 2.0395959903980843 0.81071723363857007 1.3133128704503176 1.3050519030148278 3.3200974515893904 2.5571617230016273 2.1304223932747846 0.34619525363086712 1.7196037034154867 0.51567884618270898
leaf_count=274 1347 721 411 382 864 440 194 205 95 351 377 134 3166 124 171 246 574 146 249 595 336 136 253 343 697 500 412 124 352 118
internal_value=-0.000114444 0.00167622 -0.00472827 0.00135836 0.00353879 -0.00145739 -0.00206611 -0.00731891 -0.000481009 -0.00333681 0.00223379 0.00534702 0.00629959 0.00818296 0.00285648 0.0116379 0.00683044 -0.0116669 -0.00579743 -0.00821507 -0.000824778 0.00305975 -0.00455329 0.0088238 -0.00527872 -0.00914814 -0.00135615 -0.0111518 -0.0128396 0
internal_weight=49.1492 24.9038 4.90131 2.80905 20.0025 4.92621 24.2454 4.34308 19.9023 10.1261 9.77616 15.0763 14.2196 1.5958 9.91906 4.30051 3.80514 2.09227 3.55184 3.0284 5.97102 2.61811 3.35291 3.46264 8.85012 3.3996 5.45052 2.70986 2.36367 1.63322
internal_count=14337 8996 1784 1227 7212 2148 5341 993 4348 2234 2114 5064 4930 845 3337 1593 1012 557 1284 1035 1102 513 589 917 1883 774 1109 670 546 323
is_linear=0
shrinkage=0.03


Tree=218
num_leaves=31
num_cat=0
split_feature=12 15 35 4 43 19 33 4 41 45 41 13 9 34 47 12 49 32 33 11 9 24 24 1 20 47 31 34 42 32
split_gain=0.177838 0.298547 0.246891 0.209001 0.223431 0.197655 0.211036 0.202878 0.228172 0.194755 0.179568 0.179487 0.171226 0.157985 0.252447 0.178052 0.153927 0.15361 0.144193 0.142168 0.1364 0.129122 0.123951 0.122814 0.138254 0.0917761 0.0903925 0.0886435 0.0857935 0.0726827
threshold=1.3615027666091921 0.14835165441036227 0.73879489302635204 0.89296209812164318 0.44009806215763098 0.031841587275266654 66.570327758789077 0.90012124180793773 0.38739128410816198 0.099037781357765212 0.99859309196472179 26.359513282775882 2.3869551420211796 0.51157850027084362 0.69099760055542003 1.2896850109100344 0.30066804587841039 0.031113035976886753 47.042573928833015 0.62500000000000011 1.9502362012863161 0.28787769377231603 0.32296191155910497 0.81012374162673961 0.047804633155465133 0.60030031204223644 0.058255415409803397 0.41908073425292974 0.24626532942056659 0.032812813296914108
decision_type=2 2 2 2 2 2 2 2 2 2 2 2 2 2 2 2 2 2 2 2 2 2 2 2 2 2 2 2 2 2
left_child=5 3 11 -2 28 9 7 16 -9 21 17 -3 13 14 -8 -15 -7 -11 -4 22 -10 -1 -6 24 -13 -18 -14 -19 -5 -23
right_child=1 2 18 4 19 6 12 8 20 10 -12 23 26 15 -16 -17 25 27 -20 -21 -22 29 -24 -25 -26 -27 -28 -29 -30 -31
leaf_value=0.0079647220728194454 0.011172486300709069 0.00075105785546678168 -0.0036869961457774731 -0.0013537224630980611 -0.013972778285977943 0.0030352283941768796 -0.0070272231383781848 -0.0066373546640351782 0.0063089692673894675 0.0019693537704345704 0.0040480984244767523 -0.012884365292044645 0.0089353550596627754 -0.01116583816884039 0.0057210054813427664 3.7568076293530091e-05 0 0 0.0082706548148555169 0.0021490170207823212 0 0.0021925067817920468 0.00029219059954347119 0.00027363097988880104 0 -0.010181535200654847 -0.0011808043625505717 -0.011538924480824287 0.0081147492686646453 -0.0066134506378862654
leaf_weight=0.98404529788240214 0.74576210038503488 0.7901250465074553 0.65756346990019643 0.31037879651557909 0.9650142875179879 1.0930943290950446 1.3643675661442087 0.51830524578690784 15.514664092039313 0.36295727823744517 0.31925866707024386 4.984455612662714 0.77437474403268403 2.4518745573077472 2.3744505764625501 1.203187439641624 0.51629323113593262 0.82732534604292585 0.7357668899858254 0.17344304145808553 3.0507946434445321 0.32542785934492713 0.1713791195070371 0.28670417109969992 0.40776162006659422 1.2560824047541244 0.29193886685970938 3.5499508276770939 0.99151086086931173 0.62405802830471657
leaf_count=249 260 552 345 64 286 509 329 58 3785 136 226 1595 92 621 1029 546 129 252 493 199 537 41 42 47 117 403 79 924 201 144
internal_value=-0.000359902 -0.0035428 -0.00661121 0.00282239 -0.00116453 0.000584165 0.00170731 0.00327099 0.00444103 -0.00352712 -0.00646261 -0.00894834 -0.00194931 -0.00390403 0 -0.00761758 -0.00287831 -0.00827503 0.0021913 -0.00804936 0.00522708 0.0027161 -0.0112875 -0.0106574 -0.0116598 -0.00738683 0.00548278 -0.00989065 0.00494668 -0.00247995
internal_weight=48.6223 11.2199 7.86238 3.35749 2.61173 37.4025 30.4094 21.9492 19.0838 6.99302 5.05949 6.46905 8.46019 7.39388 3.73882 3.65506 2.86547 4.74023 1.39333 1.30984 18.5655 1.93353 1.13639 5.67892 5.39222 1.77238 1.06631 4.37728 1.30189 0.949486
internal_count=14290 4201 3149 1052 792 10089 8117 5421 4380 1972 1538 2311 2696 2525 1358 1167 1041 1312 838 527 4322 434 328 1759 1712 532 171 1176 265 185
is_linear=0
shrinkage=0.03


Tree=219
num_leaves=31
num_cat=0
split_feature=0 15 6 49 35 27 40 45 19 6 22 34 41 6 24 32 34 43 39 39 32 20 28 28 6 3 37 7 50 45
split_gain=0.205331 0.395933 0.255342 0.207841 0.251955 0.388541 0.29688 0.242851 0.21598 0.211025 0.204757 0.195491 0.188577 0.183251 0.178215 0.176761 0.163749 0.157643 0.149347 0.134512 0.128434 0.125374 0.14326 0.110409 0.106617 0.105912 0.103899 0.10281 0.100484 0.0982352
threshold=4.989051580429078 0.34523810446262365 0.10846414789557458 0.21714186668395999 0.53576689958572399 0.97897574305534374 0.68003055453300487 0.0601144377142191 0.10003775730729104 0.053492059931159026 0.57521438598632824 0.56564378738403331 0.7169318199157716 0.092353288084268584 0.23942978680133822 0.031910995021462447 0.38973322510719305 0.32617664337158209 0.92718875408172619 0.95001256465911876 0.030589091591537002 0.03722816891968251 0.67436903715133678 0.97887596487998974 0.17093978077173236 0.041606200858950622 0.22910361737012866 4.1635730266571054 0.56588813662529003 0.16040582209825519
decision_type=2 2 2 2 2 2 2 2 2 2 2 2 2 2 2 2 2 2 2 2 2 2 2 2 2 2 2 2 2 2
left_child=1 14 3 9 6 8 29 -8 -6 -2 19 16 26 25 -1 -7 18 -18 24 -3 -19 22 -14 28 -4 -11 27 -13 -16 -5
right_child=2 10 11 4 5 15 7 -9 -10 13 -12 12 21 -15 23 -17 17 20 -20 -21 -22 -23 -24 -25 -26 -27 -28 -29 -30 -31
leaf_value=0 0.002669289675177728 -0.0077404893097021863 -0.0082724504467195075 0.010568926125920888 0.0095455876744319785 0.0063122373924617775 0.0043893659755453035 -0.0072554958991433247 -0.0022281404605369879 0 0.0070534187909927683 -0.010460225417117096 0.0063037529860279018 0.001093937202201075 0.015034574137694367 -0.0054409477511806695 0.00031589068523973349 0.00074269467734304798 0.0054785035078567306 0.00087899381687624244 -0.010844685719687382 0.010341838032296527 -0.0062617406524068204 0 0.0021096555513177161 -0.013636605890544539 0.0021908270172259696 0.00055303756378727201 0 -0.00026210201835156609
leaf_weight=0.8205852316459622 1.5052607903271589 2.5584628825381515 1.2262028509285285 1.0168386427103566 8.5455766031482163 0.47565689995826632 1.0892264714202609 5.1539852275454905 0.79484738281462419 0.16710485178919077 0.91605766282373213 1.1129238681460254 0.45881818229099758 0.64516738109523419 2.9236345888857622 3.1706054778733233 0.97105335566448037 0.31066003692831134 1.402577257780649 1.6711620578498694 5.5575893964742136 1.2030080159674978 0.80987439161981456 0.27280993506428775 0.32796340307686467 1.7576253525912759 0.43049501928908274 0.31492399662965898 0.073688209726242238 0.3394607089285272
leaf_count=371 310 921 264 131 1926 68 174 1289 200 40 638 157 179 175 1785 789 312 73 463 858 1706 509 317 83 70 313 72 41 10 76
internal_value=0.000444554 0.00425819 -0.00047238 0.00127704 0.00260474 0.00505778 -0.00133904 -0.00448418 0.00813496 -0.00403062 -0.000924479 -0.00360736 0.0010142 -0.00844375 0.0102677 -0.00223348 -0.00583279 -0.00810263 0 -0.00424434 -0.00977565 0.005947 0 0.0127768 -0.00493884 -0.0119474 -0.00428237 -0.00756821 0.0141155 0.00762413
internal_weight=48.0238 9.2364 38.7874 24.6614 20.5862 12.9867 7.59951 6.24321 9.34042 4.07516 5.14568 14.1261 4.33004 2.5699 4.09072 3.64626 9.79605 6.8393 2.95674 4.22962 5.86825 2.4717 1.26869 3.27013 1.55417 1.92473 1.85834 1.42785 2.99732 1.3563
internal_count=14320 4666 9654 5491 4653 2983 1670 1463 2126 838 2417 4163 1275 528 2249 857 2888 2091 797 1779 1779 1005 496 1878 334 353 270 198 1795 207
is_linear=0
shrinkage=0.03


Tree=220
num_leaves=31
num_cat=0
split_feature=41 49 35 27 42 42 50 16 31 31 44 34 32 3 43 32 24 35 48 48 40 4 40 50 33 3 7 32 33 33
split_gain=0.171373 0.188683 0.222075 0.28948 0.200293 0.161746 0.154374 0.238692 0.189286 0.254409 0.178468 0.157398 0.154002 0.15353 0.138873 0.136989 0.130898 0.130801 0.125738 0.125235 0.123718 0.09854 0.0893515 0.0812636 0.0738081 0.0732745 0.0661957 0.0555011 0.0513176 0.0523039
threshold=0.99739241600036632 0.94084015488624584 0.52985021471977245 0.98248362541198742 0.30027322471141821 0.35429851710796362 0.23596508055925372 0.40917968750000006 0.03401909954845906 0.042332470417022712 0.4236596822738648 0.59454947710037243 0.038130093365907676 0.18790631741285327 0.88295266032218944 0.044744217768311507 0.29476444423198706 0.46642626821994787 0.44463862478733068 0.35421565175056463 0.9434955120086671 0.911159247159958 0.58899763226509105 0.27259731292724615 66.570327758789077 0.16192838549613955 5.8555271625518808 0.035835051909089095 77.692653656005874 37.015625000000007
decision_type=2 2 2 2 2 2 2 2 2 2 2 2 2 2 2 2 2 2 2 2 2 2 2 2 2 2 2 2 2 2
left_child=1 6 5 4 23 18 7 11 10 17 14 13 -9 -1 -8 24 -11 -10 -3 -13 -14 -6 -7 -4 -2 28 -24 -12 29 -17
right_child=15 2 3 -5 21 22 8 12 9 16 27 19 20 -15 -16 25 -18 -19 -20 -21 -22 -23 26 -25 -26 -27 -28 -29 -30 -31
leaf_value=-0.0015686327976294674 0.011308031349506151 0.0084199559324083934 0.0041670263245325101 -0.0040179794545878939 0 0.00073868303561328691 0.0066525322596874817 -0.0051443419308722579 0.001360470298644404 -0.001548673683208755 0.00047544358751353113 -0.0039447200183629558 0.0080273397610603116 -0.010463205336224151 -0.0027406465888539927 0 0.0057418660160838469 -0.0099560528806390894 -0.0023238200083568741 0.0060862888545557886 -0.0015619104742352352 0.015656703160900259 -0.01057479138746464 -0.0054742943156053155 0 -0.0052404657443742356 0 -0.0072371074449865186 -0.001210174756672813 0.0086612421612808407
leaf_weight=4.2362306224531476 1.5772165132293592 0.86880454671336271 0.76209799756179586 0.75905227910698148 0.41156695682730093 0.28090621961746354 6.7415963186431345 0.75093280114742755 0.34961523373203673 5.4334573584819736 0.22394638264086086 1.3755887427232658 2.3678070024761841 5.3234869733569212 0.6573344532662303 0.072023310873191582 2.2102648906875402 3.0480917594395578 0.74742312959278934 1.0448507390392476 0.75554153480334196 2.1934845130963367 1.4011880322505019 0.41951902578148292 0.9379468865590751 0.78993029038247187 0.14021908728318511 0.72328455385286361 0.1278084443838452 0.45095617193146609
leaf_count=986 928 99 62 151 97 54 2038 316 85 2368 35 467 957 1384 191 20 682 933 123 189 434 323 317 55 300 184 95 86 40 174
internal_value=0 -0.000561669 0.0032396 0.00712768 0.0103613 -0.00167233 -0.00157127 -0.00367962 0.000101633 -0.00224204 0.00343129 -0.00572436 0.00190492 -0.00732763 0.00523389 0.00532038 0.000632781 -0.00806486 0.00331567 2.17866e-05 0.00516389 0.0138761 -0.00676653 0 0.00865184 -0.000428347 -0.0090672 -0.00456529 0.00323154 0.00636873
internal_weight=47.1822 43.2263 7.98426 4.54572 3.78667 3.43854 35.242 15.8544 19.3876 11.0414 8.34616 11.9802 3.87428 9.55972 7.39893 3.95588 7.64372 3.39771 1.61623 2.42044 3.12335 2.60505 1.82231 1.18162 2.51516 1.44072 1.54141 0.947231 0.650788 0.522979
internal_count=14173 12527 1376 688 537 688 11151 4733 6418 4068 2350 3026 1707 2370 2229 1646 3050 1018 222 656 1391 420 466 117 1228 418 412 121 234 194
is_linear=0
shrinkage=0.03


Tree=221
num_leaves=31
num_cat=0
split_feature=14 10 42 31 49 33 45 15 35 6 27 29 28 35 20 15 28 32 6 24 32 32 19 15 29 13 36 39 14 45
split_gain=0.209483 0.295711 0.235244 0.296284 0.318769 0.303418 0.37469 0.246923 0.212119 0.187867 0.231804 0.182963 0.181289 0.174044 0.171939 0.417798 0.20023 0.22618 0.195213 0.171798 0.171043 0.169333 0.167159 0.133738 0.122444 0.121944 0.110356 0.0983601 0.0925044 0.0872431
threshold=5.9651665687561044 0.62500000000000011 0.79256787896156322 0.03401909954845906 0.41047483682632452 47.802438735961921 0.23615506291389468 0.74166667461395275 0.45083546638488775 0.13622008264064792 0.96053320169448864 0.99670520424842846 0.64747610688209545 0.61278155446052562 0.040991323068737991 0.72380954027175914 0.76260724663734447 0.035504050552845008 0.10157041624188425 0.23706092685461047 0.054345563054084785 0.033807985484600074 0.08117683976888658 0.2225274741649628 0.99771353602409374 28.791631698608402 0.21879667788743976 0.9610126018524171 0.50632169842720043 0.05536394193768502
decision_type=2 2 2 2 2 2 2 2 2 2 2 2 2 2 2 2 2 2 2 2 2 2 2 2 2 2 2 2 2 2
left_child=2 14 3 5 11 24 8 12 -7 10 -4 13 -6 -5 16 27 17 -2 21 -19 23 -18 -13 -3 25 -1 -25 -16 -11 -28
right_child=1 20 9 4 7 6 -8 -9 -10 28 -12 22 -14 -15 15 -17 18 19 -20 -21 -22 -23 -24 26 -26 -27 29 -29 -30 -31
leaf_value=-0.010347796240074706 0.0048047498500329152 0.00047177341901359833 0.00066099648254477786 0.0094336030992928574 0 0 -0.003388860979814287 0.0026320526393158071 0.013614420273205688 0.0039723449882648329 0.014337628586734853 -0.0076001392605079925 -0.012850147204106302 -0.00022869340257272526 -0.00060763048435392584 -0.012211146471759842 -0.00031531825846167332 0.0028419427113230171 -0.0025101079913845028 -0.0092268936510376126 0.0030156748606098406 0.010388895121220787 0.0046954741535089155 0 0.0047782797184617344 0 0 0.0093510555671429199 -0.0060332376857349101 -0.012735017524778623
leaf_weight=0.98452711492428235 1.5422241302730997 0.57090829852677316 2.6328180871096256 2.0492717360903026 0.75128808763110999 0.78778447699733067 1.2768335110595215 0.79356342382379796 3.8842661934322678 0.25312646860402288 2.202757852654031 2.0859805731597594 3.6257267046457855 2.3863580468714645 0.68297725447337077 1.8547168764634987 1.0343962988408746 0.50125544513866804 1.1443729728489413 2.6243434756397619 0.41239818408939743 3.862241223345336 0.35530457427375939 0.83908193898969319 0.39964254834922019 1.8679512272065038 0.43881391396280367 0.61991792802291457 0.8980538239084126 4.0402065535490692
leaf_count=228 577 75 835 1411 171 91 244 177 835 142 708 562 989 1361 206 559 223 154 363 620 95 841 144 248 91 402 101 133 430 1252
internal_value=0 -0.00230411 0.00164231 0 -0.0029285 0.00389499 0.00761856 -0.00795884 0.0112228 0.00641895 0.00879454 0.00100307 -0.0105693 0.00459766 5.34744e-05 -0.00498701 0.00209492 -0.00193376 0.00546643 -0.00634452 -0.00719973 0.00794891 -0.00409443 -0.00868448 -0.0024006 -0.00516435 -0.0100613 0.00483101 -0.00161472 -0.011613
internal_weight=47.4031 20.1679 27.2353 21.2485 12.0475 9.20101 5.94888 5.17058 4.67205 5.98676 4.83558 6.87691 4.37701 4.43563 13.8664 3.15761 10.7088 4.66782 6.04101 3.1256 6.30141 4.89664 2.44129 5.88901 3.25212 2.85248 5.3181 1.3029 1.15118 4.47902
internal_count=14268 5447 8821 6706 4815 1891 1170 1337 926 2115 1543 3478 1160 2772 3676 898 2778 1351 1427 774 1771 1064 706 1676 721 630 1601 339 572 1353
is_linear=0
shrinkage=0.03


Tree=222
num_leaves=31
num_cat=0
split_feature=5 24 4 28 32 30 32 44 37 34 35 21 32 0 9 4 32 27 47 49 13 4 3 34 34 2 19 35 9 1
split_gain=0.170879 0.224855 0.206068 0.212514 0.212566 0.164904 0.189312 0.246724 0.428946 0.424117 0.252933 0.191686 0.178756 0.166149 0.170924 0.15532 0.144246 0.142549 0.140368 0.137601 0.128939 0.123909 0.105401 0.101978 0.127413 0.0968526 0.120034 0.118343 0.100964 0.074433
threshold=0.3484912663698197 0.2233763933181763 0.89710915088653576 0.85389474034309398 0.031113035976886753 0.37109375000000006 0.037208702415227897 0.060303030535578735 0.16586644947528842 0.4990482777357102 0.69182270765304577 50.334089279174812 0.038130093365907676 10.423141479492189 0.80310356616973888 0.9116569757461549 0.048429749906063087 0.97026532888412487 0.74316957592964183 0.17677824199199679 38.557209014892585 0.80222713947296154 0.7798898220062257 0.36666174232959753 0.57427498698234569 0.29687500000000006 0.02142314333468676 0.78646820783615123 1.5479485988616946 0.6873692274093629
decision_type=2 2 2 2 2 2 2 2 2 2 2 2 2 2 2 2 2 2 2 2 2 2 2 2 2 2 2 2 2 2
left_child=5 25 21 4 -4 6 13 11 10 -10 -9 12 -8 14 17 -15 23 -1 -13 -6 -16 -3 -17 -7 -25 -2 -27 28 -28 -5
right_child=1 2 3 29 19 16 7 8 9 -11 -12 18 -14 15 20 22 -18 -19 -20 -21 -22 -23 -24 24 -26 26 27 -29 -30 -31
leaf_value=0.0069961091516366168 -0.0023266158367303519 -0.0040700867309090396 0.001503134406799986 0.0053903729854063919 0 0 0.00098901453086720488 0.012006488906905446 -0.010234749379360567 0.0030365151463757271 -0.00015965782146826413 -0.0062792412209857068 -0.01183993121168421 -0.0005649781570724173 0.0010741915419050969 0.013801912856599145 -0.001533950293664326 -0.0010068319454376831 0.0019354909291630687 -0.013603517917306773 -0.0085532851154543933 0.0069596729014815908 0 0.013335592890269286 0 -0.0012433138363907219 0.013470169269899862 -0.00091746905562510399 0 -0.0027664334707091765
leaf_weight=3.407334867006286 0.80354629629437058 0.40044049992138564 0.58738372241350578 0.68545159797940902 0.66142631669936225 0.38051709174760606 0.56791090897604801 2.9934241902374179 2.8773402108636219 3.6586789935681736 1.6993500823373322 1.7400736163981489 2.9680161030191812 0.55331504296191214 1.2214497231543648 1.7302244684287873 0.67696412114310067 2.2455094494034711 4.4062496954211383 4.0828476015376509 1.4644066875189308 1.1285349502504685 0.29434480227791926 1.9842232873779724 0.64992435965905304 0.59890984291269012 1.2896598822699159 0.21176717834896397 0.21073029247054353 1.3541981081652918
leaf_count=1006 395 121 103 386 373 184 115 455 536 624 452 479 1015 170 383 472 327 626 1252 1093 282 524 44 1009 463 257 721 82 89 284
internal_value=0.000101821 -0.00278384 -0.00519417 -0.00723158 -0.00996741 0.00120959 0.000324893 -0.00124109 0.00155196 -0.00299063 0.00781974 -0.00460317 -0.00935428 0.00342876 0.000628996 0.00893966 0.0065026 0.00369263 -0.000523603 -0.0119243 -0.00425749 0.00241758 0.0118571 0.00898709 0.0106995 0.00296318 0.00585567 0.00898785 0.0113935 0
internal_weight=47.5342 12.0149 8.90028 7.37131 5.33166 35.5193 31.8276 20.911 11.2288 6.53602 4.69277 9.68225 3.53593 10.9166 8.3387 2.57788 3.69163 5.65284 6.14632 4.74427 2.68586 1.52898 2.02457 3.01466 2.63415 3.11461 2.31107 1.71216 1.50039 2.03965
internal_count=14322 4428 2884 2239 1569 9894 7911 4928 2067 1160 907 2861 1130 2983 2297 686 1983 1632 1731 1466 665 645 516 1656 1472 1544 1149 892 810 670
is_linear=0
shrinkage=0.03


Tree=223
num_leaves=31
num_cat=0
split_feature=13 4 50 44 48 10 50 41 13 30 33 6 14 34 3 3 49 24 0 5 27 46 25 26 41 22 2 35 47 34
split_gain=0.170469 0.313472 0.332797 0.331366 0.334675 0.30692 0.286489 0.23705 0.178976 0.247469 0.247694 0.245687 0.200364 0.202021 0.169434 0.182691 0.163196 0.160161 0.159795 0.179764 0.147512 0.13057 0.123637 0.116276 0.108885 0.0998714 0.0967587 0.157386 0.153796 0.092195
threshold=32.168743133544929 0.94492921233177196 0.32207147777080541 0.064172957092523589 0.29540146887302404 0.87500000000000011 0.37465666234493261 0.98241087794303905 28.619110107421879 0.26953125000000006 50.520870208740241 0.045588932931423194 4.6071760654449472 0.61850273609161388 0.39034661650657659 0.9363793432712556 0.41047483682632452 0.2956641167402268 12.854410171508791 0.97013658285141002 0.97925019264221203 0.9944521188735963 0.1735436096787453 0.59375000000000011 0.99739241600036632 0.56189125776290905 0.39062500000000006 0.80188247561454784 0.97252413630485546 0.52163463830947887
decision_type=2 2 2 2 2 2 2 2 2 2 2 2 2 2 2 2 2 2 2 2 2 2 2 2 2 2 2 2 2 2
left_child=8 6 3 16 -5 -6 7 18 9 10 20 29 13 -12 17 -16 22 -4 19 -2 24 -8 -3 -18 -1 -19 -10 28 -28 -11
right_child=1 2 14 4 5 -7 21 -9 26 11 12 -13 -14 -15 15 -17 23 25 -20 -21 -22 -23 -24 -25 -26 -27 27 -29 -30 -31
leaf_value=-0.013731474910993687 -0.0098206415897462047 -0.0022531609702070928 -0.0038128173995564422 -0.002617735075100876 0.014092893256244158 0 -0.0031955755809774259 0.0046200589001994981 0 0.002532957579566402 0.0089173837701821603 0.0095897857937320818 -0.006261747431522008 -0.0035201869181096766 -0.012320460967094136 0.00041249335513321271 0.0017879574001582112 0.011014803443442181 0.00082416404338564366 0.001714893725219286 0.00080498025762502251 0.0079346303280329062 0.0085752080887585343 -0.0076191589137691385 0 -0.00096354524739250839 0.013831384501719977 -0.0014726588804893893 0 -0.0057097978651096445
leaf_weight=1.8001809995039391 9.0172514719051797 0.55067407700698989 1.2618139467667782 1.322522571601439 4.4290413140770397 1.3819275608402675 0.39470678191719244 0.64655093412147913 1.9759515624464246 1.2496767157281286 2.3482392049263585 2.9034420765929099 1.0280781926558118 0.72844643475400506 1.7991752785528663 0.82313810006598931 0.62758309904165832 0.66841348406160239 1.0062874725699664 0.59222122521896459 0.4428658803080906 1.4143157870748835 1.0449938264791852 2.5989977051067399 0.41913981807738299 0.12918681323571946 2.3678416149996346 0.32794528463273298 0.46971380001923524 1.2551833143079418
leaf_count=374 2075 269 395 249 712 164 164 161 604 364 821 2614 268 133 427 107 176 196 322 194 92 883 398 728 277 78 520 101 129 302
internal_value=0.000215732 -0.00108744 0.00149064 0.00419588 0.00797072 0.0108515 -0.00445479 -0.00631077 0.00255256 0.000173385 -0.00321496 0.0047212 0.000993928 0.00509558 -0.00441235 -0.00848494 -0.00128283 0.000871193 -0.00757521 -0.00873232 -0.00902309 0.00416508 0.00425414 -0.00508952 -0.011557 0.00794906 0.00675249 0.0093878 0.0114814 -0.00119215
internal_weight=47.0255 29.7088 16.6375 11.9557 7.13349 5.81097 13.0713 11.2623 17.3167 12.1753 6.76695 5.4083 4.10476 3.07669 4.68173 2.62231 4.82225 2.05941 10.6158 9.60947 2.66219 1.80902 1.59567 3.22658 2.21932 0.7976 5.14145 3.1655 2.83756 2.50486
internal_count=14297 7698 3899 2696 1125 876 3799 2752 6599 5245 1965 3280 1222 954 1203 534 1571 669 2591 2269 743 1047 667 904 651 274 1354 750 649 666
is_linear=0
shrinkage=0.03


Tree=224
num_leaves=31
num_cat=0
split_feature=0 15 5 24 48 41 33 39 16 14 0 40 49 24 42 41 34 1 37 33 19 37 32 41 47 34 9 45 34 21
split_gain=0.214544 0.260522 0.189071 0.280932 0.257999 0.234271 0.18817 0.166 0.282622 0.313824 0.240809 0.213406 0.291348 0.210169 0.203052 0.189942 0.219095 0.170786 0.151984 0.123734 0.138989 0.132208 0.119185 0.102789 0.100512 0.0762725 0.0751556 0.0746513 0.0704361 0.0642831
threshold=4.6359872817993173 0.20714285969734195 0.34411492943763738 0.21678151935338977 0.43790623545646673 0.99670004844665538 72.196151733398452 0.94106751680374157 0.37207031250000006 1.5262008309364321 11.792191982269289 0.54432058334350597 0.77557164430618297 0.32122939825057989 0.70396453142166149 0.85662519931793224 0.50588777661323558 0.6873692274093629 0.13992302864789966 48.911823272705085 0.090821929275989546 0.22452242672443393 0.052243800833821304 0.84748679399490368 0.50783973932266246 0.53406819701194774 0.079248625785112395 0.38754928112030035 0.46820259094238287 61.973684310913093
decision_type=2 2 2 2 2 2 2 2 2 2 2 2 2 2 2 2 2 2 2 2 2 2 2 2 2 2 2 2 2 2
left_child=1 22 7 29 5 6 -5 11 9 23 17 12 13 -2 -11 16 -13 -10 -17 25 21 26 27 -9 -6 -3 -21 -1 -26 -4
right_child=2 19 3 4 24 -7 -8 8 10 14 -12 15 -14 -15 -16 18 -18 -19 -20 20 -22 -23 -24 -25 28 -27 -28 -29 -30 -31
leaf_value=0.014285403041179074 -0.013392747867856705 -0.0093550945079726288 0.0052142490707030977 -0.013028869174077865 -0.0041226923641060065 0.0032526269776885861 0.0013507227784311459 0.0028882830619312689 -0.0097448438603895803 0.012001332347700131 0.0074175682220795963 -0.0060700265463466763 0.0030166474397274852 0.0013187456685610029 0 -0.0025820427577395249 0.0024841877823571605 7.7134474549162848e-05 0.0086161960258348425 0 -0.0023054668518660581 -0.00046545197546413414 0 -0.0061071155827304444 0 0.00033673146081277428 0.012213263674253348 0 0.0089166007289330513 -0.0019079724283485781
leaf_weight=1.7196411680524755 2.7930288570496518 0.68632456155319221 1.9265837911079855 5.0953769718980766 0.41652536677429441 0.33145726720977098 0.32286873212433409 0.76661056101147407 2.3767694787529754 4.2517110954904638 0.59056278530624684 4.5048027705197438 1.082435166914365 0.46733941799175216 1.9351274525761253 0.53175966237904448 3.8746788304342772 1.8997555601090423 2.5315287322555378 0.44689680726151015 1.7640068910550324 0.8795051637207506 0.26477016872377124 1.5162536897259995 0.45832480865283265 0.24448872024368029 1.2049605603369853 0.061040971660986432 0.6938659294428362 0.4364990283793303
leaf_count=1240 678 216 795 1378 159 129 115 148 671 912 300 993 136 154 558 126 910 442 615 169 707 386 103 408 177 145 1068 17 219 177
internal_value=-0.000123738 0.00420245 -0.00109502 -0.00451559 -0.00730336 -0.00997056 -0.0116276 5.46804e-05 0.00251525 0.00569658 -0.00253692 -0.00187146 -0.00684698 -0.0107653 0.00893431 0.000174285 -0.00195157 -0.00562537 0.00577692 0 0.00246903 0.0063564 0.0111784 -0.00221288 0.00138041 -0.00639972 0.00992571 0.013245 0.00575496 0.00283048
internal_weight=46.0755 7.27164 38.8039 9.6815 7.31842 5.7497 5.41825 29.1224 13.3368 8.4697 4.86709 15.7856 4.3428 3.26037 6.18684 11.4428 8.37948 4.27653 3.06329 5.22618 4.29537 2.53136 2.04545 2.28286 1.56872 0.930813 1.65186 1.78068 1.15219 2.36308
internal_count=14251 4051 10200 3149 2177 1622 1493 7051 3439 2026 1413 3612 968 832 1470 2644 1903 1113 741 2691 2330 1623 1360 556 555 361 1237 1257 396 972
is_linear=0
shrinkage=0.03


Tree=225
num_leaves=31
num_cat=0
split_feature=41 0 40 0 20 50 31 22 7 14 29 41 41 26 34 40 45 16 3 45 13 23 3 35 34 22 31 48 20 30
split_gain=0.177526 0.204155 0.183884 0.210142 0.16404 0.199645 0.15721 0.235619 0.427636 0.46101 0.200468 0.225465 0.178837 0.167926 0.162817 0.154356 0.150689 0.132499 0.127804 0.118681 0.152775 0.132943 0.0994758 0.0981135 0.0950492 0.0815237 0.0757801 0.0677668 0.0598634 0.0894294
threshold=0.98241087794303905 13.113867759704592 0.54432058334350597 3.5954529047012334 0.042978351935744293 0.1703191623091698 0.030813287012279037 0.49540124833583837 3.1968163251876835 11.977712631225588 0.94570326805114757 0.93343001604080211 0.93343001604080211 0.84375000000000011 0.42023399472236639 0.3647089302539826 0.073284186422824873 0.40722656250000006 0.40081208944320684 0.10768086463212968 25.322526931762699 0.5234566628932954 0.11614936217665674 0.69507241249084484 0.67964559793472301 0.708166003227234 0.015858875587582592 0.38120670616626745 0.043304974213242538 0.51953125000000011
decision_type=2 2 2 2 2 2 2 2 2 2 2 2 2 2 2 2 2 2 2 2 2 2 2 2 2 2 2 2 2 2
left_child=1 6 19 28 5 27 10 8 17 -10 18 14 13 -9 -12 -7 -5 -8 -1 -2 -21 -22 -13 -14 26 -17 -18 -3 29 -4
right_child=2 4 3 16 -6 15 7 12 9 -11 11 22 23 -15 -16 25 24 -19 -20 20 21 -23 -24 -25 -26 -27 -28 -29 -30 -31
leaf_value=0.00048043394193162357 0.005059488061069181 -0.0064349972051548398 -0.00054324690312706027 0 -0.0027446438130762111 -0.0003742508994384686 -0.01055702616148055 -0.0092377872833339352 0.0076971485840756229 -0.0065476546477758685 -0.00069552406290306274 0.0017302295209931987 0.005887159346409346 0 0.0069218022498102622 0.016074173847446867 0 0 -0.009555890327251286 0.0021295101246500479 0.00073563031812516437 -0.012136354236594152 -0.0086148267152431381 -0.0036760870291279607 0 0 0.017191463738235928 0.0026148462995027656 -0.00339031789592203 0.0083231555300714178
leaf_weight=1.1240010108267591 0.67053980242053368 0.31750311970245082 1.1149387559999016 0.56439380829760954 0.57426740107621288 0.23350134841166426 2.2935495986457712 7.233959448974927 6.3197598391197953 1.7592504774220286 2.4432612758318992 0.28614177895360526 1.0672827841626702 1.693729392121895 7.1720434922244749 1.554174672339286 0.049266845744568744 0.94163391386973661 1.2311847317250793 0.87890332379902281 0.3253815434873103 1.1390773901221107 1.0251164893270468 0.56260550101796969 0.15093296008126333 0.071274382367846445 1.6920545636130553 0.31436023727292195 0.99659937693650125 0.59927831215827598
leaf_count=303 455 34 572 178 229 115 459 2131 1914 430 365 57 639 396 1117 1022 11 374 235 527 123 384 181 203 58 55 961 90 221 469
internal_value=0.000317929 -0.000500358 0.0041054 0.00717079 0.00576111 0.00880602 -0.00127353 -0.00282846 0 0.0038853 0.00109575 0.00301425 -0.00584635 -0.00745347 0.00482044 0.0125156 0.0121021 -0.00764948 -0.00515635 -0.000880039 -0.00448186 -0.00892107 -0.00528747 0.00130277 0.0148973 0.0149472 0.0162897 -0.00125089 0 0.0033756
internal_weight=46.4 38.2186 8.18137 5.16746 3.06508 2.49081 35.1535 21.8718 11.3142 8.07901 13.2817 10.9266 10.5576 8.92769 9.6153 1.85895 2.45665 3.23518 2.35519 3.0139 2.34336 1.46446 1.31126 1.62989 1.89225 1.62545 1.74132 0.631863 2.71082 1.71422
internal_count=14308 10349 3959 2470 1545 1316 8804 6546 3177 2344 2258 1720 3369 2527 1482 1192 1208 833 538 1489 1034 507 238 842 1030 1077 972 124 1262 1041
is_linear=0
shrinkage=0.03


Tree=226
num_leaves=31
num_cat=0
split_feature=32 43 35 33 50 3 13 9 27 4 14 48 34 20 14 36 38 9 27 18 36 25 35 9 3 39 46 16 4 19
split_gain=0.183213 0.166255 0.195051 0.212384 0.202348 0.124021 0.245043 0.207732 0.198863 0.195516 0.273611 0.364572 0.230991 0.245407 0.179942 0.171465 0.158398 0.143081 0.134613 0.122809 0.120515 0.119017 0.115578 0.0968662 0.0919576 0.0896955 0.0865084 0.0856708 0.0823145 0.081378
threshold=0.037208702415227897 0.55994892120361339 0.80188247561454784 65.789165496826186 0.23596508055925372 0.7798898220062257 31.306655883789066 0.51541602611541759 0.94837230443954479 0.98343965411186229 14.26684093475342 0.29789632558822637 0.56301048398017894 0.03469235077500344 4.5524635314941415 0.28155317902565008 0.71875000000000011 0.38944254815578466 0.98125743865966808 0.33203125000000006 0.33418841660022741 0.17142392694950107 0.63200569152832042 0.25659579038620001 0.85467925667762767 0.85157442092895519 0.9928053915500642 0.47753906250000006 0.92826327681541454 0.028209259733557705
decision_type=2 2 2 2 2 2 2 2 2 2 2 2 2 2 2 2 2 2 2 2 2 2 2 2 2 2 2 2 2 2
left_child=1 19 3 4 -3 6 7 15 26 12 11 -11 13 -8 16 17 -9 -2 24 23 21 -21 -23 -1 -10 -26 -7 -17 -4 -6
right_child=5 2 28 -5 29 8 9 14 18 10 -12 -13 -14 -15 -16 27 -18 -19 -20 20 -22 22 -24 -25 25 -27 -28 -29 -30 -31
leaf_value=0.0014128884340628184 0.0039257351742973739 0.0014013676248566772 -0.0089386786187406978 -0.0036754045474807597 0 0 0 0.01400228916287494 0.0010237811133781926 -0.0060434797968329903 -0.0078723669961874021 0.007355513473610506 0 -0.013291397606227896 -0.0018550351963315971 -0.0089061735236273705 -0.00013772235878308956 -0.0049605523483693811 0.0042100889023527254 -0.00079187364410954295 -0.0054272000022349562 0.0099385162390461662 0 -0.0078810922148269298 0 -0.011847184773996244 0.012070058482505303 0.00094743201914592769 0.0013250432802731562 0.014685661974118254
leaf_weight=0.4237173208239241 4.5038191514322587 3.3292755204456617 0.32742512728145801 0.59617526390138653 0.54015515523497049 0.30798229668289356 1.6536412641871718 1.4516288716513375 0.27276509682997163 1.7660386138595638 2.363809141839738 3.9825771666728542 2.0232990104705095 4.4958217689236335 0.61193914571776975 1.9782973472101733 0.4148866382165578 1.1638743246439842 0.70878503011772398 2.1595316388120409 0.58879902166518139 1.9087381147073759 1.323912962903705 1.9013466869764668 0.38281123401247874 0.87731451866420684 0.93104338967532385 0.16124307539212157 0.21549934975337237 2.6592676151558408
leaf_count=254 1561 771 249 248 196 38 555 728 51 620 464 1089 666 1100 250 358 459 506 225 556 73 474 579 649 91 154 180 60 67 1041
internal_value=-0.000219188 0.00221823 0.00516598 0.00677334 0.00848741 -0.00164112 -0.00241111 0.000938431 0.00279356 -0.00463213 -0.000718604 0.00250909 -0.00768787 -0.0102424 0.00722831 -0.00131171 0.0108611 0.0011807 -0.00179754 -0.000443351 0.0015368 0.00349663 0.00658052 -0.00536959 -0.00632526 -0.00899252 0.00953278 -0.00714278 -0.004702 0.0130571
internal_weight=46.0254 15.9738 7.6678 7.12487 6.5287 30.0516 26.5709 10.2857 3.4807 16.2852 8.11242 5.74862 8.17276 6.14946 2.47845 7.80723 1.86652 5.66769 2.24168 8.30605 5.98098 5.39218 3.23265 2.32506 1.53289 1.26013 1.23903 2.13954 0.542924 3.19942
internal_count=14312 5157 2572 2256 2008 9155 8416 3922 739 4494 2173 1709 2321 1655 1437 2485 1187 2067 521 2585 1682 1609 1053 903 296 245 218 418 316 1237
is_linear=0
shrinkage=0.03


Tree=227
num_leaves=31
num_cat=0
split_feature=0 15 6 15 21 34 6 3 13 33 33 5 42 20 32 44 5 13 49 48 13 36 41 1 14 41 6 35 14 37
split_gain=0.198864 0.468797 0.182508 0.204784 0.236575 0.198302 0.217723 0.263852 0.206434 0.182529 0.20017 0.193875 0.181722 0.177236 0.139507 0.138962 0.137192 0.127515 0.118875 0.116963 0.11555 0.113951 0.114066 0.111071 0.10285 0.102578 0.101999 0.120613 0.101751 0.0987099
threshold=4.9515342712402353 0.20714285969734195 0.10769977420568468 0.53589746356010448 56.898027420043952 0.55418926477432262 0.17093978077173236 0.5680677890777589 37.113079071044929 48.911823272705085 57.01111030578614 0.22697808593511584 0.66811594367027294 0.033131130039691932 0.053566453978419311 0.1573787406086922 0.10930776596069337 35.788219451904304 0.75521668791770946 0.27818079292774206 53.635166168212898 0.2744107991456986 0.99950441718101513 0.61767089366912853 2.8820670843124394 0.99229732155799877 0.11452764272689821 0.50296899676322948 1.7309063673019411 0.28162859380245214
decision_type=2 2 2 2 2 2 2 2 2 2 2 2 2 2 2 2 2 2 2 2 2 2 2 2 2 2 2 2 2 2
left_child=1 14 3 4 13 6 7 23 -8 11 18 12 -5 25 29 20 19 -12 -11 -7 -6 22 28 -4 -15 -2 -18 -28 -3 -1
right_child=2 21 5 9 15 16 8 -9 -10 10 17 -13 -14 24 -16 -17 26 -19 -20 -21 -22 -23 -24 -25 -26 -27 27 -29 -30 -31
leaf_value=0.015236031844210851 -0.0071610542566340769 0.0013336098328387729 0 0.014549558710365848 -0.013209094347731794 0.002672001544738116 0.0079220039797489369 0.0012599779141161053 -0.0052641690161322812 -0.008031608684295085 -0.0024625461247766776 0 0 0.0074087211952217191 -9.7155698415375433e-05 0.0003001744742072587 -0.0029431587835394425 0.0054492642178942674 0.0010146482048922075 -0.0088877611502997961 0 0.0038388595571212693 0.0038076271429255196 -0.012878263936965466 -0.00032172297951223183 0.0024610869129830346 -0.0010994091569371976 0.0085899468403487118 -0.0072180969848541724 0
leaf_weight=2.2245157658398957 2.0392847549374005 0.61115786732261757 1.0975198607629844 1.8512855415101506 2.0136671745531212 0.19878687054733635 1.0474844989948908 1.2314401653275124 1.1167432205074872 2.280048981439903 1.3758916506267267 1.6165306427938047 0.59785325109260146 2.2955291383768786 0.25838643900351588 0.58457410219125439 0.41841029562056098 4.8551755879816483 0.98589489202277025 0.97215102312839008 0.38631404300031125 1.6370559919814693 0.4077493589138611 4.6162074306121212 1.5002829666773321 0.32265363360056643 0.69955314529943313 2.4144773707375862 3.6236853148857335 0.14075450295058534
leaf_count=1394 388 399 378 317 449 87 281 313 322 614 315 545 154 485 101 88 81 1094 202 297 204 661 118 1410 436 171 196 782 1873 53
internal_value=-0.000247758 0.00345873 -0.00129949 0.000257749 -0.00288824 -0.00390636 -0.00631356 -0.00867238 0.000656491 0.00263711 0 0.00724027 0.0112951 0.000293659 0.012141 -0.00863218 0.00051938 0.00318842 -0.00499985 -0.00521657 -0.0111386 -0.000926155 -0.00352061 -0.0111287 0.00429776 -0.00461321 0.00381407 0.00594591 -0.00539186 0.014001
internal_weight=45.4211 8.90331 36.5178 22.705 9.14231 13.8128 9.1094 6.94517 2.16423 13.5627 9.49701 4.06567 2.44914 6.15775 2.62366 2.98456 4.70338 6.23107 3.26594 1.17094 2.39998 6.27965 4.64259 5.71373 3.79581 2.36194 3.53244 3.11403 4.23484 2.36527
internal_count=14208 4599 9609 5462 2221 4147 2704 2101 603 3241 2225 1016 471 1480 1548 741 1443 1409 816 384 653 3051 2390 1788 921 559 1059 978 2272 1447
is_linear=0
shrinkage=0.03


Tree=228
num_leaves=31
num_cat=0
split_feature=15 22 6 44 18 20 30 37 41 6 23 36 32 9 6 0 3 42 19 48 9 35 5 17 23 21 34 14 46 1
split_gain=0.310053 0.395704 0.236614 0.230458 0.212958 0.188181 0.183163 0.202135 0.176008 0.187402 0.171481 0.164928 0.148774 0.145638 0.142955 0.136331 0.121762 0.107535 0.102251 0.105697 0.0892084 0.0966244 0.0735538 0.0729808 0.0725347 0.0719234 0.0679421 0.0643463 0.0474681 0.0465882
threshold=0.13809524476528171 0.4607399851083756 0.13198086619377139 0.21807064861059192 0.17578125000000003 0.033459579572081573 0.37890625000000006 0.22522214055061343 0.86263683438301098 0.066813521087169661 0.37515324354171758 0.22990413755178454 0.057384574785828597 0.29298162460327154 0.13330774754285815 4.0657601356506357 0.1939089894294739 0.89309522509574901 0.0220851069316268 0.22773093730211261 8.5653100013732928 0.74069127440452587 0.18144187331199649 1.0078125000000002 0.63173803687095653 43.796703338623054 0.32576863467693334 16.539000511169437 0.9928053915500642 0.64241042733192455
decision_type=2 2 2 2 2 2 2 2 2 2 2 2 2 2 2 2 2 2 2 2 2 2 2 2 2 2 2 2 2 2
left_child=1 14 4 10 13 22 8 23 11 -10 -3 -6 26 25 15 -1 29 24 -18 -20 21 -15 -4 -8 -17 -2 -12 -24 -5 -7
right_child=2 3 5 28 6 16 7 -9 9 -11 12 -13 -14 20 -16 17 18 -19 19 -21 -22 -23 27 -25 -26 -27 -28 -29 -30 -31
leaf_value=0.00315805669346025 0.0060671696919029298 -0.00020480090041310927 -0.0022912622023082969 0.0023492106630865154 -0.0026500232982073968 0.0030422029648643351 0.012103746738149365 0 0.0014918847309733348 -0.0074112769503020658 0 0.0036884869971462479 -0.00037810325050150324 -0.012453843903693709 0.0036223754908410529 -0.012358074861451617 7.5059530485294067e-05 0.00031039768790407909 0 -0.012496455939171624 0.00015847281020789093 0 0.0084779121684863522 0 0 -0.0025396403740197597 0.015879227900153978 -0.00052893611416707979 -0.0047120896803726706 -0.0034972266332245912
leaf_weight=0.20447659632190962 0.48572113510454362 0.40262046980205912 0.54650187447259557 0.5371865809720473 3.9715177699399709 0.73686165420804162 2.0828659918006447 2.1411373748924234 2.4281094458056023 3.9328709698347666 0.18714166578138325 10.908414965157133 0.16084775708441146 1.9000844282199985 1.1118955385209117 1.5737292244884886 0.21787445867084887 0.31960694334702555 0.2376214347114004 3.5739681915292749 0.19373738793365181 0.4091882343054748 0.72912203806481557 0.10095027007628221 0.19615193051868107 0.73637347563635558 3.4749830378459592 0.10952295895549469 0.55270243557970389 1.1139422744636247
leaf_count=208 186 74 393 64 999 378 1028 981 667 1474 62 2431 55 449 341 256 46 55 267 1057 12 181 431 33 63 146 1414 24 72 430
internal_value=9.02532e-05 0.00492088 -0.00108266 0.00951721 7.95255e-05 -0.00557379 0.0012146 0.00619009 0 -0.00386423 0.0122113 0.00174745 0.0139122 -0.00568409 -0.00210362 -0.00604692 -0.00779021 -0.00864938 -0.0102376 -0.0113437 -0.0089815 -0.010471 0.00189885 0.0110102 -0.0108784 0.000722003 0.0151299 0.00602209 -0.000337481 0
internal_weight=45.2777 8.72134 36.5564 5.31548 29.291 7.26541 25.5659 4.32495 21.2409 6.36098 4.22559 14.8799 3.82297 3.7251 3.40586 2.29396 5.88027 2.08949 4.02946 3.81159 2.50301 2.30927 1.38515 2.18382 1.76988 1.22209 3.66212 0.838645 1.08989 1.8508
internal_count=14277 2664 11613 1741 8587 3026 7613 2042 5571 2141 1605 3430 1531 974 923 582 2178 374 1370 1324 642 630 848 1061 319 332 1476 455 136 808
is_linear=0
shrinkage=0.03


Tree=229
num_leaves=31
num_cat=0
split_feature=0 15 0 39 13 30 48 4 24 24 47 36 21 47 19 33 3 14 5 15 32 4 22 48 32 5 50 14 48 37
split_gain=0.196634 0.340149 0.32597 0.205346 0.174729 0.174627 0.194333 0.331567 0.183343 0.370949 0.181617 0.167101 0.15075 0.198997 0.138361 0.135918 0.1302 0.101485 0.0976887 0.12597 0.0872247 0.0839459 0.0620866 0.0491745 0.0468782 0.0454912 0.0441861 0.0410049 0.0396057 0.0353816
threshold=4.9515342712402353 0.20714285969734195 5.1331634521484384 0.95388060808181774 32.168743133544929 0.24609375000000003 0.29625761508941656 0.94526639580726635 0.30533660948276525 0.2464561462402344 0.93421071767807018 0.33418841660022741 57.267124176025398 0.93769410252571117 0.086443752050399794 50.520870208740241 0.51109406352043163 18.877042770385746 0.8694063425064088 0.74166667461395275 0.053566453978419311 0.89577987790107738 0.58450555801391613 0.19124814122915271 0.035146744921803481 1.0777662396430971 0.35185138881206518 2.3838915824890141 0.20856802165508273 0.21815443038940432
decision_type=2 2 2 2 2 2 2 2 2 2 2 2 2 2 2 2 2 2 2 2 2 2 2 2 2 2 2 2 2 2
left_child=1 3 14 20 11 6 10 -8 9 -7 -6 12 13 -4 21 24 18 -10 19 -17 23 -2 26 -1 -3 -20 -18 -25 -26 -14
right_child=2 15 4 -5 5 8 7 -9 17 -11 -12 -13 29 -15 -16 16 22 -19 25 -21 -22 -23 -24 27 28 -27 -28 -29 -30 -31
leaf_value=0 0 0 0.011161313675292118 0 -0.0075402017041828881 0.0011002177867952142 -0.0023440199331743504 0.0064590332998982793 0.004053669124657466 -0.01055192007829966 0.0034806380136225543 -0.0055112961832075391 -0.0038863852954828136 -0.00015867229897966367 0.00082917355479971604 0.0095629545900641818 -0.0080875342711230879 -0.0046405972166406618 -0.0051711901648063864 -0.0012100885133863859 0 -0.015891901760356441 0.0017394031382488707 0.018789685611968976 0 0.0018248955300948432 0 0 -0.009275358658773606 0.0016726657238777748
leaf_weight=0.039808800240278663 0.22241364193905511 0.32066730059887039 3.3622535206595776 1.3089319454120412 3.0547565124288734 3.1393735349083709 5.6573085568597872 7.518426455448207 2.8015920621073742 5.0481348508183146 0.87616844415606454 0.3482200204161926 0.92423634445003677 1.2761585513362659 0.14560812774288923 2.4364533045300059 0.84445360642712308 0.60174190267571237 0.40141218672215462 0.45380714813654766 0.058036533271660917 1.0500089509878305 0.12293609499465674 1.2748763172094184 0.098503224959131219 0.45304833411501022 0.1549111227504909 0.086202920938376226 1.0047631724228265 0.52997757312550675
leaf_count=42 79 184 859 748 714 1294 1507 1422 697 1642 243 49 281 344 38 1441 313 178 164 230 43 171 72 676 61 265 57 31 316 196
internal_value=0.000117655 0.00389422 -0.000817085 0.0110333 0 -0.00110835 0.000683313 0.00256889 -0.00383516 -0.0061241 -0.00426764 0.0040288 0.0056972 0.00803902 -0.0114759 0 0.00217236 0.00113036 0.00495458 0.00722404 0.016177 -0.0139494 -0.00365774 0.0173412 -0.00624848 -0.000860254 -0.00636006 0.0180148 -0.0080657 -0.000781995
internal_weight=45.6152 9.05881 36.5564 2.76786 35.1383 28.6975 17.1067 13.1757 11.5908 8.18751 3.93092 6.44085 6.09263 4.63841 1.41803 6.29096 4.86702 3.40333 3.74472 2.89026 1.45892 1.27242 1.1223 1.40089 1.42393 0.854461 0.999365 1.36108 1.10327 1.45421
internal_count=14357 4643 9714 1540 9426 7697 3886 2929 3811 2936 957 1729 1680 1203 288 3103 2542 875 2100 1671 792 250 442 749 561 429 370 707 377 477
is_linear=0
shrinkage=0.03


Tree=230
num_leaves=31
num_cat=0
split_feature=0 35 13 14 41 49 25 42 2 21 13 40 47 24 24 29 1 40 38 35 33 42 0 49 44 23 32 15 49 29
split_gain=0.16735 0.291234 0.282074 0.239928 0.213912 0.19562 0.2472 0.186763 0.184714 0.178606 0.162645 0.153318 0.144051 0.2829 0.338861 0.272401 0.224599 0.217515 0.21106 0.170647 0.151604 0.141351 0.140762 0.136559 0.118517 0.117131 0.115437 0.113941 0.111173 0.173253
threshold=6.5442335605621347 0.80188247561454784 29.065146446228031 1.9015154838562014 0.99108582735061657 0.94084015488624584 0.23288821429014209 0.52098003029823314 0.32812500000000006 38.848484039306648 27.108560562133793 0.47028556466102606 0.73853626847267162 0.24705795943737033 0.30533660948276525 0.9805164933204652 0.6751878857612611 0.60584098100662243 0.46875000000000006 0.5499977469444276 71.992309570312514 0.96238207817077648 7.2824645042419442 0.7840978503227235 0.38585607707500463 0.66891682147979747 0.044645437970757491 0.51666668057441723 0.13296239823102954 0.99883750081062328
decision_type=2 2 2 2 2 2 2 2 2 2 2 2 2 2 2 2 2 2 2 2 2 2 2 2 2 2 2 2 2 2
left_child=1 2 7 4 5 6 21 10 -4 -10 26 -11 15 22 18 16 23 -16 -15 -18 24 -2 -14 -5 -17 -3 -1 -24 -9 -30
right_child=3 25 8 12 -6 -7 -8 28 9 11 -12 -13 13 14 17 20 19 -19 -20 -21 -22 -23 27 -25 -26 -27 -28 -29 29 -31
leaf_value=0.0035633104849238785 -0.015595006308356535 0 -0.00056063930911545289 -0.007295602597587097 0.004493690846597803 0.0023632415867083463 0.00097512409889856551 -0.0018918358188529888 -0.00098701792118202603 0 -0.0091391240777293648 0.014326097737393687 -0.0014172722903771585 0.0025266865798759756 -0.003283776790622089 -0.013097694018253858 -0.0025881400719750172 0.0091293813002344144 -0.010107974342309445 0.0070049904848955109 0.00068704884327237532 0 0 0.0013909337219683827 0 -0.013177926903091631 -0.004540912454575172 0.013136942602654827 0.0091232985242985978 -0.00080934943271495567
leaf_weight=2.7806413835605834 3.0995498904267187 0.51188280060887226 1.0794168918364437 2.9890670535460249 0.26544383677537542 0.35238574403410883 0.63281103776535008 1.1585052471637025 0.46550160337937985 0.66747770033543963 1.6350400168084886 3.2683463073335588 0.31536858531762701 0.76097944188950384 0.96970880159642581 2.335543270506605 1.3134258172285624 2.2698162019223673 2.857880436713458 4.0143389624063275 0.58031330099038303 0.20838483946863551 0.58390317868907038 1.4674225917297006 0.49502525728894387 0.52406293951207772 1.7104664242542638 2.0186100982391508 3.0967884557448997 1.5072576814272904
leaf_count=1200 703 155 381 1036 96 108 202 684 142 151 319 721 164 322 149 561 203 371 897 941 79 32 236 559 48 347 580 672 1898 365
internal_value=-0.000373605 0.00170481 0.00294449 -0.00187935 -0.0075089 -0.00952656 -0.0114601 0 0.00798419 0.010351 -0.00321609 0.0122281 -0.000370399 0.0021155 -0.00103871 -0.00244282 4.33317e-05 0.00480792 -0.00682981 0.00413067 -0.00864757 -0.0142095 0.00866788 -0.0041548 -0.0110243 -0.00884408 0 0.0107769 0.00373579 0.00577208
internal_weight=45.9354 18.4054 17.3694 27.53 4.55858 4.29313 3.94075 11.8887 5.48074 4.40133 6.12615 3.93582 22.9714 9.77627 6.85838 13.1951 9.78425 3.23953 3.61886 5.32776 3.41088 3.30793 2.91788 4.45649 2.83057 1.03595 4.49111 2.60251 5.76255 4.60405
internal_count=14322 6943 6441 7379 1141 1045 937 5046 1395 1014 2099 872 6238 2811 1739 3427 2739 520 1219 1144 688 735 1072 1595 609 502 1780 908 2947 2263
is_linear=0
shrinkage=0.03


Tree=231
num_leaves=31
num_cat=0
split_feature=6 13 35 35 18 4 35 33 49 22 41 46 13 5 38 49 25 34 49 4 49 34 30 26 25 50 3 34 3 50
split_gain=0.179202 0.257903 0.186665 0.301941 0.155534 0.138322 0.132473 0.124847 0.124246 0.12559 0.12404 0.205182 0.118439 0.115437 0.113454 0.106404 0.092277 0.0940526 0.0967561 0.0906307 0.0882039 0.0853371 0.0834944 0.0775026 0.0725806 0.0714306 0.0597004 0.0580489 0.119759 0.0558907
threshold=0.1091166138648987 26.480503082275394 0.73879489302635204 0.79878488183021557 0.17578125000000003 0.91690829396247875 0.76957434415817272 75.76318740844728 0.22761961817741397 0.39965835213661199 0.38739128410816198 0.99603959918022167 55.889352798461921 0.15344215184450152 0.53125000000000011 0.71371731162071239 0.22307602316141131 0.41092543303966528 0.090758752077817931 0.90012124180793773 0.58105742931365978 0.51513478159904491 0.13671875000000003 0.71875000000000011 0.20361472666263583 0.32433055341243749 0.85467925667762767 0.54856255650520336 0.23772940039634707 0.4456127136945725
decision_type=2 2 2 2 2 2 2 2 2 2 2 2 2 2 2 2 2 2 2 2 2 2 2 2 2 2 2 2 2 2
left_child=4 16 8 13 5 27 7 10 19 15 -6 -12 24 -4 -15 -10 17 -2 -19 -3 21 -9 -11 -22 26 -5 -8 28 -1 -27
right_child=1 2 3 25 6 -7 12 20 9 22 11 -13 -14 14 -16 -17 -18 18 -20 -21 23 -23 -24 -25 -26 29 -28 -29 -30 -31
leaf_value=0.0092308540861990376 0 0.0065094149299069542 -0.00024192835623156611 0.00054065205409379669 -0.004092812416597434 -0.0080894060848101922 -0.011177485567735665 0.0062305512963474691 -0.0045079776404994675 0 0.01067721503348003 0.0027349517937587074 0.0032658028986746091 0.013991088943793003 0 0.0057278561158247447 -0.00058318067103409969 0 0.013435781951357549 -0.00279490609296179 0.0006558797694517953 -0.0024221066900125513 -0.0089296266000404804 -0.0091124394559410175 0 -0.011137326093652639 0 -0.0021477270214402622 -0.0019591206421845568 0
leaf_weight=0.74516243599646592 0.33510158270291812 0.5545322765756272 0.36060252255265313 0.11491417617071409 0.4420725569943994 1.528448489752918 0.91206436390348133 0.86227317372686163 0.86900744565354926 0.57493229646206589 3.6076646397450558 17.218670553087577 0.47069425349764049 1.0989783016484578 0.22380748123396177 0.76119381672469899 0.53755214639386384 0.17507905601814833 0.96179093088903755 1.0890268105576977 0.18387966632144503 0.84498005878413096 7.1684634394623572 0.81759182359382976 0.39519507045770297 0.5988701779206167 0.070374858798459172 0.89617090787214682 0.48574783623917028 0.17434124888677616
leaf_count=255 231 220 223 32 67 346 424 376 289 67 586 4964 288 275 106 107 297 139 1021 666 61 299 1825 207 117 302 12 165 139 179
internal_value=0.000395456 -0.002039 -0.00371398 0.00219883 0.00180657 -0.00307753 0.00269869 0.0033819 -0.00541186 -0.00668193 0.0041818 0.00467436 -0.00318663 0.00873949 0.0115295 0 0.00576115 0.00859031 0.0111794 0.00048437 -0.00152396 0.0015271 -0.00811791 -0.00638841 -0.00709931 -0.00667238 -0.00966426 0.000999694 0.00457149 -0.00913657
internal_weight=45.0792 15.5982 13.5887 2.57151 29.481 3.65553 25.8255 23.9771 11.0172 9.3736 21.2684 20.8263 1.84833 1.68339 1.32279 1.6302 2.00952 1.47197 1.13687 1.64356 2.70872 1.70725 7.7434 1.00147 1.37763 0.888126 0.982439 2.12708 1.23091 0.773211
internal_count=14285 5979 4291 1117 8306 905 7401 6560 3174 2288 5617 5550 841 604 381 396 1688 1391 1160 886 943 675 1892 268 553 513 436 559 394 481
is_linear=0
shrinkage=0.03


Tree=232
num_leaves=31
num_cat=0
split_feature=47 48 34 6 1 48 31 20 30 11 49 7 41 36 4 37 4 22 27 26 22 9 1 39 48 30 43 5 14 39
split_gain=0.142974 0.173586 0.230555 0.279043 0.252701 0.248056 0.219225 0.250856 0.20016 0.183444 0.170839 0.152371 0.157062 0.137185 0.131296 0.130572 0.128711 0.162318 0.124507 0.124253 0.119511 0.116987 0.116725 0.109719 0.109243 0.106363 0.105016 0.0942165 0.0891314 0.0875465
threshold=0.61813461780548107 0.35421565175056463 0.5137193799018861 0.069621670991182341 0.73271918296813976 0.3046711534261704 0.065003652125597014 0.031259464100003249 0.46484375000000006 0.62500000000000011 0.94084015488624584 3.4289630651474003 0.38739128410816198 0.22586667537689212 0.9037490487098695 0.19072397798299792 0.91865441203117382 0.55120956897735607 0.98363441228866588 0.84375000000000011 0.25837253034114843 0.61702919006347667 0.84807047247886669 0.85157442092895519 0.23378896713256839 0.15234375000000003 0.27261479198932653 0.052490727975964553 0.30122286081314092 0.86720260977745067
decision_type=2 2 2 2 2 2 2 2 2 2 2 2 2 2 2 2 2 2 2 2 2 2 2 2 2 2 2 2 2 2
left_child=10 2 3 26 5 15 7 -5 -8 25 18 23 -13 21 -14 -4 -15 22 20 -16 -1 -3 -18 -12 -22 -6 -2 -26 -25 -7
right_child=1 13 4 6 9 29 8 -9 -10 -11 11 12 14 16 19 -17 17 -19 -20 -21 24 -23 -24 28 27 -27 -28 -29 -30 -31
leaf_value=0.0017513202807932715 -0.0015345024508368671 0.003430366099843065 0.007544016008996117 0.0052523266468588337 0 0.001126121222604688 0.011238370441108942 -0.0068056821588455023 -0.0022288071847002973 0.0010627939460462216 0.0028977594691421845 -0.0040420553466724209 -0.0015956381493816853 0 0.012270680557152901 -0.00032700271762145148 0.010793006594255802 0 0 0 0.00070008096222986269 -0.007174952005548095 -0.00046734946915162829 0.0011307948390142275 0 -0.013582529340826209 0.0088542707765630248 -0.011796453610897002 -0.008725420479736859 -0.0088912228043343169
leaf_weight=0.20611529839515963 0.18252116849180477 0.56428016621066379 2.2957520893578458 0.98655768962635182 0.25008536066161546 0.14178271972923573 1.1066206837422212 5.063252307671064 0.81045771059143579 0.55818799072221725 0.49852570611983571 0.33452291839057613 0.31474197890202082 2.4824695616807713 1.9510702096631578 2.749216197138594 4.7314871023700107 1.6060577217467651 1.6911462296848183 0.37031471474620037 0.22215049539227028 0.91282177851826418 0.29725360684096802 0.20274362753843878 0.48287247522239329 2.4328353323435294 4.0931448564078892 3.6088564980054798 1.7225106391269944 1.9111786610956185
leaf_count=48 91 222 1256 424 73 75 319 1704 738 258 70 49 74 907 275 1139 1028 498 483 185 41 313 11 20 98 490 1245 1148 234 758
internal_value=0 0.0010274 -0.000369348 0.00219677 -0.00359824 0 -0.000913438 -0.0039477 0.00570428 -0.00939369 -0.00271037 0.000733125 0.00497161 0.00403835 0.00773756 0.00341395 0.00545409 0.00738865 -0.00580403 0.0100056 -0.00801919 -0.00216315 0.00966267 -0.00352027 -0.0092923 -0.0120816 0.00763534 -0.010455 -0.00663019 -0.00707449
internal_weight=44.7815 33.176 22.5816 12.2426 10.339 7.09793 7.96689 6.04981 1.91708 3.24111 11.6056 5.39443 2.97065 10.5944 2.63613 5.04497 9.11727 6.6348 6.21114 2.32138 4.51999 1.4771 5.02874 2.42378 4.31388 2.68292 4.27567 4.09173 1.92525 2.05296
internal_count=14274 11549 8570 4521 4049 3228 3185 2128 1057 821 2725 907 583 2979 534 2395 2444 1537 1818 460 1335 535 1039 324 1287 563 1336 1246 254 833
is_linear=0
shrinkage=0.03


Tree=233
num_leaves=31
num_cat=0
split_feature=0 0 44 44 1 32 32 49 42 24 15 32 41 16 6 13 48 36 50 31 23 45 49 45 9 50 18 20 20 48
split_gain=0.165535 0.190842 0.202605 0.190964 0.234879 0.236628 0.217272 0.208071 0.205081 0.229577 0.187681 0.199881 0.155535 0.147249 0.144909 0.149557 0.167327 0.162821 0.144314 0.143651 0.136405 0.177322 0.248245 0.135098 0.127224 0.104175 0.116132 0.108135 0.0837939 0.0760913
threshold=6.5442335605621347 12.854410171508791 0.29893617331981664 0.064172957092523589 0.73388716578483593 0.036423938348889358 0.035504050552845008 0.87012416124343883 0.96238207817077648 0.3335328102111817 0.27619048953056341 0.052243800833821304 0.59251695871353161 0.33691406250000006 0.098683092743158354 27.900660514831547 0.40329062938690191 0.23581232130527499 0.16555064171552661 0.073843501508235945 0.38428433239459997 0.23343283683061603 0.16679176688194278 0.17990352958440783 0.46792042255401617 0.14682333916425708 0.15234375000000003 0.042142869904637344 0.043971218168735511 0.20856802165508273
decision_type=2 2 2 2 2 2 2 2 2 2 2 2 2 2 2 2 2 2 2 2 2 2 2 2 2 2 2 2 2 2
left_child=10 3 25 6 7 -6 13 18 9 -8 11 20 -7 -2 15 17 19 -12 -5 -17 -1 22 -22 29 -9 -3 -27 -28 -19 -16
right_child=1 2 -4 4 5 12 8 24 -10 -11 14 -13 -14 -15 23 16 -18 28 -20 -21 21 -23 -24 -25 -26 26 27 -29 -30 -31
leaf_value=0 0.0063902450748981173 0 -0.0052251091369136379 0.00098052412155194687 -0.0019106105335340816 -0.00063040823096328219 -0.010304627635074856 -0.0042950584386117954 0.0033483931400376159 0.00066543090140866532 -0.0073822445050583246 -0.0036881967180168915 0.013165023201621851 -0.0038917099552505793 0.00022441385145110227 0.011515733709853879 -0.0028675024052504453 0.0054434827676803407 -0.0083538656672656041 -0.0012001990687532191 0 -0.00016497682858521829 0.015204668684602513 0.0017072444154120423 0.006221500364618702 -0.00082373113196575242 0.013374046887208226 0 -0.0024113819521560482 -0.0089301669138887162
leaf_weight=1.0034074919240108 1.5809981366037456 0.61028010609879846 0.49343043289263722 1.1197262301429853 1.3175598159577933 0.34528130840044502 7.219725465831285 0.36586898591485839 0.63014302728697735 1.3972237060079349 1.3477132019397666 0.68218244921445137 1.8990076091213266 1.2089447594698866 0.21899844254039713 2.2963388482749005 0.43727888570720086 2.0100506068374675 3.8066640121942328 0.30421404214575876 1.2336545069629208 0.81453116854390817 3.0361498484489857 1.1376461984909836 2.1631943656830117 0.17836507677930091 1.8826370424139898 0.29978046196629282 0.68262060926645052 2.4217810334957903
leaf_count=220 391 119 104 296 245 34 2205 106 118 254 460 190 281 349 146 456 82 901 1076 77 795 353 1221 765 278 104 1144 193 179 1093
internal_value=9.19617e-05 -0.00131968 0.0042128 -0.00241636 0.000218603 0.00589442 -0.00488999 -0.00251464 -0.006992 -0.00832967 0.00233364 0.00589868 0.0105778 0.00129201 0 0.00226156 0.00650672 -0.000992717 -0.00591857 0.00927481 0.00776503 0.00950876 0.0116046 -0.00431817 0.00306408 0.00745678 0.0096746 0.0114645 0.00252601 -0.00749387
internal_weight=44.1454 26.5188 3.46449 23.0543 11.0173 3.56185 12.037 7.45545 9.24709 8.61695 17.6266 6.76993 2.24429 2.78994 10.8566 7.07822 3.03783 4.04038 4.92639 2.60055 6.08774 5.08434 4.2698 3.77843 2.52906 2.97106 2.36078 2.18242 2.69267 2.64078
internal_count=14235 7297 1664 5633 2316 560 3317 1756 2577 2459 6938 2779 315 740 4159 2155 615 1540 1372 533 2589 2369 2016 2004 384 1560 1441 1337 1080 1239
is_linear=0
shrinkage=0.03


Tree=234
num_leaves=31
num_cat=0
split_feature=44 32 44 7 43 13 41 23 6 3 49 30 41 6 40 43 9 48 6 0 22 14 30 34 48 27 1 32 25 0
split_gain=0.168869 0.173173 0.217853 0.2571 0.20841 0.182317 0.202503 0.180386 0.221152 0.200288 0.175212 0.167343 0.154107 0.158273 0.138256 0.136639 0.121966 0.114694 0.108176 0.107615 0.0884766 0.0876057 0.0644152 0.0611521 0.0753858 0.0798432 0.0419728 0.034519 0.0252048 0.0238648
threshold=0.4629120826721192 0.039639718830585487 0.064172957092523589 2.322741031646729 0.50559508800506603 27.108560562133793 0.67721009254455578 0.37981458008289343 0.09819332137703897 0.069619316607713713 1.2503143548965456 0.20703125000000003 0.86263683438301098 0.13068425655364993 0.52298903465271007 0.95373770594596874 0.45365722477436071 0.28516024351120001 0.1492114141583443 9.6589250564575213 0.60138785839080822 2.8820670843124394 0.23046875000000003 0.25457346439361578 0.5506979525089265 0.91443690657615673 0.60767725110054027 0.038620566949248321 0.20827223360538485 2.3458372354507451
decision_type=2 2 2 2 2 2 2 2 2 2 2 2 2 2 2 2 2 2 2 2 2 2 2 2 2 2 2 2 2 2
left_child=1 4 3 11 5 21 19 27 9 -9 12 20 13 -4 22 -16 -8 -13 -10 -7 -3 -1 -5 -2 25 -25 -14 29 -12 -6
right_child=23 2 10 14 7 6 16 8 18 -11 28 17 26 -15 15 -17 -18 -19 -20 -21 -22 -23 -24 24 -26 -27 -28 -29 -30 -31
leaf_value=0.0098655097117432266 0 -0.0073081694953934422 0.0079195346024622908 -0.0026458857249626743 0 -0.0013780421338025013 4.5058307331489103e-05 -7.673706380817838e-06 -0.003215446692315486 0.011052858964065484 -0.0081857307399360504 0.0098882614326612338 0.00073800985393558877 -0.0011170236168757792 -0.0089214825350242121 0.0016413077712723663 -0.008205405549661501 0 0.0046813858838862478 0.0080113694798305962 0.0024472957296386893 0 0.0053725359634420218 0 0 -0.011875831543198916 -0.0056683529402979591 0 0 -0.0070971320866577634
leaf_weight=0.7153767370509756 0.21260357204300762 1.0899554580610158 5.0023910088530092 0.78194890251324778 0.20505954080726851 1.0838106183800844 1.3193789755823671 1.2116482551464267 2.4784946285872138 5.6032068167587568 0.42650945275090624 1.3617392853557251 0.12272487767040707 1.3923483546896021 7.3647952849860303 0.41985223985830078 4.1460744769647135 1.1487261004367608 1.8014146266832538 0.91051196029366099 0.17419840570073564 0.72730491306720069 0.58578680658320081 0.2727977507165632 0.29286741267424066 1.4284229104960102 0.88742534961056663 0.16633402081788518 0.16013833061151672 0.57410606974735856
leaf_count=471 22 193 1018 273 27 182 365 403 1131 1539 61 539 40 375 3319 180 1306 391 821 197 61 335 260 33 43 191 234 25 49 144
internal_value=-0.00010159 0.000331028 -0.00148183 -0.00385714 0.00226352 -0.00091052 -0.00315456 0.00473028 0.00594447 0.00895312 0.00202846 0.00183736 0.00380657 0.0056613 -0.00645081 -0.0078883 -0.00605079 0.00603135 0 0.00315071 -0.00415172 0.0060059 0.00033993 -0.00678791 -0.00822978 -0.0100095 -0.00341766 -0.00370744 -0.00677837 -0.00570016
internal_weight=44.068 41.8613 20.9185 12.927 20.9427 8.90246 7.45978 12.0403 11.0948 6.81486 7.99154 3.77462 7.40489 6.39474 9.15238 7.78465 5.46545 2.51047 4.27991 1.99432 1.26415 1.44268 1.36774 2.20669 1.99409 1.70122 1.01015 0.9455 0.586648 0.779166
internal_count=14228 13939 6993 5216 6946 2856 2050 4090 3894 1942 1777 1184 1667 1393 4032 3499 1671 930 1952 379 254 806 533 289 267 224 274 196 110 171
is_linear=0
shrinkage=0.03


Tree=235
num_leaves=31
num_cat=0
split_feature=32 48 39 43 49 22 39 36 13 3 50 22 3 9 27 35 42 14 9 27 39 6 28 34 36 43 48 36 6 24
split_gain=0.290907 0.249031 0.176715 0.140844 0.133964 0.129701 0.127705 0.107603 0.131205 0.226145 0.242043 0.214319 0.212445 0.181408 0.122778 0.104731 0.138814 0.098886 0.105435 0.0945687 0.0915101 0.0875662 0.0789574 0.0788732 0.0756268 0.107714 0.0523773 0.0512818 0.0505735 0.0409689
threshold=0.037208702415227897 0.26853404939174658 0.98320010304451 0.55994892120361339 0.14276819676160815 0.25837253034114843 0.97337770462036144 0.3157737404108048 31.16759014129639 0.49516062438488012 0.32207147777080541 0.57300525903701793 0.16615395247936252 0.51541602611541759 0.96971073746681224 0.80188247561454784 0.84680575132370006 18.877042770385746 0.51236516237258922 0.94464564323425304 0.9705023765563966 0.01785652153193951 0.94677299261093151 0.68749597668647777 0.31446082890033727 0.33515235781669622 0.3891825675964356 0.3235659152269364 0.1227729804813862 0.19329130649566653
decision_type=2 2 2 2 2 2 2 2 2 2 2 2 2 2 2 2 2 2 2 2 2 2 2 2 2 2 2 2 2 2
left_child=1 4 7 19 -1 -6 15 8 11 12 -11 13 -10 -2 27 16 -5 18 -4 26 -13 -7 28 -23 25 -21 -3 -9 -16 -20
right_child=2 3 17 6 5 21 -8 14 9 10 -12 20 -14 -15 22 -17 -18 -19 29 24 -22 23 -24 -25 -26 -27 -28 -29 -30 -31
leaf_value=0 -0.0051073588181428618 -0.0090609407411975113 0 0.010245056684997769 -0.00050229643418454168 0 -0.002846883788828412 0.00086030061980722685 -0.000771773559823785 0.0039580184779118973 -0.0076187892553231168 0.010008174591481615 -0.010562405972456721 0.0039217481516014381 0.010864550144702141 -0.0016769862773604628 0 -0.0022622803290463346 0 0.0065373507968258856 -0.00044908409356351158 0.016160006965539458 -0.00054248323618501508 0 -0.0046469692580692022 -0.0010402547595396044 0 -0.0063650240369668692 0 0.011508922578247215
leaf_weight=0.59408385562346611 5.6506038804436773 0.90952637070586007 0.85486900732939819 3.0603118331564474 0.14828215405577827 0.31170643039513413 0.75293259433237825 0.33158550777443396 4.0651892958921945 3.9957559569884316 1.4045765479459076 1.2364469619496956 5.8073311008920427 1.650605114544305 0.93529346139985114 0.38628436294675328 1.2343615184799999 0.3623495501014985 0.078513509666663484 1.747299551265314 0.25884786185633846 1.9931142038622058 0.19341122076730233 0.084760561934672185 1.0278773965110302 2.5157597073775833 0.25340933064580895 0.52873085575993173 0.24263901637459639 1.1497205354462492
leaf_count=329 1722 335 345 944 40 65 322 73 1226 906 333 705 1810 973 96 227 423 77 38 398 154 882 49 49 184 822 126 96 72 453
internal_value=1.66234e-05 0.00333922 -0.00167244 0.000783867 0.00977531 0.0120699 0.00413778 -0.00250484 -0.00315573 -0.00475378 0 0 -0.00724864 -0.0024782 0.0023912 0.00609271 0.00754291 0.004538 0.00704404 -0.00181379 0.00754116 0.0136531 0.00687897 0.0151951 0 0.00214757 -0.00711952 -0.00300209 0.00916456 0.0105471
internal_weight=43.7662 15.0197 28.7465 11.8878 3.13195 2.53786 5.43389 26.301 24.0694 15.2729 5.40033 8.7965 9.87252 7.30121 2.23166 4.68096 4.29467 2.44545 2.0831 6.45387 1.49529 2.38958 1.37134 2.07787 5.29094 4.26306 1.16294 0.860316 1.17793 1.22823
internal_count=14274 5146 9128 3781 1365 1036 1916 8215 7829 4275 1239 3554 3036 2695 386 1594 1367 913 836 1865 859 996 217 931 1404 1220 461 169 168 491
is_linear=0
shrinkage=0.03


Tree=236
num_leaves=31
num_cat=0
split_feature=5 41 43 1 35 35 45 4 34 7 48 50 0 39 7 50 40 27 39 0 13 14 44 32 39 41 30 34 32 20
split_gain=0.187515 0.202798 0.20512 0.194705 0.283009 0.220263 0.20425 0.185145 0.172849 0.219002 0.160253 0.198574 0.176905 0.191206 0.140183 0.201331 0.135814 0.126984 0.124286 0.114507 0.199326 0.112155 0.119161 0.110668 0.0860451 0.103859 0.0815583 0.0794872 0.0739655 0.0708857
threshold=0.36752028763294226 0.99701556563377391 0.60302522778511058 0.70759594440460216 0.59117528796195995 0.70951160788536083 0.23776593804359439 0.89925822615623485 0.55140465497970592 2.9643838405609135 0.3768365234136582 0.12300407513976098 10.692234516143801 0.84945344924926769 5.8555271625518808 0.088790383189916625 0.85209363698959362 0.95317909121513378 0.88924336433410656 7.4980955123901376 27.900660514831547 11.177658557891847 0.37089946866035467 0.0468507967889309 0.93146175146102916 0.69609090685844432 0.26953125000000006 0.53720495104789745 0.032340202480554588 0.036645827814936645
decision_type=2 2 2 2 2 2 2 2 2 2 2 2 2 2 2 2 2 2 2 2 2 2 2 2 2 2 2 2 2 2
left_child=3 2 21 4 10 8 7 19 9 -6 11 27 13 -12 15 -9 -13 26 -8 20 -5 22 23 -2 25 -7 -4 -1 -19 -26
right_child=1 -3 17 6 5 24 18 14 -10 -11 12 16 -14 -15 -16 -17 -18 28 -20 -21 -22 -23 -24 -25 29 -27 -28 -29 -30 -31
leaf_value=0.0024648040813754946 -0.013187168125984975 0.0055182230606141917 -0.00018892773326344305 -0.0040274350481886417 0.00079352211719225965 -0.0075056431306771447 -0.0078510389986597741 -0.0013191231310074234 0 -0.013122842764109622 0.0030337679653153439 0.011953639405118717 0.0056632630724012586 -0.0089707099171134359 0 0.010987984116340676 0 0.0017319830499843804 0.0020844057391496062 -0.0058494922711427762 0.0095102832607025511 0 0.0010185119103228943 0 0 0.0016539848577436422 0.0074794298354197292 -0.005685539053028571 -0.0067168208316783157 0.0077564026517580285
leaf_weight=1.1898447398925802 3.0290237593799239 1.0686321959547047 1.0857640943140725 0.71255924148135763 0.69816419272683417 0.85484443042150848 0.96501103460468529 0.69182650987204208 1.6946095939092627 3.0668135226951563 0.81909581672516685 2.7821723445777025 1.0610766441750454 2.1510125967470231 1.3177018024725837 6.4428409678293974 1.5586219594479187 0.21290710530593049 1.2294306499170486 1.0562949010854934 1.0378352282059493 1.1969395892228929 0.13870699767721806 0.58668883614154754 1.0628427417177593 1.2201029199823095 1.386842863201309 0.8464746057652518 1.5937676320172611 1.1122972593693701
leaf_count=385 1324 566 348 238 252 174 166 130 595 923 112 912 474 483 189 1348 729 66 325 294 249 464 23 336 595 716 660 255 524 499
internal_value=0.000452187 -0.00282092 -0.00452459 0.00159566 -0.000163565 -0.00378517 0.00426322 0.00590574 -0.00734771 -0.0102877 0.00298763 0.0057149 -0.00100885 -0.0049742 0.00792858 0.00941035 0.0088489 0 -0.00243559 0 0.00344793 -0.00813705 -0.0102035 -0.0114113 0.000747648 -0.00235769 0.00416349 -0.000691846 -0.00438994 0.00446437
internal_weight=43.8707 10.2993 9.23064 33.5715 20.118 9.70967 13.4535 11.2591 5.45959 3.76498 10.4083 6.37711 4.03119 2.97011 8.45237 7.13467 4.34079 4.27928 2.19444 2.80669 1.75039 4.95136 3.75442 3.61571 4.25009 2.07495 2.47261 2.03632 1.80667 2.17514
internal_count=14354 4311 3745 10043 7104 3754 2939 2448 1770 1175 3350 2281 1069 595 1667 1478 1641 1598 491 781 487 2147 1683 1660 1984 890 1008 640 590 1094
is_linear=0
shrinkage=0.03


Tree=237
num_leaves=31
num_cat=0
split_feature=41 5 49 11 32 4 37 3 37 49 40 23 24 48 22 37 40 30 40 22 35 34 27 9 21 22 18 40 37 35
split_gain=0.21426 0.18838 0.168614 0.152619 0.206867 0.197035 0.189385 0.246814 0.177772 0.154288 0.178101 0.152755 0.148605 0.148072 0.129408 0.123038 0.114811 0.0817473 0.0551275 0.0532937 0.0523505 0.0518263 0.0368684 0.03553 0.0346591 0.0335409 0.0241188 0.0138654 0.011927 0.00975089
threshold=0.99950441718101513 0.36752028763294226 0.16116039454936984 0.62500000000000011 0.051567858085036285 0.90527912974357616 0.1672831475734711 0.23547106981277469 0.18456146121025088 0.30434226989746099 0.55718955397605907 0.36709009110927587 0.21678151935338977 0.43502137064933782 0.37296865880489355 0.079818625003099455 0.93505471944808971 0.46484375000000006 0.37133964896202093 0.50103026628494274 0.79605981707572948 0.33336117863655096 0.9650159776210786 0.42418093979358679 63.103895187377937 0.39549115300178533 0.44140625000000006 0.89416033029556286 0.14069679379463199 0.75005453824996959
decision_type=2 2 2 2 2 2 2 2 2 2 2 2 2 2 2 2 2 2 2 2 2 2 2 2 2 2 2 2 2 2
left_child=1 3 18 5 11 9 7 -7 -8 10 -1 27 17 15 -13 -14 -11 21 29 28 22 -4 -20 25 -15 -2 -19 -5 -6 -3
right_child=23 2 12 4 19 6 8 -9 -10 16 -12 14 13 24 -16 -17 -18 26 20 -21 -22 -23 -24 -25 -26 -27 -28 -29 -30 -31
leaf_value=-0.0046315437608683754 0 0 -0.00069533365219830569 0 0 -0.00034227889547942065 -0.0068874681375407452 0.0081649833675393659 0.00057339098986627164 -0.010442483120098814 0.0082826020574421708 0 0.0014732901328966411 0.0038102476005915623 0.012647772284233328 -0.010239400703781843 0 -0.0055257199403330997 0.0092182716678581335 0.00071607149385789401 0 0.0063223131803779335 0 0 -0.0022248383792046311 0.01188130240420867 0 -0.0036032359233928446 -0.0074345212772830667 -0.0028935794073899511
leaf_weight=1.0400425542866312 0.11652245838194975 0.10743556241504748 0.20418419911584207 0.10957364468777031 0.11543099887785491 4.8477712936546613 2.6906899014429646 4.9894054564683756 10.086936440038697 2.5987309122683659 0.71494950146370673 0.68192932054807931 0.17102978139882896 0.73716411327040965 2.5644586472953961 5.2752889839212003 0.55981009699462436 0.65753241743732349 0.80778968023878384 0.35282415819528978 0.11193218731204979 1.2718147038249297 0.10139778786106035 0.11732713865785627 0.27005071850362583 0.77325090811064001 0.051670605549588799 0.27541582699632272 0.42467088461853564 0.23438748810440302
leaf_count=442 46 76 65 75 32 1235 557 1183 2674 875 323 142 71 353 1788 1740 102 406 507 172 84 532 77 57 109 229 52 42 113 108
internal_value=4.753e-05 -0.000333045 -0.00377328 0.000731362 0.00529501 -7.28329e-05 0.00105186 0.00405104 -0.00116583 -0.00505912 0.000637279 0.00831652 -0.00541974 -0.00747787 0.0103368 -0.00923472 -0.00833777 0.000156086 0.00327005 -0.00331005 0.00602314 0.00425114 0.00794251 0.00968226 0.000395258 0.0107929 -0.00411224 -0.00171641 -0.00664527 -0.00107806
internal_weight=43.0614 42.0543 10.0017 32.0526 4.5243 27.5283 22.6148 9.83718 12.7776 4.91353 1.75499 3.63138 8.63874 6.45353 3.24639 5.44632 3.15854 2.1852 1.36294 0.892926 1.02112 1.476 0.909187 1.0071 1.00721 0.889773 0.709203 0.384989 0.540102 0.341823
internal_count=14267 13935 4180 9755 2364 7391 5649 2418 3231 1742 765 2047 3328 2273 1930 1811 977 1055 852 317 668 597 584 332 462 275 458 117 145 184
is_linear=0
shrinkage=0.03


Tree=238
num_leaves=31
num_cat=0
split_feature=13 30 4 48 50 37 34 29 10 41 14 3 36 43 49 5 3 34 20 40 37 37 41 0 2 13 14 45 33 28
split_gain=0.245543 0.232925 0.227078 0.286926 0.27405 0.243752 0.177035 0.189045 0.174247 0.219196 0.194119 0.152491 0.128952 0.127398 0.14703 0.125179 0.152484 0.13143 0.149717 0.100143 0.130296 0.0994514 0.0953678 0.0902558 0.079422 0.0673946 0.0656679 0.0640346 0.0610806 0.0556515
threshold=32.168743133544929 0.24609375000000003 0.94526639580726635 0.29540146887302404 0.31798654794692999 0.21676731109619143 0.33583407104015356 0.9327150583267213 0.62500000000000011 0.80321538448333751 1.0408213734626772 0.52929753065109264 0.31958809494972235 0.92131119966506969 0.76291969418525707 0.26514565944671636 0.12717533856630328 0.67389047145843517 0.040257753804326064 0.78612402081489574 0.17548894137144092 0.20449837297201159 0.99074697494506847 9.8722143173217791 0.32812500000000006 56.478122711181648 2.0213369131088261 0.30326373875141149 73.80625152587892 0.77465751767158519
decision_type=2 2 2 2 2 2 2 2 2 2 2 2 2 2 2 2 2 2 2 2 2 2 2 2 2 2 2 2 2 2
left_child=11 2 8 23 5 -5 27 -8 9 -2 -11 12 15 14 -9 17 28 18 -1 20 -13 -18 24 26 -10 -6 -4 29 -17 -3
right_child=1 6 3 4 25 -7 7 13 22 10 -12 19 -14 -15 -16 16 21 -19 -20 -21 -22 -23 -24 -25 -26 -27 -28 -29 -30 -31
leaf_value=0.011690385452878342 -0.0049794652289765345 0 0 0.013066850138815414 -0.0044020382788782925 0 0.0019251424882951664 -0.010862190051805899 0 -0.0040776624952305537 0.0099150216184674105 0.0004011818727389162 -0.0023532987105838662 0.00030618274616755207 0 -0.0069560517955539651 0.0079059281683563978 -0.0011090259733859535 0.0015140115259016939 0.0026813614438926008 -0.011175833935475495 -0.00073881798532030528 0.00094483183877524222 0.0015762748593254757 -0.0099695835590727887 0.003247688847891974 -0.0092778536920151266 -0.0021503948101489118 0.00085247235171570144 0.0080362797549030553
leaf_weight=4.6121789763819816 1.6071182881132746 0.29100483410002087 0.27853994618635614 3.8816522739143693 1.5691761911912183 1.4288482666706839 1.3078823979667493 5.6412852137764258 0.29502364220388777 0.28132902050856534 1.9663346626075506 0.75244127980840791 1.0197600101528213 0.82328104086627707 1.6855487105567588 1.3400707536857215 1.6719496141740822 0.61196388136158919 3.1168605258098978 0.75305519128596632 0.70228708870126866 0.89089514115039481 0.30905635739327397 0.56534086843021203 2.6762625685878447 0.44340133530204173 1.1364821209863292 0.22326950982096594 0.1998625742853618 0.88149563119077357
leaf_count=2598 527 99 57 616 380 241 895 1870 120 32 619 282 189 242 380 647 820 157 948 232 89 479 126 142 599 177 228 85 117 250
internal_value=0.000440217 -0.00119462 0.000918334 0.0039538 0.00668398 0.00986502 -0.00445539 -0.0059896 -0.00267031 0.00107201 0.0065236 0.00336819 0.00461665 -0.00765917 -0.00884376 0.00554355 0.000288551 0.0074996 0.00857385 -0.00237574 -0.0062416 0.0046949 -0.00699189 -0.00399066 -0.00860289 -0.00120226 -0.00718876 0.00284926 -0.00482485 0.0057338
internal_weight=42.9637 27.2923 16.4386 9.30344 7.32308 5.3105 10.8538 9.458 7.13512 3.85478 2.24766 15.6713 13.4635 8.15011 7.32683 12.4438 4.10278 8.341 7.72904 2.20778 1.45473 2.56284 3.28034 1.98036 2.97129 2.01258 1.41502 1.39577 1.53993 1.1725
internal_count=14243 7685 3864 1841 1414 857 3821 3387 2023 1178 651 6558 5955 2492 2250 5766 2063 3703 3546 603 371 1299 845 427 719 557 285 434 764 349
is_linear=0
shrinkage=0.03


Tree=239
num_leaves=31
num_cat=0
split_feature=41 38 4 50 50 32 47 34 37 37 38 47 25 41 14 0 3 5 20 42 30 48 49 6 25 34 37 35 13 40
split_gain=0.133793 0.150602 0.140676 0.329737 0.260934 0.284415 0.226495 0.222928 0.188628 0.187237 0.174899 0.267023 0.158749 0.194462 0.173941 0.15433 0.219132 0.20282 0.113778 0.113604 0.109202 0.18319 0.102578 0.0968768 0.0967122 0.0887146 0.0814692 0.0714221 0.0638073 0.0563738
threshold=0.9915316402912141 0.40625000000000006 0.94492921233177196 0.26702763140201574 0.32207147777080541 0.035328542813658721 0.71911278367042553 0.59454947710037243 0.133617639541626 0.14679285883903506 0.59375000000000011 0.55739149451255809 0.22368233650922778 0.85040917992591869 21.504723548889164 6.8312759399414071 0.28819428384304052 1.1813508272171023 0.044920168817043311 0.27374686300754553 0.25390625000000006 0.29341496527194982 0.081860769540071501 0.11393591761589052 0.21078441292047503 0.25457346439361578 0.28162859380245214 0.50420784950256359 30.71190166473389 0.5990206003189088
decision_type=2 2 2 2 2 2 2 2 2 2 2 2 2 2 2 2 2 2 2 2 2 2 2 2 2 2 2 2 2 2
left_child=2 -2 3 7 9 27 25 15 28 20 11 -10 13 -11 -14 16 -1 -17 19 -3 21 -4 -21 -9 -12 -7 -24 -6 -5 -30
right_child=1 18 4 8 5 6 -8 23 10 12 24 -13 14 -15 -16 17 -18 -19 -20 22 -22 -23 26 -25 -26 -27 -28 -29 29 -31
leaf_value=0.0036952536288923071 -0.0035462923467187882 -0.0015963176799329102 0 0.0011813653908360115 -0.0013570329309862141 0 0.00079001529880254329 -0.0024478505068465163 -0.0024506367469626067 -0.0041321352869043947 -0.0052135458391598961 0.012949465591546284 0.0091344848548732451 0.004661679844626644 -0.0027703083252371623 -0.01254309782874443 -0.008771845106355064 0.0025912835306787846 -0.0012446273426148648 0 -0.00030265693044161096 0.013121182584244221 0.01130395054256756 0.0064029547360246464 0.0041777768497133234 -0.01320797669258318 0 0.0074325777591056205 -0.0078379011380894006 0.00013552885457445327
leaf_weight=1.9967199296370401 0.78301321573962823 0.23055011153337535 0.92628100865841023 0.39095471031759998 0.17150154430419107 0.22674641420599151 1.1379297093662897 1.2003870096668836 0.64891282589815125 6.1500941158992628 1.2109831358538938 2.27736898954754 2.3187333146524902 2.1387905653828057 0.61315787080820872 4.5889398949948372 1.0887072521873049 0.21388488539378148 0.64584041683701787 0.45175769804336585 0.44822250398283348 2.381683783216431 3.6055186061021236 0.92686463058271318 0.60970044552232128 2.3848855651158374 0.1464378766104345 1.0360284364505785 1.4147625387668084 0.13352673064946419
leaf_count=787 400 125 180 223 67 37 347 364 262 1268 554 786 976 916 87 1088 346 55 220 192 218 387 2143 263 237 634 41 367 610 67
internal_value=0.000114227 0.00401746 -0.000520875 -0.00253007 0.00105966 -0.0041485 -0.00805468 -0.00583304 0.00214246 0.00312299 0.00532406 0.00901598 0.000649129 -0.00128251 0.00581043 -0.00801117 -0.00103984 -0.0110217 0.00606821 0.0077184 0.00819209 0.00984256 0.00901436 0.00126354 -0.000638885 -0.0118908 0.0104121 0.004776 -0.00378663 -0.00618966
internal_weight=42.4989 5.86312 36.6358 16.7017 19.9341 4.95709 3.74956 10.0155 6.68621 14.977 4.74697 2.92628 11.2208 8.28888 2.93189 7.88825 3.08543 4.80282 5.0801 4.43426 3.75619 3.30796 4.20371 2.12725 1.82068 2.61163 3.75196 1.20753 1.93924 1.54829
internal_count=14247 3121 11126 5642 5484 1452 1018 2903 2739 4032 1839 1048 3247 2184 1063 2276 1133 1143 2721 2501 785 567 2376 627 791 671 2184 434 900 677
is_linear=0
shrinkage=0.03


Tree=240
num_leaves=31
num_cat=0
split_feature=47 22 49 32 41 35 16 35 18 18 7 9 47 0 48 24 49 34 0 42 42 34 29 18 22 48 34 6 6 49
split_gain=0.199649 0.229853 0.209863 0.213249 0.179053 0.211176 0.175781 0.193087 0.154114 0.181144 0.15383 0.152244 0.165946 0.257783 0.165784 0.150524 0.127238 0.116299 0.110213 0.110093 0.102633 0.0904199 0.0873726 0.0839089 0.0755555 0.0744349 0.0942869 0.0623825 0.0584867 0.0541998
threshold=0.87529903650283825 0.39333185553550726 0.84271362423896801 0.031113035976886753 0.92611071467399608 0.64049857854843151 0.41308593750000006 0.51533758640289318 0.37890625000000006 0.58203125000000011 4.372542381286622 0.76659014821052562 0.77673691511154186 12.854410171508791 0.3768365234136582 0.28212717175483709 0.58105742931365978 0.33583407104015356 8.4140200614929217 0.32087117433547979 0.65545505285263073 0.44490811228752142 0.99145829677581798 0.45703125000000006 0.499645546078682 0.32710097730159765 0.53720495104789745 0.053492059931159026 0.024075970984995369 0.18191763758659366
decision_type=2 2 2 2 2 2 2 2 2 2 2 2 2 2 2 2 2 2 2 2 2 2 2 2 2 2 2 2 2 2
left_child=2 17 3 -1 18 25 7 19 20 -10 -8 14 13 -13 15 -5 -16 -2 23 -4 -9 -12 -19 28 -14 26 -6 -24 -3 -7
right_child=1 4 6 11 5 29 10 8 9 -11 21 12 24 -15 16 -17 -18 22 -20 -21 -22 -23 27 -25 -26 -27 -28 -29 -30 -31
leaf_value=0.0065922020063780753 0.0043747716248587832 0 0.0040489299559389883 0.00034753186964661887 0.016128071717176874 -0.002280777151256803 -0.0083772563886994889 -0.0044191236449830024 0.014926348633263739 0 -0.002651833509607863 -0.010600557809947578 0.0037377678544091146 0.0013287232814887179 0.0083223049983197055 -0.0073371960052578365 -0.00082311373184164479 0.00094328174218442375 0.0045228235238698369 -0.0053082978626478863 0.0052934120901931298 0.0069483035410885519 0 0.0016167677577568662 -0.0035664489685291617 0 0.0017008228245649103 -0.010554211861924187 -0.0097459053644456933 0.0046626052048079547
leaf_weight=1.0481620959144553 0.44651192030869369 0.13148738816380345 0.84376349605736178 3.8276714862731769 2.3053416068396477 1.5934859380977289 1.1894699986150956 0.96141626125245216 2.043693110965251 1.0471097725603611 0.42293395433807723 5.6175682722896436 1.5455620241191357 1.3357982712477676 1.7492401985509789 2.8492917304392904 1.3899457705374514 0.47929330649640212 0.8844102645816746 1.5387927712581584 0.92954284251027275 0.76179234060327872 0.85309539380250488 0.18719591345870856 1.5500978339623541 0.40725617903808586 1.3460393628447489 1.0738160582259295 0.95522753567638574 0.62321987320683536
leaf_count=471 145 31 83 1577 1139 985 392 201 303 124 128 1540 510 418 798 764 497 515 323 307 185 217 218 188 509 180 817 167 322 233
internal_value=0.000522805 0.00379774 -0.000670172 -0.00240844 0.00620756 0.00849193 0.00266002 0.00495418 0.00793241 0.0112212 -0.00292623 -0.00332031 -0.00575855 -0.00805273 -0.000245228 -0.0030696 0.00432762 -0.00230993 -7.02039e-05 -0.000890273 0 0.00250287 -0.00535131 -0.00516493 0 0.0118863 0.0129637 -0.00772933 -0.00798576 0
internal_weight=41.9382 11.2864 30.6519 20.9133 8.43366 6.27534 9.73851 7.36432 4.98176 3.0908 2.3742 19.8652 10.049 6.95337 9.81615 6.67696 3.13919 2.85272 2.15832 2.38256 1.89096 1.18473 2.4062 1.27391 3.09566 4.05864 3.65138 1.92691 1.08671 2.21671
internal_count=14287 5263 9024 7084 4218 3354 1940 1203 813 427 737 6613 2977 1958 3636 2341 1295 1045 864 390 386 345 900 541 1019 2136 1956 385 353 1218
is_linear=0
shrinkage=0.03


Tree=241
num_leaves=31
num_cat=0
split_feature=3 27 11 5 4 0 40 37 50 25 42 34 24 25 33 34 39 5 47 45 49 1 6 36 3 45 33 32 0 1
split_gain=0.184452 0.232211 0.179876 0.232978 0.179118 0.259768 0.229151 0.224387 0.212012 0.180696 0.215331 0.161518 0.230859 0.158702 0.151415 0.142521 0.130563 0.118361 0.115286 0.109912 0.107653 0.106013 0.118764 0.139852 0.105072 0.111319 0.103293 0.102073 0.101888 0.100854
threshold=0.34140357375144964 0.97877347469329845 0.62500000000000011 0.8694063425064088 0.95605885982513439 7.2464387416839608 0.54432058334350597 0.1124301701784134 0.26702763140201574 0.20149198919534686 0.36548800766468054 0.50275292992591869 0.255178913474083 0.19863823056221011 84.045551300048842 0.62944337725639354 0.89673271775245678 0.099724378436803832 0.9173925817012788 0.22070113569498065 0.48207838833332067 0.70675748586654674 0.077751424163579955 0.23581232130527499 0.27724146842956549 0.036214334890246398 76.133483886718764 0.038195069879293449 5.7443623542785653 0.74975368380546581
decision_type=2 2 2 2 2 2 2 2 2 2 2 2 2 2 2 2 2 2 2 2 2 2 2 2 2 2 2 2 2 2
left_child=2 11 4 14 5 6 29 15 18 10 -9 12 20 28 24 -6 -15 -8 -7 -11 -2 22 23 -3 25 -4 -18 -22 -13 -1
right_child=1 21 3 -5 7 8 17 9 -10 19 -12 13 -14 16 -16 -17 26 -19 -20 -21 27 -23 -24 -25 -26 -27 -28 -29 -30 -31
leaf_value=0.00078369573841799542 -0.0051877196773371199 -0.0025032073351274084 0 -0.0035206592623076593 0.014390455347954063 -0.011016269231772022 0 0.0049966532454348697 0.00028518855711481199 0.0079093519099122118 -0.0069222421081829725 -0.002020967783050331 -0.011888007161598418 0.0018760378004152986 -0.0016303197115145808 -0.00067372961849838302 -0.010772998314468256 0.0099689758519727611 0 -0.0017621555925141459 -0.0023235521569755432 0.0073574655232451543 -0.0041243328279082928 0.0094072597394292932 0 0.013964675863016111 0.00056792114083083374 0.0074329567879702699 0.0060903014890109942 -0.008191461323406514
leaf_weight=1.2566364206832115 1.2640350526817221 0.490488760362495 0.29827691044556548 0.65272572439789645 1.2800273753236977 3.1712927951375609 1.1285179112746848 0.94818103118814212 2.6299497273830639 2.4737612742828792 2.9150495942412817 0.91922317889839211 2.9372046265125391 0.64209670848504208 0.26762013862025913 0.16598115593660612 1.5449307635281 2.2878759548038943 0.50720570125849906 0.44192815905989835 0.46375338160578383 1.758102356106974 2.1741406566761725 0.91444676326500485 0.52514942318521196 3.1119788180658361 0.22918350710824587 1.1705470067099666 2.6565709124915884 0.84862106405489601
leaf_count=723 476 156 119 436 308 763 345 171 1216 725 881 413 875 253 179 28 354 783 152 186 132 290 702 188 236 2024 74 222 669 212
internal_value=0.000610954 -0.00162871 0.00227327 0.00697682 0.00071468 -0.00144545 0.00273124 0.00396673 -0.0053852 0.000587198 -0.00295411 -0.00398089 -0.00714182 0 0.00954699 0.0118663 -0.00516298 0.00706155 -0.00927491 0.00560164 0 0.00291614 0 0.00468981 0.0110913 0.0126137 -0.00854992 0.00369452 0.00336355 -0.00334091
internal_weight=42.0755 17.1647 24.9108 4.85575 20.055 11.8301 5.52165 8.22493 6.30845 6.77892 3.86323 11.8275 5.83554 5.99201 4.20303 1.44601 2.41621 3.41639 3.6785 2.91569 2.89834 5.33718 3.57908 1.40494 3.93541 3.41026 1.77411 1.6343 3.57579 2.10526
internal_count=14291 4804 9487 2994 6493 4194 2063 2299 2131 1963 1052 3468 1705 1763 2558 336 681 1128 915 911 830 1336 1046 344 2379 2143 428 354 1082 935
is_linear=0
shrinkage=0.03


Tree=242
num_leaves=31
num_cat=0
split_feature=6 13 18 19 4 34 33 35 35 15 29 48 35 35 1 49 22 13 1 49 13 46 39 6 35 44 5 28 38 50
split_gain=0.152415 0.20805 0.172201 0.15817 0.214908 0.26036 0.187904 0.156481 0.144903 0.154525 0.152544 0.188264 0.135252 0.12896 0.126207 0.117482 0.116498 0.140652 0.109443 0.10437 0.103395 0.09736 0.0911485 0.0892233 0.08753 0.0864026 0.0863791 0.0755055 0.0718386 0.0665638
threshold=0.10846414789557458 26.480503082275394 0.19140625000000003 0.08932050317525865 0.9116569757461549 0.56778830289840709 73.80625152587892 0.47272767126560217 0.73879489302635204 0.14835165441036227 0.99588418006896984 0.25880511105060583 0.79878488183021557 0.5815606713294984 0.50565889477729808 0.18041098117828372 0.45989716053009039 31.716367721557621 0.70759594440460216 0.44982625544071203 36.200555801391609 0.99013769626617443 0.97614067792892467 0.078313827514648451 0.63036617636680614 0.073622401803731932 0.15344215184450152 0.79548311233520519 0.53125000000000011 0.32433055341243749
decision_type=2 2 2 2 2 2 2 2 2 2 2 2 2 2 2 2 2 2 2 2 2 2 2 2 2 2 2 2 2 2
left_child=2 22 13 4 16 6 -6 25 9 18 11 -11 26 15 -9 -1 23 -18 19 -3 -20 -16 -2 -4 -15 -5 -10 -7 -28 -14
right_child=1 8 3 7 5 27 -8 14 12 10 -12 -13 29 24 21 -17 17 -19 20 -21 -22 -23 -24 -25 -26 -27 28 -29 -30 -31
leaf_value=0.00079478236122509233 0.0076983778475658432 0.0024285521751042627 -0.0096579035304194538 -0.00029439224719679286 0.0094496581799402377 -0.0044161342296011865 -0.00079371790967789724 0.003995844350989949 -0.00059633791595696854 0.0006724803513107634 0.0010769112022737046 -0.0106559405002236 0.0014885849588693334 0.0067004212742024418 0.0017897967074918095 -0.010639265047735068 0.0082969472714290102 -0.0027916297096079452 0.0093600009090100394 -0.0074907410224144344 -0.00089901235393258423 -0.0076170346482974209 -0.0012377856674516588 0 -0.0019072848148047109 0.0079051289571778847 0.010987033097788512 0.0024544737067660341 0 -0.0072079789617026397
leaf_weight=0.35461348328681452 1.4886458839209802 0.43553847412112956 0.97503576589952456 1.0981010208852233 8.8298487970241677 1.7212286704270821 1.1270400133143983 0.28388382626144437 0.34652467361956896 0.90599578611727327 0.84097499397466879 5.6948497409102856 0.14241868098906696 0.53292003581009373 0.24299886613152955 1.4451601743166973 0.79052247592699121 1.0744583875857641 0.74238001269986831 1.1937773016907156 0.57959409320028499 3.7385327175761631 0.51902772801986419 0.5908310979793896 1.9501692741978329 1.0374052312108686 0.99521034050849244 1.6901178641492149 0.19535936779357144 0.70164152396682766
leaf_count=141 1357 262 294 474 2498 559 377 121 227 646 205 1647 37 112 24 304 443 425 141 208 63 999 333 199 575 162 285 531 98 486
internal_value=0.000101705 -0.00219093 0.00147377 0.00257318 0.00407445 0.00576173 0.00804977 -0.000979657 -0.00376466 -0.00527808 -0.00735334 -0.00882246 0.00156111 -0.00327354 -0.00431849 -0.00783566 -0.00163954 0.00211686 0 -0.00378301 0.00512004 -0.00619666 0.00474729 -0.00636406 0.000472109 0.00398286 0.00624461 -0.000547336 0.00896852 -0.00410226
internal_weight=42.2648 14.7819 27.4829 23.2 16.7991 13.3682 9.95689 6.40092 12.7743 10.3931 7.44182 6.60085 2.38115 4.28286 4.26542 1.79977 3.43085 1.86498 2.95129 1.62932 1.32197 3.98153 2.00767 1.56587 2.48309 2.13551 1.53709 3.41135 1.19057 0.84406
internal_count=14233 5995 8238 7106 5326 3965 2875 1780 4305 3172 2498 2293 1133 1132 1144 445 1361 868 674 470 204 1023 1690 493 687 636 610 1090 383 523
is_linear=0
shrinkage=0.03


Tree=243
num_leaves=31
num_cat=0
split_feature=13 5 4 16 37 48 49 27 3 24 35 23 37 34 50 32 2 39 24 42 40 43 3 42 40 33 19 1 32 50
split_gain=0.163142 0.133981 0.141308 0.16243 0.250433 0.175157 0.157663 0.265785 0.172109 0.140906 0.123101 0.221561 0.180737 0.139206 0.147787 0.155756 0.120385 0.16981 0.111703 0.108759 0.106676 0.118059 0.104942 0.0977364 0.14763 0.090941 0.112574 0.0803107 0.0756886 0.0700262
threshold=34.642435073852546 0.38864877820014959 0.98343965411186229 0.36816406250000006 0.12448868900537492 0.44135949015617376 0.70248898863792431 0.95805561542510997 1.2193917632102969 0.2464561462402344 0.6096617877483369 0.38428433239459997 0.17748580873012546 0.36096659302711492 0.09131991490721704 0.052611507475376136 0.42187500000000006 0.88307732343673717 0.26011507213115698 0.55150309205055248 0.41538932919502264 0.83495056629180919 0.8332481086254121 0.76961538195610057 0.51010772585868847 70.707107543945327 0.02142314333468676 0.58413648605346691 0.032440913841128356 0.15613774210214618
decision_type=2 2 2 2 2 2 2 2 2 2 2 2 2 2 2 2 2 2 2 2 2 2 2 2 2 2 2 2 2 2
left_child=10 2 3 4 -2 -6 23 22 -9 -3 11 12 -1 -13 19 -16 -12 -18 -5 -15 -19 -22 -8 24 -4 26 -11 -20 -28 -14
right_child=1 9 6 18 5 -7 7 8 -10 25 16 13 29 14 15 -17 17 20 27 -21 21 -23 -24 -25 -26 -27 28 -29 -30 -31
leaf_value=0.003824610867764837 -0.0077249575545920747 0 0.0028962966291525925 0.00028898231154550756 0.0069810414753798565 -0.0034027135649355735 -0.0075197520355844783 0.011059965967335878 -0.002779932991924341 0 -0.0050972260904308102 -0.00090910344495490666 0 -0.0056402634810953671 0.01065249094121175 -0.00089114627703941441 -0.0052045724904099889 -0.0010050423830721279 0 0.0050764329772691958 0.0096744170583338007 -0.00088791912782087892 0.0029539618636075476 0.0035646368701176801 -0.0073960525335033346 0 0 -0.01202843671528608 -0.013419910953484302 -0.0098386732683316165
leaf_weight=1.0030786750721774 1.5790983001643359 2.2790984505190854 0.76719047954975428 0.40862195956287939 3.2126732539618388 1.0571973804144361 0.90841455214103894 3.3142888551265064 0.18043275708623685 0.56188112491509024 2.8550183539773561 1.27076460036187 0.26129659111029457 0.81671130918402901 5.4582650759257376 0.53192057664273296 1.0599366747337624 0.92951720256678561 0.17893558129435438 0.55563368016009917 2.321309574421321 0.44756188089377236 0.31829461955931038 0.93412150721997012 2.5552752231706108 0.32534988870247605 0.16727886855369467 1.829113807492831 2.2569067781114427 1.2876274288137208
leaf_count=202 451 1058 204 182 692 313 186 684 39 207 1548 336 155 255 2336 219 345 513 119 235 944 176 42 281 914 88 79 617 613 291
internal_value=-0.000215747 -0.00194334 -0.000342754 -0.00312429 0 0.00368297 0.00197389 0.00541434 0.00921845 -0.00562396 0.00172335 0.00365882 -0.00265586 0.00591879 0.0074238 0.00921742 -0.000866542 0.00159527 -0.00832212 0 0.00487554 0.00738853 -0.00334871 -0.0015756 -0.00420517 -0.0088183 -0.0102295 -0.0105853 -0.0123046 -0.00788358
internal_weight=41.6328 22.8342 17.2437 8.26564 5.84897 4.26987 8.97802 4.72143 3.49472 5.59052 18.7986 11.1853 2.552 8.6333 7.36253 5.99019 7.61334 4.75833 2.41667 1.37234 3.69839 2.76887 1.22671 4.25659 3.32247 3.31142 2.98607 2.00805 2.42419 1.54892
internal_count=14324 6769 4724 2374 1456 1005 2350 951 723 2045 7555 4029 648 3381 3045 2555 3526 1978 918 490 1633 1120 228 1399 1118 987 899 736 692 446
is_linear=0
shrinkage=0.03


Tree=244
num_leaves=31
num_cat=0
split_feature=14 3 37 35 34 31 11 32 6 33 49 48 35 16 25 48 48 0 34 37 3 48 4 31 32 34 29 40 22 41
split_gain=0.128138 0.126106 0.234436 0.270824 0.159404 0.146036 0.208593 0.265143 0.213998 0.212552 0.181895 0.177228 0.162271 0.138335 0.135485 0.139638 0.106091 0.13526 0.136761 0.0946423 0.0799515 0.0749631 0.0700951 0.0989128 0.0676701 0.0417165 0.0396826 0.038857 0.032237 0.0297263
threshold=37.610967636108406 0.34140357375144964 0.2188728526234627 0.65606454014778148 0.52500331401824962 0.029975064098834995 0.62500000000000011 0.052243800833821304 0.036138042807579047 72.892375946044936 0.20281336456537249 0.4323089867830277 0.51908618211746227 0.22167968750000003 0.24163859337568286 0.59140947461128246 0.20856802165508273 12.854410171508791 0.64334848523139965 0.26286059617996221 0.20035685598850253 0.36351072788238531 0.8624154031276704 0.028754225932061676 0.032003119587898261 0.479712724685669 0.99588418006896984 0.95098304748535167 0.46595327556133276 0.98450174927711498
decision_type=2 2 2 2 2 2 2 2 2 2 2 2 2 2 2 2 2 2 2 2 2 2 2 2 2 2 2 2 2 2
left_child=1 5 3 14 24 10 9 8 -8 11 22 -7 -12 -14 15 -3 27 18 -18 26 -11 -16 29 -24 -5 -9 -2 -4 -6 -1
right_child=19 2 16 4 28 6 7 25 -10 20 12 -13 13 -15 21 -17 17 -19 -20 -21 -22 -23 23 -25 -26 -27 -28 -29 -30 -31
leaf_value=0 -0.011051114734076863 0.0074338670612347068 0.005290390985221956 0 0.0047621192892476332 -0.004920246195543738 -0.00077164913367212373 0 0.012547314703174564 0.0095131163201134464 -0.001023116090053158 0.0032912037551568788 -0.00095843702626721315 0.01101607735812426 -0.0065987452972322887 -0.0034845492830874666 -0.01120625364268891 0.001236212079314512 0 0.00089459866102362183 0 0.0021265018323134567 -0.0079071228520003548 0.0023170715757694048 -0.0093451267003927061 -0.0070833886851289236 0 -0.0013263982177128969 -0.00020588148989251188 0.005668600130026645
leaf_weight=0.092710069788156768 0.80032330638641613 6.0233309820796439 0.27267563904751924 0.20672931416629614 0.50950577930780117 9.5258316197796393 0.8415909251198167 0.20020740684412874 2.479263624525629 0.87322222360307822 0.80230283807031799 1.8336285083605606 0.32884070491854789 4.4537673198574339 0.6326112206734249 0.23919407748326182 3.4553685543723986 0.53228475081778004 0.61351405374443846 0.2436239380040206 0.54866732523078099 0.4700684748677304 1.1563795027759622 0.23341339445323672 2.3165954220858112 0.51992198752122931 0.13042813015636057 0.24720122828148305 1.1368998162506612 0.30693205363786547
leaf_count=16 264 1555 111 105 137 3246 347 92 2109 290 147 831 163 1019 165 65 819 324 152 55 184 109 418 71 619 176 43 76 401 145
internal_value=0.000213129 0.000643064 -0.00121521 0.0010056 -0.00418597 0.00203875 0.000223435 0.00556908 0.00908023 -0.00153044 0.00530041 -0.00319299 0.00773914 0.00965058 0.00445242 0.00618139 -0.00605465 -0.00752333 -0.0092789 -0.00678063 0.00634715 -0.00221008 -0.00128128 -0.00468361 -0.00805739 -0.00474424 -0.00976624 0.00136765 0.00141645 0.00329999
internal_weight=42.027 40.8527 16.656 11.5349 4.16973 24.1967 16.8223 4.04098 3.32085 12.7813 7.37435 11.3595 5.58491 4.78261 7.3652 6.26253 5.12104 4.60117 4.06888 1.17438 1.42189 1.10268 1.78944 1.38979 2.52332 0.720129 0.930751 0.519877 1.64641 0.399642
internal_count=14254 13892 4638 3156 1262 9254 7275 2724 2456 4551 1979 4077 1329 1182 1894 1620 1482 1295 971 362 474 274 650 489 724 268 307 187 538 161
is_linear=0
shrinkage=0.03


Tree=245
num_leaves=31
num_cat=0
split_feature=14 0 24 32 45 50 32 0 29 4 34 44 38 29 40 34 19 6 32 50 19 2 29 42 45 47 44 33 31 46
split_gain=0.214692 0.320932 0.270368 0.169697 0.168064 0.159461 0.187313 0.158279 0.137577 0.127056 0.180849 0.171077 0.118164 0.110777 0.108521 0.102639 0.101954 0.100903 0.100515 0.113189 0.164404 0.10675 0.0916941 0.0916166 0.0866696 0.0914417 0.0865912 0.0716107 0.0673998 0.0619044
threshold=5.9651665687561044 9.5884079933166522 0.2274354621767998 0.054847577586770065 0.15834405273199084 0.16679313778877261 0.038859879598021514 6.9826345443725595 0.92027220129966747 0.91865441203117382 0.64334848523139965 0.30151516199111944 0.46875000000000006 0.94639942049980175 0.64298918843269359 0.60118979215621959 0.08932050317525865 0.021924011409282688 0.048795023933053024 0.29048305749893194 0.020207834430038932 0.42187500000000006 0.97012647986412059 0.80982521176338207 0.26381583511829382 0.975785791873932 0.35388994216918951 73.80625152587892 0.043360393494367606 0.99270033836364757
decision_type=2 2 2 2 2 2 2 2 2 2 2 2 2 2 2 2 2 2 2 2 2 2 2 2 2 2 2 2 2 2
left_child=4 2 29 12 8 22 7 16 -1 15 11 23 -4 -13 28 -3 -7 -14 19 20 -10 -21 -6 -11 25 -24 -16 -20 -8 -2
right_child=1 9 3 -5 5 6 14 -9 18 10 -12 13 17 -15 26 -17 -18 -19 27 21 -22 -23 24 -25 -26 -27 -28 -29 -30 -31
leaf_value=-0.0035647570773878813 -0.0022155037643265384 -0.0069952612855120125 -0.0012565840577768656 0.0018192885442666752 0.00038442704019083944 0.012854159058727411 -0.0083847142914017913 -0.00054657454299600718 -0.0015658530347663396 0.0084410217831471356 -0.0049482189570006583 -0.0082231257164021507 0 0.0027539922228024894 0.0040049467349704054 0.0025291481948366869 0 -0.013420880241561649 -0.0043732703963876062 -0.0040606502118011216 0.0089656888310583882 0.0056099311994538799 -0.012448658670270781 0 0.00012790697578834485 0 -0.0044988045442796217 0.0039375623042488426 0 0.0054458038184549903
leaf_weight=0.68133412513270997 0.2111792140640335 1.4767869308816424 2.0766607822733931 0.5065136735283885 0.54362831357502583 1.4562991362327014 1.3661776393746548 0.96398344896806509 0.71159893673029539 5.1903932495151821 0.81055587664013717 0.49527161577861967 0.24277569103287522 0.52059228223515674 2.5952726940522557 0.46895440881780803 0.28090566105674941 4.0352974635352439 1.1047042947975558 1.4023389688263699 7.8031696717389423 0.79410668164200604 1.3836601904331471 0.57445799624110794 0.19279847989673715 0.21379695989890013 0.35383252834435541 0.56068468221201317 0.63265941906865908 1.3273040494095765
leaf_count=380 43 689 591 104 327 802 346 310 152 1238 262 108 61 62 1109 219 113 1338 431 478 2794 594 331 217 84 122 34 148 315 495
internal_value=0.000297864 -0.00201676 -0.00603927 -0.00849206 0.00223346 -0.000437844 0.00147449 0.00682155 0.004375 0.00147827 0.0033973 0.00528822 -0.00985745 -0.00253395 -0.00159632 -0.003602 0.0107121 -0.012435 0.00527017 0.00628083 0.00769818 0 -0.00616755 0.00728091 -0.00865702 -0.0105133 0.00134416 -2.21911e-05 -0.00593665 0.00275388
internal_weight=40.9777 17.9367 8.39973 6.86125 23.041 9.98301 7.64913 2.70119 13.0579 9.53701 7.59127 6.78072 6.35473 1.01586 4.94794 1.94574 1.7372 4.27807 12.3766 10.7112 8.51477 2.19645 2.33388 5.76485 1.79026 1.59746 2.94911 1.66539 1.99884 1.53848
internal_count=14297 5427 2632 2094 8870 3893 3029 1225 4977 2795 1887 1625 1990 170 1804 908 915 1399 4597 4018 2946 1072 864 1455 537 453 1143 579 661 538
is_linear=0
shrinkage=0.03


Tree=246
num_leaves=31
num_cat=0
split_feature=41 5 4 48 24 33 1 4 37 35 9 9 31 9 0 31 32 32 5 5 27 3 36 38 33 31 7 15 21 20
split_gain=0.154699 0.192734 0.12708 0.125514 0.148525 0.11614 0.0995196 0.173054 0.151094 0.140357 0.140656 0.131763 0.127379 0.122308 0.114344 0.113333 0.124978 0.107105 0.106132 0.0811996 0.0811031 0.0749618 0.0702953 0.070121 0.0805389 0.0623037 0.0616627 0.0603281 0.0477924 0.0455568
threshold=0.99739241600036632 0.36752028763294226 0.98343965411186229 0.43502137064933782 0.2233763933181763 70.707107543945327 0.70345818996429454 0.91865441203117382 0.14145383238792422 0.59117528796195995 0.41283309459686285 0.68535694479942333 0.03816704452037812 0.32944519817829138 5.0197947025299081 0.023888010531663898 0.044852988794445998 0.039287816733121879 0.24983859062194827 0.073929529637098326 0.97642099857330333 0.34140357375144964 0.25911220908164984 0.84375000000000011 56.32738113403321 0.08920855820178987 5.0766348838806161 0.72380954027175914 63.103895187377937 0.032728252932429321
decision_type=2 2 2 2 2 2 2 2 2 2 2 2 2 2 2 2 2 2 2 2 2 2 2 2 2 2 2 2 2 2
left_child=1 6 19 4 23 20 9 8 13 10 14 21 -12 -8 -1 22 -17 -10 -13 -2 -6 -11 -9 24 -3 29 27 -21 -5 -4
right_child=2 3 25 28 5 -7 7 15 17 11 12 18 -14 -15 -16 16 -18 -19 -20 26 -22 -23 -24 -25 -26 -27 -28 -29 -30 -31
leaf_value=0.0014509310795331007 0 -0.00031095942121225814 0.00021478462058617084 0.0051079059477732464 -0.010483163354709626 0.00032767917359541711 0.00042374111256214563 0.0037919282417004921 0.0072138510138020457 0.0037988784301152645 0.0077180187622930066 -0.0079309710148628802 0 -0.00987082484684507 -0.0075096476182348413 0.008920669553921871 0 -0.0021709109466975336 0.00076562074624557744 0.013911357620804218 0 -0.003295004592314809 -0.0043948024337651841 -0.0046367898211634069 0.0079866164506430058 0.0037711053263987768 0 0 -0.0016281052687877702 -0.0065970360163132413
leaf_weight=1.3841575596616222 0.4237798689573532 1.1617862640541701 0.18645960523281269 0.89810915225461918 4.3521430239379697 0.56809824034280598 0.80242805708257803 0.53410967221134331 1.1742962394564527 2.1041996641215506 2.9257050410669763 4.1627094153918733 3.2376674150073086 1.3924195576546479 1.2960988339473258 4.6193695610381837 1.5265886870984102 0.82554569017520396 0.67614567845885165 1.1973663105527519 0.44683575080125582 1.1507805284127242 1.1402180539589606 0.51700379041722033 0.6111611795349744 0.3193150672595948 0.076399429024604504 0.41531690389092535 0.27008270846999949 0.80250828229327453
leaf_count=521 165 532 107 462 1451 292 171 86 314 1086 566 1376 1663 373 257 1079 328 245 250 870 238 383 131 231 433 130 23 178 142 196
internal_value=2.84404e-06 -0.00053347 0.00538475 -0.00420916 -0.00565823 -0.00803271 0.000589907 0.00262678 -0.00156495 -0.000753636 0.00156833 -0.00351407 0.00407932 -0.00621356 -0.00293013 0.0051378 0.0068438 0.00290747 -0.00627897 0.00882399 -0.00942558 0.000400859 -0.000220093 0 0.00331615 -0.000286405 0.010831 0.0119156 0.00213428 -0.00434214
internal_weight=41.1988 37.7777 3.42115 8.82522 7.65703 5.36708 28.9524 12.015 4.19469 16.9375 8.84363 8.09384 6.16337 2.19485 2.68026 7.82029 6.14596 1.99984 4.83886 2.11286 4.79898 3.25498 1.67433 2.28995 1.77295 1.30828 1.68908 1.61268 1.16819 0.988968
internal_count=14279 12610 1669 3781 3177 1981 8829 2727 1103 6102 3007 3095 2229 544 778 1624 1407 559 1626 1236 1689 1469 217 1196 965 433 1071 1048 604 303
is_linear=0
shrinkage=0.03


Tree=247
num_leaves=31
num_cat=0
split_feature=41 49 25 49 34 0 1 44 13 20 23 45 47 36 41 21 26 2 15 35 0 36 42 35 32 44 32 36 3 3
split_gain=0.128211 0.166865 0.158242 0.153607 0.146451 0.13664 0.152177 0.167756 0.151985 0.173248 0.143439 0.13412 0.151009 0.139821 0.115547 0.112831 0.106144 0.103415 0.134545 0.0772651 0.0664086 0.0598284 0.0374744 0.0361347 0.0311088 0.0269455 0.0265594 0.027923 0.0264469 0.0257428
threshold=0.99739241600036632 0.94084015488624584 0.23710756003856662 1.1405805349349978 0.56143474578857433 10.423141479492189 0.77857846021652233 0.29289215803146368 32.013105392456062 0.045509399846196182 0.42719385027885443 0.11175566539168359 0.97735166549682628 0.2858701497316361 0.97809410095214855 55.301561355590827 0.53125000000000011 0.35937500000000006 1.0000000180025095e-35 0.61278155446052562 12.614737033843996 0.26219025254249578 0.66086560487747203 0.42898240685462957 0.031113035976886753 0.22792208194732669 0.053227512165904052 0.20945278555154803 0.85467925667762767 0.31483875215053564
decision_type=2 2 2 2 2 2 2 2 2 2 2 2 2 2 2 2 2 2 2 2 2 2 2 2 2 2 2 2 2 2
left_child=1 5 3 4 16 8 7 10 11 14 -7 12 -1 -13 -10 26 -3 29 -19 23 -9 -11 28 -17 -8 -6 27 -2 -4 -5
right_child=15 2 22 17 25 6 24 20 9 21 -12 13 -14 -15 -16 19 -18 18 -20 -21 -22 -23 -24 -25 -26 -27 -28 -29 -30 -31
leaf_value=0.0077324439943842454 0 0 -0.0074220350213472491 0 -0.0035665350615138123 -0.0030238962662243853 0 0.0003324790728897769 -0.0069004303489873494 -0.0011779347129223388 0.0072833737906482484 0.00016346441750433456 -0.0033135322473791936 -0.0082270639753945704 0.0010992102291920442 0 0.013496836098563574 0.0044937755610706016 -0.0066981029693729214 -0.0050111832418610093 -0.007648165174072308 0.0058899231025899184 0 0.0059112362337875729 -0.0073192084649536387 0.0020861585794426248 0 0.010480897767250415 0 0.0073036805673335672
leaf_weight=2.3489743794016307 0.15955686144297887 0.1885834926215465 0.66743492450768804 0.14740914975118391 0.39475530857453112 0.47520865497062814 0.27487043367000275 0.69006501488183836 11.501004085166638 0.7868481623881951 5.0491486955652363 4.2290599561674753 0.54271332576172415 1.4398394417366942 0.86383886554540446 0.61041801527608208 1.986311460015713 0.29633207700680975 1.8957782385914468 0.78038962493519637 0.52550702100415947 0.84328083114814945 0.17584958788211225 0.64127987315805512 0.76269370187947061 0.49570930458139628 0.079600090655730926 1.2134683077165389 0.2302551306784153 0.52289212963660248
leaf_count=1345 86 63 178 76 93 63 27 155 3421 220 2032 2514 182 419 342 120 316 15 290 283 116 209 85 226 117 69 83 908 69 114
internal_value=-0.000166006 -0.000790858 0.00296464 0.00507484 0.00882572 -0.00182038 0.00123698 0.00329356 -0.00300972 -0.00483239 0.00560934 0 0.00456972 -0.00243188 -0.00607666 0.00454317 0.0118851 0 -0.00331154 0 -0.00365839 0.00218696 -0.00406859 0.0033207 -0.00570992 0 0.00889636 0.00958504 -0.00598832 0.0058962
internal_weight=40.8191 37.3344 7.00131 5.92777 3.06536 30.3331 7.77749 6.73993 22.5556 13.995 5.52436 8.56059 2.89169 5.6689 12.3648 3.48471 2.17489 2.86241 2.19211 2.03209 1.21557 1.63013 1.07354 1.2517 1.03756 0.890465 1.45263 1.37303 0.89769 0.670301
internal_count=14236 12530 1368 1036 541 11162 2510 2366 8652 4192 2095 4460 1527 2933 3763 1706 379 495 305 629 271 429 332 346 144 162 1077 994 247 190
is_linear=0
shrinkage=0.03


Tree=248
num_leaves=31
num_cat=0
split_feature=14 10 45 50 36 5 45 27 34 33 47 45 18 13 25 27 38 36 33 27 32 20 14 41 3 1 31 39 39 36
split_gain=0.119473 0.277174 0.148499 0.144754 0.23762 0.164208 0.14044 0.162358 0.201791 0.141606 0.139398 0.128615 0.12185 0.118741 0.113208 0.106697 0.160327 0.109249 0.106889 0.128207 0.0975859 0.0916028 0.0916662 0.112284 0.0818884 0.0805562 0.0769832 0.0751308 0.0644465 0.0610175
threshold=8.1682567596435565 0.62500000000000011 0.15834405273199084 0.21226840466260913 0.32200439274311071 0.29970858991146093 0.18836615234613421 0.98629009723663341 0.52059483528137218 40.348913192749031 0.98961567878723156 0.12320027872920038 0.28515625000000006 51.583160400390632 0.19810494035482409 0.90118718147277843 0.53125000000000011 0.24603100866079333 84.045551300048842 0.98363441228866588 0.054847577586770065 0.040483307093381889 25.925057411193851 0.88144513964653026 0.20235652476549151 0.68074804544448864 0.021799988113343719 0.97750979661941539 0.71587347984313976 0.25353159010410314
decision_type=2 2 2 2 2 2 2 2 2 2 2 2 2 2 2 2 2 2 2 2 2 2 2 2 2 2 2 2 2 2
left_child=2 6 3 4 5 10 7 8 9 -2 -1 12 24 -10 -14 16 -4 -17 19 -19 26 22 23 -8 -5 -13 -3 28 -28 -9
right_child=1 20 15 11 -6 -7 21 29 13 -11 -12 25 14 -15 -16 17 -18 18 -20 -21 -22 -23 -24 -25 -26 -27 27 -29 -30 -31
leaf_value=0.012018661785000561 0.0011971332464252445 0 -0.010872555432333796 0.0068150230262655157 -0.004449047513723269 0 0.011321052090779269 0 -0.0036782281581155822 -0.010676527150458606 0 0 -0.0081873659373388544 0.0056420932299973926 0.00059012657096843362 -0.003126336371253864 0.00042568613306946462 0.0062027712140897149 -0.0045236624663011257 -0.0025278960444314047 0.00077553014692403075 -0.0006608872051674364 -0.00018387004992331571 0 -0.0015436252570463151 0.0088595309702631866 0 0 -0.013017135111081882 0.0079490624038306215
leaf_weight=4.2191264301509381 0.3948427344585056 0.26154398261132872 1.1140524586007807 0.81437195709440835 0.70569726674875699 2.0122083956575807 1.8621900848374946 0.43962439634924499 1.1421799717754768 2.7009824807464611 0.48516736768215185 0.99571899972943334 2.4254361118510137 1.5519241590081945 1.0075829407232957 3.306480746221494 1.2938026158226419 4.9779528750514146 0.33921318514330767 0.85398869692289725 0.22417489151848702 0.97049240081832966 0.47717208270114486 0.4090241349331335 0.90959187160478905 0.96674260015424807 0.17137431347509924 0.47298950765252801 2.4787789196852827 0.72833008605084615
leaf_count=1494 181 58 360 365 133 820 408 122 340 822 155 467 894 392 505 1480 720 1502 90 346 52 347 269 152 266 413 31 152 811 151
internal_value=7.42611e-05 -0.00197623 0.00132371 0.00330999 0.00597376 0.0078923 0.000379925 -0.00181906 -0.00417163 -0.00850716 0.0104961 0 -0.00234584 0.000952536 -0.00538247 -0.000941927 -0.00557791 0.000369504 0.00283567 0.00430232 -0.00816778 0.00464351 0.00699352 0.00901379 0.00235587 0.00525703 -0.00948609 -0.0106065 -0.0120665 0.00500435
internal_weight=40.7128 14.2856 26.4271 14.5416 7.4222 6.7165 10.6768 6.95788 5.78993 3.09583 4.70429 7.11944 5.15698 2.6941 3.43302 11.8855 2.40786 9.47764 6.17115 5.83194 3.60886 3.71888 2.74839 2.27121 1.72396 1.96246 3.38469 3.12314 2.65015 1.16795
internal_count=14298 4288 10010 5512 2602 2469 3184 2008 1735 1003 1649 2910 2030 732 1399 4498 1080 3418 1938 1848 1104 1176 829 560 631 880 1052 994 842 273
is_linear=0
shrinkage=0.03


Tree=249
num_leaves=31
num_cat=0
split_feature=13 4 37 24 20 34 25 29 3 9 32 35 34 29 48 42 34 39 39 39 48 26 3 37 41 42 46 30 1 3
split_gain=0.144949 0.151867 0.184529 0.2259 0.16727 0.225165 0.153531 0.151862 0.143602 0.186026 0.13584 0.144374 0.183667 0.139635 0.158765 0.115551 0.108059 0.12979 0.165525 0.124466 0.172404 0.096643 0.0934119 0.0917101 0.11179 0.124775 0.0898135 0.0983123 0.0839873 0.076078
threshold=34.642435073852546 0.94302690029144298 0.096619714051485076 0.29154577851295477 0.03641518950462342 0.5840192735195161 0.22655134648084643 0.99822458624839794 0.44524689018726354 1.9004785418510439 0.037622105330228812 0.79605981707572948 0.67389047145843517 0.99960452318191539 0.33632043004035955 0.66086560487747203 0.46302290260791784 0.96274730563163768 0.98266166448593151 0.91570788621902477 0.21225270628929141 0.78125000000000011 0.31766808032989508 0.133617639541626 0.73989310860633861 0.8134463131427766 0.99463710188865673 0.23046875000000003 0.71168950200080883 0.055684665217995651
decision_type=2 2 2 2 2 2 2 2 2 2 2 2 2 2 2 2 2 2 2 2 2 2 2 2 2 2 2 2 2 2
left_child=10 4 -3 6 23 15 7 -4 9 -5 11 12 13 14 -1 -6 19 26 -19 22 -21 -10 -12 -2 -25 -26 -18 -28 -7 -22
right_child=1 2 3 8 5 28 -8 -9 21 -11 16 -13 -14 -15 -16 -17 17 18 -20 20 29 -23 -24 24 25 -27 27 -29 -30 -31
leaf_value=0.013955259685698638 -0.0043408991018011349 0.0095245650550568432 -0.0092518507167981736 0.0099254962558658934 -0.013477320005683148 0.0065025946429173058 0.001266186495268323 0.0012245719464424069 -0.0054402135582341119 -0.0018229498876125582 0.0033679031799502485 -0.0039254619828736582 -0.0026128315638268306 -0.0013814334145667957 0.00071496727500316125 0 0.0070228296908195348 -0.0092442415727967547 0.0024346410349912187 -0.0030092931774364996 0 0.0033583090420297155 -0.0059043880153995167 -0.003023349753182079 0.00893722202511219 -0.0014924361806546201 -0.0048036664408892173 0.0024846119584515758 -0.0027577691360792826 0.01180242895426456
leaf_weight=2.8627795596803507 1.5384042045261592 0.88754833344137374 3.6232417520186555 2.6718041449094021 2.4004406564890819 0.55804293069377287 1.9935738563435732 0.77755729130876705 1.4476292728359115 0.84357490827096615 0.66846337512833798 0.24344608905812481 0.60193800582783286 0.31811369047500182 1.8212218321023099 1.0061614669466505 0.67767564392124757 2.2384368425482539 0.61493202821293369 0.32618511191685717 0.41501942499598987 0.79332786949089484 0.96592163731475011 0.72719728919037185 1.8588721586347676 0.56154323964437924 2.0696231533802347 2.2617592040842283 0.6615349704225082 1.8195630234222333
leaf_count=1604 635 204 1235 694 697 253 666 82 298 185 271 283 181 51 674 331 94 919 324 196 140 182 202 313 650 243 582 1295 115 650
internal_value=0.000302843 -0.00120278 0.000709658 -0.000381403 -0.0039805 -0.00746985 -0.00416619 -0.00696134 0.00337323 0.0066625 0.00230516 0.00570071 0.00710423 0.00901387 0.0103665 -0.0107965 0.000118224 -0.00167723 -0.00597013 0.0037358 0.00713228 -0.00132463 -0.00113436 0 0.00289274 0.00591153 0.000855507 -0.000682982 0.0011485 0.0100128
internal_weight=40.2555 22.3505 13.0383 12.1507 9.3122 4.62618 6.39437 4.4008 5.75634 3.51538 17.9051 5.8475 5.60405 5.00212 4.684 3.4066 12.0576 7.86243 2.85337 4.19515 2.56077 2.24096 1.63439 4.68602 3.14761 2.42042 5.00906 4.33138 1.21958 2.23458
internal_count=14249 6783 3546 3342 3237 1396 1983 1317 1359 879 7466 2793 2510 2329 2278 1028 4673 3214 1243 1459 986 480 473 1841 1206 893 1971 1877 368 790
is_linear=0
shrinkage=0.03


end of trees

feature_importances:
horizontal_mean_length=335
horizontal_axis_alignment=321
term_alignment=299
best_energy_gap=290
horizontal_x_mean=287
horizontal_y_mean=261
term_orthogonality=255
term_third_axis=243
intersection_y_std=236
term_crop=199
supporter_center_distance=187
horizontal_bbox_height=185
horizontal_y_std=183
frozen_energy=181
term_camera_prior=179
horizontal_x_std=178
intersection_x_std=175
horizontal_bbox_width=172
horizontal_mean_score=167
frozen_rank_percentile=166
intersection_center_distance=166
vertical_x_mean=157
supporter_count_ratio=148
vertical_x_std=147
term_consensus=141
vertical_axis_alignment=135
vertical_bbox_width=134
term_jacobian=133
intersection_inside_ratio=129
supporter_length_ratio=124
vertical_mean_length=121
horizontal_total_length=120
horizontal_count=117
vertical_y_mean=114
vertical_y_std=112
supporter_overlap=110
term_identity=101
vertical_count=90
horizontal_strength=74
vertical_mean_score=74
vertical_strength=72
vertical_total_length=71
horizontal_cell_coverage=63
prepared_line_count=61
vertical_bbox_height=55
intersection_finite_ratio=51
term_coverage=45
vertical_cell_coverage=31
crop_scale=24
vp_cluster_count=5

parameters:
[boosting: gbdt]
[objective: lambdarank]
[metric: ndcg]
[tree_learner: serial]
[device_type: cpu]
[data_sample_strategy: bagging]
[data: ]
[valid: ]
[num_iterations: 250]
[learning_rate: 0.03]
[num_leaves: 31]
[num_threads: 4]
[seed: 20260727]
[deterministic: 1]
[force_col_wise: 1]
[force_row_wise: 0]
[histogram_pool_size: -1]
[max_depth: 6]
[min_data_in_leaf: 30]
[min_sum_hessian_in_leaf: 0.001]
[bagging_fraction: 0.9]
[pos_bagging_fraction: 1]
[neg_bagging_fraction: 1]
[bagging_freq: 1]
[bagging_seed: 20260727]
[bagging_by_query: 0]
[feature_fraction: 0.9]
[feature_fraction_bynode: 1]
[feature_fraction_seed: 20260727]
[extra_trees: 0]
[extra_seed: 3530]
[early_stopping_round: 0]
[early_stopping_min_delta: 0]
[first_metric_only: 0]
[max_delta_step: 0]
[lambda_l1: 0.1]
[lambda_l2: 1]
[linear_lambda: 0]
[min_gain_to_split: 0]
[drop_rate: 0.1]
[max_drop: 50]
[skip_drop: 0.5]
[xgboost_dart_mode: 0]
[uniform_drop: 0]
[drop_seed: 15643]
[top_rate: 0.2]
[other_rate: 0.1]
[min_data_per_group: 100]
[max_cat_threshold: 32]
[cat_l2: 10]
[cat_smooth: 10]
[max_cat_to_onehot: 4]
[top_k: 20]
[monotone_constraints: ]
[monotone_constraints_method: basic]
[monotone_penalty: 0]
[feature_contri: ]
[forcedsplits_filename: ]
[refit_decay_rate: 0.9]
[cegb_tradeoff: 1]
[cegb_penalty_split: 0]
[cegb_penalty_feature_lazy: ]
[cegb_penalty_feature_coupled: ]
[path_smooth: 0]
[interaction_constraints: ]
[verbosity: -1]
[saved_feature_importance_type: 0]
[use_quantized_grad: 0]
[num_grad_quant_bins: 4]
[quant_train_renew_leaf: 0]
[stochastic_rounding: 1]
[linear_tree: 0]
[max_bin: 255]
[max_bin_by_feature: ]
[min_data_in_bin: 3]
[bin_construct_sample_cnt: 200000]
[data_random_seed: 4455]
[is_enable_sparse: 1]
[enable_bundle: 1]
[use_missing: 1]
[zero_as_missing: 0]
[feature_pre_filter: 1]
[pre_partition: 0]
[two_round: 0]
[header: 0]
[label_column: ]
[weight_column: ]
[group_column: ]
[ignore_column: ]
[categorical_feature: ]
[forcedbins_filename: ]
[precise_float_parser: 0]
[parser_config_file: ]
[objective_seed: 14425]
[num_class: 1]
[is_unbalance: 0]
[scale_pos_weight: 1]
[sigmoid: 1]
[boost_from_average: 1]
[reg_sqrt: 0]
[alpha: 0.9]
[fair_c: 1]
[poisson_max_delta_step: 0.7]
[tweedie_variance_power: 1.5]
[lambdarank_truncation_level: 30]
[lambdarank_norm: 1]
[label_gain: 0,1,4]
[lambdarank_position_bias_regularization: 0]
[eval_at: 1,3,5]
[multi_error_top_k: 1]
[auc_mu_weights: ]
[num_machines: 1]
[local_listen_port: 12400]
[time_out: 120]
[machine_list_filename: ]
[machines: ]
[gpu_platform_id: -1]
[gpu_device_id: -1]
[gpu_use_dp: 0]
[num_gpu: 1]

end of parameters

pandas_categorical:null
