tree
version=v4
num_class=1
num_tree_per_iteration=1
label_index=0
max_feature_idx=50
objective=binary sigmoid:1
feature_names=term_alignment term_consensus term_coverage term_orthogonality term_third_axis term_camera_prior term_crop term_jacobian term_fov term_identity vertical_strength horizontal_strength crop_scale frozen_energy best_energy_gap frozen_rank_percentile prepared_line_count vp_cluster_count vertical_count vertical_total_length vertical_mean_length vertical_mean_score vertical_x_mean vertical_y_mean vertical_x_std vertical_y_std vertical_cell_coverage vertical_bbox_width vertical_bbox_height vertical_axis_alignment horizontal_count horizontal_total_length horizontal_mean_length horizontal_mean_score horizontal_x_mean horizontal_y_mean horizontal_x_std horizontal_y_std horizontal_cell_coverage horizontal_bbox_width horizontal_bbox_height horizontal_axis_alignment supporter_count_ratio supporter_length_ratio supporter_overlap supporter_center_distance intersection_finite_ratio intersection_inside_ratio intersection_x_std intersection_y_std intersection_center_distance
feature_infos=[0.72630947828292847:21.162357330322266] [0.2322557121515274:0.88719391822814941] [0:0.8125] [6.1568556702695787e-05:1.4901859760284424] [0.59904497861862183:1] [0.005450716707855463:3.8887088298797607] [0:26.00200080871582] [0.00086107273818925023:15.599103927612305] none [6.7009670601692051e-05:53.368961334228516] [0:1] [0.5:1] [1:2.000999927520752] [7.3475346565246582:139.80024719238281] [0:110.41178894042969] [0:1] [0.10546875:0.5] [0.796875:1.015625] [0.015625:1] [0.0014851407613605261:0.20913277566432953] [0.023762252181768417:0.081148989498615265] [19.666666030883789:108.625] [0.074422113597393036:0.92992007732391357] [0.2234821617603302:0.96985447406768799] [0.043876215815544128:0.42602482438087463] [0.00092881917953491211:0.35405334830284119] [0.0625:1] [0.10172826051712036:0.99605733156204224] [0.035022437572479248:0.99541795253753662] [0.48574402928352356:0.99979919195175171] [0.0703125:1] [0.0082598626613616943:0.23749449849128723] [0.024452179670333862:0.099127091467380524] [20.875:149.81817626953125] [0.094337359070777893:0.92362034320831299] [0.1538679301738739:0.96665918827056885] [0.033887863159179688:0.40426117181777954] [0.0077354530803859234:0.39835181832313538] [0.1875:1] [0.11699181795120239:0.99624282121658325] [0.055637061595916748:0.99593305587768555] [0.1439821720123291:0.9998822808265686] [0.01587301678955555:1] [0.012521128170192242:0.99999231100082397] [0:0.8571428656578064] [0.0017141086282208562:0.63619810342788696] [0.96296298503875732:1] [0.041666667908430099:1] [0.031863786280155182:1.5282458066940308] [0.025953482836484909:1.8778845071792603] [0.0015817442908883095:2.6869077682495117]
tree_sizes=3334 3419 3426 3417 3444 3436 3424 3439 3419 3436 3434 3426 3441 3437 3441 3440 3441 3437 3419 3443 3434 3444 3446 3428 3462 3459 3449 3432 3453 3438 3450 3435 3462 3432 3432 3440 3434 3437 3446 3450 3443 3457 3446 3454 3440 3459 3455 3443 3457 3440 3434 3442 3448 3459 3449 3445 3463 3454 3361 3453 3455 3444 3428 3443 3297 3451 3447 3334 3459 2381 2602 3432 3453 3456 2477 3451 3470 2371 3229 3471 2928 3443 2713 3027 2930 2866 2602 3135 2446 3437 3459 3447 2717 3015 2490 3457 2259 2387 2279 3437 2484 2573 3464 2707 3437 3451 2566 2498 3456 3047 3460 3030 2832 2080 3461 3426 2612 3452 3148 3323 3438 3454 2503 3467 3454 2618 3468 1859 3465 1837 3478 3344 3463 1861 1751 3477 2278 3445 3143 2183 1760 2284 2941 1749 3462 3449 3456 2942 3461 3026 3456 2594 2705 2605 1860 3465 2998 1664 2281 3036 3342 2579 3471 3236 3010 3449 3452 2695 3475 3468 1428 3108 2502 2587 3475 2192 3474 1760 3468 2082 3424 1659 3221 1759 3464 2388 2508 3453 3484 2802 3468 3261 3468 3441 3462 3230 2607 2391 3349 2378 3472 3459 3149 1537 3457 3467 2389 3239 2724 3453 3142 3469 3426 3461 2604 3050 3469 2810 3465 2629 2995 3467 2272 3026 3445 2902 3126 3048 1768 2910 3446 3441 2926 3455 3468 2816 3438 3430 3471 3484 3468 3423 3468 3050 3481 3373 3464 1623 3444 2700

Tree=0
num_leaves=31
num_cat=0
split_feature=41 29 0 23 6 23 44 7 14 29 18 0 0 29 29 20 0 29 41 11 4 39 31 48 7 28 23 28 34 38
split_gain=1409.2 1270.84 591.563 325.886 194.636 142.139 133.318 125.844 117.477 89.1454 89.2939 83.7062 70.4453 122.671 53.1248 51.7507 49.9397 49.4452 48.5636 46.6265 56.8257 32.5636 30.5485 29.961 29.6629 28.4373 26.6851 59.8351 26.3925 24.7296
threshold=0.90580332279205333 0.9640149474143983 6.265996217727662 0.65207961201667797 13.226967871189119 0.47358071804046636 0.08856209367513658 4.2390954494476327 9.8170938491821307 0.89469552040100109 0.76171875000000011 12.724411010742189 5.0197947025299081 0.9910435974597932 0.91642174124717724 0.044352140277624137 6.4215145111083993 0.98744702339172374 0.99074697494506847 0.62500000000000011 0.90433958172798168 0.85437244176864635 0.038810245692729957 0.18452699482440951 4.6644401550292978 0.62322562932968151 0.3411738276481629 0.60882267355918895 0.48570515215396887 0.46875000000000006
decision_type=2 2 2 2 2 2 2 2 2 2 2 2 2 2 2 2 2 2 2 2 2 2 2 2 2 2 2 2 2 2
left_child=1 4 8 6 5 9 7 -4 19 -1 -11 14 26 24 -7 -10 22 -5 23 20 -3 -8 28 -18 -14 -21 27 -2 -15 -26
right_child=12 2 3 17 -6 11 21 -9 15 10 -12 -13 13 16 -16 -17 18 -19 -20 25 -22 -23 -24 -25 29 -27 -28 -29 -30 -31
leaf_value=-1.6007169575254327 -1.4795338345637985 -1.5065609662262052 -1.5009778207714493 -1.5816537740972523 -1.4212626244625226 -1.6026578668279523 -1.5457780538859827 -1.4561083067849556 -1.5372199615058879 -1.4515070980084726 -1.5979155607664102 -1.6019623558460057 -1.5968294788612418 -1.579780491194221 -1.5682746980882774 -1.4327145850556458 -1.5749918818518494 -1.4925172374977045 -1.5853569924208608 -1.5397524507496592 -1.5688720914507026 -1.5059182732398166 -1.5940943510956382 -1.4899162233854857 -1.5870750276136121 -1.6018608741708813 -1.6029159591486188 -1.5966872336457583 -1.5231707425358549 -1.5213567059434481
leaf_weight=7.8463118523359325 4.2798064649105099 14.551341980695723 104.14195731282234 42.798064649105072 5.7064086198806754 50.787036716938019 24.822877496480942 143.94415743649006 11.412817239761354 14.83666241168976 4.4224666804075232 208.71189527213573 277.6167793571949 13.552720472216608 183.74635756015778 6.8476903438568106 4.2798064649105099 5.4210881888866416 8.5596129298210126 6.8476903438568106 86.737411022186279 100.00481106340885 26.962780728936195 20.115090385079384 11.127496808767321 47.363191545009613 566.2183953076601 14.266021549701689 14.408681765198706 7.9889720678329459
leaf_count=55 30 102 730 300 40 356 174 1009 80 104 31 1463 1946 95 1288 48 30 38 60 48 608 701 189 141 78 332 3969 100 101 56
internal_value=-1.569 -1.54529 -1.51609 -1.49691 -1.5818 -1.58407 -1.48744 -1.47458 -1.56273 -1.51858 -1.48505 -1.58818 -1.59519 -1.58514 -1.57582 -1.49284 -1.55415 -1.57022 -1.52554 -1.57136 -1.55937 -1.51357 -1.57173 -1.50461 -1.59434 -1.59358 -1.60176 -1.56662 -1.55014 -1.55876
internal_weight=2040.33 1070.95 594.893 421.133 476.057 470.351 372.914 248.086 173.76 27.1054 19.2591 443.245 969.376 384.612 234.533 18.2605 87.8787 48.2192 32.9545 155.5 101.289 124.828 54.9242 24.3949 296.733 54.2109 584.764 18.5458 27.9614 19.1165
internal_count=14302 7507 4170 2952 3337 3297 2614 1739 1218 190 135 3107 6795 2696 1644 128 616 338 231 1090 710 875 385 171 2080 380 4099 130 196 134
is_linear=0
shrinkage=1


Tree=1
num_leaves=31
num_cat=0
split_feature=41 29 0 35 6 23 14 7 44 6 24 0 11 0 29 24 0 29 0 29 41 23 24 21 7 29 22 23 16 29
split_gain=1349.41 1169.73 517.122 258.167 153.69 128.755 117.339 117.098 122.389 104.249 85.8266 81.9904 79.6647 71.8138 133.717 60.0477 53.2786 51.7303 49.3142 48.7526 44.8403 36.3174 35.5685 34.3794 26.3607 25.5798 24.4737 21.0542 41.5098 20.6186
threshold=0.90580332279205333 0.9640149474143983 6.4913461208343515 0.67863363027572643 13.226967871189119 0.47358071804046636 11.375426292419435 4.2247679233551034 0.24744898080825808 0.1255057975649834 0.3130630254745484 12.854410171508791 0.62500000000000011 5.0197947025299081 0.9910435974597932 0.27098906040191656 4.490345001220704 0.91642174124717724 6.4215145111083993 0.93396010994911205 0.99108582735061657 0.52620020508766185 0.21503673493862155 44.797435760498054 4.6644401550292978 0.99499860405921947 0.4271706491708756 0.3411738276481629 0.40527343750000006 0.94639942049980175
decision_type=2 2 2 2 2 2 2 2 2 2 2 2 2 2 2 2 2 2 2 2 2 2 2 2 2 2 2 2 2 2
left_child=1 4 6 7 5 10 12 9 -9 -4 19 17 16 27 24 21 -3 -7 23 -1 22 -5 -20 -16 -15 -8 -17 28 -2 -26
right_child=13 2 3 15 -6 11 25 8 -10 -11 -12 -13 -14 14 18 26 -18 -19 20 -21 -22 -23 -24 -25 29 -27 -28 -29 -30 -31
leaf_value=-0.030002769541283721 0.070999033732725217 -0.019689645705650922 0.074824009739345734 0.053988637063733011 0.13058266681814754 -0.033535613445324047 0.04030916020675733 0.10156342921029779 0.0049300793892219277 0.022197616736067047 0.13603192089970051 -0.032996205812339689 -0.027063500956669505 -0.028298500861765594 0.026289922542171478 0.0010784167383694971 0.026520116312261231 0.0003760773009176654 0.0071760064108580841 0.057531507715611434 -0.015865471852305 -0.019157906113886985 0.083662096815373954 -0.020557898984479926 -0.031369869523678061 0.12207589713746299 0.066590551252518018 -0.033845640437136205 -0.027084710756792356 0.029167273914603047
leaf_weight=10.187342047691351 4.3264780938625362 28.487064719200134 118.52105702459812 6.3126544058322898 5.6393128037452689 50.50606606900692 8.4092888534069079 176.01492993533611 12.820529818534849 49.061298966407776 6.3040445744991294 198.76435518264771 56.287788078188896 270.17219030857086 22.534092858433723 7.0637314617633846 94.431791737675667 188.30774259567261 8.0153114348649996 10.808319374918936 8.326385170221327 36.173102125525475 18.462605193257332 34.141024172306061 7.0058836638927486 7.7073701918125144 19.089923799037933 550.16140484809875 13.328813463449476 12.792375177145002
leaf_count=72 29 199 798 42 36 362 57 1156 87 332 41 1424 400 1929 157 48 653 1320 55 72 59 251 123 241 49 51 129 3944 95 89
internal_value=9.84491e-05 0.0228498 0.0498727 0.0684058 -0.012804 -0.0148264 0.00938302 0.0786465 0.0950791 0.059658 0.0472543 -0.0188052 0.00218563 -0.0260408 -0.0158931 0.0148212 0.0157141 -0.00689324 0.015585 0.0154894 0.0431515 -0.007229 0.0617214 -0.00174627 -0.0258536 0.0844347 0.0496985 -0.0328126 -0.000370778 0.00712283
internal_weight=2040.16 1090.9 620.381 425.057 470.517 464.878 195.323 356.418 188.835 167.582 27.2997 437.578 179.207 949.267 381.45 68.6394 122.919 238.814 91.4794 20.9957 34.8043 42.4858 26.4779 56.6751 289.97 16.1167 26.1537 567.817 17.6553 19.7983
internal_count=14300 7530 4203 2843 3327 3291 1360 2373 1243 1130 185 3106 1252 6770 2702 470 852 1682 635 144 237 293 178 398 2067 108 177 4068 124 138
is_linear=0
shrinkage=0.03


Tree=2
num_leaves=31
num_cat=0
split_feature=41 29 0 23 6 23 44 14 7 24 0 29 29 29 27 6 27 29 0 41 24 29 31 36 34 7 23 33 38 35
split_gain=1254.16 1020.93 449.273 216.117 155.038 130.842 98.3265 96.5439 83.6966 80.5795 75.8725 133.534 74.6991 74.4345 54.7604 50.9917 66.1443 46.5296 43.5632 43.2068 41.3598 39.0819 33.5727 31.2001 28.4097 28.2655 28.2514 57.4942 26.0347 25.5311
threshold=0.9014335870742799 0.9640149474143983 6.2989847660064706 0.65207961201667797 13.226967871189119 0.47358071804046636 0.1012820526957512 8.4336061477661151 4.2390954494476327 0.3130630254745484 5.0197947025299081 0.9910435974597932 0.94424858689308178 0.99459925293922435 0.95342469215393078 0.10329245403409006 0.97358217835426342 0.9858253300189973 6.4215145111083993 0.99074697494506847 0.28731162846088415 0.93396010994911205 0.038810245692729957 0.20466821640729907 0.48872222006320959 4.5913395881652841 0.3411738276481629 63.642416000366218 0.53125000000000011 0.56032416224479686
decision_type=2 2 2 2 2 2 2 2 2 2 2 2 2 2 2 2 2 2 2 2 2 2 2 2 2 2 2 2 2 2
left_child=1 4 7 6 5 9 8 15 -4 21 26 25 -7 -9 -14 -3 -17 20 22 29 -5 -1 24 -8 -13 -12 27 -2 -27 -20
right_child=10 2 3 17 -6 12 23 13 -10 -11 11 18 14 -15 -16 16 -18 -19 19 -21 -22 -23 -24 -25 -26 28 -28 -29 -30 -31
leaf_value=-0.029333921647109629 0.085378083899827914 -0.017067034702301219 0.058486895027405221 -0.025441919537042751 0.12076969663058364 -0.028208786053097859 0.00037159015501766904 0.0082581594645019119 0.093043477536994074 0.12477371670923583 -0.027264879025269088 -0.0091135045988758566 -0.025635187342096293 0.10852443405045231 0.011803627956327525 -0.0079328878558824478 0.056627898331692877 0.064727303090468272 0.02260871981978901 -0.016217942757440817 0.063925145661907115 0.049500650685527794 -0.024622489892952241 0.051431007638791673 0.049173226887304217 -0.012978629399391832 -0.033389489499620895 -0.028585722216088672 0.054787965886252836 0.082287600165510524
leaf_weight=9.3972530364990288 4.6639436930418041 92.226064309477806 114.25089581310749 33.322220996022224 6.7677986621856681 267.38009607791901 12.052901193499563 13.751564532518389 169.30807602405548 7.5064200907945624 273.78452852368355 13.743729665875437 54.12699893116951 12.399312183260916 96.042957201600075 34.119732737541199 23.230743303894997 7.3012272715568534 12.141745433211328 8.528007507324217 4.4098941534757605 11.506879776716231 26.07278074324131 111.98150834441185 14.780587539076803 16.13870003819466 541.43690966069698 12.430141434073446 6.2693185210227957 16.358864277601242
leaf_count=68 30 654 740 235 40 1936 81 92 1043 45 1989 97 384 79 681 236 161 48 79 61 30 74 187 729 100 113 3970 90 43 105
internal_value=9.64905e-05 0.0221645 0.0468824 0.06266 -0.0121632 -0.014453 0.0695345 0.00610214 0.079385 0.0467684 -0.025107 -0.0148401 -0.0187275 0.0581555 -0.00175122 -0.00330435 0.0186894 0.000215521 0.0166588 0.0413113 -0.013539 0.0142031 -0.000449374 0.046536 0.0216301 -0.0246175 -0.0321913 0.00534243 0.00738355 0.0585933
internal_weight=2027.43 1081.08 628.354 452.627 452.728 445.961 407.593 175.727 283.559 28.4106 946.349 387.818 417.55 26.1509 150.17 149.577 57.3505 45.0333 91.6257 37.0286 37.7321 20.9041 54.5971 124.034 28.5243 296.193 558.531 17.0941 22.408 28.5006
internal_count=14220 7356 4128 2906 3228 3188 2593 1222 1783 187 6864 2774 3001 171 1065 1051 397 313 629 245 265 142 384 810 197 2145 4090 120 156 184
is_linear=0
shrinkage=0.03


Tree=3
num_leaves=31
num_cat=0
split_feature=41 29 0 23 0 7 14 44 0 29 44 14 11 4 29 27 29 0 41 24 36 39 18 35 29 16 28 23 28 23
split_gain=1181.76 961.29 380.316 213.335 121.762 125.342 88.1775 75.9504 71.0944 122.137 68.9958 66.225 50.834 45.3949 42.6839 60.2262 41.8308 40.5403 42.8864 37.8993 37.779 36.3216 33.265 32.4412 32.0548 31.3455 30.0015 26.7446 53.212 25.7409
threshold=0.9039759933948518 0.9640149474143983 6.2989847660064706 0.65207961201667797 12.988608360290529 4.5913395881652841 9.8170938491821307 0.1012820526957512 5.0197947025299081 0.9910435974597932 0.091608393937349333 8.0319199562072772 0.62500000000000011 0.90474665164947521 0.94894868135452282 0.95342469215393078 0.98812898993492138 6.4215145111083993 0.99074697494506847 0.29476444423198706 0.20466821640729907 0.94597181677818309 0.33203125000000006 0.56032416224479686 0.99499860405921947 0.31738281250000006 0.62322562932968151 0.3411738276481629 0.60882267355918895 0.478098675608635
decision_type=2 2 2 2 2 2 2 2 2 2 2 2 2 2 2 2 2 2 2 2 2 2 2 2 2 2 2 2 2 2
left_child=1 4 6 7 5 14 12 11 27 -10 21 -4 13 -3 22 -16 19 25 23 -5 -9 -7 -1 -19 -8 -11 -14 28 -2 -6
right_child=8 2 3 16 29 10 24 20 9 17 -12 -13 26 -15 15 -17 -18 18 -20 -21 -22 -23 -24 -25 -26 -27 -28 -29 -30 -31
leaf_value=0.013203205727816646 0.074659382509678296 0.05727142889506396 0.060528193704379465 -0.023239473794643382 0.022405433689082523 0.029492538018487936 0.021358588817032832 -0.0053732527663490764 -0.024598050316967691 0.020307660937021733 -0.0059046702820707564 0.090466469880956996 0.031848640367123572 0.0026537996784373845 -0.02221759178065813 0.028409699846011448 0.067070148177862166 0.013591160313243937 -0.017303200637898392 0.057575343380932759 0.050373858883934863 0.1029149264695091 -0.025065020867691988 0.0791968037919204 0.10017926505236854 -0.024151949412082565 -0.03310258120652166 -0.033090097905697544 -0.028997401531322582 -0.0328897547184294
leaf_weight=24.04206146299839 5.4398195743560818 15.293320372700689 167.89742809534073 37.085512280464172 7.17184755206108 11.26950913667679 9.3732264488935488 11.762736916542051 286.16154061257839 27.599050939083099 13.972763583064078 127.67912925779819 6.539777845144271 87.515152588486671 34.112046957015991 52.219970315694809 5.926558479666709 11.492336243391039 9.1271153986453992 5.0683651119470587 115.93802537024021 16.138835191726685 115.05983330309391 18.012507706880569 10.077255412936209 27.473883271217346 46.497792556881905 530.34704367816448 13.468155369162558 182.32856254279613
leaf_count=173 33 101 1020 265 49 76 62 79 2108 190 96 755 46 607 242 359 37 74 66 33 731 104 831 110 59 197 342 3978 99 1356
internal_value=-2.00979e-05 0.0209675 0.0444686 0.058475 -0.0123543 0.00071222 0.0066714 0.0652621 -0.0249336 -0.0148799 0.0480708 0.0737321 -0.000989025 0.0112808 -0.00814166 0.00834583 -0.00132708 0.0147127 0.0378554 -0.0123442 0.0452137 0.0749322 -0.0183824 0.0550245 0.0652439 -0.0018533 -0.0245971 -0.0318417 0.00292617 -0.0306747
internal_weight=2032.09 1102.97 646.654 471.358 456.315 266.815 175.297 423.277 929.121 379.866 41.3811 295.577 155.846 102.808 225.434 86.332 48.0804 93.7049 38.632 42.1539 127.701 27.4083 139.102 29.5048 19.4505 55.0729 53.0376 549.255 18.908 189.5
internal_count=14278 7423 4137 2920 3286 1881 1217 2585 6855 2745 276 1775 1096 708 1605 601 335 637 250 298 810 180 1004 184 121 387 388 4110 132 1405
is_linear=0
shrinkage=0.03


Tree=4
num_leaves=31
num_cat=0
split_feature=49 29 0 35 0 29 6 14 23 28 23 48 7 0 29 31 47 0 44 47 48 29 29 28 28 6 11 40 29 31
split_gain=851.429 785.315 402.976 357.883 138.447 185.467 127.762 101.612 74.5601 73.901 67.695 58.4915 52.9705 50.7843 39.5221 34.6686 43.4023 34.4796 43.5261 34.9926 34.4295 32.8895 32.3757 73.5538 29.3903 26.5662 24.4796 23.325 13.268 25.7817
threshold=0.2882120162248612 0.95358765125274669 6.1927027702331552 0.66342765092849743 6.4215145111083993 0.98197063803672802 13.226967871189119 9.3926329612731951 0.54794976115226757 0.85638594627380382 0.70973980426788341 0.41589742898941046 4.3602535724639901 7.1372225284576425 0.99499860405921947 0.035661196336150176 0.84381175041198742 12.854410171508791 0.080322578549385085 0.77063405513763439 0.2203122675418854 0.99427720904350292 0.99943783879280101 0.61385822296142589 0.85638594627380382 0.10398589074611665 0.62500000000000011 0.42139282822608953 0.9910435974597932 0.041371658444404609
decision_type=2 2 2 2 2 2 2 2 2 2 2 2 2 2 2 2 2 2 2 2 2 2 2 2 2 2 2 2 2 2
left_child=4 6 7 8 22 12 17 11 13 -10 21 26 -6 -4 -9 -14 -17 18 19 -2 -7 -5 28 -24 27 -13 -3 -22 -1 -30
right_child=1 2 3 10 5 20 -8 14 9 -11 -12 25 15 -15 -16 16 -18 -19 -20 -21 24 -23 23 -25 -26 -27 -28 -29 29 -31
leaf_value=-0.033960774770527419 0.021929022595488082 -0.0046430892168132917 0.044886487672376102 0.011983518461347728 -0.027341103959271598 0.0072196930196728199 0.10489101969255618 0.015469641028829528 0.055603599042244968 0.0017217755668410782 -0.028013435307881418 0.003881428144953594 -0.022553409654116154 0.074633812713481615 0.092382265446122366 0.088213011196859037 -0.0056921695116474904 -0.031694081557366263 -0.0234197389533022 -0.024380122894526214 0.0007362562079136452 0.063692778712110279 0.077207462462200532 -0.027056961145286593 -0.00039467575170675157 0.05973932863207989 -0.027839881287564251 0.072803880194327208 -0.0062116957155255829 -0.031120416041999999
leaf_weight=430.91335955262184 43.915126115083694 93.016254231333733 73.469271749258041 94.397864624857903 135.3640124052763 21.30985127389431 6.3037849217653266 12.249919310212137 69.212490141391754 34.274427026510239 37.721036106348038 17.033534452319149 10.737415462732317 247.90726217627525 12.051991164684294 8.393079876899721 8.0611010342836362 171.75873357057571 122.24454636871815 20.825147271156311 4.6994974017143241 11.734328418970106 7.391403645277026 21.189266696572304 7.4350117892026892 13.349909961223601 73.376544877886772 33.362840712070465 53.764581099152565 129.11799885332584
leaf_count=3289 311 649 453 619 1005 137 34 81 436 218 273 120 77 1457 68 57 56 1303 892 154 32 71 46 161 49 90 553 200 392 980
internal_value=-5.35311e-05 0.0168336 0.0336406 0.0469811 -0.0224219 -0.00238477 -0.0195134 -0.000721215 0.060802 0.0379741 0.00600316 -0.0079732 -0.0196817 0.068003 0.055875 0.0179591 0.0443455 -0.0219933 -0.0129452 0.00684276 0.0393275 0.0182698 -0.0295567 0.00150452 0.0538228 0.0296414 -0.0149956 0.0642292 -0.031008 -0.0238876
internal_weight=2026.58 1154.84 789.795 568.717 871.739 229.363 365.047 221.078 424.863 103.487 143.853 196.776 162.556 321.377 24.3019 27.1916 16.4542 358.744 186.985 64.7403 66.8072 106.132 642.377 28.5807 45.4973 30.3834 166.393 38.0623 613.796 182.883
internal_count=14263 7782 5088 3527 6481 1613 2694 1561 2564 654 963 1412 1195 1910 149 190 113 2660 1357 465 418 690 4868 207 281 210 1202 232 4661 1372
is_linear=0
shrinkage=0.03


Tree=5
num_leaves=31
num_cat=0
split_feature=49 29 0 35 13 29 6 23 0 19 24 14 11 16 4 7 0 29 24 24 31 29 47 44 29 28 29 38 39 29
split_gain=796.082 731.957 384.966 179.677 141.546 186.709 117.417 94.0264 88.313 93.948 88.2455 80.3685 90.6149 72.6726 69.5135 63.7334 62.0923 46.1982 45.8645 41.1887 40.1343 37.6366 37.0175 34.0041 33.9345 74.4159 30.8601 26.901 18.0027 17.4877
threshold=0.2882120162248612 0.9640149474143983 6.1927027702331552 0.67722371220588695 33.457317352294929 0.9840834140777589 13.226967871189119 0.47358071804046636 4.1286721229553232 0.08117683976888658 0.3130630254745484 12.624236583709719 0.62500000000000011 0.45996093750000006 0.90322545170784008 4.3602535724639901 12.724411010742189 0.91642174124717724 0.2274354621767998 0.27098906040191656 0.035661196336150176 0.9845888912677766 0.84381175041198742 0.24744898080825808 0.99943783879280101 0.63570892810821544 0.93396010994911205 0.46875000000000006 0.90321826934814464 0.9910435974597932
decision_type=2 2 2 2 2 2 2 2 2 2 2 2 2 2 2 2 2 2 2 2 2 2 2 2 2 2 2 2 2 2
left_child=4 6 8 11 24 15 7 10 -3 14 26 12 -4 -11 -10 -6 17 -9 -7 21 -17 -5 -22 -13 29 -26 -2 -21 -20 -1
right_child=1 2 3 19 5 18 -8 16 9 13 -12 23 -14 -15 -16 20 -18 -19 28 27 22 -23 -24 -25 25 -27 -28 -29 -30 -31
leaf_value=-0.033741566582843767 -0.03041909273628339 -0.02814266403275412 0.052691130069066734 -0.024491272325907313 -0.026663322657584643 0.0059836126249874777 0.099602507564011844 -0.032688595162025581 0.045745896727635911 0.067858591903408566 0.10911581024161213 0.08573264275756963 -0.024872163658624255 -0.013890313630190006 -0.016555444687949509 -0.02078863562775481 -0.031984510744827652 -0.0016385010791168592 0.020357598036702493 -0.0046066458467233333 0.085196901347016019 0.030969848960172169 1.1828069585540698e-05 0.037348941251134381 0.072373617334099319 -0.028123492111428335 0.033548106110102775 0.052984886768775739 0.075410118725335026 -0.022463815899008824
leaf_weight=437.9044900983572 12.204862028360369 63.569867238402367 276.90604911744595 35.415239274501801 126.76332013309002 17.803703904151917 7.1770683526992789 55.266949698328972 19.392336308956146 36.941799074411392 8.7134917676448804 101.13056464493275 13.636798545718191 12.708102628588675 75.850751101970673 11.480718821287157 185.5276156514883 186.18153804540634 7.7876721173524848 10.308022439479826 9.804883539676668 14.795157119631765 8.1066598147153837 17.844228491187096 8.5332279205322283 20.775833263993263 12.958508446812628 22.147259324789047 29.499817758798599 188.64961269497871
leaf_count=3419 92 476 1606 251 955 115 37 422 130 239 47 557 84 88 540 84 1435 1324 47 66 63 92 56 110 51 161 81 135 169 1428
internal_value=-0.000281248 0.0158712 0.0352574 0.0497047 -0.0220479 -0.000669016 -0.013157 -0.0151314 0.00105826 0.0139954 0.0322993 0.057834 0.0489675 0.0470143 -0.00349566 -0.0174502 -0.0189683 -0.00886368 0.0463068 0.00918753 0.0217553 -0.0078047 0.0488406 0.0788727 -0.0289178 0.00245939 0.00243094 0.0350128 0.0648225 -0.0303919
internal_weight=2035.79 1168.68 700.646 492.183 867.11 211.247 468.03 460.853 208.463 144.893 33.8769 409.518 290.543 49.6499 95.2431 156.156 426.976 241.448 55.0912 82.6657 29.3923 50.2104 17.9115 118.975 655.863 29.3091 25.1634 32.4553 37.2875 626.554
internal_count=14360 7812 4374 2901 6548 1489 3438 3401 1473 997 220 2357 1690 327 670 1158 3181 1746 331 544 203 343 119 667 5059 212 173 201 216 4847
is_linear=0
shrinkage=0.03


Tree=6
num_leaves=31
num_cat=0
split_feature=13 29 44 29 29 23 48 6 5 13 25 39 18 0 20 29 48 14 17 19 16 5 5 29 28 27 20 21 0 23
split_gain=739.662 1046.68 182.68 161.321 137.865 130.543 103.004 88.9348 84.3755 103.461 80.4832 60.297 59.1966 59.1504 54.0684 58.5057 47.8828 47.2253 43.2721 48.6326 40.8513 39.3172 77.774 36.859 63.885 33.3476 30.6875 24.2173 23.6869 23.5814
threshold=32.168743133544929 0.97061944007873546 0.036038961261510856 0.94570326805114757 0.98712700605392467 0.54794976115226757 0.26953445374965673 13.226967871189119 0.1443305239081383 38.012155532836921 0.15658368915319446 0.95088404417037975 0.48046875000000006 4.490345001220704 0.039926832541823394 0.98197063803672802 0.34783190488815313 10.119677543640138 0.99218750000000011 0.12039494141936304 0.23144531250000003 0.20138878375291827 0.079808648675680174 0.99943783879280101 0.63570892810821544 0.98648497462272655 0.038625733926892288 60.168237686157234 6.4534487724304208 0.49028690159320837
decision_type=2 2 2 2 2 2 2 2 2 2 2 2 2 2 2 2 2 2 2 2 2 2 2 2 2 2 2 2 2 2
left_child=2 3 23 7 6 21 26 -2 18 10 -10 -7 17 -4 -15 -16 -13 -8 19 -6 -11 22 -5 28 -25 -14 -3 -17 -1 -30
right_child=1 4 13 5 8 11 12 -9 9 20 -12 16 25 14 15 27 -18 -19 -20 -21 -22 -23 -24 24 -26 -27 -28 -29 29 -31
leaf_value=-0.030492122145087088 -0.025967972789781513 -0.027107325352583249 -0.021413804255920526 -0.0085633524058766394 0.061063425767244175 -0.01895235340682434 0.0081564790336604558 0.088093241324846402 0.05768973453411675 0.003278299440347905 0.0039172337357189129 -0.0067142178383622639 0.091818442720946303 0.0017626949684160847 -0.0082469915827256251 0.085315708834848389 0.034172357359177313 0.051324550272305959 0.088030724989832693 -0.032108195609910226 0.069403515505685215 0.014988974104039961 0.093260789541926264 0.069302879382928229 -0.022585712064941484 0.01302843316774136 0.020523985724892557 0.029765091729255868 0.041012976384667339 -0.03074389451017882
leaf_weight=641.0998367369175 350.0277424454689 34.378792151808739 49.082235246896744 8.8435856401920301 29.292758017778397 113.70209111273289 53.551259502768517 5.2964252829551688 38.979303851723671 9.2813154309988004 67.876951187849045 53.665794998407364 23.328360661864284 78.756258636713028 14.124197989702223 19.042174145579338 47.964008748531342 39.604300260543823 91.815821945667267 5.3492413610219947 114.54555504024029 22.352373883128166 24.924894481897354 8.4835709780454653 23.13723212480545 6.6069646328687659 17.612467676401138 13.650491207838057 7.7788927704095823 6.7772073447704315
leaf_count=5060 2697 238 358 58 165 828 329 26 230 57 403 393 132 539 96 121 322 230 501 31 625 140 147 49 181 38 112 84 47 51
internal_value=-0.000119194 0.0155255 -0.021153 -0.0107395 0.0464244 0.00665368 0.0243853 -0.0240169 0.057122 0.0459169 0.0239133 -0.00401095 0.0392522 0.00620187 0.0171035 0.0422708 0.0126978 0.0268911 0.0770181 0.046095 0.0645372 0.0469795 0.0670286 -0.0281078 0.00334395 0.0755091 -0.0108324 0.063782 -0.029632 0.00758203
internal_weight=2020.93 1159 861.932 626.777 532.223 271.453 175.082 355.324 357.141 230.683 106.856 215.332 123.091 174.655 125.573 46.8169 101.63 93.1556 126.458 34.642 123.827 56.1209 33.7685 687.277 31.6208 29.9353 51.9913 32.6927 655.656 14.5561
internal_count=14288 7702 6586 4611 3091 1888 1079 2723 2012 1315 633 1543 729 1198 840 301 715 559 697 196 682 345 205 5388 230 170 350 205 5158 98
is_linear=0
shrinkage=0.03


Tree=7
num_leaves=31
num_cat=0
split_feature=41 29 0 23 24 6 0 29 14 29 11 44 20 19 23 36 27 40 31 41 24 27 7 23 33 29 28 4 34 23
split_gain=915.538 653.251 203.28 214.628 141.976 108.111 77.168 118.829 69.917 49.0325 48.9051 45.3329 46.6944 42.2401 89.819 43.73 41.7802 36.2813 33.5968 34.0425 35.5069 30.6033 30.0558 28.8508 44.3156 27.0505 24.1961 23.5416 39.3517 22.0626
threshold=0.9039759933948518 0.95358765125274669 6.4913461208343515 0.54794976115226757 0.27323488891124731 13.226967871189119 5.0197947025299081 0.9910435974597932 10.119677543640138 0.9805164933204652 0.62500000000000011 0.10380747169256212 0.042068898677825935 0.035301359370350845 0.68287813663482677 0.25088527798652654 0.98864641785621654 0.64298918843269359 0.053900916129350669 0.99191969633102428 0.22451821714639666 0.98881766200065624 4.6934707164764413 0.3411738276481629 62.871709823608406 0.99499860405921947 0.62322562932968151 0.86562457680702221 0.46302290260791784 0.51871967315673839
decision_type=2 2 2 2 2 2 2 2 2 2 2 2 2 2 2 2 2 2 2 2 2 2 2 2 2 2 2 2 2 2
left_child=1 5 8 11 9 13 23 22 10 -5 17 12 -4 14 15 -1 -6 -3 19 20 -9 -13 -8 24 -2 -10 -12 28 -15 -29
right_child=6 2 3 4 16 -7 7 18 25 -11 26 21 -14 27 -16 -17 -18 -19 -20 -21 -22 -23 -24 -25 -26 -27 -28 29 -30 -31
leaf_value=-0.0088945715780358731 0.065424955955164593 -0.0088507267920080578 0.053422365764585124 -0.01709292144115147 0.037530182163283785 0.088023796455461045 -0.025662074190364616 -0.0035680809761400628 0.02039781412306562 0.025849481313854446 0.024721894461606182 0.041591804217872959 0.083455437738403374 0.064037481325803641 -0.032542553046111783 0.079836126717594755 0.11551009232706343 0.023212525976823849 -0.024225090071868998 -0.0023061410617245879 0.052332383976047947 -0.019555912521591026 0.012633188787832492 -0.032282229085446541 -0.027718718489927081 0.083602090685334737 -0.032669734301678625 -0.0046445886222339795 -0.024795820837071311 -0.029900878509723176
leaf_weight=7.1409601196646717 6.1883527785539654 54.353494748473167 208.77845425903797 85.882238864898682 90.642376497387886 7.5543051064014426 252.2659504711628 13.544323742389677 13.592153057456018 32.023749873042107 6.9099656641483298 102.54074308276176 66.559370279312134 6.2371990233659771 23.764042608439922 13.972793869674204 6.0369627028703681 73.710065603256226 15.003336369991301 29.354205891489983 38.151138290762901 7.2917244583368293 19.200339093804359 487.4708716571331 11.753060251474379 11.805104449391363 44.944479748606682 36.716731853783131 10.839130356907843 232.60607513785362
leaf_count=54 34 369 1110 598 544 36 1985 88 86 185 48 582 349 46 187 97 35 484 111 209 234 41 133 3982 92 60 347 273 82 1823
internal_value=-0.000175474 0.0174739 0.0321711 0.0409803 0.016809 -0.01743 -0.0233004 -0.012775 0.00634964 -0.00528505 -0.000321438 0.0543603 0.0609691 -0.0201014 0.0067805 0.0506454 0.0435629 0.00961767 0.0157676 0.0234124 0.0378396 0.0373654 -0.0229061 -0.0309079 0.00600796 0.0519441 -0.0246421 -0.0243331 0.00923257 -0.0264987
internal_weight=2016.83 1143.9 805.071 599.756 214.585 338.831 872.932 367.519 205.315 117.906 179.918 385.17 275.338 331.277 44.8778 21.1138 96.6793 128.064 96.053 81.0497 51.6955 109.832 271.466 505.412 17.9414 25.3973 51.8544 286.399 17.0763 269.323
internal_count=14304 7436 4838 3444 1362 2598 6868 2760 1394 783 1248 2082 1459 2562 338 151 579 853 642 531 322 623 2118 4108 126 146 395 2224 128 2096
is_linear=0
shrinkage=0.03


Tree=8
num_leaves=31
num_cat=0
split_feature=41 29 13 23 23 11 6 44 0 29 0 0 19 6 19 29 29 29 23 33 25 5 7 38 39 7 0 24 41 41
split_gain=910.791 619.887 205.727 130.045 109.155 104.046 90.805 81.5846 73.5376 116.332 67.6248 63.1224 87.6829 52.548 48.2094 48.3165 43.1574 39.7172 29.3789 40.6539 28.9211 25.902 25.1419 21.486 19.1502 18.8617 17.3867 15.8634 14.6669 14.1097
threshold=0.9014335870742799 0.9640149474143983 33.799217224121101 0.65207961201667797 0.47358071804046636 0.62500000000000011 13.226967871189119 0.26138716936111456 5.0197947025299081 0.9910435974597932 12.854410171508791 4.4154937267303476 0.075783990323543562 13.226967871189119 0.12113243713974954 0.89469552040100109 0.91642174124717724 0.98121124505996715 0.3411738276481629 62.871709823608406 0.16199679672718051 0.24267496913671496 4.5913395881652841 0.53125000000000011 0.95651191473007213 5.0766348838806161 7.3105885982513437 0.29476444423198706 0.99191969633102428 0.81304427981376659
decision_type=2 2 2 2 2 2 2 2 2 2 2 2 2 2 2 2 2 2 2 2 2 2 2 2 2 2 2 2 2 2
left_child=1 4 5 7 14 11 10 13 18 22 16 -3 -13 -4 15 -1 -6 27 19 -2 21 28 -10 -24 -23 -9 -22 -5 -11 -17
right_child=8 2 3 17 6 -7 -8 25 9 20 -12 12 -14 -15 -16 29 -18 -19 -20 -21 26 24 23 -25 -26 -27 -28 -29 -30 -31
leaf_value=-0.016215806021006793 0.061948891615744316 -0.019963525787804279 0.052177526153769915 -0.026045124787254754 -0.03224736065653229 -0.027868779386203434 0.082989838897697829 0.022213061823958401 -0.025918293325886868 0.070160835356451581 -0.031283212473668345 0.0070311870812304307 0.051747375578346376 0.10341356029817535 -0.026890363815178359 0.098826540394638465 0.00039316819727730024 0.047238708835981878 -0.032239943203574185 -0.02569436720915564 -0.016352990097640227 -0.004891427862845377 -0.012148959716868118 0.047482995965264008 0.037501797006467337 -0.022308523587879738 0.02966581163507782 0.030355414451659232 0.01595605198894301 0.035364389821851305
leaf_weight=5.4042183160781923 6.3923950940370586 27.241017758846283 378.36464281380177 30.228191584348679 44.626561224460602 47.225877515971661 7.3565137535333625 28.521950766444206 249.70276156067848 14.259060800075533 169.51397461444139 81.660965085029602 76.377839893102646 19.320278778672218 6.5751029402017585 13.441919490695001 180.43562446534634 9.8898841887712461 474.45654533803463 12.390659354627131 29.927770562469959 23.468982771039009 16.92359330505133 6.8065108358860007 14.877322904765604 11.095082715153692 8.7059208601713163 4.3346678763627997 7.6235033869743338 6.2795521616935721
leaf_count=40 34 193 1982 221 362 365 34 162 1999 86 1383 514 450 97 48 70 1287 58 3966 99 219 156 122 43 91 67 51 26 52 35
internal_value=3.526e-05 0.0175513 0.0347121 0.0458839 -0.010723 0.0114538 -0.0149844 0.0508431 -0.023185 -0.0130534 -0.0170238 0.0215886 0.0288502 0.0549273 0.0420215 0.0605087 -0.00617972 -0.00288172 -0.0307843 0.00560511 0.0147112 0.0275511 -0.0231199 0.00606239 0.0120148 0.0094283 -0.00542033 -0.0182327 0.0529305 0.081446
internal_weight=2013.43 1147.89 714.26 481.755 433.633 232.506 401.933 437.302 865.535 372.295 394.576 185.28 158.039 397.685 31.7008 25.1257 225.062 44.4527 493.24 18.7831 98.8626 60.2289 273.433 23.7301 38.3463 39.617 38.6337 34.5629 21.8826 19.7215
internal_count=14312 7394 4135 2613 3259 1522 3066 2308 6918 2819 3032 1157 964 2079 193 145 1649 305 4099 133 655 385 2164 165 247 229 270 247 138 105
is_linear=0
shrinkage=0.03


Tree=9
num_leaves=31
num_cat=0
split_feature=41 29 24 23 0 6 13 0 29 16 5 29 23 27 25 23 21 24 24 5 17 5 22 20 11 7 0 23 33 41
split_gain=870.563 575.698 197.311 134.767 170.876 94.7147 89.0761 66.3937 100.344 65.0106 57.2925 65.0289 52.7397 56.1468 47.5641 43.6957 57.036 36.7343 35.8687 34.5172 33.9084 44.7624 32.7503 60.3945 29.1906 24.2157 23.7734 22.6419 32.9326 20.2652
threshold=0.9039759933948518 0.95358765125274669 0.27212218940258032 0.52620020508766185 6.1927027702331552 13.226967871189119 34.199581146240241 5.0197947025299081 0.9910435974597932 0.33300781250000006 0.072072245180606856 0.9936310648918153 0.46461577713489538 0.98021599650383007 0.20981169492006305 0.51557508111000072 56.318840026855476 0.28153879940509802 0.23635489493608478 0.15594989806413653 1.0078125000000002 0.51510852575302135 0.708166003227234 0.033921347931027419 0.62500000000000011 4.5913395881652841 12.614737033843996 0.3411738276481629 62.871709823608406 0.98241087794303905
decision_type=2 2 2 2 2 2 2 2 2 2 2 2 2 2 2 2 2 2 2 2 2 2 2 2 2 2 2 2 2 2
left_child=1 5 3 4 18 15 10 27 25 -6 11 -4 17 -14 -12 16 -1 -8 -3 -18 21 -5 26 -24 29 -9 -17 28 -2 -10
right_child=7 2 6 20 9 -7 12 8 24 -11 14 -13 13 -15 -16 22 19 -19 -20 -21 -22 -23 23 -25 -26 -27 -28 -29 -30 -31
leaf_value=0.076196454136739186 0.054817740817998728 0.015197232133551918 0.008355037049792095 -0.021468266512670905 0.081630221768576858 0.079301736699663367 0.013418701254232546 -0.02592706114809994 0.042882799967440405 0.035737923548788214 -0.0051119338785324828 0.098282322783436266 0.054060018207334366 0.020295471452259184 0.042848477025947289 -0.016059369736388773 -0.03354286565061524 0.075402180934787719 -0.025199619561774141 0.025613203211579696 0.044881697994071587 0.013114217998838443 0.10314557242855814 -0.022782596743972025 -0.0066068280579452011 0.0065709566883230047 -0.034332908506052875 -0.031846696554347846 -0.025579056110805666 0.0065428716785110447
leaf_weight=7.9793434962630263 5.9661194831132915 34.738419085741043 13.645374752581121 101.09387622028589 36.768316194415092 8.0152600407600385 10.094619855284689 237.64545675367117 29.871050775051117 122.90643957257271 62.319191478192806 15.116828531026838 139.0291326418519 67.894258916378021 25.380976758897305 122.55219162255526 19.855212911963463 97.253479719161987 43.331529468297958 14.47415568679571 9.8202764019370061 49.349348917603493 4.190798006951808 9.2479123398661596 41.078599236905575 22.038481026887894 143.29103437066078 466.29681282490492 12.408068045973776 26.153894744813442
leaf_count=51 31 239 91 691 190 36 51 1942 174 646 405 84 757 375 156 938 155 476 312 103 58 308 30 73 286 153 1206 3991 101 180
internal_value=-0.000117797 0.0167454 0.0300744 0.01478 0.0290695 -0.0167488 0.0441329 -0.0233275 -0.0134339 0.0467665 0.0214202 0.057434 0.0524457 0.0431468 0.00906088 -0.0193904 0.00879715 0.0697788 -0.00722161 -0.00849721 -0.00644817 -0.0100928 -0.0236875 0.0207036 0.0124715 -0.0231429 -0.0260119 -0.0305618 0.00185304 0.0263832
internal_weight=1999.81 1158.35 828.742 398.008 237.745 329.606 430.734 841.458 356.787 159.675 116.462 28.7622 314.271 206.923 87.7002 321.591 42.3087 107.348 78.0699 34.3294 160.264 150.443 279.282 13.4387 97.1035 259.684 265.843 484.671 18.3742 56.0249
internal_count=14289 7431 4839 2444 1387 2592 2395 6858 2735 836 736 175 1659 1132 561 2556 309 527 551 258 1057 999 2247 103 640 2095 2144 4123 132 354
is_linear=0
shrinkage=0.03


Tree=10
num_leaves=31
num_cat=0
split_feature=41 29 35 0 6 0 29 24 16 24 35 6 0 19 23 31 4 30 41 24 29 14 23 33 24 7 34 50 35 47
split_gain=814.803 570.812 168.96 161.416 74.7563 67.164 104.82 65.4435 51.1083 70.5117 46.1382 42.9697 42.6241 59.8115 43.6404 35.8726 33.4007 28.4875 29.7067 27.3893 31.9584 27.2289 25.2488 37.0832 24.9283 23.5282 19.534 19.5027 16.902 22.1883
threshold=0.9039759933948518 0.95358765125274669 0.65606454014778148 6.1927027702331552 13.226967871189119 5.0197947025299081 0.9910435974597932 0.27854040265083319 0.32519531250000006 0.29251110553741461 0.75928473472595226 0.12337806448340417 12.614737033843996 0.035301359370350845 0.68467089533805858 0.035242892801761634 0.86736136674880993 0.36328125000000006 0.99576106667518627 0.27476188540458685 0.98197063803672802 6.3730554580688485 0.3411738276481629 61.844129562377937 0.21287274360656741 4.5913395881652841 0.56982138752937328 0.26444309949874883 0.71617454290390026 0.8094821870326997
decision_type=2 2 2 2 2 2 2 2 2 2 2 2 2 2 2 2 2 2 2 2 2 2 2 2 2 2 2 2 2 2
left_child=1 4 3 7 12 22 25 26 15 -10 19 -9 13 14 -1 -5 -15 18 24 20 -4 -21 23 -2 -8 -7 -3 -12 29 -27
right_child=5 2 10 8 -6 6 17 11 9 -11 27 -13 -14 16 -16 -17 -18 -19 -20 21 -22 -23 -24 -25 -26 28 -28 -29 -30 -31
leaf_value=0.067514820042278045 0.064782241661006143 -0.017720007385865665 -0.018595058196906135 0.042326530673526007 0.073899521502573909 -0.025588761259980875 -0.0052545935624386851 0.0098297783909582111 0.027678051003784045 0.05321272750784329 0.028657327327547864 0.064345913721840453 -0.030795958932932639 0.0293164363800415 -0.022482414389854939 0.078730684481355145 -0.020768736449026267 -0.02810887174550792 -0.010108937159012118 0.0029143509092501778 0.021650960985973737 0.040267413552330406 -0.031613228780055486 -0.023606772853342829 0.040203693393698531 0.072142690469924498 0.013054436162513446 -0.028262950029130453 -0.017382943934287326 -0.0086281523634122899
leaf_weight=13.583387017250063 5.2552950829267528 60.493082210421562 39.06078489869833 49.954584494233131 6.8429110348224631 235.3997318521142 13.457620255649088 30.833830691874027 226.35207412391901 177.57376121729612 5.3347861468791953 22.290481895208359 160.58760834485292 12.356409423053263 6.5968157202005377 59.095148511230946 121.79670021682978 11.746055118739603 21.209932148456573 29.627190098166466 30.887983195483685 43.418903157114983 452.28629545867443 12.464338816702364 48.920377172529697 5.0434794127941149 25.634988002479076 41.662398435175419 12.367481850087641 5.7021473050117493
leaf_count=87 26 434 269 261 30 1959 89 205 1226 886 33 133 1371 90 51 307 944 89 152 180 186 246 3962 101 295 31 178 300 90 38
internal_value=9.36588e-06 0.0161644 0.0291417 0.0363851 -0.0177797 -0.0228036 -0.0128623 0.00764774 0.0441502 0.0390147 0.00419985 0.0335259 -0.0200089 -0.00863929 0.038281 0.0626177 -0.0159506 0.0139018 0.0201033 0.0126835 -0.000726259 0.0254016 -0.0302384 0.0045077 0.0304209 -0.0227595 -0.00848123 -0.0212768 0.00579766 0.0319409
internal_weight=1987.84 1163.98 842.22 652.228 321.764 823.853 353.847 139.252 512.976 403.926 189.992 53.1243 314.921 154.333 20.1802 109.05 134.153 95.334 83.5879 142.995 69.9488 73.0461 470.006 17.7196 62.378 258.513 86.1281 46.9972 23.1131 10.7456
internal_count=14249 7417 4844 3630 2573 6832 2743 950 2680 2112 1214 338 2543 1172 138 568 1034 625 536 881 455 426 4089 127 384 2118 612 333 159 69
is_linear=0
shrinkage=0.03


Tree=11
num_leaves=31
num_cat=0
split_feature=41 29 24 29 0 6 19 0 18 14 29 0 24 27 6 23 21 23 22 24 34 24 16 36 25 0 19 41 0 24
split_gain=780.273 500.811 157.835 108.066 161.857 81.7363 66.1766 66.1615 60.8802 60.6676 60.5836 76.8264 55.4508 42.7743 40.7433 39.701 43.1734 38.5758 34.8133 34.7347 34.1384 34.0785 33.3669 30.781 30.6846 28.2282 39.4944 28.0233 24.611 26.5176
threshold=0.90966805815696727 0.9530392885208131 0.29412372410297399 0.9840834140777589 6.1927027702331552 13.226967871189119 0.071569848805665984 6.9186081886291513 0.64453125000000011 8.2901487350463885 0.9910435974597932 6.3780524730682382 0.27255500853061682 0.98146924376487743 0.059518700465559966 0.51557508111000072 56.318840026855476 0.43407499790191656 0.74755322933197033 0.33669751882553106 0.41092543303966528 0.27672332525253301 0.32324218750000006 0.27262958884239202 0.2076036408543587 12.724411010742189 0.035301359370350845 0.99074697494506847 6.6740453243255624 0.3130630254745484
decision_type=2 2 2 2 2 2 2 2 2 2 2 2 2 2 2 2 2 2 2 2 2 2 2 2 2 2 2 2 2 2
left_child=1 5 3 12 9 15 7 20 24 -5 28 22 18 -10 -6 16 -1 -9 -3 -18 -4 -14 23 -12 -8 26 -17 -13 -2 -30
right_child=10 2 6 4 14 -7 8 17 13 -11 11 27 21 -15 -16 25 19 -19 -20 -21 -22 -23 -24 -25 -26 -27 -28 -29 29 -31
leaf_value=0.06157566215692023 -0.032468226567875895 -0.012270395305781173 0.044530204676486489 -0.011748433976601589 0.063536290122857303 0.071897498267612839 0.084568682076820334 0.067362958848315446 0.061399781363131074 0.046741002758684889 -0.01699832743105352 0.03975345425262064 0.064037751380199612 -0.022765625863863097 0.03439061471639724 0.026078188428909136 -0.020322523655839683 0.032685894781216779 0.044962726528443075 0.065620996046853092 -0.016017450682299136 0.012419275137157383 -0.026588666405147877 0.024131806114355604 0.044752907423783787 -0.032752407706851873 -0.019901723139420017 -0.017720492444120283 -0.023496061959358959 0.011184761771198846
leaf_weight=9.2294386997818929 409.15658237785101 146.4721357896924 10.314884424209593 92.279713571071625 61.014227911829948 8.1540161818265897 63.979162454605103 40.756602227687836 8.6054571419954318 18.2518580108881 40.40693611651659 31.362049221992493 13.756746314465998 11.597621969878672 170.75870724767447 18.73323930054903 29.636075519025326 112.94351208209991 9.2363229840993863 3.914652317762374 31.31452526897192 56.975207760930061 138.31388917565346 26.083279125392437 29.968856006860733 139.87165984511375 114.7085825279355 9.268622472882269 109.61800407618284 23.42094749212265
leaf_count=57 3637 977 64 683 303 35 320 191 43 99 326 169 76 74 873 132 235 576 49 23 200 346 1185 188 152 1233 909 66 909 183
internal_value=-4.40114e-06 0.0151928 0.0269502 0.0175091 0.0281208 -0.0166278 0.0441785 0.0332423 0.0624148 -0.00173081 -0.0231996 -0.010753 0.00140129 0.014148 0.0423161 -0.0191404 0.00753278 0.0422766 -0.00859104 -0.00859889 -0.00025199 0.0232532 -0.0182428 -0.000700549 0.0725044 -0.0233386 -0.0132786 0.0264598 -0.0287981 -0.0173304
internal_weight=1990.1 1202.47 878.226 568.745 342.305 324.248 309.481 195.33 114.151 110.532 787.63 245.435 226.44 20.2031 231.773 316.094 42.7802 153.7 155.708 33.5507 41.6294 70.732 204.804 66.4902 93.948 273.313 133.442 40.6307 542.196 133.039
internal_count=14313 7650 5026 3406 1958 2624 1620 1031 589 782 6663 1934 1448 117 1176 2589 315 767 1026 258 264 422 1699 514 472 2274 1041 235 4729 1092
is_linear=0
shrinkage=0.03


Tree=12
num_leaves=31
num_cat=0
split_feature=41 29 35 11 6 6 29 11 18 7 23 21 29 24 14 24 37 41 25 22 20 2 1 29 14 24 32 22 35 29
split_gain=754.329 480.657 148.036 147.341 180.758 77.3846 64.1942 68.8479 62.2987 59.4801 36.9999 40.8789 59.3835 39.0475 35.1021 35.0324 33.2623 27.1163 25.073 25.0264 68.3331 24.3217 22.6772 19.9192 19.6911 21.8676 18.2658 18.2032 14.9793 14.4137
threshold=0.90966805815696727 0.9530392885208131 0.68646526336669933 0.62500000000000011 13.226967871189119 13.226967871189119 0.9910435974597932 0.62500000000000011 0.73046875000000011 3.8474187850952153 0.51557508111000072 58.987577438354499 0.93031299114227306 0.33669751882553106 9.53045701980591 0.27255500853061682 0.16301929205656054 0.99229732155799877 0.16319140046834948 0.70482838153839122 0.033921347931027419 0.39062500000000006 0.81012374162673961 0.99943783879280101 9.2828493118286151 0.31636561453342443 0.033950896933674819 0.5113629698753358 0.67385882139205944 0.95156317949295055
decision_type=2 2 2 2 2 2 2 2 2 2 2 2 2 2 2 2 2 2 2 2 2 2 2 2 2 2 2 2 2 2
left_child=1 5 3 8 -5 10 24 17 9 -3 11 12 -1 -13 -10 -4 27 18 26 22 -21 -9 -12 28 -2 -26 -8 -17 -23 -27
right_child=6 2 15 4 -6 -7 7 21 14 -11 19 13 -14 -15 -16 16 -18 -19 -20 20 -22 23 -24 -25 25 29 -28 -29 -30 -31
leaf_value=-0.025879658391036377 -0.030670514983567574 0.027669871307963403 -0.015367281502122708 -0.028892132610832112 0.085056272678756317 0.0687986235859228 -0.013054703244707916 -0.032495287391742768 -0.029216831824163833 0.046598293138399145 -0.026929660652056344 -0.031131216061292152 0.087640032822263653 0.059788743492545655 0.027095694973867351 -0.01456686528914403 0.050460029597677793 -0.0057152694374486071 -0.0053632592171559152 0.095576744158040114 -0.027397258531431535 -0.02245584809042675 0.039696582594399926 0.040763414136727599 -0.019520821460969593 -0.010052590407419697 0.0498363951467959 0.022782213867530973 0.012964267849993528 0.062050752312018065
leaf_weight=6.2035042867064467 475.50596188008785 268.42145259678364 77.102593421936035 64.067033194005489 14.517962113022802 8.3007411360740644 4.3698589205741909 90.148279882967472 18.887472063302994 359.57694698870182 244.07098590582609 23.187855206429962 9.4717702418565732 4.1831302195787421 18.956103228032589 26.536629058420658 16.069310396909714 49.420361332595348 15.22253283113241 4.9021993726491955 12.114797942340372 41.309344165027142 3.8040577769279471 5.8166002333164206 48.259351804852486 4.0154282078146917 26.980468161404133 19.464930444955826 13.548958845436571 4.4973205476999283
leaf_count=49 4278 1493 549 475 66 35 30 800 125 1814 2080 186 58 24 103 168 91 396 105 32 102 334 29 36 406 31 158 116 102 31
internal_value=0.000161123 0.0150835 0.0264368 0.0317399 -0.00699913 -0.0166123 -0.0228061 -0.0100854 0.0363202 0.0385695 -0.0191396 0.00647541 0.0436768 -0.0155125 -0.000960891 -0.00193184 0.0146887 0.00969317 0.0258832 -0.0233221 0.0112007 -0.0226744 -0.0257397 -0.00774396 -0.028669 -0.0116127 0.0408448 0.00132153 -0.0135786 0.0302431
internal_weight=1978.93 1199.84 883.6 744.427 78.585 316.239 779.094 246.816 665.842 627.998 307.938 43.0463 15.6753 27.371 37.8436 139.173 62.0709 95.9932 46.5729 264.892 17.017 150.823 247.875 60.6749 532.278 56.7721 31.3503 46.0016 54.8583 8.51275
internal_count=14302 7595 5000 4076 541 2595 6707 1961 3535 3307 2560 317 107 210 228 924 375 689 293 2243 134 1272 2109 472 4746 468 188 284 436 62
is_linear=0
shrinkage=0.03


Tree=13
num_leaves=31
num_cat=0
split_feature=41 29 24 29 0 12 29 0 9 5 0 16 0 19 4 35 4 14 35 13 20 7 20 25 5 27 0 39 37 29
split_gain=696.912 449.091 143.618 93.8433 147.569 71.0454 64.1939 82.2346 59.2106 45.8135 41.0257 38.2566 37.9408 50.6449 37.1799 37.0492 40.3943 36.161 27.0382 26.7482 26.2207 25.4164 24.9789 24.4398 22.6436 21.852 19.4457 17.4494 17.2025 21.1758
threshold=0.90966805815696727 0.9530392885208131 0.28153879940509802 0.9840834140777589 6.1927027702331552 1.8366305232048037 0.9910435974597932 5.0197947025299081 0.84105587005615245 0.13833476603031161 4.237673521041871 0.33691406250000006 12.854410171508791 0.035301359370350845 0.86736136674880993 0.67216244339942943 0.91977936029434215 8.2901487350463885 0.75364932417869579 32.168743133544929 0.030316543765366081 4.6934707164764413 0.038206029683351524 0.16199679672718051 0.24267496913671496 0.98021599650383007 7.3105885982513437 0.95651191473007213 0.1672831475734711 0.99943783879280101
decision_type=2 2 2 2 2 2 2 2 2 2 2 2 2 2 2 2 2 2 2 2 2 2 2 2 2 2 2 2 2 2
left_child=1 5 3 15 17 12 19 28 9 10 -4 -6 13 20 -15 16 -3 -5 25 -2 -1 -21 -11 24 -9 -10 -25 -26 29 -8
right_child=6 2 8 4 11 -7 7 23 18 22 -12 -13 -14 14 -16 -17 -18 -19 -20 21 -22 -23 -24 26 27 -27 -28 -29 -30 -31
leaf_value=-0.024665737690757566 -0.032684397538230894 0.039403925061636175 -0.030379828183419569 -0.013492504276363516 0.058130068065330533 0.065926758601727642 -0.017980819624521218 0.048353968892383713 0.059261475420116956 0.022707800124990737 0.046709302676709176 0.029769619618956123 -0.030005529187398541 0.0323044465042161 -0.020749542413941179 -0.017890972295037447 -0.0013071728992678413 0.036911684610605788 -0.010919703311411347 -0.021456746043017005 0.047351974541032377 0.019157645294779754 -0.0088042367361734399 -0.019332030101709686 -0.0066519423339052976 0.037732698257402254 0.031796035089282478 0.035186972122812535 -0.031849583939624608 0.030609700314249522
leaf_weight=5.1943867430090931 367.52368190139532 28.117313012480736 5.9817188978195182 81.141731560230255 67.277426093816757 8.1777844429016096 52.5074677541852 21.363278299570084 128.18943437933922 62.359365426003933 84.746721856296062 131.38206201791763 144.52589601278305 12.201497063040732 124.23719900846481 77.215235613286495 88.162324994802475 14.175758376717566 6.0524167865514746 134.21185643970966 18.369993679225445 14.599620044231413 34.378991715610027 26.673989444971085 22.598327577114105 77.33651415258646 7.8362185060977927 13.521100237965582 86.553794860839844 8.5354916304349882
leaf_count=39 3435 156 44 610 332 34 473 125 622 341 447 649 1315 90 1009 556 531 77 38 1168 118 100 189 201 148 377 43 78 794 57
internal_value=0.000181122 0.0143991 0.0252968 0.0143166 0.0249674 -0.0164684 -0.02236 -0.0094538 0.0386335 0.0260912 0.0413183 0.0396322 -0.0188994 -0.00872486 -0.0157827 -0.00189496 0.00876355 -0.00565977 0.0495572 -0.028313 0.0309968 -0.0173508 0.0115028 0.0127031 0.0245428 0.051397 -0.00706945 0.00945539 -0.0232763 -0.0107543
internal_weight=1955.15 1199.22 886.517 487.472 293.977 312.707 755.925 239.59 399.045 187.467 90.7284 198.659 304.529 160.003 136.439 193.495 116.28 95.3175 211.578 516.335 23.5644 148.811 96.7384 91.9929 57.4827 205.526 34.5102 36.1194 147.597 61.043
internal_count=14196 7574 4969 2911 1668 2605 6622 1919 2058 1021 491 981 2571 1256 1099 1243 687 687 1037 4703 157 1268 530 595 351 999 244 226 1324 530
is_linear=0
shrinkage=0.03


Tree=14
num_leaves=31
num_cat=0
split_feature=41 0 35 0 7 6 44 0 6 11 23 23 25 41 28 0 5 33 23 33 19 28 23 25 19 50 7 27 30 14
split_gain=670.776 337.495 174.764 120.638 95.2175 113.128 85.3449 57.5318 53.4523 53.6732 35.5437 31.7545 31.5066 22.9738 21.8249 21.7547 22.2002 19.4361 17.764 29.1501 17.5277 20.6644 32.0392 12.8829 12.0478 18.6262 26.9485 8.2921 11.247 8.07553
threshold=0.90966805815696727 12.988608360290529 0.73716169595718395 6.1927027702331552 4.5913395881652841 0.12019100785255434 0.23166368901729587 5.0197947025299081 13.226967871189119 0.62500000000000011 0.54794976115226757 0.52144470810890209 0.16199679672718051 0.99191969633102428 0.69173550605773937 7.3105885982513437 0.13833476603031161 63.360328674316413 0.3411738276481629 61.844129562377937 0.039839291945099838 0.65377187728881847 0.70820730924606334 0.085298147052526488 0.038871873170137412 0.35908009111881262 4.3931448459625253 0.97590893507003795 0.23046875000000003 9.8170938491821307
decision_type=2 2 2 2 2 2 2 2 2 2 2 2 2 2 2 2 2 2 2 2 2 2 2 2 2 2 2 2 2 2
left_child=1 2 3 8 5 -5 -6 18 9 -1 12 17 13 14 -9 -14 -17 -3 19 -2 21 22 -4 -15 25 26 -12 -22 -29 -20
right_child=7 11 20 4 6 -7 -8 10 -10 -11 24 -13 15 23 -16 16 -18 -19 29 -21 27 -23 -24 -25 -26 -27 -28 28 -30 -31
leaf_value=0.0089536149649586672 0.056245239495472617 0.037810456420947734 0.052601638832339655 0.034251058226911262 0.048533106694595728 0.0043175211687268974 -0.013728169010219704 0.019490704338210187 0.076721693086641396 -0.028383700628735145 -0.0091335985347545563 -0.029865776298302584 -0.026250304942725209 0.02843454547009009 0.081529687894969352 0.062842707138057494 -0.0084240901505952398 -0.01685437454094163 -0.031497605777430743 -0.024778784472384605 -0.030482144611183606 -0.026704228073995692 -0.018862975776882038 -0.021881276010828794 -0.027644862175220476 -0.027818698977765174 0.053056864273649376 -0.01939964118957322 0.022359788708813649 0.0048193990433432789
leaf_weight=129.64267916977406 4.8172952681779888 9.8651025444269198 11.521859325468542 264.08888009190559 254.95722419023514 199.89075841009617 20.976962551474571 27.705344252288342 7.352132335305213 46.152666725218296 59.812425464391708 151.60759361088276 40.494237065315247 5.4365880638361004 5.6719995811581603 4.644356548786166 12.188183404505251 11.724113516509531 403.10881105065346 11.76172638684511 48.128361985087395 12.147315010428427 9.4753053635358793 14.929802641272543 100.45492262393236 44.308594569563866 5.9890136048197737 24.33129604160786 6.567391872406005 5.1908519864082328
leaf_count=826 23 61 70 1385 1194 1297 125 164 33 386 496 1370 334 35 30 29 92 93 3859 103 379 86 68 116 894 390 39 182 46 49
internal_value=-0.000192493 0.0136144 0.0201017 0.0243986 0.0297884 0.0213986 0.0437566 -0.0225349 0.00256396 -0.000936919 -0.012886 -0.0250371 0.000823431 0.0171875 0.0321855 -0.0144981 0.0134926 0.00855973 -0.0297847 0.000453671 -0.0151342 0.00304547 0.0208243 -0.00760741 -0.0201014 -0.0130056 -0.00271882 -0.0227392 -0.0100071 -0.0310179
internal_weight=1954.94 1208.43 1035.23 923.061 739.914 463.98 275.934 746.514 183.147 175.795 321.635 173.197 111.071 53.7437 33.3773 57.3268 16.8325 21.5892 424.879 16.579 112.172 33.1445 20.9972 20.3664 210.565 110.11 65.8014 79.027 30.8987 408.3
internal_count=14254 7601 6077 5246 4001 2682 1319 6653 1245 1212 2619 1524 800 345 194 455 121 154 4034 126 831 224 138 151 1819 925 535 607 228 3908
is_linear=0
shrinkage=0.03


Tree=15
num_leaves=31
num_cat=0
split_feature=41 29 35 13 11 6 0 29 48 4 29 0 19 0 35 11 41 27 20 0 24 34 14 50 7 24 34 0 29 28
split_gain=634.869 375.372 129.001 110.549 73.4119 66.1309 66.0107 77.9892 44.387 43.28 42.3598 38.7502 51.3549 38.2824 38.007 36.4906 39.2496 27.5981 20.5829 18.7 18.4126 26.7133 21.0746 18.3902 17.5728 14.5091 13.3866 13.1935 12.374 32.5641
threshold=0.9014335870742799 0.95358765125274669 0.65606454014778148 33.799217224121101 0.62500000000000011 13.226967871189119 5.0197947025299081 0.98712700605392467 0.23378896713256839 0.98343965411186229 0.98872917890548717 12.854410171508791 0.035301359370350845 3.9954383373260502 0.75928473472595226 0.62500000000000011 0.98241087794303905 0.98053526878356945 0.030774574726819996 7.2464387416839608 0.27476188540458685 0.51513478159904491 6.3730554580688485 0.26444309949874883 4.7267396450042733 0.22635276615619662 0.48759436607360845 13.625747203826906 0.99943783879280101 0.63570892810821544
decision_type=2 2 2 2 2 2 2 2 2 2 2 2 2 2 2 2 2 2 2 2 2 2 2 2 2 2 2 2 2 2
left_child=1 5 3 4 13 11 28 24 10 -10 -5 12 18 -3 20 16 25 -14 -1 -17 21 -4 -22 -16 -8 -9 -18 -26 -2 -30
right_child=6 2 14 8 -6 -7 7 15 9 -11 -12 -13 17 -15 23 19 26 -19 -20 -21 22 -23 -24 -25 27 -27 -28 -29 29 -31
leaf_value=-0.016044360946463831 -0.030580875479819934 -0.024557858579747092 0.015794861807288584 -0.015769451159215485 -0.026408804128576661 0.062500676700133956 -0.024241317451967868 0.0097086935763671372 0.050973243360619293 0.031093547349092181 0.031716550540771389 -0.029495639982543904 -0.025488800687346075 0.024108135013484026 0.025741489686051403 -0.01848470187396796 -0.024975354600023616 0.0023124451273370409 0.047649457435082684 0.029765344048177555 -0.00020251502648495253 -0.021030037189383888 0.031523187162329359 -0.029050313692766207 0.026123890395641558 0.053589676117221985 0.015413331209874174 -0.025791378329285027 0.047417279349625294 -0.028665112613829213
leaf_weight=5.3914896473288563 402.95588434487581 15.235783711075781 35.464402787387371 25.022639483213425 37.730780325829983 8.555898964405058 207.12155643105507 9.7876496911048871 205.6281685680151 206.19010169804096 47.780253410339355 135.53642490506172 81.914328455924988 149.80572436004877 5.52169495075941 42.601452440023422 13.148522391915323 51.916786193847656 17.844174757599831 7.6954993531107894 30.731989584863186 33.483280673623085 46.911459356546402 40.01610105484724 10.881635129451753 27.639027953147888 14.429951526224611 6.0083537623286238 6.0499203652143505 16.986339762806892
leaf_count=40 3939 109 223 148 311 35 1879 62 973 985 227 1286 681 843 33 330 96 402 110 44 178 219 247 303 72 150 97 46 30 162
internal_value=-0.000224073 0.0135663 0.0234596 0.0295262 0.0108361 -0.0152987 -0.0214931 -0.0115561 0.0373018 0.0411265 0.0153623 -0.0177889 -0.00754524 0.0194766 0.00169839 0.00842476 0.0231338 -0.0147445 0.0326943 -0.0106076 0.00915815 -0.00209063 0.0190848 -0.0219317 -0.0218456 0.0427435 -0.00393784 0.00707879 -0.0293556 -0.00741764
internal_weight=1945.99 1180.68 879.522 687.393 202.772 301.159 765.306 339.314 484.621 411.818 72.8029 292.603 157.067 165.042 192.129 115.302 65.0052 133.831 23.2357 50.297 146.591 68.9477 77.6434 45.5378 224.012 37.4267 27.5785 16.89 425.992 23.0363
internal_count=14260 7353 4799 3596 1263 2554 6907 2776 2333 1958 375 2519 1233 952 1203 779 405 1083 150 374 867 442 425 336 1997 212 193 118 4131 192
is_linear=0
shrinkage=0.03


Tree=16
num_leaves=31
num_cat=0
split_feature=41 29 35 13 11 0 29 0 7 6 11 0 23 4 18 11 24 41 35 31 28 14 23 33 24 29 7 29 30 24
split_gain=608.911 359.525 108.168 110.335 74.9045 66.501 74.1828 56.8959 60.9601 44.5516 70.4333 40.4454 37.3622 35.7444 35.5792 34.4487 29.3165 28.4499 24.4543 24.0013 23.1139 21.5524 18.0988 24.3429 17.0787 23.1129 48.4746 15.8941 18.4535 14.2056
threshold=0.90580332279205333 0.9530392885208131 0.67722371220588695 33.799217224121101 0.62500000000000011 5.0197947025299081 0.98712700605392467 12.724411010742189 4.6109647750854501 13.226967871189119 0.62500000000000011 3.8631241321563725 0.73546344041824352 0.86736136674880993 0.33984375000000006 0.62500000000000011 0.27255500853061682 0.98241087794303905 0.72416186332702648 0.035084281116724021 0.53462299704551708 4.8203964233398446 0.3411738276481629 61.844129562377937 0.32063111662864691 0.9640149474143983 2.8587614297866826 0.99745002388954174 0.25390625000000006 0.22451821714639666
decision_type=2 2 2 2 2 2 2 2 2 2 2 2 2 2 2 2 2 2 2 2 2 2 2 2 2 2 2 2 2 2
left_child=1 7 3 4 11 22 24 8 13 10 -5 -3 16 18 -15 17 20 29 -1 -10 -4 -18 23 -2 -7 -26 -27 -17 -29 -8
right_child=5 2 12 9 -6 6 15 -9 19 -11 -12 -13 -14 14 -16 27 21 -19 -20 -21 -22 -23 -24 -25 25 26 -28 28 -30 -31
leaf_value=0.066194990688086486 0.050212534753688351 -0.02940442083115391 0.02761713688867154 0.034640760128882675 -0.026353364793221846 -0.024859149437539075 0.0075377804712025501 -0.029440457033446058 0.0034887359082634941 0.075522053949945211 -0.031911929177100416 0.022084327132876797 -0.032703455747850919 0.014160375478241456 -0.025118814776866321 -0.026240850000160246 -0.0049589187260648876 -0.00097707376012223421 -0.00996315705418932 0.06186723036217872 -0.017659780743975093 0.031678022752616983 -0.030491012195354859 -0.022374295647513708 -0.021391055600469298 -0.028642070194451051 0.085309011056232883 0.032405322778020662 -0.018958241605985839 0.049870537935469021
leaf_weight=7.4882559999823552 5.1260104477405575 14.067033685743807 11.748025260865687 495.06569745391607 41.679412014782429 183.58156468719244 10.258453220129011 137.03438813239336 10.967049367725851 22.747997805476189 13.946223139762877 164.53903198242188 25.671610936522484 25.714687839150429 94.355387538671494 25.731637515127659 20.585051707923412 26.861001886427402 6.3394998237490654 14.836968474090098 48.996058329939842 44.704410135746002 399.39695333689451 11.935878790915011 17.723709523677829 5.7487486675381643 5.915068656206131 11.833827845752241 11.369803123176096 27.735432252287865
leaf_count=52 24 103 73 2377 351 1687 64 1326 75 97 74 920 206 186 794 208 124 188 48 79 341 244 4005 109 157 54 43 76 84 149
internal_value=6.77446e-05 0.0132776 0.0226807 0.0273365 0.00940882 -0.0212548 -0.0110594 -0.0153304 -0.0030966 0.034726 0.0327524 0.0178712 -0.000408123 -0.0113061 -0.0166344 0.00842935 0.00635211 0.022636 0.0327599 0.0382233 -0.00854909 0.020181 -0.0292013 0.000839964 -0.0214771 -0.000128355 0.0310822 -0.0104152 0.00736975 0.0390039
internal_weight=1943.7 1200.49 903.751 752.045 220.285 743.218 326.759 296.736 159.702 531.76 509.012 178.606 151.705 133.898 120.07 113.79 126.034 64.8549 13.8278 25.804 60.7441 65.2895 416.459 17.0619 212.969 29.3875 11.6638 48.9353 23.2036 37.9939
internal_count=14318 7470 4910 3922 1374 6848 2710 2560 1234 2548 2451 1023 988 1080 980 769 782 401 100 154 414 368 4138 133 1941 254 97 368 160 213
is_linear=0
shrinkage=0.03


Tree=17
num_leaves=31
num_cat=0
split_feature=41 29 24 23 0 9 29 0 12 16 5 23 24 29 23 16 27 29 22 37 13 21 44 29 47 39 49 30 12 34
split_gain=562.3 335.071 117.193 94.6812 109.508 69.0542 59.4227 64.1965 55.1606 46.7562 46.0603 47.8506 36.6689 36.576 41.8335 78.385 29.2284 27.831 25.3845 31.6224 24.8949 24.3329 20.7727 20.2292 48.6415 20.7872 19.3838 18.0758 16.345 13.3334
threshold=0.91376093029975902 0.9530392885208131 0.27212218940258032 0.53117024898529064 6.1927027702331552 0.84105587005615245 0.9910435974597932 5.0197947025299081 1.8366305232048037 0.32714843750000006 0.13833476603031161 0.49557372927665716 0.23635489493608478 0.90787160396575939 0.69282349944114696 0.26464843750000006 0.90873947739601146 0.9963379204273225 0.37766580283641821 0.1672831475734711 32.168743133544929 66.536457061767592 0.12390350922942163 0.94822731614112865 0.850785791873932 0.97856903076171886 0.65574270486831676 0.29296875000000006 1.2638591527938845 0.47061470150947576
decision_type=2 2 2 2 2 2 2 2 2 2 2 2 2 2 2 2 2 2 2 2 2 2 2 2 2 2 2 2 2 2
left_child=1 8 3 4 12 10 20 18 13 -6 11 -4 -3 -1 15 -15 -12 21 19 -8 -2 -5 28 -22 25 -25 -24 29 -7 -9
right_child=6 2 5 17 9 22 7 27 -10 -11 16 -13 -14 14 -16 -17 -18 -19 -20 -21 23 -23 26 24 -26 -27 -28 -29 -30 -31
leaf_value=-0.0333333156048072 -0.032085622606354974 0.013530931214341978 0.04917466903348041 -0.014895848852724304 0.059937768559865455 0.035501503923154272 0.046238956455079118 0.001504871620007654 0.058148397878095531 0.024453649384324823 0.04861896552922311 0.008402002074164229 -0.026180178228225263 0.068083863870111824 -0.031214829865480052 -0.0085005823607411171 0.0021175661593733791 0.039425965299848383 -0.027154520682960516 -0.02799099154124228 -0.029962695298246717 0.028214577963369295 -0.0075465748139989302 0.040859459433900062 -0.022248203397922363 -0.027204830840232185 0.034370432758637874 -0.014346883915568258 0.053737630414129385 0.028087856270763486
leaf_weight=91.357897199690342 336.36200003325939 37.500105127692223 66.722370766103268 143.67089702188969 44.603634066879749 90.317609384655952 9.4792352467775363 28.524884328246117 7.9239249527454367 139.94935976713896 12.611604392528532 43.054316490888596 44.901948697865009 12.263041563332079 59.589627377688885 128.04763133078814 117.27065823227167 9.3325814902782422 116.084262765944 9.2113558948039991 57.206622667610645 11.86759092658758 12.920089058578013 19.868297711014751 53.563926540315151 4.2090290859341613 36.569470167160034 19.562547698616982 116.54606721550226 42.337474808096886
leaf_count=880 3445 266 336 963 203 411 67 185 32 668 64 243 339 79 553 1073 639 48 1154 88 534 68 79 164 485 38 191 148 540 252
internal_value=-0.000124852 0.0120912 0.0209898 0.00952058 0.0205345 0.0309296 -0.0216393 -0.00889022 -0.0154738 0.0333226 0.0192039 0.0334309 -0.00812665 -0.0176791 -0.0103797 -0.0013515 0.00699276 -0.00831109 -0.0219528 0.00993992 -0.0276942 -0.0114281 0.0417628 -0.0165628 -0.00639604 0.0282309 0.0234351 0.0105735 0.0459992 0.0175988
internal_weight=1923.43 1227.02 927.838 431.826 266.955 496.012 696.41 225.2 299.182 184.553 239.659 109.777 82.4021 291.258 199.9 140.311 129.882 164.871 134.775 18.6906 471.21 155.538 256.353 134.848 77.6413 24.0773 49.4896 90.4249 206.864 70.8624
internal_count=14235 7675 5058 2555 1476 2503 6560 1894 2617 871 1282 579 605 2585 1705 1152 703 1079 1309 155 4666 1031 1221 1221 687 202 270 585 951 437
is_linear=0
shrinkage=0.03


Tree=18
num_leaves=31
num_cat=0
split_feature=41 29 35 14 13 4 29 6 13 24 6 23 21 13 37 32 24 29 22 20 1 29 47 29 22 24 24 1 24 27
split_gain=532.154 329.642 103.875 94.4018 73.6196 73.173 57.1556 55.2986 51.5717 40.1116 38.1755 32.2068 37.9282 30.4667 30.0269 30.2856 29.5573 26.1729 23.9376 40.5794 24.8513 23.762 54.1164 23.0894 21.194 20.0504 19.2225 18.8343 15.802 13.3794
threshold=0.90966805815696727 0.9530392885208131 0.69927394390106212 8.0319199562072772 25.872655868530277 0.95220488309860241 0.9910435974597932 13.226967871189119 31.853243827819828 0.29251110553741461 0.12736423313617709 0.51557508111000072 56.318840026855476 32.168743133544929 0.17107965052127841 0.057384574785828597 0.33669751882553106 0.9940834939479829 0.708166003227234 0.033921347931027419 0.81012374162673961 0.94665405154228222 0.84210962057113659 0.99943783879280101 0.39754435420036321 0.2630107998847962 0.31786529719829565 0.74411585927009594 0.21503673493862155 0.95176291465759288
decision_type=2 2 2 2 2 2 2 2 2 2 2 2 2 2 2 2 2 2 2 2 2 2 2 2 2 2 2 2 2 2
left_child=1 7 3 4 24 27 13 11 14 -6 -7 12 -1 -2 15 23 -14 26 20 -20 -13 -15 25 -8 -3 -23 -4 -5 -10 -19
right_child=6 2 17 5 9 10 8 -9 28 -11 -12 18 16 21 -16 -17 -18 29 19 -21 -22 22 -24 -25 -26 -27 -28 -29 -30 -31
leaf_value=0.055219526260663815 -0.031932550848530798 0.024014696548439452 -0.015480783471865508 0.054548984417152273 0.012462969311177623 0.011032783462132791 -0.013291321927863186 0.056650948089075719 -0.0065185542891381728 0.031143280017918114 0.051223331019903465 -0.025866071136835461 -0.021768455753354461 -0.029791620172799359 -0.027737713986455501 0.059240032994198638 0.057500336971962593 0 0.079150026352569541 -0.021853011251684085 0.047522973521471612 -0.0048951266528806294 -0.021174770879659199 0.033863504089527555 -0.02918039978220259 0.048437507351158579 0.022111793482793695 0.032867632523916501 0.032622591030802596 0.063782612415565126
leaf_weight=9.6757416874170286 328.6972499191761 7.2986717969179145 92.198453336954117 138.73647866398096 273.80730879306793 106.44583743810654 82.24623154848814 8.2060367017984372 12.727672368288038 168.64827552437782 25.987410426139832 226.47277113050222 27.157314799726013 56.546507470309734 90.217368602752686 5.4357869550585738 3.9913314878940573 5.3360361531376821 4.6203565448522559 8.9617231637239438 3.3176358789205542 9.3416636288166064 56.197916805744171 9.5365675985813123 37.910063162446022 17.15799131244421 13.138274461030958 58.277203798294067 29.658314533531666 5.8046919330954552
leaf_count=56 3451 48 665 645 1525 518 722 33 80 813 121 2116 233 540 892 39 23 34 27 79 24 82 515 60 299 133 74 267 154 28
internal_value=-2.16051e-05 0.0118779 0.0205806 0.0243558 0.0159111 0.0367611 -0.0209207 -0.0158737 -0.0085992 0.0196442 0.0192667 -0.0181696 0.00630186 -0.0269346 -0.0153662 -0.00368964 -0.0100452 -0.00585975 -0.0222958 0.0153721 -0.0245922 -0.0149714 -0.00456702 -0.00804726 -0.0201936 0.0300333 -0.0105999 0.0483491 0.0209208 0.0358936
internal_weight=1923.75 1225.99 933.589 817.111 487.664 329.447 697.763 292.403 229.822 442.456 132.433 284.197 40.8244 467.941 187.436 97.2186 31.1486 116.477 243.372 13.5821 229.79 139.244 82.6976 91.7828 45.2087 26.4997 105.337 197.014 42.386 11.1407
internal_count=14296 7628 5037 4236 2685 1551 6668 2591 1947 2338 639 2558 312 4721 1713 821 256 801 2246 106 2140 1270 730 782 347 215 739 912 234 62
is_linear=0
shrinkage=0.03


Tree=19
num_leaves=31
num_cat=0
split_feature=41 29 35 13 11 29 0 19 6 6 0 13 0 19 35 29 22 49 28 5 24 27 25 16 31 24 29 37 39 21
split_gain=510.321 300.744 107.793 87.8511 63.1166 60.0222 65.7547 47.6721 44.7269 38.819 33.5321 29.2306 29.0687 30.1691 28.4019 27.5154 26.3367 31.2252 22.2445 22.1243 21.7856 19.3541 18.796 27.1071 25.0422 17.7302 21.0947 16.5589 16.4946 15.9585
threshold=0.9039759933948518 0.94570326805114757 0.67722371220588695 33.799217224121101 0.62500000000000011 0.9910435974597932 5.0197947025299081 0.12583475559949878 13.226967871189119 13.226967871189119 3.8631241321563725 32.168743133544929 12.614737033843996 0.035301359370350845 0.75928473472595226 0.9840834140777589 0.37766580283641821 0.18534722179174426 0.52969026565551769 0.092497631907463088 0.30533660948276525 0.98053526878356945 0.12262799590826036 0.36035156250000006 0.028423626907169822 0.31449700891971594 0.9640149474143983 0.16064146906137469 0.95340165495872509 52.085144042968757
decision_type=2 2 2 2 2 2 2 2 2 2 2 2 2 2 2 2 2 2 2 2 2 2 2 2 2 2 2 2 2 2
left_child=1 8 3 4 10 11 16 9 12 -5 -3 -2 13 20 22 25 17 -7 28 29 -1 -15 24 -24 -4 -13 -27 -17 -8 -20
right_child=5 2 14 7 -6 6 18 -9 -10 -11 -12 15 -14 21 -16 27 -18 -19 19 -21 -22 -23 23 -25 -26 26 -28 -29 -30 -31
leaf_value=0.051162264388761827 -0.03143228375192255 -0.027332876444470584 -0.014540827773264518 0.029985128791214212 -0.025306212727401047 0.042643392984593513 0.010999502069665781 -0.022350571992373142 0.053059893849404037 0.068400253976176564 0.019297134473737619 -0.0237016684627986 -0.030904742332100422 -0.026252145843747767 -0.019212248991375209 0.056342474298768722 -0.026527092304702599 -0.03018898537421371 0.063973624278261601 -0.010194629953306127 -0.015240641876225354 0.0010820134728104548 -0.013666172241388207 0.018488705558619378 0.050370117393462518 -0.014001760728749016 0.044321810170410827 -0.012823554909198752 0.050169790262881681 -0.0050069002771682431
leaf_weight=10.543442912399771 322.98810318112373 14.164113923907278 7.2122103795409229 523.0281513556838 40.377379633486271 10.920938991010191 24.301327563822269 14.274500876665114 6.7382762581109992 24.690298423171043 172.9549345895648 116.65814242511988 117.54711316525936 61.085137091577053 56.909283764660358 6.4533501416444761 116.78710440546274 8.5635569617152196 6.1343383789062482 47.077181249856949 6.5369953811168662 36.879887439310551 53.028745546936989 40.883861526846886 15.788688436150549 16.754189349710945 7.1356362104415885 4.7197684049606323 16.275506481528282 4.8666819185018539
leaf_count=60 3472 106 48 2490 345 76 146 81 27 102 944 1102 1215 546 450 47 1201 87 32 323 48 302 345 247 88 148 50 39 89 36
internal_value=-1.84065e-05 0.0118819 0.0193587 0.0240625 0.00826817 -0.0201788 -0.00771425 0.0304247 -0.0181551 0.0318438 0.015625 -0.0263119 -0.0204494 -0.00956661 -0.00200385 -0.0152573 -0.0211618 0.0105756 0.0108566 -0.00106797 0.0261454 -0.0160247 0.00643903 0.000347817 0.0301337 -0.0189102 0.00437915 0.0282255 0.0276118 0.0353333
internal_weight=1912.28 1202.64 963.312 789.489 227.496 709.636 234.927 561.993 239.331 547.718 187.119 474.709 232.593 115.045 173.823 151.721 136.272 19.4845 98.655 58.0782 17.0804 97.965 116.914 93.9126 23.0009 140.548 23.8898 11.1731 40.5768 11.001
internal_count=14292 7444 5246 4068 1395 6848 1990 2673 2198 2592 1050 4858 2171 956 1178 1386 1364 163 626 391 108 848 728 592 136 1300 198 86 235 68
is_linear=0
shrinkage=0.03


Tree=20
num_leaves=31
num_cat=0
split_feature=41 29 24 23 0 29 0 6 11 9 5 24 23 18 23 21 41 19 20 21 5 6 4 22 20 1 29 7 38 10
split_gain=487.707 284.099 85.9749 83.0751 75.5436 83.5632 72.6724 53.5731 45.0182 44.0305 40.1807 37.8097 36.1002 35.6204 33.727 39.5279 32.5247 31.2324 30.4987 29.8223 27.888 25.9776 34.8814 25.5752 45.9705 23.9719 23.239 21.3983 24.0684 22.1689
threshold=0.8950297236442567 0.95358765125274669 0.27212218940258032 0.52620020508766185 5.0197947025299081 0.9840834140777589 6.1927027702331552 13.226967871189119 0.62500000000000011 0.84105587005615245 0.13833476603031161 0.23635489493608478 0.49557372927665716 0.20703125000000003 0.51557508111000072 56.318840026855476 0.98241087794303905 0.12039494141936304 0.038206029683351524 66.536457061767592 0.15594989806413653 0.13263487815856936 0.98343965411186229 0.708166003227234 0.033921347931027419 0.81012374162673961 0.97900760173797619 4.3931448459625253 0.46875000000000006 0.62500000000000011
decision_type=2 2 2 2 2 2 2 2 2 2 2 2 2 2 2 2 2 2 2 2 2 2 2 2 2 2 2 2 2 2
left_child=1 7 3 6 -2 27 11 14 16 10 12 -3 -4 26 15 -1 -7 -8 -12 -15 -17 22 -11 25 -25 -16 -5 -6 -29 -30
right_child=4 2 9 13 5 8 17 -9 -10 21 18 -13 -14 19 23 20 -18 -19 -20 -21 -22 -23 -24 24 -26 -27 -28 28 29 -31
leaf_value=0.061126519974803305 -0.02885610514199553 0.018074154004242497 0.045235944434772767 -0.0082068784045643082 -0.025145458412825415 0.036717539448444858 0.03309636828572661 0.05435120514315249 -0.012316003274300233 0.044501550981018587 0.01793002706222057 -0.024318752405662995 0.0092270229550955891 -0.017859861233151145 -0.025803305386083296 -0.032368875559380256 -0.0022856047173640389 -0.026189509906880942 -0.013185245782017459 0.035212343052609785 0.023921369238576792 0.05775743345187017 0.019554412922471898 0.07798707371287382 -0.027045357772045458 0.041029386357954195 0.048063027616383598 -0.02356641475380997 0.053015246081030719 -0.020132890398335115
leaf_weight=8.6441956833004934 383.14678974449635 34.245396614074707 67.289927735924721 10.938141293823721 180.94833359867334 52.326022684574127 172.68645378947258 8.7211609333753568 53.95119883865118 103.60972078889608 76.779793322086334 39.899963662028313 40.92915191501379 121.93981013447046 211.2601407840848 17.445078156888489 29.712564051151276 7.615024045109748 43.623933576047421 9.3743482306599599 12.901605524122713 45.666418105363846 104.01491933315992 5.3955894112586966 8.1611329615116102 4.0470048189163199 14.486337624490259 15.215525202453138 9.7879083603620511 4.9656610488891593
leaf_count=47 4146 227 327 80 1770 286 785 35 421 470 394 300 220 802 2043 159 216 38 232 52 97 215 482 30 75 29 71 128 61 40
internal_value=-0.000455351 0.0115489 0.0197735 0.0096513 -0.0196818 -0.00948665 0.0202084 -0.0149745 0.00879645 0.0283661 0.0186622 -0.00471893 0.0318538 -0.00748731 -0.0174366 0.00812723 0.0226979 0.0304452 0.00661608 -0.0138109 -0.00834222 0.0370054 0.0321717 -0.0218213 0.0170373 -0.0243493 0.0243466 -0.0212748 0.00205611 0.0284899
internal_weight=1899.73 1169.68 893.099 411.185 730.054 346.907 254.447 276.576 135.99 481.914 228.623 74.1454 108.219 156.739 267.855 38.9909 82.0386 180.301 120.404 131.314 30.3467 253.291 207.625 228.864 13.5567 215.307 25.4245 210.917 29.9691 14.7536
internal_count=14278 7210 4695 2355 7068 2922 1350 2515 923 2340 1173 527 547 1005 2480 303 502 823 626 854 256 1167 952 2177 105 2072 151 1999 229 101
is_linear=0
shrinkage=0.03


Tree=21
num_leaves=31
num_cat=0
split_feature=41 29 35 0 29 48 20 30 6 6 44 23 28 5 23 37 13 37 35 0 22 23 19 33 35 5 19 22 0 27
split_gain=441.417 267.484 100.454 98.0888 58.136 52.6781 61.1352 45.99 40.7481 38.62 38.2798 38.2054 28.2954 33.3948 24.2303 27.456 24.0994 25.0443 45.0772 23.6266 21.8519 20.0175 19.8308 18.6044 17.9013 19.558 17.8039 16.8829 11.8173 11.6961
threshold=0.91953763365745556 0.94424858689308178 0.67722371220588695 4.8832900524139413 0.99318701028823864 0.23278760164976123 0.042494991794228561 0.30859375000000006 13.226967871189119 0.15542897582054141 0.08856209367513658 0.72779443860054027 0.64202019572258007 0.17602343857288363 0.3411738276481629 0.15280535817146304 32.30980300903321 0.11935787275433542 0.71617454290390026 4.8832900524139413 0.75322845578193676 0.47358071804046636 0.035634825006127364 60.340000152587898 0.60800582170486461 0.31925007700920111 0.044705623760819442 0.39754435420036321 12.988608360290529 0.96154338121414196
decision_type=2 2 2 2 2 2 2 2 2 2 2 2 2 2 2 2 2 2 2 2 2 2 2 2 2 2 2 2 2 2
left_child=1 8 3 9 16 6 -5 19 20 27 -7 12 26 -14 15 -9 -2 18 22 -6 21 23 -18 -1 -21 -26 -4 -3 -23 -20
right_child=4 2 11 5 7 10 -8 14 -10 -11 -12 -13 13 -15 -16 -17 17 -19 29 24 -22 28 -24 -25 25 -27 -28 -29 -30 -31
leaf_value=0.052919798397493785 -0.030862662912763808 0.015456062682383183 0.035094395694705856 -0.011162133479656241 -0.013134957692022919 0.033436823808970811 0.034197259976046362 0.061104380364051442 0.050233260435398955 0.05178320726812604 0.018256760691597904 -0.027949115795403327 0.011952263119161494 -0.021125780043088422 -0.029996835788158746 -0.020714671493151027 0.084547142461072186 -0.024467704160684223 -0.027738430757206018 0.0043072578266430545 0.027044044731201596 -0.018045598256702679 0.00063265853689662864 -0.011610319217237172 0.048913772713362474 -0.010470810967732365 -0.0061138483563496831 -0.027275000789240712 -0.033025287360196144 0.01164983012786455
leaf_weight=4.6786688044667271 326.28306129574776 9.0933604314923269 32.933810964226723 72.550637379288673 35.855602972209454 394.64618326723576 41.016412429511547 5.217487394809722 6.4866522699594489 6.4107667729258528 249.87162903696299 41.42272812128067 55.353048473596573 52.565403245389462 71.497569993138313 8.1617199033498746 6.3927097916603071 77.878692850470543 19.262697070837024 43.446729950606823 7.3244971334934226 102.93591026961803 3.9904917776584625 12.80163801461458 20.473284050822262 5.9965243116021147 12.542665690183638 52.305200673639774 99.008706137537956 9.3842340409755689
leaf_count=24 3647 62 197 411 373 1887 215 25 26 36 1267 353 351 364 747 78 46 761 188 272 53 928 33 103 117 40 86 420 1089 84
internal_value=-0.000317365 0.00999356 0.0166175 0.0211841 -0.0207041 0.0242768 0.00534939 -0.00678395 -0.0189293 -0.013198 0.0275937 -0.00273547 0.00419071 -0.00417803 -0.0231094 0.0130142 -0.0266567 -0.0147306 0.00474915 0.00638207 -0.0211329 -0.0228701 0.0554492 0.00742805 0.0164774 0.03546 0.0237774 -0.020752 -0.0255311 -0.0147766
internal_weight=1887.79 1253.95 1020.71 825.894 633.841 758.085 113.567 190.649 233.236 67.8093 644.518 194.818 153.395 107.918 84.8768 13.3792 443.192 116.909 39.0301 105.772 226.749 219.425 10.3832 17.4803 69.9165 26.4698 45.4765 61.3986 201.945 28.6469
internal_count=14283 7872 5649 4298 6411 3780 626 1652 2223 518 3154 1351 998 715 850 103 4759 1112 351 802 2197 2144 79 127 429 157 283 482 2017 272
is_linear=0
shrinkage=0.03


Tree=22
num_leaves=31
num_cat=0
split_feature=0 23 11 6 0 49 28 38 18 6 20 27 27 6 25 49 22 49 23 28 18 49 17 33 40 34 14 36 25 13
split_gain=366.795 333.233 99.9543 96.1253 81.3133 70.6254 70.3662 89.7014 59.9675 56.4043 49.0733 76.2889 48.5687 26.907 26.3038 26.2817 34.5677 25.3547 17.5626 22.0981 16.3314 11.778 10.8605 15.2007 9.30368 7.94173 7.64123 6.92549 6.3577 5.79584
threshold=4.8832900524139413 0.54794976115226757 0.62500000000000011 13.226967871189119 12.854410171508791 0.21204481273889544 0.87913566827774059 0.46875000000000006 0.73046875000000011 13.226967871189119 0.042068898677825935 0.98053526878356945 0.97607484459877025 0.059518700465559966 0.12651707231998446 1.1649433970451357 0.39754435420036321 0.9196070432662965 0.3411738276481629 0.60882267355918895 0.19921875000000003 0.10953776165843011 1.0078125000000002 36.595453262329109 0.73801746964454662 0.72306004166603099 4.4973812103271493 0.33739732205867773 0.17692825198173526 43.90977859497071
decision_type=2 2 2 2 2 2 2 2 2 2 2 2 2 2 2 2 2 2 2 2 2 2 2 2 2 2 2 2 2 2
left_child=9 2 8 14 5 22 7 -7 10 15 11 -2 -12 -10 20 18 -17 -8 19 -1 -4 -6 29 -24 -15 27 -18 -20 -16 -3
right_child=1 4 3 -5 21 6 17 -9 13 -11 12 -13 -14 24 28 16 26 -19 25 -21 -22 -23 23 -25 -26 -27 -28 -29 -30 -31
leaf_value=0.043374963553634488 0.029017759953925568 -0.027349240422836575 -0.017111842407998165 0.062551116713069149 0.02498121279659778 -0.013697987778436196 -0.022067299451479588 0.022086917375423318 0.033872636729234525 0.070354404833908257 0.02908284077403216 0.00045690214323039496 0.065449180350269753 0.0089624738949877596 -0.014708534188166615 0.071400070710351607 -0.032179760104167433 0.014865172388968523 -0.029985164008409931 -0.023279304521086237 0.038785046239685449 -0.029699757171401005 0.037694288195044293 -0.01594317850988556 -0.031634847688255037 0.0072861645725318305 0.0092555829156155296 0.013974974999732144 -0.033507216409046393 -0.0061850741255909886
leaf_weight=6.1689858809113529 357.96444401144981 103.47996878623962 7.5403055399656322 14.541302233934401 2.8607838675379744 89.913221053779125 100.27133499830961 205.13289842754602 8.4296097382903081 4.5768490880727759 97.104242876172066 110.2752720490098 52.403864495456219 5.7134929820895222 31.21342459321022 4.5948935300111797 8.6753305420279485 19.208006650209427 371.72172483801842 10.907487057149408 9.6603459939360601 138.02911470830441 5.4117611572146442 17.363157175481319 24.923672400414944 4.8262664750218383 6.0697606727480879 2.6215990185737601 42.433148711919785 14.300471238791941
leaf_count=30 1778 1054 59 60 20 685 798 1293 45 21 484 560 249 38 234 23 64 119 4111 111 54 1429 41 152 192 50 40 19 359 121
internal_value=-0.000246225 0.00687077 0.0205638 -0.00648274 -0.00812907 -0.0029367 0.00329733 0.0111622 0.0249114 -0.0249105 0.0271913 0.0223131 0.0421996 -0.0108448 -0.0181259 -0.0261332 0.0075497 -0.0160309 -0.0277997 0.00170146 0.0145226 -0.0284001 -0.0212367 -0.00202231 -0.0239251 -0.0291372 -0.015428 -0.0296329 -0.0258838 -0.0248785
internal_weight=1878.34 1458.17 762.203 105.389 695.971 555.081 414.525 295.046 656.815 420.163 617.748 468.24 149.508 39.0668 90.8472 415.586 19.34 119.479 396.246 17.0765 17.2007 140.89 140.555 22.7749 30.6372 379.17 14.7451 374.343 73.6466 117.78
internal_count=14293 9824 4112 766 5712 4263 2895 1978 3346 4469 3071 2338 733 275 706 4448 127 917 4321 141 113 1449 1368 193 230 4180 104 4130 593 1175
is_linear=0
shrinkage=0.03


Tree=23
num_leaves=31
num_cat=0
split_feature=0 29 11 23 6 23 6 7 44 24 6 29 29 23 22 22 44 23 29 28 29 14 34 24 6 29 23 33 9 13
split_gain=357.871 357.137 146.828 98.0249 95.4908 58.2851 53.8229 51.978 46.3479 43.7779 42.9011 42.9013 42.2168 36.8261 24.4 19.0146 36.7206 30.0263 16.1229 22.8035 9.66727 8.18476 6.8284 6.65914 10.4949 4.23147 4.20631 3.98409 2.87515 2.80841
threshold=4.8832900524139413 0.9640149474143983 0.62500000000000011 0.72779443860054027 13.226967871189119 0.47358071804046636 13.226967871189119 3.7292826175689702 0.23606811463832858 0.3130630254745484 13.226967871189119 0.91642174124717724 0.98983052372932445 0.69282349944114696 0.25258018076419836 0.39754435420036321 0.2419017776846886 0.3411738276481629 0.997378170490265 0.68234103918075573 0.95358765125274669 8.8597054481506365 0.65281525254249584 0.32223851978778845 0.14778108894824984 0.98674380779266369 0.74352878332138073 35.059028625488288 0.77293795347213756 26.754482269287113
decision_type=2 2 2 2 2 2 2 2 2 2 2 2 2 2 2 2 2 2 2 2 2 2 2 2 2 2 2 2 2 2
left_child=6 5 3 7 18 9 15 12 -9 14 11 -7 -3 -13 -2 16 17 -1 29 -20 -16 23 -19 27 -25 -23 28 -17 -5 -4
right_child=1 2 4 26 -6 10 -8 8 -10 -11 -12 13 -14 -15 20 21 -18 22 19 -21 -22 25 -24 24 -26 -27 -28 -29 -30 -31
leaf_value=0.032161417804775036 0.05716974105647251 0.001195049513356338 -0.006031438960087919 -0.021649294741496648 0.060909848140088561 -0.032468681968523962 0.065269129218216038 0.034690806549789677 0.0028953209584287485 0.068528761782279374 0.052437960016988895 -0.0047891698904577373 0.023436267157730496 -0.025823585001799071 -0.024817618695589676 0.0008097569014217438 0.056576835285916803 -0.027486051929675754 0.014209446834853968 -0.026971854759820193 0.014567944197409928 -0.017451523524425954 0.016861792639383817 -0.023954896709717399 0.023636637777222236 0.017770628721859211 -0.031782177463112141 -0.031242016725830143 0.010663368859817892 -0.032446053131775211
leaf_weight=8.4670863449573499 4.6101566702127483 117.5498568341136 4.6928285732865325 3.9142988100647917 13.341893240809439 122.50092014670372 4.9828780591487876 403.51429732888937 46.392588831484318 11.345587119460104 7.1159841567277899 228.99267755448818 222.83406829833984 111.12615052610636 16.12012089043856 3.296603634953498 5.483903005719184 59.483767405152321 22.127687729895115 24.41043446958065 7.44441333413124 6.1516428813338262 2.5694219246506682 14.808711402118208 4.7163978964090338 4.3571440577507019 26.753741845488548 297.76570240408182 3.9890274554491043 61.329051196575165
leaf_count=51 22 766 51 35 55 1329 22 1855 244 48 29 1840 1119 1094 142 33 29 671 140 187 38 56 27 160 50 30 258 3336 25 539
internal_value=0.000124883 0.00709678 0.0179498 0.0225539 -0.0121341 -0.0131569 -0.0245283 0.0247275 0.0314325 0.0214188 -0.0161116 -0.0172833 0.0157902 -0.011726 0.000646736 -0.025792 -0.0119729 -0.018062 -0.0212786 -0.00744108 -0.0121664 -0.0289095 -0.0253639 -0.0297622 -0.0117212 -0.00231191 -0.0262295 -0.0308796 -0.00563736 -0.0307313
internal_weight=1872.19 1460.11 950.85 824.948 125.902 509.256 412.083 790.291 449.907 39.5203 469.736 462.62 340.384 340.119 28.1747 407.1 76.0042 70.5203 112.56 46.5381 23.5645 331.096 62.0532 320.587 19.5251 10.5088 34.6571 301.062 7.90333 66.0219
internal_count=14281 9816 5274 4302 972 4542 4465 3984 2099 250 4292 4263 1885 2934 202 4443 778 749 917 327 180 3665 698 3579 210 86 318 3369 60 590
is_linear=0
shrinkage=0.03


Tree=24
num_leaves=31
num_cat=0
split_feature=41 29 35 13 11 29 16 44 6 0 0 38 13 45 39 21 29 25 24 29 47 24 14 28 11 39 4 31 28 32
split_gain=415.24 241.05 86.6923 77.6944 99.5118 59.5548 47.2105 43.3944 33.2544 31.0576 30.3973 28.8941 24.5681 23.1968 28.0832 21.7264 21.4995 25.3839 28.7074 21.0105 46.4284 20.7326 19.2241 18.3105 17.7415 17.0062 16.7603 11.4889 9.98601 9.36384
threshold=0.91376093029975902 0.94424858689308178 0.67722371220588695 37.113079071044929 0.62500000000000011 0.9910435974597932 0.35253906250000006 0.14379699528217318 13.226967871189119 12.988608360290529 3.8631241321563725 0.46875000000000006 32.168743133544929 0.33670675754547125 0.96274730563163768 38.848484039306648 0.90787160396575939 0.23571166396141055 0.29154577851295477 0.94639942049980175 0.850785791873932 0.26882468163967138 5.6234245300292978 0.65377187728881847 0.62500000000000011 0.97856903076171886 0.84887146949768078 0.044702930375933654 0.62322562932968151 0.058228246867656715
decision_type=2 2 2 2 2 2 2 2 2 2 2 2 2 2 2 2 2 2 2 2 2 2 2 2 2 2 2 2 2 2
left_child=1 8 3 4 10 12 13 9 16 -5 -3 -4 -2 14 27 -16 -1 23 -19 -14 25 -13 -23 -18 29 -21 -9 -7 -6 -8
right_child=5 2 11 7 28 6 24 26 -10 -11 -12 21 19 -15 15 -17 17 18 -20 20 -22 22 -24 -25 -26 -27 -28 -29 -30 -31
leaf_value=-0.03223970380916006 -0.031136674572360093 -0.026236369780004893 -0.017037558481044855 0.035201399445402425 0.0068171597270108384 -0.00040267662872188074 -0.0083084423871079387 0.045344794200933923 0.046969843228456716 -0.00027779842873218457 0.018771274469847575 -0.0083286582835011801 -0.030337492600982979 0.071117936870507534 -0.020463299485983789 0.035001060893146425 0.002672375602643942 -0.011339131403126279 0.043666246530218597 0.037210875491411985 -0.022022575533758349 -0.0050547184927865942 0.029022100606561737 -0.027055097021445592 -0.029117443005110571 -0.022410601958504976 0.0014244371806200482 -0.028703152672119869 -0.031056815772028942 0.038008940380097576
leaf_weight=80.182807259261608 288.27521847188473 13.20561535656452 71.183317385613918 357.47140568494797 6.6633830666542044 51.157548502087593 27.040777780115608 7.9974010586738578 5.9455675035715094 23.476601727306843 315.65700399130583 44.582934908568859 47.390888549387455 3.8586697131395331 7.1573413982987395 30.902694687247276 24.023440331220627 21.778160475194454 12.687686204910277 21.966030307114128 49.204992070794106 21.593765377998352 44.34814764559269 77.283544540405273 72.944081261754036 4.5237159430980673 61.621457912027836 16.383485287427902 48.35805431753397 3.5635499432682982
leaf_count=890 3479 107 552 1598 49 366 256 37 24 152 1579 321 503 25 60 203 223 199 95 177 487 138 257 773 808 42 310 166 420 21
internal_value=0.000259814 0.0103195 0.016506 0.020591 0.0106206 -0.0196672 -0.00673014 0.0290369 -0.0179441 0.0330121 0.0168808 -0.00224718 -0.0263264 0.00696432 0.00394685 0.0242371 -0.0199534 -0.0124929 0.00948533 -0.0148761 -0.00488752 0.00731899 0.0179095 -0.0200191 -0.0211632 0.0264752 0.00708289 -0.00762993 -0.0263767 -0.00178835
internal_weight=1862.43 1238.06 1016.16 834.451 383.884 624.369 213.008 450.567 221.901 380.948 328.863 181.708 411.361 109.46 105.601 38.06 215.956 135.773 34.4658 123.086 75.6947 110.525 65.9419 101.307 103.548 26.4897 69.6189 67.541 55.0214 30.6043
internal_count=14317 7724 5520 4252 2155 6593 1905 2097 2204 1750 1686 1268 4688 820 795 263 2180 1290 294 1209 706 716 395 996 1085 219 347 532 469 277
is_linear=0
shrinkage=0.03


Tree=25
num_leaves=31
num_cat=0
split_feature=41 29 35 13 11 29 0 44 12 23 21 0 4 13 28 16 29 22 25 29 47 12 31 22 33 41 35 25 28 25
split_gain=387.119 225.651 83.4306 72.9397 93.0673 51.714 45.8314 36.7399 33.7804 30.8997 28.6736 27.2556 23.3855 23.3304 22.7278 24.917 21.0586 35.9415 33.8802 20.529 33.4814 19.8629 19.0625 18.3903 23.0351 15.4381 17.993 14.4176 11.3341 10.0196
threshold=0.91376093029975902 0.94424858689308178 0.67722371220588695 37.113079071044929 0.62500000000000011 0.9910435974597932 4.8832900524139413 0.15450928360223773 1.8366305232048037 0.73332297801971447 50.558847427368171 3.8631241321563725 0.84887146949768078 32.168743133544929 0.58662265539169323 0.36035156250000006 0.90787160396575939 0.70482838153839122 0.23571166396141055 0.94822731614112865 0.84570160508155834 1.3598195314407351 0.053900916129350669 0.37766580283641821 61.344505310058601 0.99420139193534862 0.59852957725524913 0.17909986525774005 0.62322562932968151 0.085298147052526488
decision_type=2 2 2 2 2 2 2 2 2 2 2 2 2 2 2 2 2 2 2 2 2 2 2 2 2 2 2 2 2 2
left_child=1 8 3 4 11 13 23 10 16 14 -5 -3 -9 -2 21 -16 -1 18 -18 -15 27 -4 25 24 -7 26 -8 -21 -6 -27
right_child=5 2 9 7 28 6 22 12 -10 -11 -12 -13 -14 19 15 -17 17 -19 -20 20 -22 -23 -24 -25 -26 29 -28 -29 -30 -31
leaf_value=-0.032494150429868085 -0.030872179305488887 -0.024474641554458793 0.035269965135436641 0.042589131413480662 0.0096137794285597166 0.038471871841970276 0.0058410701257871553 0.054001936769861487 0.046220784468402748 -0.029103509089289162 0.025005033638038212 0.017449629665786209 -0.00033786472897425683 -0.029738323602572791 -0.015876400810439516 0.011642358221156161 -0.025659251512759572 0.052575524369320691 0.0089120620927965171 0.039997815842204673 -0.019181903279817787 -0.014791878819965069 -0.025528833992333688 -0.025669358340830842 -0.026619468927299484 0.02759449782318233 0.039161308067111378 -0.0057250480207232755 -0.031977989635206948 -0.016525905320576597
leaf_weight=78.963763915002346 278.82364320755005 13.693608500063418 27.859375990927219 130.34307003766298 6.1537429094314566 9.1192495077848452 33.087536662817001 7.1227364391088477 6.1661592274904242 32.064925990998745 258.12524297088385 315.39054493606091 57.237373307347298 48.75969460606575 65.343938611447811 52.44970791041851 93.509595714509487 6.2032073363661757 34.21161712706089 15.46105954796076 47.9003501906991 8.7489044591784459 12.595783501863478 95.427952259778976 8.4813364371657354 4.9623106047511127 26.06727822124958 9.4357447624206525 46.524837724864483 19.824106439948082
leaf_count=898 3452 112 162 578 44 66 189 32 25 293 1197 1565 288 529 445 338 956 40 295 120 480 60 114 1110 95 30 140 80 414 154
internal_value=-0.000205625 0.00941589 0.0153444 0.019394 0.00968564 -0.0197559 -0.00761246 0.0275328 -0.0181485 -0.00277203 0.0310069 0.0156272 0.00636424 -0.0260697 0.00282907 -0.00360307 -0.0202343 -0.0127962 -0.0163783 -0.0148675 -0.00459829 0.0231509 0.00750897 -0.0205065 0.00719968 0.012744 0.0209808 0.0230013 -0.0269749 -0.00684896
internal_weight=1850.06 1240.11 1021.06 834.591 381.763 609.946 209.566 452.828 219.054 186.467 388.468 329.084 64.3601 400.38 154.402 117.794 212.888 133.924 127.721 121.557 72.7972 36.6083 96.537 113.029 17.6006 83.9412 59.1548 24.8968 52.6786 24.7864
internal_count=14301 7742 5528 4230 2135 6559 1898 2095 2214 1298 1775 1677 320 4661 1005 783 2189 1291 1251 1209 680 222 627 1271 161 513 329 200 458 184
is_linear=0
shrinkage=0.03


Tree=26
num_leaves=31
num_cat=0
split_feature=41 29 11 6 23 38 0 29 2 28 0 7 20 5 49 22 21 25 13 29 47 33 48 14 39 31 36 49 29 28
split_gain=383.574 216.156 85.9494 126.447 88.3794 51.7434 49.5669 48.5834 43.9913 42.2532 35.9825 39.2543 35.2487 26.0908 21.1238 19.5296 25.8921 27.421 19.0699 18.7165 34.8026 18.3547 16.1546 15.8886 15.1415 12.6678 10.9241 10.8366 9.86171 7.29517
threshold=0.92611071467399608 0.94570326805114757 0.62500000000000011 13.226967871189119 0.54118382930755626 0.46875000000000006 4.8832900524139413 0.9910435974597932 0.32812500000000006 0.86965087056159984 12.614737033843996 4.6109647750854501 0.042068898677825935 0.052490727975964553 1.0300911664962771 0.39157915115356451 39.041666030883796 0.17909986525774005 32.168743133544929 0.94822731614112865 0.84570160508155834 52.795833587646491 0.2942690402269364 1.9887439012527468 0.96274730563163768 0.035084281116724021 0.28997182846069341 0.12450695037841798 0.98240610957145702 0.62322562932968151
decision_type=2 2 2 2 2 2 2 2 2 2 2 2 2 2 2 2 2 2 2 2 2 2 2 2 2 2 2 2 2 2
left_child=1 10 4 29 6 26 13 18 27 -7 11 14 -8 -3 23 16 -10 -18 -2 -20 22 24 -21 -1 -17 -13 -6 -9 -22 -4
right_child=7 2 3 -5 5 9 12 8 15 -11 -12 25 -14 -15 -16 21 17 -19 19 20 28 -23 -24 -25 -26 -27 -28 -29 -30 -31
leaf_value=0.0068750016968908128 -0.031145518909817361 0.040651390004751362 -0.0066076165399107335 0.057518177968109541 -0.019604815521504695 0.019405912510987468 0.022309242590508128 0.020710780026648987 -0.025592398568786048 -0.0067195406036363106 -0.030305952696423815 0.0022907636627094914 0.039663493811779783 -0.019809312168949579 0.034902504148320621 -0.0036017503968400217 0.051469230243052944 -0.017866210028144869 -0.030528178265742455 -0.017471708996670401 -0.026044410836633013 -0.019915346992226544 0.042410761103452266 -0.02277808765771076 0.030766271496884483 0.052882448225674977 0.0049702265486444895 -0.031253923040220948 0.014080264151616891 -0.032041339335409709
leaf_weight=19.638053141534328 268.20098614692688 7.0110475271940222 12.99283543974161 18.210209369659424 68.298026025295258 202.68039183318615 407.60864337533712 3.0981261581182471 7.4338771477341643 75.907812424004078 103.79079110175371 7.5843778476119068 146.32066434621811 31.525114871561527 6.6514718756079665 39.433694556355476 19.999005958437923 6.1554260626435271 43.418129153549671 4.7593945115804699 35.654346734285355 41.54167540371418 14.662829540669916 80.568353801965714 15.146078392863272 10.618863150477408 20.585315547883511 60.999542184174061 5.7314589396119109 67.253664456307888
leaf_count=178 3409 37 97 74 512 1148 1843 28 50 448 1232 55 658 231 54 311 118 51 483 44 379 406 115 762 97 54 143 723 49 595
internal_value=2.82846e-06 0.0090555 0.014773 -0.0118088 0.017512 0.00592048 0.0246743 -0.0205514 -0.00828944 0.0122781 -0.017323 -0.00636937 0.026962 -0.00798358 -0.013379 0.001775 0.0211378 0.0349837 -0.0268851 -0.0157016 -0.00474395 -0.00510814 0.0274527 -0.0169266 0.00626348 0.0331766 -0.0138879 -0.0284166 -0.0202157 -0.0280923
internal_weight=1853.48 1287.25 1058.39 98.4567 959.937 367.472 592.465 566.235 193.807 278.588 228.852 125.061 553.929 38.5362 106.858 129.71 33.5883 26.1544 372.427 104.226 60.808 96.1214 19.4222 100.206 54.5798 18.2032 88.8833 64.0977 41.3858 80.2465
internal_count=14384 8121 5786 766 5020 2251 2769 6263 1784 1596 2335 1103 2501 268 994 1033 219 169 4479 1070 587 814 159 940 408 109 655 751 428 692
is_linear=0
shrinkage=0.03


Tree=27
num_leaves=31
num_cat=0
split_feature=41 0 13 11 31 6 29 35 0 23 22 49 13 29 35 14 47 41 29 21 36 5 23 21 3 36 22 41 47 29
split_gain=354.538 184.6 85.3286 119.922 100.609 76.4548 55.1971 40.7537 39.0489 30.9528 24.9756 24.2328 21.3609 19.6865 18.9914 18.5252 17.0576 14.3184 13.6265 13.4066 12.6817 12.053 11.8735 18.1141 9.3986 9.36506 8.60948 9.81763 8.28246 17.9414
threshold=0.91376093029975902 12.988608360290529 61.82704162597657 0.62500000000000011 0.029975064098834995 0.13548291474580768 0.9910435974597932 0.59273186326026928 5.0197947025299081 0.52144470810890209 0.37766580283641821 0.18368119001388553 32.168743133544929 0.97184380888938915 0.62825810909271251 14.26684093475342 0.8891618847846986 0.99683538079261791 0.90787160396575939 51.989999771118171 0.2701068669557572 0.21431376785039905 0.47926136851310736 58.987577438354499 0.15482424199581149 0.27180063724517828 0.70482838153839122 0.83390381932258617 0.82050839066505443 0.94639942049980175
decision_type=2 2 2 2 2 2 2 2 2 2 2 2 2 2 2 2 2 2 2 2 2 2 2 2 2 2 2 2 2 2
left_child=1 2 3 4 7 -6 12 -1 10 18 11 24 -2 28 15 20 21 19 -3 -16 -10 -15 -20 -24 -8 -18 -11 -28 29 -14
right_child=6 9 -4 -5 5 -7 8 -9 14 26 -12 -13 13 16 17 -17 25 -19 22 -21 -22 -23 23 -25 -26 -27 27 -29 -30 -31
leaf_value=0.011866019249564267 -0.030595259904531963 -0.02784449918147611 0.052768661010268843 -0.026468723973118256 0.024975963625724323 0.00098085633612438722 0.059655802213496117 -0.011995568882170134 -0.019503815556950486 -0.030498189879098889 -0.024308706051392494 -0.028917545836986851 -0.026043469731192894 0.056778918357388374 0.045729839509989059 0.048500936638025162 -0.026356721345677611 -0.018224694982993891 0.056375624860429026 -0.0062787703377055254 0.0083408617196858211 -0.0027614057154532979 0.041329436360162328 -0.030365257050357499 0.0025722574408220361 0.018820051119682595 -0.02580307458373033 0.037860902959617679 -0.029801535064391579 0.015143455296702087
leaf_weight=111.79158483445644 265.10730291903019 5.3481191247701672 46.296337358653545 68.935255728662014 571.15306013822556 151.50124334543943 6.7383544668555277 149.13406460732222 31.368746355175972 115.32690630108118 95.767079450190067 6.5186257660388938 24.619856499135494 6.65399167686701 20.731532052159316 4.9865044951438895 11.909220993518831 4.6653211787343016 5.3277725875377682 5.2102617695927611 26.026373632252216 4.7962382361292839 5.0467979907989484 5.6631530746817589 4.2176176384091377 5.1492769345641127 3.7501824647188178 3.0217027589678764 50.755824096500874 14.223404310643671
leaf_count=573 3452 57 192 587 2790 1013 40 1060 229 1311 1157 75 278 46 109 26 121 36 23 38 151 41 27 45 36 46 42 24 562 113
internal_value=2.18011e-05 0.00911388 0.0132975 0.01151 0.014199 0.0199579 -0.0191183 -0.00175453 -0.00654173 -0.0227741 -0.0183089 0.0139456 -0.025844 -0.0149867 0.00779879 -0.00172826 0.00647485 0.0267515 0.0100311 0.0353275 -0.00689939 0.0333793 0.0237305 0.00380722 0.0399849 -0.0122665 -0.0285792 0.00343494 -0.0218446 -0.010885
internal_weight=1831.74 1242.3 1098.81 1052.52 983.58 722.654 589.446 260.926 206.23 143.485 113.242 17.4746 383.215 118.108 92.9887 62.3816 28.5087 30.6071 21.3858 25.9418 57.3951 11.4502 16.0377 10.71 10.956 17.0585 122.099 6.77189 89.5991 38.8433
internal_count=14300 7744 6215 6023 5436 3803 6556 1633 1897 1529 1308 151 4659 1207 589 406 254 183 152 147 380 87 95 72 76 167 1377 66 953 391
is_linear=0
shrinkage=0.03


Tree=28
num_leaves=31
num_cat=0
split_feature=13 29 11 6 23 23 31 6 14 29 23 29 14 29 48 13 22 37 23 29 28 1 45 22 4 36 13 49 42 9
split_gain=275.359 251.924 110.109 105.397 68.1987 53.0113 50.4507 49.8561 45.6955 38.5992 35.1131 27.3351 30.853 27.2112 26.3953 19.9942 17.8942 22.0746 22.6301 15.1152 16.9776 10.5145 9.88131 8.3945 3.79189 2.87717 2.63499 2.23074 3.92999 2.01587
threshold=26.218254089355472 0.9640149474143983 0.62500000000000011 13.226967871189119 0.74352878332138073 0.47358071804046636 0.029975064098834995 13.226967871189119 8.0319199562072772 0.91642174124717724 0.69282349944114696 0.9936310648918153 7.2354261875152597 0.89469552040100109 0.35573129355907446 38.012155532836921 0.39157915115356451 0.1687145605683327 0.47212083637714392 0.997378170490265 0.68234103918075573 0.73495304584503185 0.10925358161330224 0.61509153246879589 0.88548859953880321 0.32064116001129156 26.754482269287113 0.086353402584791197 0.86512476205825817 0.40128844976425176
decision_type=2 2 2 2 2 2 2 2 2 2 2 2 2 2 2 2 2 2 2 2 2 2 2 2 2 2 2 2 2 2
left_child=11 5 4 19 6 13 14 9 -8 -7 -11 25 16 -2 -3 -15 17 18 -13 26 -21 24 -23 -17 -18 27 -4 28 -1 -6
right_child=1 2 3 -5 29 7 8 -9 -10 10 -12 12 -14 15 -16 23 21 -19 -20 20 -22 22 -24 -25 -26 -27 -28 -29 -30 -31
leaf_value=-0.02545723183641304 -0.023426124101474169 -0.0031840660334919598 -0.0061962496911566987 0.056441678077819572 -0.0049628231634971254 -0.031682496790247983 0.017479883085192462 0.05349648374002236 0.034445229870402064 -0.0045214509798471615 -0.025415316078020066 0.054119629451749952 0.041772615138716294 -0.017051289809816662 0.01861346120197422 0.057908755126502086 -0.0065170142777950073 -0.025703251829036516 -0.022205747519835405 0.010090313249193218 -0.024902675872995505 0.03982379002066163 -0.013433576272779571 0.018771095934871286 -0.02855927824955444 -0.0037784441423639485 -0.031621749528984056 -0.032292706883575537 0.0081455231993448705 -0.032403844470476666
leaf_weight=12.338084094226359 8.7580645084381086 110.13655582070351 4.7862968146800986 17.181007757782936 3.4341368377208736 111.47934059053659 376.58223286271095 8.3936632424592954 235.43937858939171 226.49526689201593 106.13041041046381 9.4946323707699793 7.6133569106459609 5.055207937955859 89.915156751871109 16.000950999557976 8.8715885803103429 10.504137881100176 4.4981688335537902 23.448473773896694 24.535571128129959 3.4117545261979094 9.8045870959758741 9.1999097019433957 77.404895640909672 4.01643431931734 64.747375756502151 196.68117053061724 3.4051149412989608 22.126491397619247
leaf_count=167 88 646 58 71 39 1349 1903 36 1036 1858 1134 54 47 38 442 76 90 118 42 154 213 34 111 48 878 37 634 2560 46 227
internal_value=-0.000343244 0.00536098 0.0142062 -0.0108914 0.0182538 -0.0121242 0.0197838 -0.0150286 0.0240567 -0.0164478 -0.0112532 -0.02429 -0.0133179 0.0210207 0.00664197 0.0343203 -0.0170317 0.00565483 0.0295392 -0.0211539 -0.00788443 -0.0226481 0.00193781 0.0449973 -0.0264277 -0.0308557 -0.0300268 -0.0313335 -0.0179577 -0.0291557
internal_weight=1811.89 1463.85 972.333 134.699 837.634 491.513 812.073 452.499 612.022 444.105 332.626 348.044 131.603 39.0141 200.052 30.2561 123.99 24.4969 13.9928 117.518 47.984 99.4928 13.2163 25.2009 86.2765 216.441 69.5337 212.424 15.7432 25.5606
internal_count=14234 10050 5423 1130 4293 4627 4027 4377 2939 4341 2992 4184 1374 250 1088 162 1327 214 96 1059 367 1113 145 124 968 2810 692 2773 213 266
is_linear=0
shrinkage=0.03


Tree=29
num_leaves=31
num_cat=0
split_feature=41 29 23 0 23 28 29 20 31 0 7 14 13 36 37 38 35 6 22 4 32 13 32 14 22 36 31 27 29 5
split_gain=334.108 183.685 68.3866 66.5755 50.7843 59.271 50.1526 44.3904 40.4798 29.1855 28.439 26.4426 26.2973 21.4177 21.0876 29.67 22.5253 19.4279 19.2281 18.5401 19.2334 17.131 14.7572 14.0024 19.9337 12.8755 12.8731 9.71399 7.67861 12.4828
threshold=0.91376093029975902 0.94424858689308178 0.74352878332138073 4.8832900524139413 0.54118382930755626 0.86965087056159984 0.9910435974597932 0.042068898677825935 0.044702930375933654 12.614737033843996 4.5913395881652841 4.4973812103271493 32.168743133544929 0.2834912389516831 0.11935787275433542 0.53125000000000011 0.7112528681755067 0.16332352906465533 0.39754435420036321 0.90178543329238903 0.040938381105661399 22.646127700805668 0.056600682437419898 14.26684093475342 0.61509153246879589 0.33980445563793188 0.035427615046501167 0.80951526761055004 0.9772634506225587 0.14991532266139987
decision_type=2 2 2 2 2 2 2 2 2 2 2 2 2 2 2 2 2 2 2 2 2 2 2 2 2 2 2 2 2 2
left_child=1 9 3 11 7 -6 12 -5 21 10 19 17 -2 22 15 16 -14 -3 -13 20 -1 -8 -10 24 -23 -21 -12 -15 -16 -30
right_child=6 2 -4 4 5 -7 8 -9 13 -11 26 18 14 27 28 -17 -18 -19 -20 25 -22 23 -24 -25 -26 -27 -28 -29 29 -31
leaf_value=-0.023563697157352844 -0.030807837720390873 -0.030689331521917142 -0.029557189395612218 0.017932797763063682 0.016021655205974268 -0.012206150419671666 -0.024308096866234957 0.036622903716523873 -0.028055913583618062 -0.029204785684899707 -0.0029646133138232257 0.049761071128678371 0.038729858292819261 0.043277918651175896 -0.026429588566224797 0.068565241970061017 -0.01840454406609339 0.032907567403262561 -0.0033500589059780564 -0.021675644106179032 0.04407275869814458 0.014270314220681625 0.018241060469280073 0.056980168828408201 -0.025127419918509215 0.024021737639540641 0.049320658441871272 -0.0099244433903838865 0.028621121133022821 -0.026066941340936477
leaf_weight=5.3705705851316443 251.61688907444477 43.709039911627769 30.395441420376301 436.51945837587118 242.35512370616198 91.397822685539722 13.068159759044645 157.34541111439466 84.79357024282217 93.900020129978657 6.662001475691798 7.3080089464783695 7.0066317468881598 5.5065676644444448 64.404913157224655 4.6335427761077872 26.668836422264576 3.9248733967542639 22.705328837037086 74.430694654583931 8.5921467766165716 71.861803993582726 5.9301217049360266 4.7058878540992728 12.752297185361384 5.116263084113597 9.7145317792892438 5.1629710271954536 5.9064768031239492 7.2274881899356842
leaf_count=52 3434 398 289 2018 1363 552 151 713 1022 1189 50 40 56 28 724 31 282 24 164 727 61 479 52 23 99 47 50 55 45 70
internal_value=0.00022146 0.00897089 0.0140954 0.0154464 0.0176813 0.00826917 -0.0187397 0.0229431 -0.00673804 -0.0169994 -0.00637333 -0.0111005 -0.0253508 -0.020091 -0.0133104 0.00476045 -0.00565635 -0.0248186 0.0106729 -0.0128288 0.0180207 0.00652254 -0.0248311 0.0112857 0.00807345 -0.0184375 0.0289317 0.018632 -0.0222236 -0.000975971
internal_weight=1810.69 1239.45 1035.66 1005.27 927.618 333.753 571.246 593.865 203.781 203.786 109.886 77.6473 367.465 101.393 115.848 38.309 33.6755 47.6339 30.0133 93.5097 13.9627 102.388 90.7237 89.32 84.6141 79.547 16.3765 10.6695 77.5389 13.134
internal_count=14288 7737 5561 5272 4646 1915 6551 2731 1909 2176 987 626 4642 1157 1208 369 338 422 204 887 113 752 1074 601 578 774 100 83 839 115
is_linear=0
shrinkage=0.03


Tree=30
num_leaves=31
num_cat=0
split_feature=41 29 35 13 29 11 16 24 30 27 6 50 23 13 4 29 22 25 36 27 29 47 45 13 28 23 27 14 32 28
split_gain=308.628 168.384 63.9201 55.4669 50.514 41.4771 40.4743 44.2517 38.0718 34.8875 29.8486 29.0273 27.7305 24.6042 21.7125 20.3277 30.6262 28.7237 18.6591 18.525 18.4356 34.0381 15.9908 17.0284 14.8987 14.6385 13.1362 12.098 11.5724 9.30614
threshold=0.90966805815696727 0.94424858689308178 0.67722371220588695 33.799217224121101 0.9910435974597932 0.62500000000000011 0.32519531250000006 0.26011507213115698 0.30859375000000006 0.98021599650383007 13.226967871189119 0.29048305749893194 0.73546344041824352 32.168743133544929 0.85422632098197948 0.90787160396575939 0.75322845578193676 0.23571166396141055 0.28195959329605108 0.96154338121414196 0.94639942049980175 0.84210962057113659 0.32405139505863195 22.368194580078129 0.64540886878967296 0.62528765201568615 0.80951526761055004 14.26684093475342 0.058228246867656715 0.62322562932968151
decision_type=2 2 2 2 2 2 2 2 2 2 2 2 2 2 2 2 2 2 2 2 2 2 2 2 2 2 2 2 2 2
left_child=1 10 3 5 13 11 9 -8 22 -5 15 -3 14 -2 19 -1 17 -17 28 -4 -15 25 23 -6 -16 -22 -20 -25 -10 -7
right_child=4 2 12 6 8 29 7 -9 18 -11 -12 -13 -14 20 24 16 -18 -19 26 -21 21 -23 -24 27 -26 -27 -28 -29 -30 -31
leaf_value=-0.031636514598766652 -0.030457237215767357 0.0036058175828753633 0.0005163673622990137 0.041470108561358097 -0.025676893430581393 0.013614569960439481 0.0035282304574123661 0.023364807189324845 -0.029387870782439755 -0.0024068426177292633 0.042562322962170829 0.031103285248315966 -0.029261447057137478 -0.02898929801503889 0.013597319941556463 -0.023276615279298255 0.0620819830798418 0.0092496393032001148 0.044341404581998561 0.070890205483857882 -0.0012284233309896122 -0.019552250448792483 0.048482779219619035 0.0038268967000726134 -0.0076535999664903397 0.04119071590281774 -0.017947357610933651 0.045847266590715079 0.018035902788298155 -0.029329701720161624
leaf_weight=71.257932581007481 247.01905938982964 154.83583734929562 6.4305678531527501 120.74770138412714 16.09359984844923 4.5288706794381133 148.59446559846401 321.76017594337463 71.696057572960854 18.561824217438698 6.4251107722520819 43.73117384314537 29.136988893151283 44.467806339263916 41.304269187152386 87.169593565165997 3.9255935475230208 33.017077013850212 5.351256422698496 6.3074834793806076 13.596199534833433 49.977056227624416 6.0754260867834082 89.999070398509502 98.437779292464256 14.400738447904585 4.9784637689590454 5.6707939207553855 4.2192704975605002 33.679194793105125
leaf_count=900 3458 832 39 534 196 35 708 1434 892 91 27 224 285 535 246 952 21 286 26 36 104 534 46 645 653 111 55 27 32 352
internal_value=-0.000226942 0.00824596 0.0131658 0.016628 -0.0183833 0.00426598 0.0214092 0.0171252 -0.00634235 0.035627 -0.016745 0.00980223 -0.00295601 -0.0249914 0.00220897 -0.0189175 -0.0113966 -0.0143138 -0.0213757 0.0382053 -0.0137827 -0.00481524 0.00472242 0.00190816 -0.00129906 0.0211552 0.0151218 0.00679717 -0.0265129 -0.0239455
internal_weight=1803.4 1229.85 1028.06 846.439 573.545 236.775 609.664 470.355 204.084 139.31 201.795 198.567 181.617 369.461 152.48 195.37 124.112 120.187 86.245 12.7381 122.442 77.974 117.839 111.763 139.742 27.9969 10.3297 95.6699 75.9153 38.2081
internal_count=14316 7655 5469 4210 6661 1443 2767 2142 1919 625 2186 1056 1259 4742 974 2159 1259 1238 1005 75 1284 749 914 868 899 215 81 672 924 387
is_linear=0
shrinkage=0.03


Tree=31
num_leaves=31
num_cat=0
split_feature=41 29 11 6 35 29 7 4 6 0 29 6 35 0 28 40 49 22 37 4 0 41 29 47 23 47 17 34 33 28
split_gain=288.007 160.233 62.4744 100.616 63.528 47.6736 41.3616 53.0251 37.9757 36.6189 31.3293 28.79 21.0287 19.8561 19.6595 30.3432 19.4786 17.825 19.6339 17.7995 17.726 17.0921 14.5761 30.1695 14.0519 13.6811 13.3497 12.5845 10.6686 8.82086
threshold=0.91953763365745556 0.94424858689308178 0.62500000000000011 13.226967871189119 0.69927394390106212 0.9910435974597932 3.8474187850952153 0.98343965411186229 0.065320596098899855 4.8832900524139413 0.99394196271896373 13.226967871189119 0.62825810909271251 12.988608360290529 0.65377187728881847 0.63490355014801036 1.0152879953384402 0.37766580283641821 0.1672831475734711 0.92826327681541454 6.629401922225953 0.99683538079261791 0.94822731614112865 0.8577668070793153 0.62528765201568615 0.8996713161468507 0.99218750000000011 0.47550165653228765 53.763305664062507 0.62322562932968151
decision_type=2 2 2 2 2 2 2 2 2 2 2 2 2 2 2 2 2 2 2 2 2 2 2 2 2 2 2 2 2 2
left_child=1 11 4 29 6 20 8 -8 -3 17 19 13 26 14 15 -1 -16 18 -7 -6 -2 25 -22 24 -24 -14 28 -28 -11 -4
right_child=5 2 3 -5 10 9 7 -9 -10 12 -12 -13 21 -15 16 -17 -18 -19 -20 -21 22 -23 23 -25 -26 -27 27 -29 -30 -31
leaf_value=-0.016887109663326627 -0.029305733032127888 0.032944567391361028 -0.0032764511420766366 0.051851934139006031 0.0025919336408589491 0.035004983552981976 0.034105500465289353 0.01402134523160431 0.0055920728727985019 0.040159741183453189 0.048462613438108725 0.041672152719112114 0.00030321448794863777 -0.029964933112470768 -0.019560021332991402 0.066018054320634748 0.026908359141248211 -0.024406635939599148 -0.02595403286217763 -0.01998913476187197 -0.027931244280226995 -0.01992360998097641 -0.0011279838906962415 -0.02217291473371261 0.045238862328705498 0.048120585623739213 -0.029114694064295871 0.0021782021279086474 -0.011140244844231369 -0.032756387653120965
leaf_weight=7.9753658026456815 253.24299546331167 53.164938174188137 11.373402170836924 16.795760616660118 62.64662579447031 9.801008380949499 222.91416680067778 257.62301525473595 299.36173133552074 8.6399190500378591 8.2974972054362279 6.3548578321933737 7.4589119330048588 83.675835147500038 86.908462524414062 6.2742844223976135 8.0247528925538045 85.390189751982689 7.5116612315177909 61.211261540651321 35.92625629901886 5.3072415441274634 11.155488543212416 30.89297541975975 11.055928006768225 19.765454612672329 19.343228757381439 26.139894403517246 5.1754063889384261 57.6892394348979
leaf_count=79 3597 257 80 69 483 65 1005 1205 1508 47 38 27 50 1119 864 39 65 1111 92 463 444 42 88 341 84 106 148 167 40 540
internal_value=-0.000146332 0.00774319 0.0124209 -0.0119763 0.0146044 -0.0185079 0.0176678 0.0233958 0.00980714 -0.00658201 -0.00467124 -0.016861 0.00712397 -0.0190102 -0.0103917 0.0213556 -0.0153612 -0.0188164 0.00841915 -0.00861445 -0.0252383 0.026129 -0.0134384 -0.00324327 0.0227769 0.0356008 -0.00351302 -0.0114057 0.0212848 -0.0280604
internal_weight=1787.1 1250.29 1051.08 85.8584 965.219 536.807 833.064 480.537 352.527 194.533 132.155 199.214 91.8301 192.859 109.183 14.2497 94.9332 102.703 17.3127 123.858 342.274 32.5316 89.0306 53.1044 22.2114 27.2244 59.2984 45.4831 13.8153 69.0626
internal_count=14263 7841 5648 689 4959 6422 3975 2210 1765 1868 984 2193 600 2166 1047 118 929 1268 157 946 4554 198 957 513 172 156 402 315 87 620
is_linear=0
shrinkage=0.03


Tree=32
num_leaves=31
num_cat=0
split_feature=41 23 10 1 18 13 19 7 16 16 4 27 5 20 37 23 41 25 37 41 23 13 6 41 35 44 50 1 34 20
split_gain=269.338 127.267 70.8535 57.5179 55.2376 53.505 45.1227 44.9341 36.2261 35.6098 32.8518 32.6928 40.2821 33.0946 31.376 24.9091 24.5526 24.6447 24.1526 28.1709 29.5053 22.599 21.0252 19.8027 25.9104 19.5683 18.9307 16.2198 14.4582 14.2209
threshold=0.8950297236442567 0.54794976115226757 1.0000000180025095e-35 0.72222506999969494 0.73046875000000011 33.799217224121101 0.078767906874418273 4.474093198776246 0.41113281250000006 0.24121093750000003 0.90527912974357616 0.98722070455551159 0.17802061885595324 0.042142869904637344 0.17863973975181582 0.60739600658416759 0.99191969633102428 0.17560650408267978 0.15774922072887423 0.95010551810264599 0.3469760268926621 36.94648742675782 0.071123894304037108 0.76976287364959728 0.63906303048133861 0.064172957092523589 0.3606188446283341 0.64405640959739696 0.41092543303966528 0.036912361159920699
decision_type=2 2 2 2 2 2 2 2 2 2 2 2 2 2 2 2 2 2 2 2 2 2 2 2 2 2 2 2 2 2
left_child=1 4 23 18 5 6 9 10 -8 -1 15 12 -7 -13 -12 -4 17 26 19 27 -21 -9 -6 -3 28 -23 29 -2 -25 -5
right_child=3 2 7 16 22 11 8 21 -10 -11 14 13 -14 -15 -16 -17 -18 -19 -20 20 -22 25 -24 24 -26 -27 -28 -29 -30 -31
leaf_value=0.051927684022735024 -0.021807074349964616 -0.028814403828618107 -0.0096730838035150105 0.028149183543546393 0.014837929034239783 0.035705185753917471 0.039470176053518095 -0.01904415660877451 -0.0010232635670798349 -0.01496915907062967 -0.019823203869055454 -0.012549020765287485 0.017044783332557673 0.037470327136213157 0.0045666545618198414 0.03149390297835062 -0.016534499840886729 -0.013286235514054803 -0.029304059589354149 0.041974029854661338 -0.024624788630994758 0.048838240144043962 -0.02542516714283093 -0.020200181577109177 -0.019232350543324138 0.011173565149901307 -0.014217775122395375 0.016131796470437176 0.035868956346913485 -0.0056864288016202844
leaf_weight=6.8044786229729644 13.220632530748842 93.315875761210918 18.847590215504169 53.841237939894199 16.083865694701672 219.2330801486969 42.528203748166561 7.5114511698484412 36.253703847527504 87.049817778170109 90.847060956060886 39.503976158797741 205.68944975733757 15.853807419538496 97.313106559216976 39.858725264668465 75.927267089486122 42.980327486991882 226.38521607220173 5.3704052716493598 124.16494117677212 32.024962991476059 36.403753973543644 4.8447325527668026 46.330358318984509 21.46258882433176 15.929920330643652 34.327403858304024 14.415933623909948 13.489390209317206
leaf_count=39 134 1017 107 351 98 959 219 58 219 539 681 182 945 73 695 257 839 404 3050 29 1661 145 287 49 478 119 160 287 79 119
internal_value=-2.74288e-05 0.0083629 -0.00378003 -0.0162584 0.0163962 0.0187789 0.00440105 0.00461316 0.0210191 -0.00959117 -0.00110514 0.0239209 0.0267406 0.00213338 -0.00723588 0.0182864 -0.00315822 0.00493005 -0.0227911 -0.0143303 -0.0215403 0.0274484 -0.0129845 -0.0199869 -0.00713888 0.0342623 0.0144153 0.00528928 0.0213166 0.0213425
internal_weight=1777.81 1172.18 466.772 605.637 705.404 652.917 172.636 307.865 78.7819 93.8543 246.866 480.28 424.923 55.3578 188.16 58.7063 202.168 126.241 403.469 177.083 129.535 60.999 52.4876 158.907 65.591 53.4876 83.2605 47.548 19.2607 67.3306
internal_count=14279 7245 3685 7034 3560 3175 1016 2062 438 578 1740 2159 1904 255 1376 364 1873 1034 5161 2111 1690 322 385 1623 606 264 630 421 128 470
is_linear=0
shrinkage=0.03


Tree=33
num_leaves=31
num_cat=0
split_feature=0 29 23 11 6 6 31 48 2 4 6 25 29 22 23 29 22 5 14 25 24 29 4 6 16 36 36 50 14 14
split_gain=241.858 202.081 102.727 82.7427 68.3815 39.4931 36.9405 36.5128 26.5205 44.9944 26.4041 26.3161 20.811 27.2814 24.4839 18.2758 27.8559 20.078 24.331 17.8713 16.0051 14.0833 10.7116 12.6339 10.013 9.88192 8.09328 7.14673 6.23706 4.78847
threshold=4.8832900524139413 0.94570326805114757 0.68287813663482677 0.62500000000000011 13.226967871189119 13.226967871189119 0.030486395582556728 0.23488682508468631 0.39062500000000006 0.92168882489204418 13.226967871189119 0.23364196717739108 0.90787160396575939 0.75322845578193676 0.47358071804046636 0.9936310648918153 0.39754435420036321 0.24267496913671496 2.108245968818665 0.10892459750175477 0.31786529719829565 0.98268157243728649 0.87021389603614818 0.067269481718540206 0.32714843750000006 0.27308200299739843 0.33418841660022741 0.27858443558216101 7.2354261875152597 12.865197181701662
decision_type=2 2 2 2 2 2 2 2 2 2 2 2 2 2 2 2 2 2 2 2 2 2 2 2 2 2 2 2 2 2
left_child=5 10 3 6 19 15 11 -8 9 -4 12 -3 -2 14 -14 26 17 18 -17 -5 21 -10 23 -18 -11 -19 29 -22 -24 -1
right_child=1 2 8 4 -6 -7 7 -9 20 24 -12 -13 13 -15 -16 16 22 25 -20 -21 27 -23 28 -25 -26 -27 -28 -29 -30 -31
leaf_value=-0.030440377738010581 -0.03201175845977889 0.0095132062384012187 0.069815782870258677 0.011437087513614693 0.049614633414759683 0.055547109064003709 0.0047774024219258042 0.023377657640206849 -0.02817150759175522 0.021886619090634208 0.040074312821711505 -0.026298737809986181 0.023249451982833024 0.053232995168731312 -0.019356205581479876 -0.0050684519648871249 -0.020652464067803487 -0.029867245907083166 0.063705482218043882 -0.023457530619917195 0.037150421099624201 0.016400234241869541 -0.027246197152731546 0.052363091613232216 -0.031482164602272121 0.022486956592705068 0.020427531505648092 -0.011782677211177442 0.0054433551573784909 0.0076845853532964631
leaf_weight=204.75036937743425 87.220746941864491 211.0308308377862 7.4253589510917672 14.750596813857554 14.267667070031164 4.8014602661132804 114.72175213694572 580.98676734417677 86.807685941457748 3.5153072625398645 5.7815430909395209 19.231865182518959 12.349547073245047 4.3423397913575164 144.05782677233219 8.5649713948369079 3.9290820062160483 10.723819628357885 8.5643060952424985 88.54206919670105 4.8421061336994153 6.1570169106125823 84.879431135952473 2.7978965267539024 10.305490732192991 3.5902631580829611 2.1883755549788466 4.1605150699615479 5.1115869134664527 2.5143176689743987
leaf_count=2975 1165 1129 48 92 60 21 605 2811 899 24 25 112 81 25 1649 75 41 137 44 835 30 49 1051 29 101 27 17 36 36 24
internal_value=6.79636e-05 0.00552817 0.0108077 0.013869 -0.00975702 -0.0225249 0.016879 0.0203261 -0.0149979 0.0148847 -0.0186823 0.00640839 -0.0202197 -0.0136446 -0.0158468 -0.0238048 -0.0146535 0.0095823 0.030769 -0.0183838 -0.0213375 -0.0250445 -0.0225808 0.0121745 -0.0171446 -0.0159289 -0.0292939 0.0153192 -0.025317 -0.0299288
internal_weight=1762.91 1420.5 1166.75 1043.53 117.56 342.416 925.971 695.709 123.213 21.2462 253.752 230.263 247.97 160.75 156.407 337.614 128.161 31.4434 17.1293 103.293 101.967 92.9647 96.718 6.72698 13.8208 14.3141 209.453 9.00262 89.991 207.265
internal_count=14253 9776 6831 5644 987 4477 4657 3416 1187 173 2945 1241 2920 1755 1730 4456 1440 283 119 927 1014 948 1157 70 125 164 3016 66 1087 2999
is_linear=0
shrinkage=0.03


Tree=34
num_leaves=31
num_cat=0
split_feature=41 0 13 11 31 18 29 11 35 23 13 0 37 35 13 34 41 48 23 28 33 16 29 34 40 32 22 41 29 48
split_gain=254.238 141.105 62.1475 94.4461 71.6051 55.6716 51.4043 45.4685 40.2106 26.2393 22.2204 20.566 16.2907 23.966 14.9809 16.2636 16.5496 14.4877 13.7536 13.0654 13.0381 11.7274 18.172 11.3445 9.76547 8.63141 8.25434 10.0598 8.17886 9.51698
threshold=0.91376093029975902 12.988608360290529 61.213188171386726 0.62500000000000011 0.029975064098834995 0.72265625000000011 0.98905432224273693 0.62500000000000011 0.58972403407096874 0.52144470810890209 32.30980300903321 7.2464387416839608 0.11935787275433542 0.71617454290390026 22.646127700805668 0.48346738517284399 0.94286996126174938 0.19306365400552752 0.63598141074180614 0.62322562932968151 63.360328674316413 0.32128906250000006 0.99943783879280101 0.54073089361190807 0.52298903465271007 0.058228246867656715 0.70482838153839122 0.83966979384422313 0.9772634506225587 0.24697645008563998
decision_type=2 2 2 2 2 2 2 2 2 2 2 2 2 2 2 2 2 2 2 2 2 2 2 2 2 2 2 2 2 2
left_child=1 2 3 4 8 -6 10 14 -1 20 -2 21 13 18 25 16 -16 -17 -12 23 -3 22 -9 -5 -15 -8 -11 -28 -14 -30
right_child=6 9 -4 19 5 -7 7 11 -10 26 12 -13 28 24 15 17 -18 -19 -20 -21 -22 -23 -24 -25 -26 -27 27 -29 29 -31
leaf_value=0.011679774479415846 -0.030431307057611337 0.028817324638547293 0.044649134122479409 -0.021001273434521683 0.019088260578579107 -0.011798897136065694 -0.019143726328684336 -0.015647930175278709 -0.012045080796112403 -0.030127501070220594 0.0047152601327973111 0.026387027532549713 -0.026012257533235196 -0.019542405841503064 0.034657851024079804 -0.019185628425421913 -0.012518220999461531 0.034582266621318358 0.072766985314565977 -0.031354269428321438 -0.015983789777013375 -0.028295300583066334 0.043408677818377699 0.03968903115348571 0.030561538222909645 0.028181344464198486 -0.025517948647897769 0.039963943986771201 -0.026917149503818689 0.02644108063128767
leaf_weight=113.27976711839437 212.77706010639668 11.392116308212282 46.711341664195061 5.2135947048664075 670.99056502431631 56.191771619021893 19.418702699244026 30.035585060715675 145.9289727434516 100.56527318805456 5.5435768291354162 7.7627180293202391 58.784235112369061 22.782235682010654 8.1238278187811357 4.4061673507094374 24.113258257508278 36.502688854932785 4.6553369835019112 53.719392403960228 10.092201024293898 74.615365367382765 4.5260354503989211 4.0058272182941437 3.147544600069522 3.2161823138594618 3.7387226149439803 2.8020107075572014 4.4268794879317266 5.7350876554846764
leaf_count=565 3268 63 197 38 3371 396 250 334 1066 1289 43 42 719 256 40 31 180 223 34 519 92 990 23 26 30 20 47 20 47 46
internal_value=0.000107973 0.00762465 0.0111182 0.00958158 0.0118639 0.0166845 -0.0172176 -0.00574642 -0.00166024 -0.0219852 -0.0248431 -0.018239 -0.0133184 0.00289183 0.00950574 0.016077 0 0.0283999 0.0397696 -0.0257669 0.0078638 -0.0216499 -0.00682659 0.00637835 -0.01244 -0.0113845 -0.0280177 0.00371593 -0.0217755 0.00259872
internal_weight=1755.2 1224.63 1096.04 1049.33 986.391 727.182 530.572 212.721 259.209 128.59 317.852 116.94 105.075 36.1287 95.7808 73.1459 32.2371 40.9089 10.1989 62.9388 21.4843 109.177 34.5616 9.21942 25.9298 22.6349 107.106 6.54073 68.9462 10.162
internal_count=14265 7689 6178 5981 5398 3767 6576 2133 1631 1511 4443 1389 1175 363 744 474 220 254 77 583 155 1347 357 64 286 270 1356 67 812 93
is_linear=0
shrinkage=0.03


Tree=35
num_leaves=31
num_cat=0
split_feature=41 29 11 12 29 24 29 28 28 23 23 20 0 7 23 28 14 49 45 22 36 1 35 39 28 49 24 42 50 3
split_gain=244.376 137.566 81.6742 102.072 70.6015 84.0648 45.409 43.2711 44.2054 33.8299 28.4573 28.4308 26.4109 27.7434 20.9505 18.5754 26.8076 18.3771 17.5496 24.7001 19.0847 15.2704 14.6104 12.4518 11.6935 11.4334 8.38388 7.90802 10.5205 7.44249
threshold=0.95010551810264599 0.94424858689308178 0.62500000000000011 1.8366305232048037 0.9840834140777589 0.27255500853061682 0.9910435974597932 0.93567231297492992 0.81841140985488903 0.73546344041824352 0.51494875550270092 0.03722816891968251 12.854410171508791 4.5913395881652841 0.54454049468040477 0.65377187728881847 8.4336061477661151 1.0011238455772402 0.21548955142498019 0.6035887897014619 0.2701068669557572 0.82235851883888256 0.5009174942970277 0.91364958882331859 0.4159564226865769 0.12450695037841798 0.32063111662864691 0.71132478117942821 0.29926867783069616 0.4853633344173432
decision_type=2 2 2 2 2 2 2 2 2 2 2 2 2 2 2 2 2 2 2 2 2 2 2 2 2 2 2 2 2 2
left_child=1 12 4 24 5 10 21 8 -6 -7 -3 18 13 15 -9 16 -1 -17 20 22 29 26 -20 -15 -4 -22 -2 -28 -29 -8
right_child=6 2 3 -5 7 9 11 14 -10 -11 -12 -13 -14 23 -16 17 -18 -19 19 -21 25 -23 -24 -25 -26 -27 27 28 -30 -31
leaf_value=0.062674871017119951 -0.02995867927537681 0.010462614243433031 0.029463724641145824 0.05008168346746239 0.023002891824408699 0.018401373905761322 -0.020631967456627584 0.049565682413898512 0.003582396698340623 -0.028055193294444326 -0.016691470958697625 -0.025485116653266589 -0.029020700148896187 -0.012039799394992595 -0.0024784931722594081 -0.021688727849411137 -0.018552671542559854 0.025424233860601282 -0.0075544604825191425 -0.028356402137900305 -0.0062878532600332661 0.021486159361438648 0.04617471831970555 0.041651159702324997 -0.028831411101102791 0.031294089711945187 -0.023252828103783162 -0.014957957041840641 0.044836258944361454 0.022635310496558515
leaf_weight=5.7949201688170415 234.60300251096487 44.266490571200848 2.3853665590286246 17.666583985090256 359.36700797826052 240.20457392558455 43.480834931135178 56.820897817611694 150.28532248362899 14.063390448689459 149.46060085296631 47.83490327745676 82.296836845576763 4.7934045717120197 7.6850291788578025 84.217323139309883 7.0967255383729935 7.2759136483073226 5.4407791495323243 6.3921263366937628 13.083987712860109 4.92948094010353 19.120139881968498 12.714507795870302 87.939155977219343 14.405590824782847 15.278737109154465 5.3473539277911168 3.5827928893268108 3.0129739791154853
leaf_count=42 3556 221 13 75 1635 1255 473 247 693 140 1146 606 1188 38 41 913 74 59 43 78 96 55 134 71 956 105 211 63 45 26
internal_value=0.000361996 0.00662699 0.0107239 -0.0139795 0.0133479 0.0043989 -0.0196691 0.0203055 0.0173003 0.0157203 -0.0104495 -0.00656909 -0.0159757 -0.0069794 0.0433763 -0.0128974 0.0196273 -0.0176753 0.00218456 0.0208046 -0.00573922 -0.0271924 0.0343253 0.026933 -0.0269533 0.0137084 -0.0282102 -0.010631 0.0108288 -0.0173474
internal_weight=1750.85 1334.33 1130.14 107.991 1022.15 447.995 416.513 574.158 509.652 254.268 193.727 152.771 204.19 121.893 64.5059 104.385 12.8916 91.4932 104.936 30.953 73.9834 263.741 24.5609 17.5079 90.3245 27.4896 258.812 24.2089 8.93015 46.4938
internal_count=14298 8807 6422 1044 5378 2762 5491 2616 2328 1395 1367 1561 2385 1197 288 1088 116 972 955 255 700 3930 177 109 969 201 3875 319 108 499
is_linear=0
shrinkage=0.03


Tree=36
num_leaves=31
num_cat=0
split_feature=0 29 11 13 23 23 24 7 4 29 29 6 23 28 29 22 5 22 29 28 6 17 15 39 36 36 31 23 16 34
split_gain=217.54 185.938 72.7768 59.2056 50.4366 45.7211 34.7797 34.628 34.7992 33.5774 33.2951 31.7738 30.5971 46.0185 21.0191 30.3002 21.7106 19.619 15.2112 15.1431 13.3963 10.7934 9.6391 9.54252 9.45388 8.1455 6.62899 5.58786 7.61471 5.00543
threshold=4.8832900524139413 0.9640149474143983 0.62500000000000011 92.116901397705092 0.72779443860054027 0.47358071804046636 0.3130630254745484 3.7292826175689702 0.9317128360271455 0.98983052372932445 0.91642174124717724 13.226967871189119 0.69282349944114696 0.66730415821075451 0.9936310648918153 0.39754435420036321 0.24267496913671496 0.25258018076419836 0.997378170490265 0.68234103918075573 13.226967871189119 1.0078125000000002 0.37087912857532507 0.98774492740631115 0.27308200299739843 0.32064116001129156 0.054179063066840179 0.75942024588584911 0.24609375000000003 0.72306004166603099
decision_type=2 2 2 2 2 2 2 2 2 2 2 2 2 2 2 2 2 2 2 2 2 2 2 2 2 2 2 2 2 2
left_child=11 5 4 18 7 6 17 9 -9 -3 20 14 13 -12 25 16 22 -2 -4 -20 -7 29 -16 -14 -18 -1 -19 28 -6 -17
right_child=1 2 3 -5 27 10 -8 8 -10 -11 12 -13 23 -15 15 21 24 26 19 -21 -22 -23 -24 -25 -26 -27 -28 -29 -30 -31
leaf_value=-0.030156999648271801 0.051417818696291799 -0.0030818780921982578 -0.028937118692270551 0.046235459024204513 0.026525640011914282 -0.031212905061501969 0.058953763909281968 0.033382770288448854 0.016179431575131988 0.016371218959321254 0.032408878647091945 0.051281033604109696 -0.025389295544136617 -0.0081015131130628294 0.0057713183789242888 -0.025466624289750849 -0.029561260404835279 -0.03185927587445974 0.011588368338034959 -0.023048564141664632 0.030884933035035075 0.022553190384293202 0.051678388550520163 0.017767565404855277 0.01998247718146862 0.0090385845621731437 0.00069407656163159861 -0.031617553386870043 -0.020884732639105081 0.011003065172166116
leaf_weight=192.41608529910445 4.3937146142125156 119.1613787189126 54.02971750125289 13.645856261253355 3.6748761013150233 91.989441178739071 12.55830070376396 166.34734015166759 303.20992659777403 237.97931848466396 28.008815538138151 4.313894420862197 89.023450795561075 192.78734113648534 7.319056995213038 84.821076523512602 10.239344745874403 8.2177137695252913 22.815224200487137 20.705221556127071 2.4230676591396323 3.8698687329888335 9.9031072929501516 4.0982340946793547 4.1162433326244345 4.3559850268065921 13.91275944560766 18.800436444580555 7.7406370937824249 2.8798621222376815
leaf_count=2993 20 761 590 59 25 1310 52 751 1346 1122 216 19 1059 1611 62 1063 139 75 146 186 11 52 55 41 30 39 111 222 79 27
internal_value=0.00014509 0.00522696 0.0126161 -0.0101299 0.0155796 -0.0107475 0.0198672 0.016979 0.0223383 0.00988176 -0.0137264 -0.0219796 -0.00896067 -0.00282614 -0.0231336 -0.0132067 0.0118011 0 -0.0184342 -0.00497063 -0.0292807 -0.0218973 0.0337209 -0.0232895 -0.0147838 -0.0292328 -0.012119 -0.0219306 -0.00447358 -0.0241247
internal_weight=1739.76 1415.52 968.11 111.196 856.914 447.413 39.0825 826.698 469.557 357.141 408.33 324.235 313.918 220.796 319.921 123.149 31.5778 26.5242 97.5502 43.5204 94.4125 91.5708 17.2222 93.1217 14.3556 196.772 22.1305 30.2159 11.4155 87.7009
internal_count=14272 9793 5287 981 4306 4506 258 3980 2097 1883 4248 4479 2927 1827 4460 1428 286 206 922 332 1321 1142 117 1100 169 3032 186 326 104 1090
is_linear=0
shrinkage=0.03


Tree=37
num_leaves=31
num_cat=0
split_feature=41 29 0 23 24 1 20 27 20 4 0 7 29 29 23 4 41 6 49 29 41 36 16 41 48 50 22 37 34 49
split_gain=220.256 124.231 54.9369 50.7756 61.1638 47.7742 38.4448 38.4379 36.6869 26.4543 25.7969 28.9587 24.9069 24.528 19.7726 17.4223 16.7234 15.097 14.0469 13.8399 19.2653 13.7439 13.2223 12.1813 15.9347 14.9648 10.8685 10.8584 15.1099 9.94162
threshold=0.92611071467399608 0.94424858689308178 4.490345001220704 0.54118382930755626 0.27255500853061682 0.72222506999969494 0.042068898677825935 0.98053526878356945 0.042813641950488097 0.88957971334457409 12.854410171508791 4.5913395881652841 0.99520426988601696 0.99670520424842846 0.3411738276481629 0.90178543329238903 0.8225485384464265 0.1569318771362305 0.1868172958493233 0.99860748648643505 0.99229732155799877 0.33980445563793188 0.29003906250000006 0.97314107418060314 0.29175002872943884 0.36240422725677496 0.39754435420036321 0.11758121848106386 0.69206717610359203 0.056914629414677627
decision_type=2 2 2 2 2 2 2 2 2 2 2 2 2 2 2 2 2 2 2 2 2 2 2 2 2 2 2 2 2 2
left_child=1 10 17 6 12 14 7 -4 -6 -8 11 15 -5 23 18 16 -1 26 -2 20 -15 -17 -21 24 -7 -26 -3 28 -16 -25
right_child=5 2 3 4 8 13 9 -9 -10 -11 -12 -13 -14 19 27 21 -18 -19 -20 22 -22 -23 -24 29 25 -27 -28 -29 -30 -31
leaf_value=0.044488312444020989 0.03494790400476213 0.0084883862140997576 0.017542696188543649 -0.012511256351049993 0.019814889111095163 -0.018916424454526785 -0.0075438701707207043 -0.0031338655913291727 -0.016383704078783499 0.033608460478088575 -0.028741456764633827 0.028696987973961106 0.035426523086221656 0.040800511590210163 -0.017579259498634172 -0.021670417269296294 -0.015421652844655916 0.023870628663250067 -0.027159170234614696 0.02450393987114876 -0.016991012294588419 0.026419979412579415 -0.016594441679133216 0.019692616606543811 0.037992043873527261 -0.025337394459671717 -0.030362503386285076 -0.028785061956288834 0.04736969402882539 -0.021358645433819844
leaf_weight=7.6860591322183591 7.8253568261861783 7.1060483343899241 368.10900231078267 161.52833970636129 173.86522728949785 14.166644401848318 14.99787951260805 102.98832197487354 28.571680784225464 151.26489991694689 77.813951134681702 17.036772578954697 9.394684895873068 20.388055257499222 62.251749906688929 74.254791226238012 7.2664114832878113 5.7627364918589583 4.262054406106472 9.769779749214651 6.1481420919299117 4.8705047369003287 19.330169457942247 4.8738581724464884 12.731628786772491 3.6109580770134917 40.143981877714396 231.9548009596765 2.4282781034708014 73.762632004916668
leaf_count=57 58 56 1731 1145 944 157 68 474 148 689 1173 107 43 121 874 804 73 37 53 61 60 47 174 45 102 45 431 3570 17 916
internal_value=0.000171821 0.00676248 0.0107466 0.0123139 0.00350533 -0.017235 0.0174556 0.0130191 0.0146357 0.0298554 -0.0155921 -0.00618258 -0.0096682 -0.00413476 -0.0241818 -0.0127659 0.0160443 -0.0187548 0.0124176 0.0119133 0.0271711 -0.01838 -0.00234106 -0.0123763 0.00355338 0.023172 -0.0244026 -0.0257199 -0.0144111 -0.0185613
internal_weight=1726.17 1252.66 1063.73 1010.72 373.36 473.504 637.36 471.097 202.437 166.263 188.928 111.115 170.923 164.782 308.722 94.0778 14.9525 53.0128 12.0874 55.6361 26.5362 79.1253 29.0999 109.146 30.5092 16.3426 47.25 296.635 64.68 78.6365
internal_count=14280 8027 5766 5242 2280 6253 2962 2205 1092 757 2261 1088 1188 1681 4572 981 130 524 111 416 181 851 235 1265 304 147 487 4461 891 961
is_linear=0
shrinkage=0.03


Tree=38
num_leaves=31
num_cat=0
split_feature=41 29 11 12 23 31 16 29 30 48 0 7 23 14 49 24 41 33 25 45 36 29 37 36 10 22 22 13 29 16
split_gain=215.171 118.226 60.3468 88.5182 59.7479 43.3808 43.4386 40.936 25.2002 23.3441 22.7322 27.0272 15.2123 15.1876 18.9457 14.4893 17.1795 14.2606 13.5993 13.1756 16.3845 12.772 11.51 11.3885 10.3077 8.15845 7.44624 6.49587 8.59441 6.11437
threshold=0.93894585967063915 0.94424858689308178 0.62500000000000011 1.8366305232048037 0.74352878332138073 0.030486395582556728 0.30371093750000006 0.9910435974597932 0.26953125000000006 0.46136751770973211 12.724411010742189 4.5913395881652841 0.3411738276481629 1.9887439012527468 1.0011238455772402 0.32063111662864691 0.97735631465911876 62.871709823608406 0.10377563908696176 0.22070113569498065 0.26915608346462255 0.90787160396575939 0.1143544837832451 0.27308200299739843 1.0000000180025095e-35 0.44484455883502966 0.43243366479873663 32.30980300903321 0.98240610957145702 0.26464843750000006
decision_type=2 2 2 2 2 2 2 2 2 2 2 2 2 2 2 2 2 2 2 2 2 2 2 2 2 2 2 2 2 2
left_child=1 10 4 18 5 9 -7 15 19 -3 11 13 17 21 -15 27 -17 -10 -4 20 -9 -1 -22 26 -13 -18 -21 -2 -29 -14
right_child=7 2 3 -5 -6 6 -8 8 12 -11 -12 24 29 14 -16 16 25 -19 -20 23 22 -23 -24 -25 -26 -27 -28 28 -30 -31
leaf_value=-0.027031290499731721 -0.030991229594525629 -0.0015582709502596104 0.025891529472298884 0.047773770620720121 -0.028970821759201775 0.034936361217252652 0.014043977355387332 -0.015825690607001668 0.04173871153289458 0.022184318934018565 -0.027942767935532162 -0.0029060169491933155 0.0050545059412231887 -0.023780251549619137 0.026390179617792883 0.037269501630119571 0.019249592470737053 -0.019107408647688767 -0.029060028013785596 0.057228697710888891 -0.0057484768095448207 0.024452078777375999 0.031409653682816015 -0.011027242640411687 0.043940870451844354 -0.026006761320931417 0.012479151021840851 -0.021820538429100155 0.020302904987153272 -0.026428289693928263
leaf_weight=5.0821918323636082 178.19013312086463 208.382971316576 3.4772797189652911 16.807657733559608 29.960654631257057 104.99887474626303 616.65246878564358 33.044654838740826 5.9722448959946615 44.317719914019108 78.232150796800852 6.2935582622885731 5.5921492129564276 69.355897337198257 6.6160163432359687 5.8175261169672039 3.6260075494647053 5.9655134826898575 74.788673650473356 7.8474332764744776 13.062266588211061 14.294930968433617 15.499560099095104 5.0106292292475691 10.571632653474806 16.919172137975693 6.8455399870872498 55.698152676224709 3.8779310509562483 62.430660746991634
leaf_count=64 3036 1147 22 73 323 525 2973 301 26 226 1201 48 62 764 52 57 55 81 816 45 84 133 108 40 56 236 66 725 36 863
internal_value=4.18147e-05 0.00614693 0.00993003 -0.0128002 0.0120954 0.0133896 0.0171321 -0.0184332 -0.00644321 0.00266482 -0.0156138 -0.00682103 -0.0183067 -0.0130724 -0.0190861 -0.0256907 -0.00427169 0.0119742 -0.0262849 0.00526765 -0.00161918 0.010138 0.0146949 0.0259835 0.027107 -0.0173575 0.0386946 -0.0280252 -0.0187392 -0.0237609
internal_weight=1715.23 1289.83 1099.39 95.0736 1004.31 974.352 721.651 425.4 161.271 252.701 190.446 112.214 79.9606 95.349 75.9719 264.129 26.3627 11.9378 78.266 81.3101 61.6065 19.3771 28.5618 19.7036 16.8652 20.5452 14.693 237.766 59.5761 68.0228
internal_count=14244 8423 6105 911 5194 4871 3498 5821 1676 1373 2318 1117 1032 1013 816 4145 348 107 838 644 493 197 192 151 104 291 111 3797 761 925
is_linear=0
shrinkage=0.03


Tree=39
num_leaves=31
num_cat=0
split_feature=41 0 13 38 24 29 19 38 29 13 23 37 38 35 33 35 35 22 21 33 41 22 32 45 21 29 47 26 35 32
split_gain=204.654 110.348 59.8965 52.3195 52.5861 45.8471 44.2675 29.8293 24.9465 24.1186 22.4651 17.55 22.8505 16.7201 13.7708 13.2281 12.1717 9.49687 19.9089 17.3004 8.73881 11.41 8.41945 7.81134 6.72164 6.53032 9.19194 5.78052 5.34341 5.07958
threshold=0.91376093029975902 12.988608360290529 61.213188171386726 0.40625000000000006 0.29412372410297399 0.9910435974597932 0.02941243909299374 0.71875000000000011 0.94044053554534923 32.168743133544929 0.52144470810890209 0.11935787275433542 0.53125000000000011 0.7112528681755067 59.774602890014656 0.43147520720958715 0.5963045358657838 0.39157915115356451 39.041666030883796 53.602083206176765 0.85662519931793224 0.69484576582908641 0.061862893402576453 0.18217991292476657 44.536968231201179 0.9772634506225587 0.8891618847846986 0.84375000000000011 0.68452754616737377 0.060506083071231849
decision_type=2 2 2 2 2 2 2 2 2 2 2 2 2 2 2 2 2 2 2 2 2 2 2 2 2 2 2 2 2 2
left_child=1 2 3 16 6 9 -5 15 -6 -2 14 12 13 -11 -3 -7 23 18 -17 -19 -12 28 -9 -1 -18 29 -27 -16 -22 -13
right_child=5 10 -4 4 8 7 -8 22 -10 11 20 25 -14 -15 27 17 24 19 -20 -21 21 -23 -24 -25 -26 26 -28 -29 -30 -31
leaf_value=0.012686881986850031 -0.030001534324947052 0.033163382451371771 0.042736906767043656 0.026495395127773522 -0.0070523118174316184 -0.024355385969597784 0.0014641042613813941 -0.030320527837363109 0.021276955021079732 0.030805614048228513 -0.0304604535127374 -0.02718005535692088 0.060671084206029985 -0.017438402450247189 -0.030835700378703746 -0.022756653383692732 -0.011074725611258293 0.010350715160906375 0.030567400183636278 -0.015187055069976554 0.01439853399468562 0.041860783993204899 0.022656934191552524 -0.016559331633675883 -0.034284619919886919 0.024022994043138984 -0.0246020842624412 0.0097229606111331589 -0.02738734944204162 0.013390482940961098
leaf_weight=17.186209760606292 197.62377645075321 9.1329318508505839 45.475645035505295 71.177836567163467 29.921227157115936 14.784178674221037 538.40206705778837 39.138823579996824 329.89432768896222 7.7549733147025135 83.949744004756212 52.240437533706427 4.6157340779900542 23.686940342187881 6.4896669499576074 7.3715287223458281 21.745500355958939 57.392330907285213 25.790256127715111 39.385134723037481 2.8540117889642707 2.6602833010256282 2.123537875711917 13.986563950777052 27.172704838216305 5.8791113346815091 6.1148024722933769 4.6720734164118767 10.139659173786638 2.2545792683958998
leaf_count=86 3424 47 197 366 305 186 3210 605 1516 61 1192 689 27 285 64 48 178 411 162 457 22 20 17 85 238 45 65 42 137 32
internal_value=-0.00020321 0.00637798 0.00937576 0.00788801 0.00981814 -0.0166345 0.00443041 -0.0048732 0.0188998 -0.0238715 -0.0208252 -0.0118533 0.00485498 -0.00486403 0.007525 0.00157176 -0.0152697 0.00470807 0.018307 -6.06365e-05 -0.0266489 -0.00542642 -0.0270515 -0.000448864 -0.0244558 -0.0208965 -0.000521946 -0.0142085 -0.0176218 -0.0252365
internal_weight=1701.02 1214.86 1094.96 1049.49 969.395 486.156 609.58 185.986 359.816 300.17 119.898 102.547 36.0576 31.4419 20.2947 144.723 80.091 129.939 33.1618 96.7775 99.6037 15.654 41.2624 31.1728 48.9182 66.4889 11.9939 11.1617 12.9937 54.495
internal_count=14219 7705 6181 5984 5397 6514 3576 1886 1821 4628 1524 1204 373 346 153 1264 587 1078 210 868 1371 179 622 171 416 831 110 106 159 721
is_linear=0
shrinkage=0.03


Tree=40
num_leaves=31
num_cat=0
split_feature=41 29 0 29 24 29 4 28 25 6 48 27 30 4 0 7 23 4 23 35 45 32 23 49 27 31 24 41 21 23
split_gain=186.344 104.568 64.9655 56.6033 66.7175 40.3073 33.2908 30.9475 39.8385 28.4741 34.1269 26.6216 21.3038 20.8727 19.8108 27.922 18.1486 16.6431 15.1419 15.0625 14.903 14.0985 12.5017 12.0718 11.5163 11.1578 10.5102 14.3617 8.70487 8.51622
threshold=0.95010551810264599 0.94424858689308178 5.9039576053619394 0.9840834140777589 0.26941302418708807 0.9910435974597932 0.87438148260116588 0.93567231297492992 0.20899941027164462 0.17657092213630679 0.3524871319532395 0.98021599650383007 0.26953125000000006 0.93270063400268566 12.988608360290529 4.5913395881652841 0.49557372927665716 0.90178543329238903 0.3411738276481629 0.62825810909271251 0.13827887922525409 0.040938381105661399 0.56059589982032787 0.18368119001388553 0.99243655800819408 0.034660136327147491 0.32063111662864691 0.97735631465911876 45.593915939331062 0.41163155436515814
decision_type=2 2 2 2 2 2 2 2 2 2 2 2 2 2 2 2 2 2 2 2 2 2 2 2 2 2 2 2 2 2
left_child=1 14 6 4 16 26 20 8 -5 10 -8 -6 19 -9 15 17 -4 21 23 29 -3 -1 28 -14 -19 -17 -2 -28 -21 -7
right_child=5 2 3 7 11 12 9 13 -10 -11 -12 -13 18 -15 -16 25 -18 24 -20 22 -22 -23 -24 -25 -26 -27 27 -29 -30 -31
leaf_value=-0.019963524248074852 -0.028712278718089637 0.062643509017956983 0.007868329074986833 0.018881997372705954 0.021703398021355652 0.017897936951870766 -0.02563131844623134 -0.002573714562590289 -0.0092120270758394782 0.030989733980725673 0.0026531392482324356 0.0018053362274984565 0.033989320407208722 0.049552671171492112 -0.028155979877597798 -0.0050945686511220528 -0.015992352040836311 -0.021742270306095903 -0.02380952817935543 0.054369515047825605 0.0024890892821214775 0.034552042428246804 -0.0050786961206758718 -0.026236744962345411 0.034135234153849003 0.042371986372475745 0.034782789252075209 -0.018986773438925564 0.009612820616494544 -0.011883379754321893
leaf_weight=6.1979691609740248 210.10597965121269 7.1290342621505243 35.535227663815022 418.77845370769501 143.37856172770262 10.17868874594569 98.851369965821505 8.0500627607107145 50.188471257686615 12.266619626432655 61.80189835652709 105.11685382947326 7.4171497449278814 40.523355543613434 70.685373622924089 6.5031084418296841 134.68624044582248 80.56450068205595 60.357493452727795 9.8804948925972038 7.1709388643503189 9.6758985072374326 9.1094009615480882 3.7077672258019447 2.5521937236189833 11.352323882281778 4.7582678236067322 19.046475414186716 7.1912788562476626 36.98151645809412
leaf_count=72 3566 41 164 1828 793 82 1023 37 226 65 396 551 56 176 1149 53 1046 922 858 52 51 72 71 48 28 63 45 281 66 318
internal_value=-0.000379029 0.00497592 0.00844092 0.0116666 0.00344425 -0.0188876 -0.00765064 0.0182937 0.0158558 -0.0113591 -0.0147829 0.0133393 -0.00636126 0.0409756 -0.0157012 -0.00796631 -0.0109768 -0.014241 -0.0179122 0.004946 0.0348085 0.0131669 0.0227719 0.0131611 -0.0196054 0.0255718 -0.0265704 -0.00714901 0.0372575 -0.00515515
internal_weight=1689.74 1311.01 1123.48 936.257 418.717 378.735 187.22 517.54 468.967 172.92 160.653 248.495 144.824 48.5734 187.531 116.846 170.221 98.9906 71.4824 73.3414 14.3 15.8739 26.1812 11.1249 83.1167 17.8554 233.911 23.8047 17.0718 47.1602
internal_count=14199 8756 6397 4821 2554 5443 1576 2267 2054 1484 1419 1344 1551 213 2359 1210 1210 1094 962 589 92 144 189 104 950 116 3892 326 118 400
is_linear=0
shrinkage=0.03


Tree=41
num_leaves=31
num_cat=0
split_feature=41 0 6 11 6 44 27 29 38 23 24 29 9 22 21 25 28 0 46 16 23 29 28 37 41 23 21 41 37 25
split_gain=195.822 101.215 56.6914 93.1083 55.6538 60.4481 43.8769 38.2173 28.8364 26.6654 15.7661 14.9938 25.7234 14.2291 19.4213 21.7919 15.5106 12.4873 11.0303 10.0285 10.0055 9.07961 7.32434 10.3301 6.79993 6.95668 8.51694 6.37533 7.7831 6.09047
threshold=0.92611071467399608 12.988608360290529 13.226967871189119 0.62500000000000011 0.12019100785255434 0.093386627733707442 0.96154338121414196 0.9910435974597932 0.71875000000000011 0.52144470810890209 0.32063111662864691 0.9640149474143983 0.28344079852104193 0.39157915115356451 39.041666030883796 0.17909986525774005 0.52969026565551769 5.1624634265899667 0.99782127141952526 0.25683593750000006 0.46461577713489538 0.97667109966278087 0.62322562932968151 0.17339956760406497 0.85662519931793224 0.68287813663482677 46.791395187377937 0.95010551810264599 0.17548894137144092 0.13289479911327365
decision_type=2 2 2 2 2 2 2 2 2 2 2 2 2 2 2 2 2 2 2 2 2 2 2 2 2 2 2 2 2 2
left_child=1 2 3 4 5 -1 -6 10 13 18 27 -12 -13 14 -9 -16 17 -15 -3 -18 -20 -14 23 -5 -11 26 -26 28 29 -2
right_child=7 9 -4 22 6 -7 -8 8 -10 24 11 12 21 16 15 -17 19 -19 20 -21 -22 -23 -24 -25 25 -27 -28 -29 -30 -31
leaf_value=0.021434946431030465 -0.017173770944649842 0.042820821879028345 0.047417038826110008 -0.024083244050647701 -0.012720441915375436 0.0033422705370281316 0.0093838880896759923 -0.024708416211390156 -0.028551239923268048 -0.030580377386502509 -0.022174744802254266 -0.027538973869867631 0.074000922896552315 -0.016759672406883107 0.043060102240911072 -0.017938576169256239 0.025410121325850566 0.02103455493535366 0.023959104662551675 -0.017825174561287453 -0.022961850512657915 0.0075771301648875217 -0.030495746378153825 0.032429718605817691 0.037386240932580236 -0.028618349104421542 -0.015254459728697009 -0.028739055861644699 -0.027398556523290374 0.016623761173039046
leaf_weight=437.40940077602863 8.198770824819805 5.5288806594908246 32.242069497704506 6.6260625310242158 144.29292423650622 269.04072607308626 181.11214387044311 6.9629085585474959 38.039096046239138 80.001853935420513 16.335020780563358 5.5161070600152007 4.7437740638852102 10.137326855212448 20.731437422335151 6.2560069374740115 4.3494468182325354 26.145343691110611 5.9641582667827615 56.043026156723499 8.8884896449744684 3.2640440836548805 56.932680580765009 3.70114666223526 3.9360209815204161 7.3740814365446559 5.3236063867807388 206.92290802672505 17.856736864894629 9.0239424630999547
leaf_count=1967 94 36 143 53 989 1460 1229 49 602 1187 237 76 35 123 113 57 32 141 42 657 76 39 618 30 30 102 63 3598 270 106
internal_value=-4.06394e-05 0.00602672 0.00877983 0.00760162 0.00984026 0.0145633 -0.000417488 -0.017216 -0.00592528 -0.0204146 -0.0241624 -0.00335374 0.0191344 0.000807633 0.0172486 0.028677 -0.00505287 0.0102281 0.0102597 -0.0142993 -0.00360842 0.051106 -0.0263391 -0.00248989 -0.0269537 -0.00859583 0.00829232 -0.0266931 -0.0140797 0.000310494
internal_weight=1688.9 1248.37 1131.36 1099.12 1031.86 706.45 325.405 440.526 168.665 117.017 271.861 29.8589 13.5239 130.625 33.9504 26.9874 96.6751 36.2827 20.3815 60.3925 14.8526 8.00782 67.2599 10.3272 96.6356 16.6337 9.25963 242.002 35.0795 17.2227
internal_count=14254 8025 6489 6346 5645 3427 2218 6229 1774 1536 4455 387 150 1172 219 170 953 264 154 689 118 74 701 83 1382 195 93 4068 470 200
is_linear=0
shrinkage=0.03


Tree=42
num_leaves=31
num_cat=0
split_feature=41 29 0 23 24 29 29 27 0 7 20 4 6 45 36 35 41 24 1 25 32 3 5 7 44 16 42 4 23 24
split_gain=196.209 96.3744 64.8806 53.7382 41.3349 54.7074 32.7866 27.8967 22.3507 25.0747 19.6248 18.7393 18.1136 17.9835 18.9949 16.7861 15.7709 13.6333 13.2964 10.6116 9.11936 7.34539 6.93884 6.80828 6.6685 5.65222 5.22625 5.19866 5.04884 4.99104
threshold=0.95131400227546703 0.94424858689308178 4.490345001220704 0.73546344041824352 0.27212218940258032 0.98171594738960277 0.9910435974597932 0.90546944737434398 12.854410171508791 4.6109647750854501 0.03722816891968251 0.90178543329238903 0.16332352906465533 0.21548955142498019 0.27051319181919103 0.47687663137912756 0.86662000417709362 0.30886164307594305 0.82775169610977184 0.1751276031136513 0.037533653900027282 0.51109406352043163 0.052490727975964553 5.3492438793182382 0.075235851109027876 0.26269531250000006 0.8434436321258546 0.9037490487098695 0.47926136851310736 0.31636561453342443
decision_type=2 2 2 2 2 2 2 2 2 2 2 2 2 2 2 2 2 2 2 2 2 2 2 2 2 2 2 2 2 2
left_child=1 8 12 4 5 -4 18 -6 9 11 13 16 22 14 21 -15 -1 -13 23 -17 -16 -8 -3 29 -11 -12 -5 -28 -10 -2
right_child=6 2 3 26 7 -7 10 -9 28 24 25 17 -14 15 20 19 -18 -19 -20 -21 -22 -23 -24 -25 -26 -27 27 -29 -30 -31
leaf_value=0.037582557163579271 -0.029927676770180198 0.0041836054384097234 -0.0093821606397963275 -0.028572204926666019 0.042222637937525183 0.012405277636837461 -0.024359934778565399 0.015347271640989197 0.0013946227125341088 0.038648460230731277 0.0036766424363330126 -0.024855992183541214 0.027320109435727661 -0.024942007884920625 -0.0076335450304439237 0.040368011129432099 -0.019809091908104509 0.0027830007988510412 0.026709401658526321 -0.0052843004356444576 0.025784547266635004 0.021914991520534648 -0.029045903083510641 0.0068420771919631158 -0.0016677222640440368 -0.028532888495308099 -0.02456040925160936 0.021984365408308056 -0.030131446417190219 -0.013963288333221477
leaf_weight=10.3808765783906 191.66034961864352 5.8959206007421008 155.47789545729756 32.291491314768791 36.809899393469095 306.57102220132947 40.527066890150309 532.99929527193308 4.6273608654737464 11.423430129885675 5.1724488958716384 62.347458850592375 5.5891847163438788 5.5066646113991764 12.99427714943886 18.03908056020737 6.06110706180334 21.015310771763325 3.3377292566001406 5.6080521345138541 14.644317224621771 2.5066439919173709 52.022233363240957 4.5805522985756388 4.9416880980134001 38.395244292914867 3.02780608087778 3.6536917462944984 64.52288718521595 23.093464285135269
leaf_count=75 3446 54 1051 362 161 1576 481 2524 48 62 48 753 38 62 101 120 72 212 37 68 102 22 651 57 41 558 33 34 1122 346
internal_value=1.31093e-05 0.00540758 0.00868748 0.0104414 0.011756 0.00506297 -0.0193874 0.0171596 -0.0145913 -0.00641982 -0.00809036 -0.0121269 -0.0205436 -0.000662837 -0.00886246 0.0187493 0.0163312 -0.0179024 -0.0265802 0.0296445 0.0102504 -0.0211599 -0.0255987 -0.0275223 0.0269067 -0.0246449 -0.0237117 4.99765e-05 -0.0279892 -0.0282975
internal_weight=1685.72 1319.66 1134.34 1070.83 1031.86 462.049 366.066 569.809 185.32 116.17 143.394 99.8048 63.5073 99.8261 70.6723 29.1538 16.442 83.3628 222.672 23.6471 27.6386 43.0337 57.9182 219.334 16.3651 43.5677 38.973 6.6815 69.1502 214.754
internal_count=14317 8869 6484 5741 5312 2627 5448 2685 2385 1215 1562 1112 743 956 706 250 147 965 3886 188 203 503 705 3849 103 606 429 67 1170 3792
is_linear=0
shrinkage=0.03


Tree=43
num_leaves=31
num_cat=0
split_feature=41 0 13 11 6 44 29 27 38 23 1 22 41 22 29 22 45 33 20 7 32 36 31 22 29 7 32 6 37 41
split_gain=173.516 93.8062 59.7256 112.682 60.0326 57.6913 39.9424 24.9836 19.2229 19.0753 18.8502 12.3356 13.2522 12.0089 11.4133 10.0129 12.1675 14.3936 13.3198 9.01802 7.23233 6.97053 4.83135 8.80231 4.78956 4.75526 3.96113 3.83696 3.4714 1.04311
threshold=0.95010551810264599 12.988608360290529 61.82704162597657 0.62500000000000011 0.1455621346831322 0.093386627733707442 0.9910435974597932 0.96261376142501842 0.71875000000000011 0.52144470810890209 0.82235851883888256 0.70482838153839122 0.85532942414283764 0.39157915115356451 0.96049025654792797 0.60578265786170971 0.20925361663103106 44.70710754394532 0.037633661180734641 10.74187231063843 0.060506083071231849 0.28653083741664892 0.043598199263215072 0.40581703186035162 0.96946877241134655 5.3492438793182382 0.069246191531419768 0.033904178068041808 0.1053154729306698 0.93160146474838268
decision_type=2 2 2 2 2 2 2 2 2 2 2 2 2 2 2 2 2 2 2 2 2 2 2 2 2 2 2 2 2 2
left_child=1 2 3 4 5 -1 10 -6 15 13 25 24 -13 -3 -15 16 17 -8 -18 -4 -10 -17 23 -5 29 26 28 -24 -2 -11
right_child=6 9 19 22 7 -7 8 -9 20 11 -12 12 -14 14 -16 21 18 -19 -20 -21 -22 -23 27 -25 -26 -27 -28 -29 -30 -31
leaf_value=0.018443422722309432 -0.019894184824202323 0.045822691078704 0.048195484588922692 0.023170778880440127 -0.019907445613827453 0.0027796713754638836 0.015781418094054273 0.0028959728512660786 -0.030096015699598022 -0.030894366689892032 0.029111140026717365 -0.024363702746747457 0.052770653594064694 -0.025696064021417175 0.024802478023608517 -0.028074394242079973 0.030252828513654854 -0.012879800599528805 -0.02159048005868338 0.014840518791262688 0.019862456590643496 0.018109920779265414 -0.012349837323420015 -0.022705208411004065 -0.0037407521532944951 0.0020678116675211006 0.0030792784482340184 -0.033361130995875843 -0.030818896409309175 -0.0038728916311582618
leaf_weight=536.57634327560663 42.574739515781403 4.2475121021270779 35.344416543841362 4.0943978950381306 74.942684158682823 350.50466819480062 23.337836362421513 99.485537461936474 29.17844865471125 82.36921327188611 4.5950544215738764 3.2543292641639701 2.8445201367139816 9.474046189337967 5.5476641952991477 14.798932086676361 22.331144094467167 43.706081669777632 4.6824648119509211 10.927752062678335 2.1013984195888034 2.80307513475418 11.46464531496167 13.827937968075274 7.1460506469011298 4.4621957205235949 3.2328875660896292 56.608211494982243 164.10582126677036 1.8777245953679074
leaf_count=2606 714 28 159 26 616 1986 165 791 496 1300 51 47 19 101 23 170 157 468 61 46 14 21 128 142 51 53 54 716 3032 19
internal_value=0.000192975 0.00527464 0.00779075 0.00642013 0.00910486 0.0122678 -0.0181641 -0.00694199 -0.00574475 -0.0202726 -0.0261947 -0.0256268 0.0135552 0.00659678 -0.00647518 0.000122085 0.00408622 -0.0027735 0.0207094 0.0408623 -0.0261355 -0.0199802 -0.0264088 -0.0113955 -0.0283924 -0.0275237 -0.0281738 -0.0300959 -0.0286896 -0.0303798
internal_weight=1672.45 1310.54 1193.78 1147.5 1061.51 887.081 361.91 174.428 142.939 116.761 218.971 97.4918 6.09885 19.2692 15.0217 111.66 94.0575 67.0439 27.0136 46.2722 31.2798 17.602 85.9952 17.9223 91.393 214.376 209.913 68.0729 206.681 84.2469
internal_count=14260 8804 7216 7011 5999 4592 5456 1407 1552 1588 3904 1436 66 152 124 1042 851 633 218 205 510 191 1012 168 1370 3853 3800 844 3746 1319
is_linear=0
shrinkage=0.03


Tree=44
num_leaves=31
num_cat=0
split_feature=41 0 35 14 11 1 31 18 44 28 23 29 29 29 29 41 49 23 5 21 41 22 45 11 35 15 1 41 22 22
split_gain=161.151 93.3259 47.8591 46.283 46.4077 38.9258 38.7286 37.8906 19.7218 19.0021 18.054 16.0374 15.5545 15.4044 13.0846 14.4168 12.97 12.7972 12.5487 12.4275 12.4591 12.3835 13.4313 11.2535 12.2905 15.8611 9.80462 9.11543 11.6319 7.16961
threshold=0.91953763365745556 12.988608360290529 0.75928473472595226 8.2901487350463885 0.62500000000000011 0.72222506999969494 0.029975064098834995 0.73828125000000011 0.072077922523021712 0.62322562932968151 0.3411738276481629 0.99670520424842846 0.98121124505996715 0.9491943120956422 0.99860748648643505 0.99396112561225902 0.1868172958493233 0.478098675608635 0.63865065574646007 46.289142608642585 0.97735631465911876 0.42989669740200048 0.12602769583463672 0.62500000000000011 0.72197598218917858 0.72380954027175914 0.64405640959739696 0.85662519931793224 0.70482838153839122 0.34201917052268987
decision_type=2 2 2 2 2 2 2 2 2 2 2 2 2 2 2 2 2 2 2 2 2 2 2 2 2 2 2 2 2 2
left_child=1 2 3 4 7 10 13 -1 -8 -6 16 23 17 -5 15 18 -2 -3 -13 20 26 -16 -23 24 25 -7 -12 -19 -29 -22
right_child=5 12 -4 6 9 11 8 -9 -10 -11 19 14 -14 -15 21 -17 -18 27 -20 -21 29 22 -24 -25 -26 -27 -28 28 -30 -31
leaf_value=0.0087969676384287189 0.034666483975599655 0.014293650155351887 -0.015559023609053587 -0.024401246819311634 0.011847839823897414 -0.0058892683369417909 0.029200943168763458 -0.029933354915938411 0.013202072499808445 -0.029990654244154723 -0.022971600343406114 0.048523314994859734 0.034189244374283966 0.0069347064605374629 -0.023528281462990401 -0.015803150718077107 -0.026426386636631619 -0.029578419856198492 -0.0027413682669371938 -0.028033406396887013 0.0044248296313880242 0.041753570824405672 -0.011713168352720665 -0.024993212697842895 -0.018880233434510962 0.033644331489874751 0.012490698165183708 -0.016211481176053814 0.044698895483978651 -0.027964914450247392
leaf_weight=555.95478125661612 7.66526812314987 7.0506369397044173 70.680102329701185 15.568885661661623 11.745600931346415 27.415465295314789 186.22685431689024 22.707569316029549 115.90844674780965 44.346863467246294 9.1933580636978167 15.320637088269001 3.5785499662160865 94.091287158429623 14.577470712363722 5.7134791985154143 3.9514117613434792 83.47696940228343 5.5469257570803157 191.7035311833024 6.7894476987421504 7.0208080150187007 8.1082065701484662 32.575187243521214 26.971104972064495 12.468442536890505 21.463944666087627 13.161325857043265 2.5205739066004744 38.981227222830057
leaf_count=2821 56 56 667 164 79 275 851 212 593 523 146 82 16 464 112 58 55 1276 41 3445 90 49 84 480 386 111 248 170 17 674
internal_value=0 0.00556595 0.00816592 0.0097844 0.00468403 -0.0156567 0.0176086 0.00722294 0.023137 -0.0211232 -0.0223323 -0.00357887 -0.0206998 0.00227841 0.00908732 0.023998 0.0132005 -0.0228789 0.035257 -0.0239263 -0.0133566 -0.00450392 0.0139631 -0.0107982 -0.003571 0.00691691 0.00137196 -0.0256683 -0.00414883 -0.0231043
internal_weight=1662.48 1227.02 1117.23 1046.55 634.755 435.466 411.795 578.662 302.135 56.0925 279.748 155.718 109.788 109.66 56.2875 26.581 11.6167 106.21 20.8676 268.132 76.428 29.7065 15.129 99.4302 66.855 39.8839 30.6573 99.1589 15.6819 45.7707
internal_count=14301 7909 6374 5707 3635 6392 2072 3033 1444 602 4714 1678 1535 628 426 181 111 1519 123 4603 1158 245 133 1252 772 386 394 1463 187 764
is_linear=0
shrinkage=0.03


Tree=45
num_leaves=31
num_cat=0
split_feature=41 29 11 6 23 29 31 16 38 4 29 22 25 1 1 25 22 20 45 6 16 32 14 37 24 22 35 45 49 32
split_gain=152.993 86.7664 56.1077 74.487 47.4233 39.5283 32.9521 39.5162 18.8352 18.159 17.955 21.4251 25.1909 19.4576 15.7336 15.0242 11.7988 12.1521 16.1698 10.1154 9.46977 8.14367 7.72027 6.83238 10.6995 16.0538 5.37988 5.0857 4.74606 3.41634
threshold=0.95131400227546703 0.94424858689308178 0.62500000000000011 13.226967871189119 0.74352878332138073 0.9910435974597932 0.030486395582556728 0.30371093750000006 0.71875000000000011 0.87356704473495495 0.90787160396575939 0.70482838153839122 0.23571166396141055 0.67193371057510387 0.82235851883888256 0.092617407441139235 0.61509153246879589 0.037539636716246612 0.21548955142498019 13.226967871189119 0.26269531250000006 0.058228246867656715 54.980937957763679 0.10762771219015123 0.32063111662864691 0.47535687685012823 0.7112528681755067 0.0601144377142191 0.086353402584791197 0.069246191531419768
decision_type=2 2 2 2 2 2 2 2 2 2 2 2 2 2 2 2 2 2 2 2 2 2 2 2 2 2 2 2 2 2
left_child=1 10 4 15 6 14 9 -8 16 -3 22 12 19 -14 23 -4 17 18 -7 -12 -19 -10 -1 24 26 -26 -2 -17 -18 -25
right_child=5 2 3 -5 -6 8 7 -9 21 -11 11 -13 13 -15 -16 27 28 20 -20 -21 -22 -23 -24 29 25 -27 -28 -29 -30 -31
leaf_value=-0.030165643473782332 -0.0027269244618948257 0.021688943204132293 0.033696337590952662 0.043146545750494494 -0.026737031289139498 0.0013470144597415652 0.030645865106386203 0.01121227123766369 -0.030746989107418427 -0.0014012691169055958 -0.022150771664611924 0.043141409135163802 -0.008311368495375759 0.037229239061941921 0.025182546760488606 -0.0025435332743689401 0.0073054654122436061 0.023480618165406072 0.032151628726207582 0.029827272254957422 -0.025001864174960472 0.018140302707181481 0.022295669429134475 -0.030680536941917684 0.061201990835019635 -0.014501102265348674 -0.029730898342671633 -0.030269435845941859 -0.031425239426317815 0.0032398998285119631
leaf_weight=57.527278319001198 9.1931752972304803 34.441392004489899 2.8631010353565207 16.247145667672157 30.026403222233057 53.470103114843369 110.77382860332727 628.72075590491295 27.336304139345888 225.1451478600502 76.78409668803215 6.0006646141409865 19.374408226460218 13.491117902100084 4.511420775204896 6.9472961686551562 3.0872660204768172 3.6614858061075237 20.685251384973526 2.6347525268793097 16.579715583473444 2.7015051059424868 1.8820206448435772 156.4160406216979 2.7675719745457155 6.7014881297945976 28.280316349118948 72.636089682579041 11.815118692815302 2.3712405748665324
leaf_count=950 155 171 15 76 356 470 554 3054 493 1240 1041 42 212 109 53 97 26 38 146 13 222 20 11 3031 35 92 514 893 138 41
internal_value=-5.67476e-05 0.00466346 0.00773691 -0.0137603 0.00981281 -0.0176559 0.0109399 0.0141649 -0.00518361 0.00172225 -0.0147607 -0.00785002 -0.0109583 0.0108415 -0.025844 -0.0253931 0.000640607 0.00464919 0.0102932 -0.0200396 -0.015398 -0.0258108 -0.0281125 -0.0270939 -0.01632 0.011071 -0.0234272 -0.0279479 -0.0232581 -0.0301381
internal_weight=1655.07 1305.5 1127.8 98.6936 1029.11 349.578 999.081 739.495 139.337 259.587 177.694 118.285 112.284 32.8655 210.241 82.4465 109.299 94.3966 74.1554 79.4188 20.2412 30.0378 59.4093 205.73 46.9426 9.46906 37.4735 79.5834 14.9024 158.787
internal_count=14308 8834 6456 1081 5375 5474 5019 3608 1553 1411 2378 1417 1375 321 3921 1005 1040 876 616 1054 260 513 961 3868 796 127 669 990 164 3072
is_linear=0
shrinkage=0.03


Tree=46
num_leaves=31
num_cat=0
split_feature=0 29 14 11 29 28 23 35 6 29 24 24 23 28 0 29 22 24 22 5 14 4 6 22 29 28 38 2 17 14
split_gain=147.152 129.101 44.7736 48.363 40.3383 41.8077 34.5051 31.3177 29.6088 29.4517 26.2654 25.8345 24.7651 49.3909 22.4202 21.4394 25.1471 18.6411 17.1727 16.7091 17.5023 16.597 20.1842 14.3559 14.2604 17.3692 14.2446 14.1609 11.8019 10.4741
threshold=4.8442986011505136 0.9640149474143983 12.12730646133423 0.62500000000000011 0.98501682281494152 0.93567231297492992 0.47358071804046636 0.64997738599777233 13.226967871189119 0.91642174124717724 0.3130630254745484 0.27255500853061682 0.69282349944114696 0.66730415821075451 10.977052688598635 0.99346512556076061 0.39754435420036321 0.31786529719829565 0.25258018076419836 0.24267496913671496 2.6991854906082158 0.98343965411186229 0.084795173257589354 0.39549115300178533 0.99728330969810497 0.68234103918075573 0.46875000000000006 0.39062500000000006 1.0078125000000002 7.2354261875152597
decision_type=2 2 2 2 2 2 2 2 2 2 2 2 2 2 2 2 2 2 2 2 2 2 2 2 2 2 2 2 2 2
left_child=8 6 3 4 11 -6 10 21 15 -8 18 -3 13 -11 26 -1 19 -16 -2 20 -17 23 -23 -4 -5 -26 -9 -14 29 -18
right_child=1 2 7 24 5 -7 9 14 -10 12 -12 -13 27 -15 17 16 28 -19 -20 -21 -22 22 -24 -25 25 -27 -28 -29 -30 -31
leaf_value=-0.028379419184045775 0.047693202845140968 -0.012914911520612346 0.011086746676246565 -0.025448505623480097 0.01143449912082832 0.042835533772066503 -0.028500291318512127 -0.0056938578708879764 0.048641510430493105 0.032334669211584899 0.054421814771371944 0.0090373484253536938 0.0047817536916297853 -0.0084382666754083679 -0.026471709475792884 -0.0023822767554846857 -0.025117124166299611 0.03544537092061302 -0.010988756284037022 -0.013341438398757687 0.056204804470192743 0.00093056288269077509 0.038123972903655726 0.039083003068473898 0.015690638503561938 -0.022584889625101381 0.033665588948413677 -0.027666245129132284 0.025091991834319538 0.017648619931224633
leaf_weight=154.97240845486522 4.6027558743953731 95.999551057815552 21.278189182281494 46.128170795738697 402.17593865469098 41.515559986233711 79.493765741586685 12.463709332048891 4.6409621983766547 30.209690168499947 10.963538527488707 94.934275656938553 14.211705528199671 185.4053324200213 24.174116019159559 7.8842338323593202 72.641069240868092 4.3564355373382559 21.536235861480236 12.563240595161913 9.4338191859424096 37.310302019119263 19.454098179936409 99.445588994771242 23.134646378457546 18.114039093255997 21.613637380301952 67.088590286672115 4.175257544964551 4.7685017623007289
leaf_count=2964 21 719 91 591 1858 180 1345 75 22 234 46 500 160 1621 177 70 1081 19 188 170 45 161 87 416 147 182 100 942 60 33
internal_value=0.000374769 0.00436086 0.0103847 0.00662958 0.00951589 0.0144691 -0.00963845 0.0215899 -0.0197835 -0.0123709 0.0176011 -0.00199417 -0.00796132 -0.00258885 0.00322444 -0.021164 -0.0109426 -0.0160356 0.000610493 0.0122506 0.0306946 0.0279971 0.0141686 0.0343048 -0.0141705 -0.00118348 0.0194325 -0.0219685 -0.0195192 -0.022253
internal_weight=1646.69 1375.61 962.098 722.002 634.625 443.691 413.512 240.096 271.079 376.409 37.1025 190.934 296.915 215.615 62.6079 266.439 111.466 28.5306 26.139 29.8813 17.3181 177.488 56.7644 120.724 87.3769 41.2487 34.0773 81.3003 81.5848 77.4096
internal_count=14305 9860 5303 4177 3257 2038 4557 1126 4445 4302 255 1219 2957 1855 371 4423 1459 196 209 285 115 755 248 507 920 329 175 1102 1174 1114
is_linear=0
shrinkage=0.03


Tree=47
num_leaves=31
num_cat=0
split_feature=41 29 11 12 38 29 14 4 29 23 19 20 29 22 25 47 25 1 35 36 10 47 47 12 16 11 24 42 29 14
split_gain=135.796 72.877 50.9195 69.6786 39.1397 35.7826 35.5797 32.343 32.1688 25.8302 25.5887 19.1865 18.3182 26.6661 27.3487 19.4087 14.4978 14.2878 14.1039 14.7331 10.7392 10.3703 12.9937 10.2335 9.51216 9.38897 7.79776 10.2797 8.16621 7.48482
threshold=0.95131400227546703 0.94424858689308178 0.62500000000000011 1.8366305232048037 0.53125000000000011 0.9910435974597932 5.254319667816163 0.95220488309860241 0.98983052372932445 0.67713260650634777 0.027250529266893867 0.03722816891968251 0.90787160396575939 0.70482838153839122 0.23571166396141055 0.77264833450317394 0.092617407441139235 0.82235851883888256 0.65420201420784008 0.2701068669557572 0.87500000000000011 0.8996713161468507 0.98279672861099254 1.8366305232048037 0.26269531250000006 0.62500000000000011 0.31636561453342443 0.80982521176338207 0.9640149474143983 1.9887439012527468
decision_type=2 2 2 2 2 2 2 2 2 2 2 2 2 2 2 2 2 2 2 2 2 2 2 2 2 2 2 2 2 2
left_child=1 12 4 16 9 17 8 -8 -6 10 -3 18 23 14 29 -16 -4 26 19 25 -21 -20 -23 -1 -13 -7 -2 -28 -29 -14
right_child=5 2 3 -5 6 11 7 -9 -10 -11 -12 24 13 -15 15 -17 -18 -19 21 20 -22 22 -24 -25 -26 -27 27 28 -30 -31
leaf_value=-0.029984364911115988 -0.028659643540915422 0.026081221682964405 0.03256803270902249 0.04179932290468738 -0.00487731075010224 -0.0004971259742922523 0.026879841069182977 0.0088017738515321683 0.014818628705342894 -0.018353026354470784 0.0007958203952268901 0.012261016827580217 0.0026663593661049008 0.045215256142606262 0.023229742055849399 -0.029105188608472544 -0.027874978404179313 0.022729852946376344 -0.01376660741089511 0.025858123165869062 -0.0099555756769294495 0.049337814110597032 -0.0067372481462464181 0.027202576327481 -0.028598436931371155 -0.027295558932684982 -0.020638582482063749 -0.0092183344353445641 0.054658240669158219 -0.024017300127199
leaf_weight=55.734042182564735 173.04355606809258 40.839009739458561 2.8879389315843573 15.877668052911757 141.15224168077111 22.728064492344856 217.14978571236134 153.88300021365285 156.09061193466187 52.269634686410427 261.61797317862511 5.3279534876346579 10.541008256375788 7.280504807829856 26.940667983144522 7.3011851646006098 76.94511466100812 4.6686716713011256 4.7342926785349873 18.225821312516928 11.540197290480139 11.87691491469741 4.7970569729804984 2.1587394773960105 33.656512320041656 24.013067051768303 17.221097938716415 3.0508794933557501 2.527983296662569 66.996515419334173
leaf_count=965 3490 203 15 76 792 213 1008 734 683 537 1392 50 124 46 244 87 998 52 50 116 101 76 38 11 536 351 285 50 23 927
internal_value=-0.000235194 0.00417986 0.00701301 -0.0138001 0.00897476 -0.0171601 0.0132451 0.019434 0.00547053 0.000906736 0.00429454 -0.0052535 -0.0136535 -0.00678385 -0.0105682 0.0114763 -0.0252755 -0.0252081 0.00185086 -0.00419629 0.0120035 0.0228184 0.033567 -0.0273753 -0.0227722 -0.0146109 -0.0264758 -0.00926752 0.0231789 -0.0203638
internal_weight=1633.08 1295.67 1118.71 95.7107 1023 337.412 668.276 371.033 297.243 354.727 302.457 136.9 176.953 119.06 111.779 34.2419 79.8331 200.512 97.9154 76.5072 29.766 21.4083 16.674 57.8928 38.9845 46.7411 195.844 22.8 5.57886 77.5375
internal_count=14273 8842 6438 1089 5349 5431 3217 1742 1475 2132 1595 1531 2404 1428 1382 331 1013 3900 945 781 217 164 114 976 586 564 3848 358 73 1051
is_linear=0
shrinkage=0.03


Tree=48
num_leaves=31
num_cat=0
split_feature=0 29 11 6 31 29 23 16 27 27 24 27 29 48 1 6 4 24 1 11 34 6 28 29 48 34 25 13 38 44
split_gain=139.782 107.096 50.5105 41.8541 35.8581 32.8167 39.4149 35.5683 38.2781 31.3277 37.9897 34.3892 23.4865 22.5097 16.5761 16.3496 13.9456 22.9347 13.2321 11.1639 10.3655 10.1629 9.84023 12.7006 9.83735 8.71558 8.04836 7.80781 7.68869 17.4667
threshold=4.7487497329711923 0.9640149474143983 0.62500000000000011 13.226967871189119 0.028236582875251773 0.90787160396575939 0.69282349944114696 0.24121093750000003 0.97059169411659252 0.98053526878356945 0.27854040265083319 0.97546783089637767 0.99670520424842846 0.35573129355907446 0.82235851883888256 0.12205877900123598 0.90012124180793773 0.2274354621767998 0.70345818996429454 0.62500000000000011 0.47550165653228765 13.226967871189119 0.68234103918075573 0.997378170490265 0.43790623545646673 0.57101890444755565 0.1614007651805878 31.16759014129639 0.59375000000000011 0.045983087271451957
decision_type=2 2 2 2 2 2 2 2 2 2 2 2 2 2 2 2 2 2 2 2 2 2 2 2 2 2 2 2 2 2
left_child=12 5 4 22 13 21 7 24 -9 11 -11 -6 27 14 -3 16 17 -14 -15 25 -19 -2 23 -4 -7 -18 -24 -1 -8 -30
right_child=1 2 3 -5 9 6 28 8 -10 10 -12 -13 15 18 -16 -17 19 20 -20 -21 -22 -23 26 -25 -26 -27 -28 -29 29 -31
leaf_value=-0.027653749649392278 -0.03021855636906506 -0.015850212236956956 -0.023912597421172396 0.040092029650681198 0.015196495406647286 0.056529344456183871 -0.02684725500321257 -0.015030478934433555 0.0087451936235525447 -0.024569030065224658 0.010687512686614102 0.040463351173504455 0.065035985855160003 0.028713078220775318 0.021721509333144304 0.037132219619541988 -0.01030424975427773 0.021148126624121417 0.002507356621052996 -0.029181803440142838 -0.029455666043196639 0.026878537097690558 0.0072258771015778264 0.0083255515539443561 0.0021781200616118614 0.036810982633533697 -0.031019125058312114 0.0264472506436116 -0.022537881672517225 0.042407475728051765
leaf_weight=170.45253707841039 66.268279157578945 80.009297210723162 19.708610203117132 11.823432624340056 490.56358762457967 11.375819794833658 71.378804065287113 113.39134912192822 129.36398824676871 35.269211828708649 112.72870350256562 53.597713056951761 4.2259453460574177 24.134342804551125 11.204984329640864 5.9687295593321315 16.333014480769638 5.2672578245401365 57.619530286639929 32.67611438781023 7.7485055029392242 2.1316872239112845 5.0537906698882571 22.480411805212498 4.2179455570876589 3.4359594061970702 43.53570544347167 1.6327982731163491 11.588386826217173 4.2902262471616259
leaf_count=3259 1191 570 245 59 2410 71 1065 1031 1048 181 495 245 21 126 56 38 174 52 277 587 99 11 49 148 37 31 561 11 154 33
internal_value=-0.000160445 0.00356223 0.00902428 -0.0107846 0.0113868 -0.0091889 -0.00538039 0.000519238 -0.00236425 0.0144363 0.00215693 0.0177603 -0.020866 -0.00081187 -0.0110168 -0.00676474 -0.0110391 0.0117709 0.0105332 -0.0186741 -0.00871535 -0.0280342 -0.0178083 -0.00687002 0.0430259 -0.000592792 -0.0269153 -0.0269733 -0.0226898 -0.00333975
internal_weight=1629.48 1381.74 967.729 102.602 865.127 414.006 345.607 258.349 242.755 692.159 147.998 544.161 247.741 172.968 91.2143 75.6555 69.6868 17.2417 81.7539 52.4451 13.0158 68.4 90.7785 42.189 15.5938 19.769 48.5895 172.085 87.2574 15.8786
internal_count=14335 10063 5422 1062 4360 4641 3439 2187 2079 3331 676 2655 4272 1029 626 1002 964 172 403 792 151 1202 1003 393 108 205 610 3270 1252 187
is_linear=0
shrinkage=0.03


Tree=49
num_leaves=31
num_cat=0
split_feature=41 29 11 13 23 29 7 4 6 0 49 16 21 20 28 40 45 22 33 13 35 28 35 7 1 37 20 25 23 43
split_gain=133.501 69.693 47.6585 60.1134 43.4629 35.1025 30.4732 42.5778 27.7868 20.0685 18.4129 21.9759 27.9843 18.3449 18.2511 17.8057 16.0036 17.0572 13.9213 11.5895 11.339 11.2208 10.8789 10.8554 7.70995 9.96699 14.1294 6.46082 5.93716 5.69947
threshold=0.95131400227546703 0.94424858689308178 0.62500000000000011 92.116901397705092 0.74352878332138073 0.9910435974597932 3.8474187850952153 0.98343965411186229 0.066402502357959761 12.724411010742189 0.7324141561985017 0.41113281250000006 63.103895187377937 0.03722816891968251 0.65377187728881847 0.60584098100662243 0.21548955142498019 0.6035887897014619 45.098779678344734 55.542648315429695 0.5009174942970277 0.4159564226865769 0.50420784950256359 5.3492438793182382 0.77511456608772289 0.11758121848106386 0.03251930512487889 0.21641398221254352 0.38428433239459997 0.56891140341758739
decision_type=2 2 2 2 2 2 2 2 2 2 2 2 2 2 2 2 2 2 2 2 2 2 2 2 2 2 2 2 2 2
left_child=1 9 4 21 6 23 8 -8 -3 10 14 29 -13 16 15 -1 18 20 22 -16 -18 -4 -7 24 -2 26 -26 -20 -23 -12
right_child=5 2 3 -5 -6 13 7 -9 -10 -11 11 12 -14 -15 19 -17 17 -19 27 -21 -22 28 -24 -25 25 -27 -28 -29 -30 -31
leaf_value=-0.012557957436334161 -0.028594111592896921 0.022041428829419521 0.028434398191022336 0.0406445045987942 -0.026424884594916716 0.047118423051705251 0.022961459871079625 0.0065221123816931979 0.00084415741758278628 -0.026900655997820818 -0.02576156456436024 0.084363009099942946 -0.002977159535096511 -0.022506672377759416 -0.021789445697559015 0.051293418927627378 -0.0087523220172646982 -0.026663394501879701 -0.018957213557973959 0.024457595230051851 0.039843164835447094 -0.0085145357336043007 0.00018782772818962836 0.014748390695330748 -0.025352146841906037 -0.02674552285145191 0.043404303453520941 0.019571129053133629 -0.03088882386372116 0.012380661641431298
leaf_weight=7.5769679769873601 165.76333044096828 64.624961443245411 2.6455033123493186 14.408731564879416 29.287358958274126 5.131260838359597 279.66538858786225 290.15588575601578 369.38698866963387 61.811385128647089 7.5681679993867892 6.118650693446396 5.9153917543590069 38.41988467797637 65.013476368039846 6.4265925921499729 4.9423144534230294 5.0035912021994582 42.305788159370422 4.3905727118253699 19.655319757759571 14.633088584989308 16.671704765409231 5.2321856394410124 3.8390750773251074 10.533190146088598 5.1705620102584362 3.4272259771823874 58.659171126782894 5.0764296799898148
leaf_count=84 3508 297 13 71 364 32 1351 1416 1966 1191 85 39 50 604 820 40 41 76 511 26 134 189 113 61 58 171 68 39 798 44
internal_value=0.000129258 0.00445835 0.00716985 -0.0136072 0.00900111 -0.0169928 0.0100629 0.0146218 0.00405077 -0.0133913 -0.00546235 0.0168024 0.0442658 -0.00523897 -0.0122066 0.0180108 0.00171995 0.0197668 -0.00631926 -0.0185154 0.0300014 -0.0243346 0.0129463 -0.0252683 -0.0264874 -0.00794989 0.0142011 -0.0156487 -0.0266368 -0.0104436
internal_weight=1619.46 1293.36 1123.47 90.3465 1033.12 326.095 1003.83 569.821 434.012 169.898 108.086 24.6786 12.034 135.557 83.4076 14.0036 97.1372 29.6012 67.536 69.404 24.5976 75.9378 21.803 190.538 185.306 19.5428 9.00964 45.733 73.2923 12.6446
internal_count=14260 8844 6465 1071 5394 5416 5030 2767 2263 2379 1188 218 89 1550 970 124 946 251 695 846 175 1000 145 3866 3805 297 126 550 987 129
is_linear=0
shrinkage=0.03


Tree=50
num_leaves=31
num_cat=0
split_feature=0 29 23 11 13 32 39 6 19 22 41 23 37 29 47 14 23 29 24 43 15 6 6 19 13 34 30 16 49 2
split_gain=126.798 93.0386 51.9302 31.911 37.4883 28.2391 27.8244 25.5244 22.8638 18.0313 26.4613 18.0735 22.3285 16.8258 20.7496 25.6602 26.3799 14.7257 11.61 16.6162 20.0122 7.62943 7.5468 7.18922 9.25447 5.90817 5.3859 5.10509 4.93095 2.69779
threshold=4.8832900524139413 0.94570326805114757 0.74352878332138073 0.62500000000000011 92.116901397705092 0.033430563285946853 0.85437244176864635 13.226967871189119 0.070538781583309187 0.39754435420036321 0.67721009254455578 0.47358071804046636 0.1672831475734711 0.90787160396575939 0.69099760055542003 12.398859024047853 0.69282349944114696 0.997378170490265 0.31459873914718633 0.69301652908325206 0.44505494832992559 13.226967871189119 0.19942078739404681 0.019370149821043018 23.661034584045414 0.31791867315769201 0.15234375000000003 0.32324218750000006 0.62711897492408764 0.35937500000000006
decision_type=2 2 2 2 2 2 2 2 2 2 2 2 2 2 2 2 2 2 2 2 2 2 2 2 2 2 2 2 2 2
left_child=7 13 3 5 17 8 -7 9 -3 10 -1 12 -12 21 15 16 -15 -5 23 -20 -21 -2 -17 24 -11 27 -25 -16 -27 -4
right_child=1 2 29 4 -6 6 -8 -9 -10 18 11 -13 -14 14 25 22 -18 -19 19 20 -22 -23 -24 26 -26 28 -28 -29 -30 -31
leaf_value=0.051760085339040661 -0.029992487050696293 -0.010274430874409586 0.0029528126774355542 -0.025884109906620656 0.040933399057802841 -0.002709450384937597 0.013255574369282413 0.0462602327574985 0.024163201525283427 0.044899312346009024 0.03533735194728669 -0.02900654931951235 -0.022646805951108333 0.0255630100228205 0.029749582117916614 -0.022326782863601662 -0.028939166533695236 -0.0011678289995028246 -0.023302728900102848 -0.017005941373761692 0.075696242986982368 0.023979561902167365 0.026099976265521692 -0.0029668277133444248 -0.023710944195534617 -0.030162713265880506 -0.02953456578156775 -0.021774208010962529 0.0015522332418893405 -0.028779597216303382
leaf_weight=5.472373090684413 61.79210714250803 98.419990733265877 2.2049920111894599 48.737143769860268 11.257268518209456 111.60907166823745 783.98481761664152 4.2590499222278586 20.010238356888294 2.0733268857002249 11.230142008513214 26.471906021237373 10.698729749768971 37.818743046373129 2.6626460105180731 34.205288473516703 9.1295969113707525 39.120951384305954 11.620945733040573 3.3887222222983828 3.3497090414166451 1.6777910292148579 2.2718922868371001 7.6693892888724795 3.1675400398671627 43.310576975345612 167.2079659588635 2.2782799080014229 4.5959885194897643 36.921119794249535
leaf_count=24 1161 597 22 651 58 583 3950 21 106 34 76 503 188 338 30 475 144 322 186 67 41 9 12 88 57 666 3215 37 63 548
internal_value=-0.000304417 0.0033668 0.00664729 0.00785178 -0.00831565 0.00944165 0.0112619 -0.0195967 -0.00427705 -0.0208983 -0.0053143 -0.0127452 0.00716311 -0.0154814 -0.00938789 0 0.0145194 -0.0150493 -0.0250654 -0.00203933 0.0325159 -0.0281694 -0.0186146 -0.0273716 0.0057963 -0.0239057 -0.02841 0.00582068 -0.0270892 -0.0268875
internal_weight=1608.62 1352.01 1152.27 1113.14 99.1154 1014.02 895.594 256.61 118.43 252.351 53.8732 48.4008 21.9289 199.743 136.273 83.4255 46.9483 87.8581 198.478 18.3594 6.73843 63.4699 36.4772 180.118 5.24087 52.8475 174.877 4.94093 47.9066 39.1261
internal_count=14272 9772 6837 6267 1031 5236 4533 4500 703 4479 791 767 264 2935 1765 969 482 973 3688 294 108 1170 487 3394 91 796 3303 67 729 570
is_linear=0
shrinkage=0.03


Tree=51
num_leaves=31
num_cat=0
split_feature=0 29 23 14 4 29 0 16 14 20 15 29 23 23 22 36 11 6 16 36 4 6 14 49 47 34 36 39 5 4
split_gain=114.139 96.6806 49.6659 36.2181 44.796 40.7824 32.4136 26.4626 25.0813 24.8238 21.3606 19.4911 15.9578 16.0213 18.5064 14.8979 15.9534 14.7202 14.3371 13.5854 12.3846 14.6685 11.6636 8.63654 7.79223 7.47609 4.17873 3.99444 2.39687 1.79923
threshold=4.7487497329711923 0.94639942049980175 0.74352878332138073 7.0448622703552255 0.95220488309860241 0.98712700605392467 7.1758544445037851 0.49902343750000006 9.53045701980591 0.042068898677825935 0.67948719859123241 0.99670520424842846 0.47358071804046636 0.47120629251003271 0.22926557064056399 0.27631805837154394 0.62500000000000011 13.226967871189119 0.39550781250000006 0.33980445563793188 0.9037490487098695 0.12337806448340417 2.0213369131088261 1.3582461476325991 0.57472798228263866 0.75003811717033397 0.33418841660022741 0.98670044541358959 0.087954558432102217 0.80222713947296154
decision_type=2 2 2 2 2 2 2 2 2 2 2 2 2 2 2 2 2 2 2 2 2 2 2 2 2 2 2 2 2 2
left_child=8 12 3 5 10 7 -7 -3 11 -6 -5 25 13 14 -2 16 22 19 -10 23 -17 -22 -13 -14 -21 26 29 -4 -20 -1
right_child=1 2 27 4 9 6 -8 -9 18 -11 -12 15 17 -15 -16 20 -18 -19 28 24 21 -23 -24 -25 -26 -27 -28 -29 -30 -31
leaf_value=0.00027914538803727919 0.045949652394212157 -0.0088657562815187899 -0.029299619010867802 0.031899246074628317 -0.0050525767351588483 0.00068397638871362377 0.018192124592991094 0.047273491871702662 0.056386226605361897 0.017799635537039848 0.014864503001492408 -0.025054134878750207 -0.023027757314566598 0.059107622682951631 -0.024068160775417201 0.044386476917028864 -0.02868495750737933 0.033182720665225506 0.010020279613760176 -0.015677254348013418 -0.029946839388584851 0.039725262175824137 0.021186510926985373 0.014077720641783613 0.042844781864619555 0.026280868674633234 0.013467509836872969 0.0056065679073350368 -0.023485855941292624 -0.029536699607948125
leaf_weight=1.6235590800642956 3.7030964046716717 232.33324629068375 35.961875963956118 102.05475287511945 132.89541532844305 208.74706052988768 174.61008419841528 6.8123223967850199 4.918813116848467 61.834012027829885 200.21131739392877 6.5783902704715755 167.1263818256557 3.5668275952339163 11.220916494727133 6.629035551100972 33.194252904504538 3.8644843846559516 2.6522155813872814 2.7175373658537856 6.7484907358884794 3.1893466338515282 12.920028809458016 5.1094161495566359 3.9103652574121952 1.4695405066013325 1.4611006788909424 2.7346539460122576 3.1221701577305794 147.47538757696748
leaf_count=29 17 1711 546 505 725 1373 738 36 30 293 1003 90 2704 15 140 45 622 20 25 34 79 15 127 65 39 17 15 27 37 3099
internal_value=-0.000357416 0.00296368 0.00630263 0.00746811 0.0135005 0.00263322 0.00869291 -0.00706388 -0.0197611 0.00224241 0.0207121 -0.0219556 -0.0161762 0.00984591 -0.00471171 -0.00853703 -0.0163116 -0.0188651 0.0233916 -0.0201845 0.015541 -0.00572507 0.00497828 -0.0218348 0.019547 -0.0279534 -0.0286724 -0.0266782 -0.008446 -0.0291923
internal_weight=1591.4 1359.41 1158.19 1119.5 496.995 622.503 383.357 239.146 231.982 194.729 302.266 221.289 201.219 18.4908 14.924 69.2595 52.6927 182.728 10.6932 178.864 16.5669 9.93784 19.4984 172.236 6.6279 152.03 150.56 38.6965 5.77439 149.099
internal_count=14221 9991 6957 6384 2526 3858 2111 1747 4230 1018 1508 4138 3034 172 157 978 839 2862 92 2842 139 94 217 2769 73 3160 3143 573 62 3128
is_linear=0
shrinkage=0.03


Tree=52
num_leaves=31
num_cat=0
split_feature=41 29 13 29 5 13 27 5 23 29 23 6 7 30 18 49 35 1 21 41 14 25 23 20 6 22 9 5 27 50
split_gain=117.399 67.0308 46.3849 37.2007 30.9007 37.1931 35.8781 30.9729 38.0774 29.2398 29.7377 26.5398 31.3267 24.6834 23.062 20.3961 15.8697 15.0121 14.2663 17.6427 12.9895 12.6454 13.1818 9.40119 8.55669 8.27405 6.98906 6.77954 6.07094 5.80752
threshold=0.95131400227546703 0.9640149474143983 25.872655868530277 0.9910435974597932 0.1443305239081383 37.55592346191407 0.91197562217712413 0.1149316430091858 0.48466053605079656 0.90787160396575939 0.47358071804046636 0.077293362468481078 4.4070103168487558 0.18359375000000003 0.73046875000000011 1.1649433970451357 0.62825810909271251 0.82235851883888256 51.989999771118171 0.99785390496253978 4.0145566463470468 0.16262669861316684 0.49481059610843664 0.029788195155560974 13.226967871189119 0.64821612834930431 3.4000198841094975 0.1161790005862713 0.98695021867752086 0.11882235109806062
decision_type=2 2 2 2 2 2 2 2 2 2 2 2 2 2 2 2 2 2 2 2 2 2 2 2 2 2 2 2 2 2
left_child=1 9 15 17 7 6 -6 8 -4 24 25 28 -13 -7 -9 -3 21 26 19 -18 -17 22 23 -5 -1 27 -2 -11 -12 -23
right_child=3 2 4 16 5 13 -8 14 -10 10 11 12 -14 -15 -16 20 18 -19 -20 -21 -22 29 -24 -25 -26 -27 -28 -29 -30 -31
leaf_value=-0.03058877610971044 -0.027443076981288481 -0.028220632277406565 0.021372649135717361 -0.017041554556229199 0.013666345982852261 -0.0090458788979972306 -0.011950778452123566 0.036816018197373367 -0.00029756088307831803 0.0077809305134765323 -0.028382978800359462 -0.0073278660406350307 0.021374961808947761 0.016443347237131332 -0.018926682309495832 -0.022026158984238951 0.034567667040435117 0.024670502949530909 -0.016047433028185856 -0.023141349940585077 0.030568652642927657 -0.00042973154576503417 -0.020853348505934611 0.018513429705667186 0.024910199641931922 -0.0044761148700531639 0.024655185754881948 0.045688628503772491 0.0028536263158880238 -0.028926339280004952
leaf_weight=48.751250270754099 173.65749488025904 42.36265167593956 161.6458355858922 7.9501970969140521 70.558922551572323 39.503322340548038 156.39049487560987 78.288453366607428 131.82901066169143 6.8419553562998834 49.186279498040676 177.834966506809 41.306631430983543 223.80462747439742 6.6170091181993476 5.8892825171351424 22.138788923621181 4.4429217390716067 11.00182595849037 5.1874978654086581 10.051098346710203 8.2721733003854734 18.6455296613276 26.001580454409122 1.8518646210432042 5.903691165149211 1.5590672902762879 14.182320341467856 5.9145810045301905 32.479518730193377
leaf_count=952 3815 609 741 73 446 218 912 352 661 45 568 1694 304 1024 33 50 173 49 139 64 60 120 185 234 10 35 18 66 72 556
internal_value=-6.86605e-05 0.00395415 0.00818488 -0.0165604 0.00993026 0.00493461 -0.0039482 0.016365 0.0116602 -0.00717711 -0.0035778 -0.00656832 -0.00183144 0.0125882 0.0322671 -0.0174974 -0.00436899 -0.0254056 0.0116474 0.0230763 0.0108069 -0.0110307 -0.00116253 0.00985262 -0.0280562 0.0259158 -0.0268252 0.0344019 -0.0249854 -0.0233625
internal_weight=1590.05 1278.71 926.941 311.337 868.638 490.257 226.949 378.38 293.475 351.774 301.17 274.242 219.142 263.308 84.9055 58.303 131.677 179.659 38.3281 27.3263 15.9404 93.349 52.5973 33.9518 50.6031 26.928 175.217 21.0243 55.1009 40.7517
internal_count=14278 8852 5106 5426 4387 2600 1358 1787 1402 3746 2784 2638 1998 1242 385 719 1544 3882 376 237 110 1168 492 307 962 146 3833 111 640 676
is_linear=0
shrinkage=0.03


Tree=53
num_leaves=31
num_cat=0
split_feature=41 29 1 40 16 14 4 11 23 4 4 29 47 24 18 18 31 6 29 29 6 29 14 24 5 29 29 34 5 23
split_gain=107.967 55.4808 45.8177 35.7115 37.5169 36.9131 36.5433 33.2987 32.9921 26.6159 26.2478 25.4564 27.3237 20.4261 29.7883 20.3098 19.757 19.6243 19.5256 19.3182 17.5751 15.812 16.5363 12.7851 12.0174 11.4306 11.1108 11.0926 11.0673 9.40765
threshold=0.87920483946800243 0.95482736825943004 0.64405640959739696 0.68237340450286876 0.30761718750000006 7.1364440917968759 0.94211879372596752 0.62500000000000011 0.47358071804046636 0.95220488309860241 0.8569578528404237 0.9840834140777589 0.86295887827873241 0.32345707714557653 0.25390625000000006 0.62109375000000011 0.036835210397839553 13.226967871189119 0.9940834939479829 0.94665405154228222 13.226967871189119 0.91642174124717724 7.2354261875152597 0.28838932514190679 0.078874535858631148 0.9936310648918153 0.99394196271896373 0.57101890444755565 0.092497631907463088 0.3411738276481629
decision_type=2 2 2 2 2 2 2 2 2 2 2 2 2 2 2 2 2 2 2 2 2 2 2 2 2 2 2 2 2 2
left_child=1 8 29 10 16 6 -6 11 15 -7 -3 12 19 18 -15 -1 23 26 -12 -4 21 -10 -23 -5 25 -13 -9 -26 -28 -2
right_child=2 3 7 4 5 9 -8 17 20 -11 13 24 -14 14 -16 -17 -18 -19 -20 -21 -22 22 -24 -25 27 -27 28 -29 -30 -31
leaf_value=0.041246255299416001 0.0081889417911095563 0.02871098625523805 -0.02056495238114214 -0.0064013057627759972 -0.014348397935679548 0.026842407739814396 0.0093228021461658501 -0.028920215711005365 -0.029248362280694121 0.007060514702389901 -0.015837587456997187 -0.0058086799266423572 -0.02646550354965737 -0.023211056960776234 0.031904023784274711 -0.026635180642083454 0.048567336156085071 0.054644901276019085 0.0039664273598855708 0.010678070501847102 0.036054642914617178 0.0055583615660265784 -0.01671198925499804 0.041815711658420116 0.00016546748511150864 0.044427647368753015 0.016140296652351744 0.021828410814864255 -0.016644292940040988 -0.027747029675751416
leaf_weight=16.381796732544903 6.3434556350111952 23.459995649755001 24.307948894798756 13.277973216027023 78.914376147091389 147.20602440834045 219.84066615626216 64.659248866140842 47.127351298928261 106.71391452476382 114.3314768858254 5.2007746733725098 49.815417516976595 11.801606714725493 27.893393740057945 4.3280122093856326 36.711450804024935 2.2635962814092627 72.392780724912882 59.057728305459023 5.4504553228616706 45.346826575696468 84.536208178848028 6.6238020062446585 86.84047644212842 13.761133834719656 10.482876896858214 27.306432854384184 48.23157012835145 131.13478945940733
leaf_count=91 67 117 419 68 400 637 1112 1302 951 492 724 38 797 57 123 50 169 12 362 553 28 394 970 30 678 73 121 180 657 2625
internal_value=-0.000116288 0.00539662 -0.0111738 0.00873127 0.012643 0.0102116 0.00303318 -0.00590551 -0.00866395 0.0186008 -0.000807233 0.000105472 -0.00912209 -0.0039917 0.0152765 0.0263485 0.0357373 -0.0185698 -0.00816338 0.00139682 -0.0127763 -0.0144908 -0.00893063 0.0107358 0.00935959 0.0308981 -0.0203658 0.00551833 -0.0105684 -0.0260201
internal_weight=1591.74 1062.34 529.405 859.167 609.288 552.675 298.755 391.927 203.171 253.92 249.879 266.29 133.181 226.419 39.695 20.7098 56.6132 125.637 186.724 83.3657 182.461 177.01 129.883 19.9018 133.109 18.9619 123.374 114.147 58.7144 137.478
internal_count=14297 6775 7522 4291 2908 2641 1512 4830 2484 1129 1383 2738 1769 1266 180 141 267 2092 1086 972 2343 2315 1364 98 969 111 2080 858 778 2692
is_linear=0
shrinkage=0.03


Tree=54
num_leaves=31
num_cat=0
split_feature=0 29 47 0 11 6 28 28 26 29 24 5 16 27 41 28 29 4 24 29 6 6 20 25 4 4 9 37 31 34
split_gain=108.993 85.1476 53.0198 45.8288 43.5171 44.1356 39.3912 36.1682 34.3961 33.8568 31.7658 28.5143 22.9714 39.1132 10.1631 10.0333 12.9431 9.78923 11.2492 8.88649 8.73145 8.19956 6.88761 6.66067 5.74885 5.56955 5.00637 11.8659 6.60976 4.78166
threshold=4.1286721229553232 0.9840834140777589 0.86295887827873241 13.945287227630617 0.62500000000000011 0.17438257485628131 0.93567231297492992 0.81841140985488903 0.71875000000000011 0.90787160396575939 0.26941302418708807 0.1486533731222153 0.37988281250000006 0.94795942306518566 0.83966979384422313 0.68234103918075573 0.997378170490265 0.87356704473495495 0.2274354621767998 0.95818227529525768 13.226967871189119 13.226967871189119 0.038916829973459251 0.1614007651805878 0.86852431297302257 0.92788788676261913 0.10598167777061464 0.15990043431520465 0.070458836853504195 0.71215501427650463
decision_type=2 2 2 2 2 2 2 2 2 2 2 2 2 2 2 2 2 2 2 2 2 2 2 2 2 2 2 2 2 2
left_child=17 2 3 9 6 15 7 11 -9 21 -11 -3 13 -8 19 16 -6 18 -1 -4 26 -2 -21 -17 -20 -14 27 28 -19 -28
right_child=1 4 14 -5 5 -7 12 8 -10 10 -12 -13 25 -15 -16 23 -18 20 24 22 -22 -23 -24 -25 -26 -27 29 -29 -30 -31
leaf_value=0.040681069040299091 -0.028607174941107986 0.024456990892601976 -0.029877403289561219 -0.026381053077004259 -0.025217453752228738 0.04047732518565595 -0.03193908162171117 0.010594585375672616 -0.017879988101509744 -0.0075777409077802706 0.0090956871791528799 0.0081097316576690202 0.019954470882340834 0.041350433005154882 -0.027818548822856538 0.0042833989566158142 0.0083912265828602426 -0.0082818565266227512 -0.027886478088877707 -0.012528646315172479 0.028925087350273545 0.024941637405360442 0.022811888676880332 -0.029631906703470563 0.017553798538883333 0.05434708906494426 -0.03020762379273613 -0.027927269839720624 0.042604746012354207 0.014283438408792074
leaf_weight=3.4495814703404895 36.281025663018227 158.94144282117486 8.487368047237398 57.995990477502346 16.249290183186531 13.26640162616968 10.160886362195017 81.534800335764885 70.007757537066936 150.03560112044215 320.96290482953191 246.46235391497612 7.0220962613821021 14.942005068063734 93.820589244365692 5.4932558462023726 24.621844753623009 4.1820478960871723 7.7606202028691751 8.6803748495876807 1.7284733951091755 1.955502688884734 9.1787887141108495 41.926703918725252 2.6402414888143539 31.89338232204318 118.75019541755319 14.757720015943049 3.314497072249651 1.5752861648797978
leaf_count=36 701 716 112 1031 221 76 49 385 321 1241 2217 1205 30 64 1464 62 186 67 157 44 8 11 46 616 39 140 2616 296 26 33
internal_value=-0.000303759 0.00234925 -0.00520268 -0.00134664 0.00953546 -0.00858743 0.0125133 0.00990479 -0.00257106 0.00154473 0.00377324 0.0145706 0.0346591 0.011483 -0.0232185 -0.0163641 -0.0051822 -0.0238392 4.11404e-05 -0.00630948 -0.0261364 -0.0252262 0.00572217 -0.0256338 -0.0155605 0.0488717 -0.0270216 -0.0128651 0.0162303 -0.0294875
internal_weight=1568.08 1409.92 687.398 567.231 722.522 101.557 620.965 556.946 151.543 509.235 470.999 405.404 64.0184 25.1029 120.167 88.2911 40.8711 158.159 13.8504 26.3465 144.308 38.2365 17.8592 47.42 10.4009 38.9155 142.58 22.2543 7.49654 120.325
internal_count=14216 10938 6867 5201 4071 1161 2910 2627 706 4170 3458 1921 283 113 1666 1085 407 3278 232 202 3046 712 90 678 196 170 3038 389 93 2649
is_linear=0
shrinkage=0.03


Tree=55
num_leaves=31
num_cat=0
split_feature=0 29 32 23 24 29 36 29 41 27 14 6 36 24 29 34 41 6 18 25 36 28 0 29 21 16 36 0 25 49
split_gain=102.659 74.8935 33.393 33.1774 29.5214 34.844 26.6266 27.1771 25.6415 24.8019 24.436 21.7582 21.016 18.9063 17.8182 14.9803 14.7781 14.2245 13.409 12.3786 12.5293 13.9325 11.0312 10.595 10.5646 9.81596 9.1635 8.50703 7.56842 7.4913
threshold=4.8442986011505136 0.9640149474143983 0.033038433641195304 0.47358071804046636 0.27131021022796636 0.98171594738960277 0.24778191745281222 0.91642174124717724 0.99503418803215038 0.90873947739601146 8.0319199562072772 0.077293362468481078 0.17499110847711566 0.3130630254745484 0.99670520424842846 0.35361525416374212 0.82868278026580822 13.226967871189119 0.47265625000000006 0.17202047258615497 0.27631805837154394 0.76140248775482189 6.8713083267211923 0.93396010994911205 46.935184478759773 0.39550781250000006 0.34424032270908361 4.5964112281799325 0.23364196717739108 1.3582461476325991
decision_type=2 2 2 2 2 2 2 2 2 2 2 2 2 2 2 2 2 2 2 2 2 2 2 2 2 2 2 2 2 2
left_child=10 3 15 13 5 16 17 -8 9 -6 14 -9 -7 23 26 -3 -4 29 24 20 21 -16 -20 -2 -17 -12 -1 -27 -25 -5
right_child=1 2 4 6 8 12 7 11 -10 -11 25 -13 -14 -15 19 18 -18 -19 22 -21 -22 -23 -24 28 -26 27 -28 -29 -30 -31
leaf_value=-0.028414014101572519 -0.021569756601679379 0.022926606097899583 -0.00038696291284262243 -0.025016556721896368 0.041675595992303152 -0.032941977149465 -0.028922471378912823 -0.023374244341116172 -0.02265615261812948 0.01389965242859296 0.03587607307537008 0.0042316811328975967 0.0097417659680181425 0.050385703348182764 -0.018052283750713823 -0.0071122633259427664 -0.023470094697267158 0.035550581843540784 -0.012928159643806426 -0.025238299432380953 0.027200830286784366 0.030559343879595302 0.035184255364244382 -0.0089787845317282934 -0.031014726046368141 -0.023066096471880536 0.029326165269161476 0.034817866933164181 0.033839542082294831 0.014215656698838315
leaf_weight=143.86040933430195 8.4749599955976027 10.328799240291117 50.350891072303057 120.03529100865126 30.749894615262747 9.753595404326914 34.344539098441601 29.658164948225021 15.10667449235916 394.11728651449084 8.4784850962460059 157.68288074061275 308.26806463301182 10.868754073977469 25.621801249682907 33.574488710612059 49.100653223693371 2.8660203069448462 7.8785949796438199 24.168498691171408 11.16928270831704 5.6407538503408423 7.3773972168564796 5.1397509835660449 34.44646018743515 6.977213501930235 1.6995619125664223 2.2049442641437054 9.2324885018169862 3.8358162865042678
leaf_count=3240 115 67 280 1721 145 53 703 320 192 1845 58 1480 1680 46 387 251 474 15 48 445 85 77 36 38 222 107 12 19 44 45
internal_value=-0.000350287 0.00284386 0.007351 -0.00835544 0.00921094 0.00347414 -0.0111214 -0.00479316 0.0146273 0.0160101 -0.0188246 -0.000223616 0.00832411 0.0196388 -0.0216538 -0.00957199 -0.0119335 -0.0220429 -0.0138626 -0.00856272 0.00122876 -0.00851288 0.0108864 0.00338667 -0.0195341 0.0143423 -0.0275239 -0.0068172 0.0187439 -0.0236735
internal_weight=1563.01 1333.19 951.053 382.139 857.447 417.473 348.423 221.686 439.974 424.867 229.821 187.341 318.022 33.716 212.16 93.6057 99.4515 126.737 83.2769 66.6003 42.4318 31.2626 15.256 22.8472 68.0209 17.6606 145.56 9.18216 14.3722 123.871
internal_count=14250 9820 5293 4527 4669 2487 4284 2503 2182 1990 4430 1800 1733 243 4246 624 754 1781 557 994 549 464 84 197 473 184 3252 126 82 1766
is_linear=0
shrinkage=0.03


Tree=56
num_leaves=31
num_cat=0
split_feature=0 29 47 29 31 5 26 4 27 13 11 28 28 23 0 6 27 32 6 27 23 29 5 9 48 24 36 41 29 4
split_gain=105.088 80.0631 42.5723 44.5699 39.7684 31.5238 30.7915 30.3159 28.0719 33.0463 25.2109 24.6682 23.9501 23.8593 28.7338 23.0279 33.8299 30.9402 22.4587 16.8009 16.5099 13.8701 17.0049 12.2408 12.1954 11.6204 17.8544 10.4072 10.1403 9.52119
threshold=4.9515342712402353 0.9840834140777589 0.86295887827873241 0.90787160396575939 0.029975064098834995 0.1443305239081383 0.78125000000000011 0.92550653219223034 0.91197562217712413 40.995880126953132 0.62500000000000011 0.93037399649620067 0.52400115132331859 0.48466053605079656 6.7165870666503915 0.085545547306537642 0.90315949916839611 0.040540877729654319 13.226967871189119 0.97607484459877025 0.51557508111000072 0.99346512556076061 0.058772550895810134 2.6148320436477666 0.3524871319532395 0.33027176558971411 0.28653083741664892 0.8225485384464265 0.95876494050025951 0.90012124180793773
decision_type=2 2 2 2 2 2 2 2 2 2 2 2 2 2 2 2 2 2 2 2 2 2 2 2 2 2 2 2 2 2
left_child=18 2 3 -2 19 6 15 -6 10 11 20 -10 -11 14 -8 17 -17 -3 21 -5 -7 25 24 -12 -23 -1 -27 28 -4 -24
right_child=1 5 27 4 7 8 13 -9 9 12 23 -13 -14 -15 -16 16 -18 -19 -20 -21 -22 22 29 -25 -26 26 -28 -29 -30 -31
leaf_value=-0.028169955560272662 -0.027001791384511944 -0.00092626646366572823 -0.028777155652358392 -0.019507576758486526 0.019240347753284037 0.030424965910696065 -0.020844745258780779 0.00086040749786903668 -0.012845742344932009 -0.028705831515664627 -0.022059832971261545 0.017515799997238148 0.022913981046938606 -0.027235053575155925 0.036203910169589217 -0.023974904287978556 0.041455793204180073 0.029547322255743139 0.043449838806075586 0.00064113571474544353 0.0089316997720731827 -0.0033607842847954289 0.0022677386511243598 0.035618542819298403 0.054590330709695378 -0.024654040727835298 0.065885507546391026 -0.025918183325038743 0.013940034248637807 -0.020800849403626743
leaf_weight=123.04502392932773 51.127753246575594 55.834887493401766 6.8379203416407135 83.942341148853302 128.65430190786719 69.968841210007668 12.132968135178091 215.42876332253218 145.2512560300529 8.3693302869796735 19.732483930885795 27.854907594621181 61.768737986683846 19.404325231909752 19.339632719755173 7.0945985801517955 80.03008358925581 63.164149850606918 4.2582143396139136 65.721611447632313 61.853025287389755 7.3825986087322217 20.287862412631512 2.9795895144343367 4.5981720574200153 4.0287714898586264 2.2321029007434845 85.113686673343182 12.791327379643915 70.078410837799311
leaf_count=2895 1078 269 99 868 940 305 82 1502 813 36 209 145 258 93 80 52 362 302 22 536 306 97 241 17 23 92 24 1201 65 1143
internal_value=0.000117049 0.00345496 -0.0040011 -0.000613645 0.00216185 0.0108516 0.019028 0.00777729 0.00552698 -0.000822791 0.0154822 -0.00787042 0.0163953 -0.00179448 0.0141541 0.0241659 0.0358821 0.0153354 -0.0182629 -0.0106943 0.0205057 -0.0195921 -0.0111254 -0.0131835 0.0211416 -0.0261337 0.0118401 -0.0214219 -0.00146886 -0.0156208
internal_weight=1540.31 1304.4 649.618 544.875 493.747 654.779 257.001 344.083 397.778 243.244 154.534 173.106 70.1381 50.8769 31.4726 206.124 87.1247 118.999 235.911 149.664 131.822 231.653 102.347 22.7121 11.9808 129.306 6.26087 104.743 19.6292 90.3663
internal_count=14155 9618 6289 4924 3846 3329 1240 2442 2089 1252 837 958 294 255 162 985 414 571 4537 1404 611 4515 1504 226 120 3011 116 1365 164 1384
is_linear=0
shrinkage=0.03


Tree=57
num_leaves=31
num_cat=0
split_feature=41 0 6 11 30 18 29 5 23 38 25 22 1 41 32 22 23 20 23 46 23 49 33 36 49 29 45 34 42 47
split_gain=99.5018 55.9788 44.1802 71.0076 45.6482 39.4228 30.6231 19.1221 15.4973 13.6512 13.072 12.3061 11.912 11.1732 8.60283 8.52278 9.1361 11.5606 9.85538 7.36221 8.00614 7.35653 13.3408 5.77039 4.59142 3.81977 3.74694 2.89479 1.36198 0.854788
threshold=0.95131400227546703 12.988608360290529 13.226967871189119 0.62500000000000011 0.18359375000000003 0.72265625000000011 0.98983052372932445 0.13523057848215106 0.52144470810890209 0.71875000000000011 0.092617407441139235 0.70482838153839122 0.82235851883888256 0.85662519931793224 0.058228246867656715 0.61509153246879589 0.4923559576272965 0.037539636716246612 0.5234566628932954 0.99797487258911144 0.46461577713489538 0.071823433041572585 34.42016792297364 0.28653083741664892 0.18041098117828372 0.96946877241134655 0.0601144377142191 0.73882207274436962 0.85349595546722423 0.69921556115150463
decision_type=2 2 2 2 2 2 2 2 2 2 2 2 2 2 2 2 2 2 2 2 2 2 2 2 2 2 2 2 2 2
left_child=1 2 3 4 7 -6 12 -1 19 15 -5 24 21 -13 -11 16 17 -8 -18 -3 -21 22 -2 -17 -10 -26 -12 28 -23 -22
right_child=6 8 -4 10 5 -7 9 -9 11 14 26 13 -14 -15 -16 23 18 -19 -20 20 29 27 -24 -25 25 -27 -28 -29 -30 -31
leaf_value=0.0033448636623394081 0.045622594947398364 0.032249327439539503 0.042509063694464257 0.030693585350619279 0.011492082912768237 -0.014980036625168287 0.01798662037389406 -0.014637233183309017 0.015999430381072155 -0.030143212343104617 -0.0031339473104390423 -0.022434338491750826 0.020508242391552547 0.05238668770454586 0.018673199736246565 -0.030961539975475266 -0.029740660131770624 -0.020771512079989063 0.0017143059544631378 0.020427237902514474 -0.031763504370625306 -0.029479936599272352 -0.023086223330352866 0.010638284499209647 -0.029800650714207892 -0.0054735417910716467 -0.028694362595659349 0.0083797687100217195 -0.018976429822120409 -0.0067693408616501345
leaf_weight=104.01525308936834 2.8125041723251325 5.7219852954149255 27.532831147313118 2.9252721518278113 787.3735888376832 53.165870774537325 42.211462769657373 106.89821340888739 1.5409742705523957 23.220133896917108 6.1855653859674922 2.5742078721523276 4.3633162081241599 2.7450827434659004 2.9870920814573756 10.935830932110546 11.172685816884039 7.3133761510252944 33.075064178556204 5.0841767229139805 4.7182508409023285 121.48385471850634 6.6387447454035282 3.3196944557130328 66.977575305849314 7.2438212633132926 63.486172206699848 1.4548661932349194 22.451263707131147 2.8644902110099792
leaf_count=656 47 40 141 15 4221 418 347 744 16 534 104 47 52 18 23 142 123 129 343 39 50 2994 155 30 1312 54 940 20 525 24
internal_value=5.70172e-05 0.00374911 0.00562047 0.00467726 0.00666783 0.00979829 -0.015633 -0.00578099 -0.0177263 -0.00499337 -0.0238111 -0.0233211 -0.024498 0.0178829 -0.023987 -0.000180315 0.00314372 0.011906 -0.00664361 0.00671883 -0.00611029 -0.0259089 0 -0.0210152 -0.0264484 -0.0275706 -0.026544 -0.0275652 -0.0280045 -0.02456
internal_weight=1544.49 1251.05 1151.58 1124.05 1051.45 840.539 293.44 210.913 99.4706 134.235 72.597 81.0817 159.205 5.31929 26.2072 108.028 93.7726 49.5248 44.2477 18.3889 12.6669 154.841 9.45125 14.2555 75.7624 74.2214 69.6717 145.39 143.935 7.58274
internal_count=14303 8839 7239 7098 6039 4639 5464 1400 1600 1671 1059 1447 3793 65 557 1114 942 476 466 153 113 3741 202 172 1382 1366 1044 3539 3519 74
is_linear=0
shrinkage=0.03


Tree=58
num_leaves=31
num_cat=0
split_feature=0 29 23 6 11 6 14 29 29 23 28 41 6 29 16 16 14 23 49 34 24 39 6 25 34 5 20 4 6 42
split_gain=95.2774 65.9934 42.973 32.6163 51.8772 27.5309 17.9959 14.4235 13.808 21.0487 24.702 16.879 12.2067 11.9261 10.0159 8.86762 8.749 8.14765 8.61104 7.67637 7.95144 13.0652 6.75322 5.66232 4.25357 2.40055 2.23069 1.79272 1.67921 1.55041
threshold=4.7487497329711923 0.94424858689308178 0.74352878332138073 13.226967871189119 0.62500000000000011 0.18542132526636126 9.53045701980591 0.99670520424842846 0.90787160396575939 0.69282349944114696 0.65377187728881847 0.82868278026580822 0.070527262985706343 0.997378170490265 0.36230468750000006 0.39550781250000006 12.398859024047853 0.3411738276481629 0.15108738839626315 0.75003811717033397 0.33027176558971411 0.97462186217308056 13.226967871189119 0.15557567775249484 0.57687106728553783 0.087954558432102217 0.047094136476516731 0.81221711635589611 0.19021484255790713 0.93039408326148998
decision_type=2 2 2 2 2 2 2 2 2 2 2 2 2 2 2 2 2 2 2 2 2 2 2 2 2 2 2 2 2 2
left_child=6 8 3 4 5 -3 7 19 22 10 16 -12 17 -6 23 -8 -10 18 -9 20 27 -22 -2 -14 -19 -17 29 -1 -11 -4
right_child=1 2 26 -5 13 -7 15 12 9 28 11 -13 14 -15 -16 25 -18 24 -20 -21 21 -23 -24 -25 -26 -27 -28 -29 -30 -31
leaf_value=0 -0.029314918403746365 0.0078444362921340632 -0.029863490301073551 0.042564057400653839 -0.026683747898207374 -0.033034330006595607 0.042779062275558839 0.036386342021981599 0.058086025201415863 -0.029989476437055938 0.0022010317203753206 -0.028352284982342098 -0.00014863623343709326 -0.0042465792069145396 -0.024011818536928149 0.010577147447400872 0.0032718252537859058 -0.027110831039137393 -0.016554068555663062 0.028535213343349505 -0.023948322347522418 0.062015994795571967 0.022721786924214678 0.045353261705410423 -0.0032979386976730615 -0.023305704360897433 0 -0.02987127326865599 0 0
leaf_weight=1.6435224376618851 52.149794578552246 1002.7402999699116 32.461009982973337 20.648264229297638 47.775095917284489 14.055320102721451 4.9966701380908471 4.1510448120534402 6.7415821924805623 32.396093398332596 51.771097369492054 22.549125369638205 3.5192222744226438 39.307277642190456 3.3800520561635485 2.5543462857604027 4.334171038120985 31.221826270222664 4.9990063421428204 1.3825730718672264 3.4321572817862025 1.4853917360305784 1.5752460062503804 6.2490981183946133 9.3004968315362913 3.0552968978881836 2.6705735176801673 124.26612046733499 1.6139294989407051 1.852450806647538
leaf_count=34 1174 5234 538 106 709 122 32 27 44 637 602 347 44 344 67 25 47 563 72 16 79 22 9 36 163 39 35 3014 20 26
internal_value=-0.000510047 0.00242117 0.00500132 0.00605868 0.00533522 0.00724451 -0.0194686 -0.0215556 -0.0148008 -0.00895059 -0.000872615 -0.00728252 -0.00944028 -0.0167533 0.0153322 0.0171988 0.0389318 -0.01623 0.00838614 -0.0271757 -0.0279992 0.00760303 -0.027347 0.0301903 -0.0219287 -0.00815728 -0.0263826 -0.0294622 -0.0285437 -0.0283819
internal_weight=1540.28 1334.64 1161.51 1124.53 1103.88 1016.8 205.637 195.031 173.131 119.406 85.396 74.3202 62.8207 87.0824 13.1484 10.6063 11.0758 49.6724 9.15005 132.21 130.827 4.91755 53.725 9.76832 40.5223 5.60964 36.984 125.91 34.01 34.3135
internal_count=14227 9994 7114 6515 6409 5356 4233 4137 2880 1697 1040 949 972 1053 147 96 91 825 99 3165 3149 101 1183 80 726 64 599 3048 657 564
is_linear=0
shrinkage=0.03


Tree=59
num_leaves=31
num_cat=0
split_feature=0 29 23 14 11 29 14 38 10 28 29 23 1 36 16 14 29 25 28 36 24 36 34 2 1 23 6 28 42 5
split_gain=93.925 69.0567 40.2554 30.0376 29.7183 29.2811 22.0121 20.1577 24.6865 16.4284 15.5737 19.8152 19.5929 14.5125 14.0242 13.3781 13.2107 12.3591 13.3205 12.9748 9.80996 14.4942 8.71195 14.3616 7.70298 7.5887 7.45191 7.31183 6.47047 5.96149
threshold=4.8832900524139413 0.94570326805114757 0.73546344041824352 10.119677543640138 0.62500000000000011 0.98501682281494152 7.5446379184722909 0.53125000000000011 0.62500000000000011 0.68234103918075573 0.90787160396575939 0.69282349944114696 0.65983283519744884 0.33980445563793188 0.39355468750000006 23.201871871948246 0.99670520424842846 0.17202047258615497 0.76140248775482189 0.2834912389516831 0.33027176558971411 0.28653083741664892 0.69206717610359203 0.48437500000000006 0.69751486182212841 0.67713260650634777 13.226967871189119 0.97084692120552074 0.8434436321258546 0.42191544175148016
decision_type=2 2 2 2 2 2 2 2 2 2 2 2 2 2 2 2 2 2 2 2 2 2 2 2 2 2 2 2 2 2
left_child=6 10 3 4 5 -3 16 8 -5 -6 26 12 25 -14 -8 -9 20 18 19 -18 22 -22 -1 -24 -20 -12 -2 -16 -4 -30
right_child=1 2 28 7 9 -7 14 15 -10 -11 11 -13 13 -15 27 -17 17 -19 24 -21 21 -23 23 -25 -26 -27 -28 -29 29 -31
leaf_value=-0.029441713510033163 -0.029761307922526417 -0.0025523073036929833 -0.027848043974278456 -0.0043234949685468814 0.00063239319334325197 0.010598846816232554 0.036665883147849111 0.015205062292170385 0.022582513949949243 -0.026928608315710853 -0.018471287045972246 -0.027218841854085202 0.0069999967539546813 0.064080792201286929 -0.024828304773937989 0.031981230894475653 -0.017877799999909939 -0.026285242403647852 0.007008961966824428 0.026074590119795644 -0.024127793004954996 0.059233747446883526 -0.025201527685400373 0.061259125395780357 0.063862709376548976 0.02101343829421919 0.023380869470685406 0.02760427950382853 -0.019151190730067331 0.030287764508946022
leaf_weight=123.89656269922853 50.228972155600786 238.90574988722801 34.270777758210897 87.778919983655214 36.719191931188107 416.5529163107276 9.4099338538944739 167.42354797571898 45.888985581696033 39.825007304549217 42.299975868314505 34.320636201649904 44.684091363102198 3.4768575690686694 8.1108629330992681 59.625947665423155 26.119407437741756 23.420556124299765 5.5416194312274438 6.7934616990387431 3.7085326723754397 2.1357036083936691 3.6208808831870547 1.7666876018047331 3.0022359117865562 3.972381066530942 1.7178307026624668 2.2865361683070651 3.8506766557693473 2.9974283948540688
leaf_count=3058 1164 1535 549 523 338 1896 69 785 216 574 580 679 477 23 131 293 402 451 61 45 89 24 73 18 40 45 10 25 61 31
internal_value=0.000342279 0.00338295 0.00613173 0.0072373 0.0037309 0.00580427 -0.0177611 0.0143145 0.00499032 -0.0138309 -0.0137871 -0.00804629 -0.000834618 0.0124015 0.0118326 0.0197448 -0.0207511 -0.00935194 0.000537478 -0.00821588 -0.026093 0.0101009 -0.0278172 0.00783265 0.0318994 -0.0146453 -0.0275389 -0.0116241 -0.0226512 0.00320803
internal_weight=1534.35 1314.54 1133.84 1092.72 732.003 655.459 219.813 360.717 133.668 76.5442 180.701 128.754 94.4333 48.1609 19.8073 227.049 200.006 64.8773 41.4567 32.9129 135.128 5.84424 129.284 5.38757 8.54386 46.2724 51.9468 10.3974 41.1189 6.84811
internal_count=14265 9779 6801 6160 4343 3431 4486 1817 739 912 2978 1804 1125 500 225 1078 4261 999 548 447 3262 113 3149 91 101 625 1174 156 641 92
is_linear=0
shrinkage=0.03


Tree=60
num_leaves=31
num_cat=0
split_feature=0 29 47 28 29 13 19 23 4 19 20 18 25 23 23 18 49 4 7 6 6 30 42 44 9 37 20 45 20 44
split_gain=89.1637 66.4985 47.9765 41.4579 40.6418 36.7688 37.553 34.9836 38.8825 32.0014 31.2167 31.0984 23.2361 17.424 16.4771 12.7664 10.4767 8.99239 7.32677 7.04704 5.77793 5.66287 5.10696 7.25292 4.82305 4.63703 4.15413 3.9653 3.1316 3.03833
threshold=4.0965287685394296 0.98712700605392467 0.86488968133926403 0.93567231297492992 0.90787160396575939 33.300685882568366 0.089624706655740752 0.73051738739013683 0.91865441203117382 0.074390973895788207 0.048202283680439002 0.30859375000000006 0.16838646680116656 0.478098675608635 0.3411738276481629 0.097656250000000014 0.18368119001388553 0.92602220177650463 4.5719726085662851 13.226967871189119 13.226967871189119 0.16796875000000003 0.74249926209449779 0.032522473484277732 2.2039784193038945 0.27096562087535864 0.041350701823830611 0.11658911034464838 0.052636321634054191 0.31643131375312811
decision_type=2 2 2 2 2 2 2 2 2 2 2 2 2 2 2 2 2 2 2 2 2 2 2 2 2 2 2 2 2 2
left_child=14 2 4 5 19 10 9 8 -6 -7 12 -5 -3 -8 16 -16 -1 -13 22 -2 29 -19 25 -24 -9 -4 27 -20 -12 -17
right_child=1 3 18 11 7 6 13 24 -10 -11 28 17 -14 -15 15 20 -18 21 26 -21 -22 -23 23 -25 -26 -27 -28 -29 -30 -31
leaf_value=0.030072138506566547 -0.028931529108945246 0.002498957693865381 -0.029151620607615298 -0.027053136026858625 0.015922346591666643 0.012080351241048934 -0.00088481978060648767 -0.027068403427442815 -0.001569512489594855 0.041452013778033044 0.017194393166717448 0.0087666361121833316 -0.018286834302350705 -0.045440319423711621 0.029344629329479757 -0.029465099753797169 -0.024022539515261791 0.01636223170000772 0.011471159354402995 0.023064223363283277 0.023310805313422663 0.048945713513947046 -0.020132752761456596 0.012404326161525156 0.0017906778802892344 0.010904435702234322 0.021391105365983716 -0.023081679512515788 0.049648643696326128 -0.0060896548788065274
leaf_weight=7.5523463338613492 46.218024004250765 111.49631588533521 73.29310991242528 6.3307679630815974 168.21887987107038 308.58172114565969 21.178995370864868 38.684215094894171 351.64105250313878 36.896505922079086 6.5002195462584487 8.1789429448544961 83.977450434118509 11.774223044514654 2.8133970014750949 115.09072083048522 4.2038225047290325 7.2393711358308783 3.8348703533411008 1.6894482076168049 1.2094232738018025 40.511243227869272 26.139287445694208 7.116285052150487 5.6405639797449103 2.1000660695135585 4.1734572015702716 7.104662012308836 8.1958607845008355 6.1923484839498988
leaf_count=65 1101 849 1189 45 1257 1357 89 608 2485 162 46 47 725 51 47 2964 68 32 34 10 6 208 415 58 73 28 30 64 41 58
internal_value=5.97923e-05 0.00234919 -0.00382448 0.00932881 -0.000362865 0.00682891 0.0124071 0.00190308 0.00410453 0.0153364 -0.00321221 0.0324336 -0.00646318 -0.0177624 -0.0229306 -0.0261114 0.0101267 0.0395766 -0.0207805 -0.0266025 -0.0276367 0.0445043 -0.0234811 -0.0129238 -0.0233713 -0.0278685 -0.000927306 -0.0107716 0.0374949 -0.0283557
internal_weight=1523.78 1386.72 735.854 650.862 612.092 588.601 378.431 564.185 519.86 345.478 210.17 62.2603 195.474 32.9532 137.062 125.306 11.7562 55.9296 123.762 47.9075 122.492 47.7506 108.649 33.2556 44.3248 75.3932 15.113 10.9395 14.6961 121.283
internal_count=14212 11004 7352 3652 5534 3320 1659 4423 3742 1519 1661 332 1574 140 3208 3075 133 287 1818 1111 3028 240 1690 473 681 1217 128 98 87 3022
is_linear=0
shrinkage=0.03


Tree=61
num_leaves=31
num_cat=0
split_feature=0 29 19 16 0 16 30 16 0 24 23 38 27 21 29 14 20 0 27 17 24 13 29 37 44 5 36 14 16 29
split_gain=86.7315 63.9016 30.8906 53.5115 39.8756 36.7129 31.4141 31.12 33.0961 28.1519 28.0548 26.9118 24.6123 23.9178 23.6107 23.3005 23.002 21.657 22.5454 19.5534 19.3154 19.1178 14.0934 12.8309 12.3049 12.0263 13.3311 12.8982 10.5338 10.1595
threshold=4.8832900524139413 0.9640149474143983 0.074390973895788207 0.34472656250000006 6.7514281272888192 0.43261718750000006 0.18359375000000003 0.42285156250000006 7.2088890075683603 0.28153879940509802 0.47358071804046636 0.40625000000000006 0.98177486658096325 46.471536636352546 0.98375898599624645 7.5446379184722909 0.03403045982122422 13.945287227630617 0.99318382143974315 0.97656250000000011 0.3130630254745484 74.758872985839858 0.99394196271896373 0.17863973975181582 0.025807525962591175 0.15394009649753573 0.28195959329605108 2.1753629446029668 0.39550781250000006 0.93396010994911205
decision_type=2 2 2 2 2 2 2 2 2 2 2 2 2 2 2 2 2 2 2 2 2 2 2 2 2 2 2 2 2 2
left_child=15 10 3 4 13 6 9 16 -9 -4 20 -6 14 -3 -7 22 -5 18 21 -8 29 -12 -1 25 -14 27 -27 -24 -17 -2
right_child=1 2 5 7 11 12 19 8 -10 -11 17 -13 24 -15 -16 28 -18 -19 -20 -21 -22 -23 23 -25 -26 26 -28 -29 -30 -31
leaf_value=-0.028075310019673571 -0.023989698792567193 0.0067840571347862911 -0.022507035459696626 0.0031006720153083345 -0.010081660283756151 0.043622839266415074 -0.012266602201422267 -0.023822807000431503 0.032569398478224987 0.028884106787883689 -0.009665059138042385 0.019646879545250993 0.013588307869366415 -0.019227858879722479 0.002473450191739559 0.033837671168070106 -0.017462774791683754 -0.028930761562554769 0.045795942116578656 0.037501647112851928 0.048481495108677233 0.038395769334967113 -0.0080999984692112087 -0.024364879963714003 -0.025767678496434673 -0.029079177148259028 0.017811941552144203 0.034875475493615062 -0.0080429550739871732 0.015974086534586283
leaf_weight=107.27529561519623 7.9480264186859158 82.443687211722136 19.277914635837078 70.5667471177876 29.794122144579887 16.354891292750835 7.0872712880372992 12.306184932589529 31.240565937012434 17.196892887353897 275.26465238258243 265.4913550503552 8.5765274874865991 50.383207062259316 46.451086565852165 9.5891134217381495 155.28505246713758 46.991211239248514 6.087407197803258 100.0909479893744 11.198333308100699 6.6645293384790412 11.573311872780325 37.425240695476532 29.018241450190544 17.422504108399156 6.8835220187902442 11.803163241595028 10.235414039343594 14.861795049160717
leaf_count=2898 122 634 116 416 217 71 32 122 145 76 3177 1285 49 427 234 73 831 1001 56 464 48 37 152 756 140 290 58 118 152 82
internal_value=0.000100396 0.00298704 0.00713406 0.00390282 0.0104876 0.0163031 0.02598 -0.00655033 0.0163887 0.00176666 -0.00757688 0.0166133 0.00230833 -0.00313018 0.0137517 -0.0176437 -0.0110392 -0.010228 -0.0070766 0.0341 0.017999 -0.00838665 -0.020838 -0.0114606 -0.0165922 -0.00097813 -0.0155019 0.0140165 0.0127227 0.0015001
internal_weight=1522.79 1310.58 941.565 697.511 428.112 244.054 143.653 269.399 43.5468 36.4748 369.016 295.285 100.401 132.827 62.806 212.208 225.852 335.008 288.017 107.178 34.0082 281.929 192.383 85.1077 37.5948 47.6825 24.306 23.3765 19.8245 22.8098
internal_count=14279 9782 5259 4077 2563 1182 688 1514 267 192 4523 1502 494 1061 305 4497 1247 4271 3270 496 252 3214 4272 1374 189 618 348 270 225 204
is_linear=0
shrinkage=0.03


Tree=62
num_leaves=31
num_cat=0
split_feature=0 29 23 11 6 7 4 19 29 29 29 23 28 41 4 37 28 23 33 6 28 6 24 0 31 11 3 39 40 9
split_gain=82.4527 53.8936 39.2588 30.3955 29.0755 26.0039 36.8191 30.0808 17.205 16.7563 14.6076 18.856 22.9364 18.6554 10.6566 10.3038 9.24603 13.9391 8.64821 6.84204 6.79486 6.2011 5.05664 8.3858 4.55719 4.53847 3.75168 3.69635 3.50732 3.2172
threshold=4.6359872817993173 0.94424858689308178 0.74352878332138073 0.62500000000000011 13.226967871189119 3.7292826175689702 0.98343965411186229 0.075783990323543562 0.99670520424842846 0.997378170490265 0.90787160396575939 0.69282349944114696 0.65377187728881847 0.82868278026580822 0.79335579276084911 0.17863973975181582 0.85638594627380382 0.3411738276481629 54.579797744750984 0.09188528731465341 0.90203708410263073 13.226967871189119 0.31459873914718633 4.2780866622924814 0.022117572836577896 0.62500000000000011 0.38714283704757696 0.98670044541358959 0.58899763226509105 3.4000198841094975
decision_type=2 2 2 2 2 2 2 2 2 2 2 2 2 2 2 2 2 2 2 2 2 2 2 2 2 2 2 2 2 2
left_child=8 10 3 5 9 7 -7 -3 14 -5 21 12 18 -14 -1 16 17 -10 -12 -19 -18 -2 24 -24 28 26 -17 -4 -16 -26
right_child=1 2 27 4 -6 6 -8 -9 15 -11 11 -13 13 -15 22 25 20 19 -20 -21 -22 -23 23 -25 29 -27 -28 -29 -30 -31
leaf_value=0.038826230686015817 -0.028938014976616178 -0.0028942467196357152 -0.028693813540423014 -0.027582759877670723 0.036466065382785136 0.018854067233440158 0.0038792388998224341 0.01538984033930711 0.034568067902684532 -0.0014975183204794548 0.056634866711963334 -0.026472060485814852 0.0040888265807605163 -0.028264480343119985 -0.018340077029959295 -0.016276600932696148 0.055776855983171697 -0.022443237944218396 0.0015734686226888555 0.022847006032669613 0 0.021837889282473853 -0.020431831657517947 0.037054034061975896 -0.029976097290547937 -0.026888461410075764 0.021529929654898784 0.0046765664754631195 0.032965490845139007 0.011135288314229162
leaf_weight=1.4018948934972275 47.888461818918586 318.47684869356453 32.383149215951562 47.033397087827325 9.8849494308233243 299.27261322364211 293.43792190030217 107.43880380317569 5.6793299987912205 41.84922444075346 7.0070706736296398 32.412750160321593 50.160170696675777 22.367170255631208 1.5578118823468678 4.3649393655359772 3.9004562795162192 16.951785825192932 4.0334017723798752 2.6999450698494902 3.2606420181691647 1.500734508037566 7.1491064410656673 2.1690105199813843 105.90990399569273 18.542531408369541 3.2180276811122894 2.8308697752654544 1.2580878753215072 1.1592976823449124
leaf_count=18 1191 1906 586 759 59 1493 1442 553 39 372 49 671 595 364 37 63 23 276 39 21 42 9 165 37 2853 457 28 30 24 10
internal_value=-3.29141e-05 0.00256574 0.00486791 0.00586165 -0.00994441 0.00740543 0.0114644 0.0017362 -0.0190679 -0.0154875 -0.0133949 -0.00742329 0.000155182 -0.00609672 -0.0255169 -0.00554332 0.00562813 -0.00309414 0.0385699 -0.0152706 0.0334477 -0.0269328 -0.0266153 -0.0044656 -0.0284093 -0.0192431 5.71903e-05 -0.0258733 0.00642797 -0.0294043
internal_weight=1497.2 1317.98 1152.61 1117.39 98.7676 1018.63 592.711 425.916 179.223 88.8826 165.37 115.981 83.5678 72.5273 120.605 58.6177 32.4922 25.3311 11.0405 19.6517 7.1611 49.3892 119.203 9.31812 109.885 26.1255 7.58297 35.214 2.8159 107.069
internal_count=14211 10118 7200 6584 1190 5394 2935 2459 4093 1131 2918 1718 1047 959 3144 949 401 336 88 297 65 1200 3126 202 2924 548 91 616 61 2863
is_linear=0
shrinkage=0.03


Tree=63
num_leaves=31
num_cat=0
split_feature=0 29 14 11 23 28 25 29 27 31 6 29 24 34 6 4 28 29 24 22 23 6 49 29 6 25 31 34 19 24
split_gain=77.4748 51.8211 35.5799 33.7839 25.6449 25.4642 37.3218 24.0179 22.3261 19.9528 19.713 19.4828 18.4296 16.1349 13.7686 14.4634 13.5153 18.4634 13.2131 12.5774 11.4348 10.0676 8.48448 5.97251 5.33104 5.13555 5.01564 4.70796 4.23117 5.20653
threshold=4.0965287685394296 0.9640149474143983 11.977712631225588 0.62500000000000011 0.47358071804046636 0.93567231297492992 0.1751276031136513 0.9936310648918153 0.99318382143974315 0.024911994114518169 13.226967871189119 0.91642174124717724 0.3130630254745484 0.46928474307060247 0.14330118894577029 0.95220488309860241 0.68234103918075573 0.997378170490265 0.28560984134674078 0.29409021139144903 0.3411738276481629 13.226967871189119 0.18368119001388553 0.99355801939964306 0.1133413426578045 0.1614007651805878 0.052617901936173446 0.72306004166603099 0.019370149821043018 0.23508792370557788
decision_type=2 2 2 2 2 2 2 2 2 2 2 2 2 2 2 2 2 2 2 2 2 2 2 2 2 2 2 2 2 2
left_child=20 4 3 5 12 6 -3 -7 10 18 11 -6 19 24 15 -11 17 -5 23 -2 22 27 -1 -4 -10 -18 -21 28 29 -22
right_child=1 2 9 16 8 7 -8 -9 13 14 -12 -13 -14 -15 -16 -17 25 -19 -20 26 21 -23 -24 -25 -26 -27 -28 -29 -30 -31
leaf_value=0.026006431230843556 0.038988182056627144 0.0091656607662275822 -0.031479289019900172 -0.023000308687877589 -0.028640955791768039 0.009683733041224005 -0.0061668834501323322 0.046326072464788648 0.018592033280508444 0.021928205567478338 0.038290729456922294 -0.0088513749485394869 0.047555469507058384 -0.020257205555889335 0.042874434787124292 0.0039701525434670841 0.00055622448346638392 0.013615536286012539 0.017468094019773329 -0.028679411406119001 0.03285509827111445 0.033080526938305606 -0.023715564219000996 0.0063850329566371199 0.078744736932733983 -0.027932182723427651 0.0019376563597767005 0.018699662864717796 -0.027887874437814878 -0.022066159714700072
leaf_weight=6.7814309857785684 5.1480313166976002 348.43332768417895 13.904141932725912 20.827667288482189 53.310651386156678 52.445964803919196 240.61062762886286 22.92726869136095 3.250159962102769 131.79139808192849 6.1429691463708869 273.35447379946709 10.855947643518446 2.955218680202961 19.324703883379698 59.363440800458193 6.2369059585034838 27.644552610814571 11.31687308847904 6.900352735072377 1.7311050314456213 1.7908386141061772 4.1243812926113605 4.4481848627328864 3.4905006475746632 44.183281576260924 11.618822433054445 1.3487193398177613 109.67476347088814 2.5906240940093994
leaf_count=60 30 2027 119 353 1328 254 1210 105 43 596 33 3110 47 55 103 276 83 207 47 79 35 9 71 19 21 784 106 31 2959 57
internal_value=0.00011992 0.0021983 0.00576176 0.00257977 -0.00726806 0.00502214 0.00289775 0.0213296 -0.00976674 0.0158106 -0.0111154 -0.0121677 0.017014 0.0329567 0.0190512 0.0164166 -0.0136855 -0.00220391 -0.00695266 0.00152324 -0.0221083 -0.0248336 0.00653795 -0.0222911 0.0562772 -0.0244076 -0.0102016 -0.0260351 -0.0267485 0.00140921
internal_weight=1508.53 1380.49 1003.46 763.31 377.027 664.417 589.044 75.3732 342.504 240.149 332.808 326.665 34.5232 9.69588 210.48 191.155 98.8924 48.4722 29.6692 23.6672 128.042 117.136 10.9058 18.3523 6.74066 50.4202 18.5192 115.345 113.996 4.32173
internal_count=14257 11035 6183 5023 4852 3596 3237 359 4590 1160 4471 4438 262 119 975 872 1427 560 185 215 3222 3091 131 138 64 867 185 3082 3051 92
is_linear=0
shrinkage=0.03


Tree=64
num_leaves=30
num_cat=0
split_feature=0 23 6 11 0 6 14 25 25 28 23 39 18 24 0 23 10 15 6 3 23 33 35 7 4 6 30 34 50
split_gain=77.8192 48.4442 33.4138 35.3928 33.2337 27.5011 19.2337 13.7706 12.3298 18.4132 14.9686 11.0722 10.8147 10.6226 8.30438 7.70716 7.06179 8.14465 6.65239 5.85941 3.91392 4.12705 3.33295 2.54874 2.36421 1.82025 1.17168 1.15933 0.152171
threshold=4.8442986011505136 0.7061675786972047 13.226967871189119 0.62500000000000011 13.743603229522707 0.18542132526636126 8.4336061477661151 0.12651707231998446 0.1735436096787453 0.85638594627380382 0.3411738276481629 0.98670044541358959 0.19921875000000003 0.32223851978778845 3.9574155807495122 0.478098675608635 0.87500000000000011 0.72380954027175914 0.035095334053039558 0.44137483835220342 0.74352878332138073 41.236694335937507 0.5009174942970277 0.25377433001995092 0.82533887028694164 0.19253825396299365 0.17578125000000003 0.44415993988513952 0.36894853413105017
decision_type=2 2 2 2 2 2 2 2 2 2 2 2 2 2 2 2 2 2 2 2 2 2 2 2 2 2 2 2 2
left_child=6 2 3 4 5 -2 8 12 9 10 22 16 -5 -12 27 -6 20 28 -9 -16 21 -3 -1 -10 -25 -22 -26 -8 -18
right_child=1 11 -4 7 15 -7 14 18 23 -11 13 -13 -14 -15 19 -17 17 -19 -20 -21 25 -23 -24 24 26 -27 -28 -29 -30
leaf_value=0.00094946092089862836 0.0067847959631948136 0 0.040374699630811618 -0.019643305153370663 0.017623834574687362 -0.028314939350921334 0.0042671345210574139 0 0.0069224603752956601 0.034503409714624095 -0.023513451821202024 0.021964751362878513 0.024801420389081435 0.0093911389334780659 0.044694438111687745 -0.022584028862050302 -0.025016446647147434 0.030337772873048841 -0.025513634736242234 0.00027284811388572487 -0.030507489111868163 -0.021074278134816337 0.041298501935732403 0.006205280902963373 -0.013797634892126688 0.00071123427055053525 -0.031200682448386155 -0.023689964028231245 -0.0047474044051718147
leaf_weight=3.5558106899261466 1024.2649892587215 11.613185701891778 21.578480333089828 7.1820279955863979 3.9169155843555918 19.492270702496171 1.2745670434087504 10.904047653079031 1.2900052107870568 5.9526511486619702 75.166508555412292 5.1469957176595917 11.416257210075853 9.307482158765195 6.1438373867422325 44.803322879597545 3.1267970409244281 4.4701845683157444 55.432408321648836 4.5085852760821581 40.682890858501196 30.463291518390179 3.3445766605436802 1.1971354670822609 6.7093188799917689 1.5094328932464112 75.777911867946386 3.5620611272752285 1.4142034724354742
leaf_count=36 5900 137 121 70 35 222 10 122 30 57 1787 59 74 167 43 831 54 34 875 42 799 460 24 26 103 28 2064 65 34
internal_value=-0.00013749 0.00253675 0.00420431 0.00350517 0.00496143 0.00609996 -0.017619 -0.0150309 -0.0203539 -0.0127991 -0.0162533 -0.0175844 0.00735874 -0.0197854 0.0136711 -0.0190017 -0.0200083 0.00452037 -0.0213687 0.0277876 -0.0226887 -0.0154326 0.0236381 -0.0287226 -0.0293828 -0.0293306 -0.0300033 -0.0163398 -0.0212415
internal_weight=1495.21 1297.42 1198.99 1177.41 1092.48 1043.76 197.79 84.9347 182.301 97.327 91.3744 98.427 18.5983 84.474 15.4891 48.7202 93.28 9.01119 66.3365 10.6524 84.2688 42.0765 6.90039 84.9744 83.6844 42.1923 82.4872 4.83663 4.541
internal_count=14309 9855 8250 8129 6988 6122 4454 1141 4294 2071 2014 1605 144 1954 160 866 1546 122 997 85 1424 597 60 2223 2193 827 2167 75 88
is_linear=0
shrinkage=0.03


Tree=65
num_leaves=31
num_cat=0
split_feature=0 29 23 11 13 24 29 27 1 41 0 37 4 27 22 29 6 6 34 9 37 40 34 27 22 4 36 44 6 29
split_gain=74.4701 52.9419 35.0037 32.0133 32.727 24.2733 38.7628 30.3858 14.061 15.15 22.6414 19.6748 13.1467 13.7742 11.8967 10.9569 7.57608 6.88639 6.22489 5.91891 9.62604 5.61718 3.81933 5.04267 4.30018 3.73909 2.95019 2.90742 2.74911 1.74869
threshold=4.237673521041871 0.94570326805114757 0.73546344041824352 0.62500000000000011 92.116901397705092 0.27212218940258032 0.98171594738960277 0.98021599650383007 0.6481388807296754 0.82868278026580822 13.945287227630617 0.17863973975181582 0.87356704473495495 0.84452515840530407 0.70482838153839122 0.997378170490265 13.226967871189119 13.226967871189119 0.71779388189315807 0.047718822956085212 0.16064146906137469 0.92165514826774608 0.33583407104015356 0.98053526878356945 0.75322845578193676 0.86852431297302257 0.31340555846691137 0.31339286267757421 0.19563273340463641 0.97655755281448375
decision_type=2 2 2 2 2 2 2 2 2 2 2 2 2 2 2 2 2 2 2 2 2 2 2 2 2 2 2 2 2 2
left_child=12 8 3 5 15 6 -3 -7 16 10 11 -10 13 -1 26 -5 22 18 19 20 -14 28 23 -2 -24 -15 -11 -21 29 -4
right_child=1 2 21 4 -6 7 -8 -9 9 14 -12 -13 17 25 -16 -17 -18 -19 -20 27 -22 -23 24 -25 -26 -27 -28 -29 -30 -31
leaf_value=0.043456141666064936 -0.023609611810051157 -0.01028009743802958 -0.031074577166562058 -0.025082675825687288 0.037321345391938425 0.016014700434834318 0.007844795260397934 0.0014823732890927965 -0.017035264524166628 -0.027083546115771229 -0.028793732670371802 0.02918719332120244 0.033953277025137917 -0.026727145791490013 0.03163644634584712 -0.0048416000560882874 0.024899103876678447 0.025614332347263281 0.020753639272705675 -0.029697365297634355 -0.023387606274392379 0.014557510968630038 -0.028276676291641586 0.012412215688385148 0.0094195048122106967 0.014658774977916286 -0.00078110080963002097 -0.0072541952709871274 0.0068754012875947889 -0.011151839511922846
leaf_weight=4.6202831994742146 6.6687705330550653 160.67180430516601 29.217768404632807 52.680454129353166 10.646872311830519 364.59612821228802 308.29856977984309 201.59389171935618 10.661849204450844 32.045011956244707 12.219586005434392 28.606270983815193 3.0827151350676996 6.2287717480212432 2.9158478677272788 45.472426101565361 2.1069733798503867 1.5978112369775761 1.8023442346602667 101.38844249211252 6.4083445016294718 2.6119077652692786 66.013712838292122 5.4552235174924135 2.2639100737869731 1.8662227820605037 4.6781637240201226 6.651559703052043 1.6649152543395747 6.8998260851949444
leaf_count=48 139 1223 556 969 67 1828 1484 996 152 641 322 268 33 160 31 466 13 8 37 2892 144 26 1350 89 25 33 79 67 27 107
internal_value=-0.000307434 0.00179926 0.0040719 0.00505069 -0.0103532 0.00668103 0.00162006 0.0108574 -0.0136196 -0.00535901 0.0053121 0.0164513 -0.0215904 0.00678416 -0.0190833 -0.015879 -0.0225336 -0.0246296 -0.0255345 -0.0264388 -0.00301608 -0.0230272 -0.0241041 -0.00746214 -0.0268655 -0.0162935 -0.0239219 -0.0284223 -0.0260112 -0.0277524
internal_weight=1491.64 1357.99 1184.35 1143.96 108.8 1035.16 468.97 566.19 173.635 91.1267 51.4877 39.2681 133.646 12.7153 39.639 98.1529 82.5086 120.931 119.333 117.531 9.49106 40.3944 80.4016 12.124 68.2776 8.09499 36.7232 108.04 37.7825 36.1176
internal_count=14280 10858 7749 7033 1502 5531 2707 2824 3109 1493 742 420 3422 241 751 1435 1616 3181 3173 3136 177 716 1603 228 1375 193 720 2959 690 663
is_linear=0
shrinkage=0.03


Tree=66
num_leaves=31
num_cat=0
split_feature=11 29 6 23 24 28 28 0 25 29 40 4 13 23 22 28 27 21 47 18 29 28 36 0 21 26 43 2 33 6
split_gain=71.1146 59.7669 58.1438 37.8675 35.733 34.3268 36.8805 38.6679 38.7581 29.3513 26.0962 23.7031 21.8515 19.5698 25.84 18.567 17.7362 17.1945 16.0396 15.7754 15.2003 13.7572 12.0373 12.8294 10.5267 7.52358 7.51052 7.47053 18.0635 7.00708
threshold=0.62500000000000011 0.9840834140777589 13.226967871189119 0.7061675786972047 0.29476444423198706 0.93567231297492992 0.81841140985488903 9.5884079933166522 0.1782050356268883 0.90787160396575939 0.76992061734199535 0.91865441203117382 34.079574584960945 0.48583693802356726 0.45207661390304571 0.58662265539169323 0.88230139017105114 47.215839385986335 0.89774304628372203 0.34765625000000006 0.99684152007102977 0.68234103918075573 0.26965397596359258 6.0535261631011972 60.979545593261726 0.71875000000000011 0.35042390227317816 0.35937500000000006 58.516757965087898 0.063729085028171553
decision_type=2 2 2 2 2 2 2 2 2 2 2 2 2 2 2 2 2 2 2 2 2 2 2 2 2 2 2 2 2 2
left_child=1 3 20 4 11 6 10 8 -8 -6 16 12 -1 25 -15 -11 -3 -13 -12 -9 -2 22 -22 -24 -16 -7 29 28 -5 -23
right_child=2 5 -4 27 9 13 7 19 -10 15 18 17 -14 14 24 -17 -18 -19 -20 -21 21 26 23 -25 -26 -27 -28 -29 -30 -31
leaf_value=-0.019239479107511451 -0.028823831998584796 0.017601675317061326 0.039224062983689231 0.05067731221365631 -0.028284962786536659 0.013745997248667291 0.012934147288324465 0.040083705368397261 -0.023044045907214889 0.041068670493564823 0.024527275295120124 0.0046544039720128726 0.013159531560355622 0.049221298434820392 -0.038904364432072888 0.0090664188291333381 0.00024078458618520494 -0.01601070300248901 -0.00086104486887569941 -0.0088512248365934729 -0.011522869299923794 -0.019493295959495269 0.042915493611829572 -0.013676283237838626 0.0098822933185914417 0.045618654565916218 -0.02773947319166847 -0.023875506067421913 -0.027595933824581829 0.049562531599628472
leaf_weight=23.805275307968259 107.73739730939269 72.841717915609479 14.34147412329912 3.4472033847123367 16.644744740799069 9.7592546343803388 36.94243935868144 19.263839438557628 92.789577770978212 17.249063672497869 137.19924626685679 43.872760461643338 75.499353375285864 6.7160470038652447 8.0902239978313428 174.55860686674714 188.67673589661717 192.10339644178748 26.377411050722003 7.808252051472663 20.656920481473207 1.8715792503207915 9.1422932408750039 4.8857883065938941 6.3546356111764899 37.255332503467798 32.83662074431777 87.696017807349563 5.5709268506616354 1.5321735404431818
leaf_count=352 2841 436 88 35 458 45 185 81 505 127 591 385 592 29 41 1180 1042 2007 160 32 273 45 70 27 32 193 617 1666 99 23
internal_value=-6.88362e-05 0.00247317 -0.0170066 -0.00402521 -0.000927681 0.00887627 0.0064818 -0.00591399 -0.0127554 0.0087947 0.0110644 -0.00698943 0.00524856 0.0288813 0.00445944 0.012158 0.00513644 -0.0121526 0.0204347 0.0260503 -0.0217301 -0.010662 0.00278033 0.0234072 -0.0179975 0.0394891 -0.0233372 -0.0212213 0.00409672 0.0151063
internal_weight=1483.53 1290.52 193.004 640.447 543.733 650.075 581.899 156.804 129.732 208.452 425.095 335.281 99.3046 68.1755 21.1609 191.808 261.518 235.976 163.577 27.0721 178.663 70.9254 34.685 14.0281 14.4449 47.0146 36.2404 96.7141 9.01813 3.40375
internal_count=14257 10273 3984 6901 5101 3372 3032 803 690 1765 2229 3336 944 340 102 1307 1478 2392 751 113 3896 1055 370 97 73 238 685 1800 134 68
is_linear=0
shrinkage=0.03


Tree=67
num_leaves=30
num_cat=0
split_feature=0 23 29 48 29 5 38 27 14 29 37 16 22 21 36 5 23 2 6 6 25 49 14 22 34 24 40 20 14
split_gain=69.402 46.4872 47.2269 29.5535 26.7398 31.7735 24.5192 23.1667 18.8409 17.1332 14.8985 12.5274 11.7042 11.0129 10.7992 10.7162 8.10714 6.57216 5.28488 4.45822 3.88322 4.31741 3.31277 2.14034 1.70393 0.875559 0.701801 0.492515 0.49202
threshold=4.8442986011505136 0.73546344041824352 0.90787160396575939 0.26953445374965673 0.98712700605392467 0.052490727975964553 0.40625000000000006 0.98403856158256542 12.12730646133423 0.99346512556076061 0.17863973975181582 0.26855468750000006 0.39333185553550726 45.593915939331062 0.32064116001129156 0.1523438170552254 0.47358071804046636 0.35937500000000006 13.226967871189119 0.20419593155384066 0.16262669861316684 0.30066804587841039 6.7799291610717782 0.23981428891420367 0.29841244220733648 0.32223851978778845 0.3647089302539826 0.047094136476516731 1.0000000180025095e-35
decision_type=2 2 2 2 2 2 2 2 2 2 2 2 2 2 2 2 2 2 2 2 2 2 2 2 2 2 2 2 2
left_child=8 2 18 4 11 -6 13 -8 9 14 12 -4 16 -5 24 -14 -11 -3 23 27 21 -12 -22 -2 -1 -26 -25 28 -19
right_child=1 17 3 6 5 -7 7 -9 -10 10 20 -13 15 -15 -16 -17 -18 19 -20 -21 22 -23 -24 26 25 -27 -28 -29 -30
leaf_value=0 0.0033318300128568294 0.011764412073754851 0.010737381724141537 0.0019822522842057044 0.043885581548864461 -0.00052603430409429238 0.01127892593254445 -0.0014664534982829311 0.02811850893498654 0.035736990630169753 -0.015829535500041108 -0.020045780658753596 0.011075212262534589 -0.021961617620728409 0.02165592405363001 -0.021511449635863263 -0.013000693703718005 -0.0055424230319311082 0.020072968952480352 0.014755338977445279 -0.03082681922351203 0.032168096931533496 0.0051117515046525406 -0.0022695845879833767 -0.030962639900851633 -0.01406889220864751 -0.030474614639152582 -0.011385126753292438 -0.030940662997271592
leaf_weight=1.7732820212841023 1.4661128818988789 3.4826477356255046 12.981633499264715 34.679456062614918 14.811614133417605 172.87911955267191 688.79811175726354 156.93473957479 7.1030489429831496 10.888037549331782 4.4545513298362485 86.948358133435249 15.01822881400585 32.777898101136088 3.1175181046128264 20.032073995098472 3.4497030377387992 1.4876069799065579 1.3621667176485051 1.4954598136246193 26.604150470346216 1.4376302957534788 2.08006328344345 1.2165405992418517 84.498099422082305 6.0483527556061736 39.664990145713091 3.4648340158164492 42.760441064834595
leaf_count=33 31 38 124 250 67 1000 4142 1003 55 71 89 801 220 297 35 331 47 37 9 18 645 21 24 33 2700 152 1084 59 862
internal_value=0.000109249 0.00257536 0.00375378 0.00487935 -0.0034905 0.00317681 0.00751975 0.0089114 -0.0169498 -0.0188968 -0.00880562 -0.0159503 0.00176566 -0.00975924 -0.0275603 -0.00754571 0.0237319 -0.0247535 -0.0265187 -0.0275806 -0.0236149 -0.000715171 -0.0280352 -0.0285151 -0.0294687 -0.0300329 -0.0297812 -0.0292448 -0.0302944
internal_weight=1483.72 1297.21 1244.52 1200.81 287.621 187.691 913.19 845.733 186.505 179.402 83.9644 99.93 49.388 67.4574 95.4373 35.0503 14.3377 52.691 43.7098 49.2083 34.5764 5.89218 28.6842 42.3476 92.3197 90.5465 40.8815 47.7129 44.248
internal_count=14278 9855 8841 7684 1992 1067 5692 5145 4423 4368 1448 925 669 547 2920 551 118 1014 1157 976 779 110 669 1148 2885 2852 1117 958 899
is_linear=0
shrinkage=0.03


Tree=68
num_leaves=31
num_cat=0
split_feature=41 0 6 11 30 18 29 5 1 25 20 45 35 36 37 3 33 10 33 29 23 32 23 16 24 9 21 32 43 36
split_gain=65.9819 41.9931 38.5456 46.0289 36.0954 29.4369 26.1705 18.6276 13.0799 12.7001 12.3016 12.3966 12.6728 8.45917 10.3352 8.63957 8.25276 13.2618 7.94685 7.87228 6.74916 5.90073 4.90548 4.8355 3.77476 3.62545 3.32383 1.96941 0.733165 0.11783
threshold=0.95010551810264599 13.743603229522707 13.226967871189119 0.62500000000000011 0.18359375000000003 0.72265625000000011 0.9910435974597932 0.13523057848215106 0.82235851883888256 0.091429207473993315 0.03722816891968251 0.20925361663103106 0.47687663137912756 0.2701068669557572 0.1124301701784134 0.51109406352043163 34.42016792297364 0.87500000000000011 47.396970748901374 0.98121124505996715 0.38428433239459997 0.069246191531419768 0.478098675608635 0.26269531250000006 0.31636561453342443 12.355393886566164 38.411836624145515 0.057384574785828597 0.34036594629287725 0.28703302145004278
decision_type=2 2 2 2 2 2 2 2 2 2 2 2 2 2 2 2 2 2 2 2 2 2 2 2 2 2 2 2 2 2
left_child=1 2 3 4 7 -6 8 -1 16 -5 11 13 -13 15 -15 -8 17 29 -14 22 -11 24 -3 -12 -18 26 -24 28 -25 -2
right_child=6 19 -4 9 5 -7 10 -9 -10 20 23 12 18 14 -16 -17 21 -19 -20 -21 -22 -23 25 27 -26 -27 -28 -29 -30 -31
leaf_value=0.0029782472395566864 -0.024839542790812776 0.0091421978627573668 0.040157791871104014 0.033239549933358196 0.0090315857615287862 -0.013727577681104657 -0.019366998500588515 -0.014549736237876284 0.023506850945563741 -0.0047330525865987971 0.0040736662568817633 -0.023968244261707079 -0.011177306855680441 -0.014357464393968448 0.022551971820685322 0.031324299206073554 -0.029236949160149909 0.050812959865175117 0.033239313661254787 0.031047852668621145 -0.030141895837882245 0.017100336079668713 -0.0061343869582433487 -0.007818623384299981 -0.011947412929841559 0.01149846532973379 -0.030378979832870818 0.0048225597948963316 -0.029543583260709206 -0.0049815523270963094
leaf_weight=104.75087985210121 3.8894205540418616 3.2183657698333255 25.293676063418388 2.7052607908844939 806.93523102812469 53.630599411204457 32.617845231667161 111.74930799007416 4.5070853233337393 12.67457960732281 5.7347875833511379 4.5921103693544891 3.7153779566288021 10.808064356446268 15.220356021076439 2.3876051213592282 106.68595135398209 2.5468632560223341 21.076597865670919 1.5775512903928746 45.667490800842643 2.0528084654361001 6.7435145042836657 2.8538146223872962 15.564532961696385 1.6140237599611271 44.618745509535074 1.3732221201062191 20.185053715482354 1.3577525503933427
leaf_count=703 83 36 146 13 4483 459 476 811 54 199 55 65 29 79 115 23 3350 40 178 7 818 51 134 59 330 21 969 22 468 27
internal_value=6.90005e-05 0.00298193 0.00423062 0.00339498 0.00484058 0.00759546 -0.0137095 -0.00608055 -0.0226564 -0.0217287 -0.00344472 0.00210437 0.0178078 -0.00557269 0.00715052 -0.0150522 -0.0244188 0.00466571 0.0262913 -0.0217569 -0.0248453 -0.0262891 -0.0238087 -0.0197173 -0.0271748 -0.0259984 -0.0274311 -0.0253647 -0.0274145 -0.0218013
internal_weight=1478.35 1221.18 1163.41 1138.11 1077.07 860.566 257.169 216.5 136.604 61.0473 120.565 90.418 29.3841 61.0339 26.0284 35.0055 132.097 7.79404 24.792 57.7722 58.3421 124.303 56.1946 30.1469 122.25 52.9763 51.3623 24.4121 23.0389 5.24717
internal_count=14303 8799 7632 7486 6456 4942 5504 1514 3935 1030 1569 965 272 693 194 499 3881 150 207 1167 1017 3731 1160 604 3680 1124 1103 549 527 110
is_linear=0
shrinkage=0.03


Tree=69
num_leaves=21
num_cat=0
split_feature=0 12 29 11 31 47 1 29 28 4 39 34 9 24 7 49 48 30 43 35
split_gain=66.365 43.8565 46.0354 37.7861 36.3147 32.6943 20.5721 15.4399 10.3155 9.91632 8.49781 5.19897 5.30306 5.03825 4.89142 8.31594 3.34755 2.20045 0.841271 0.696845
threshold=4.0965287685394296 1.8366305232048037 0.90787160396575939 0.62500000000000011 0.029975064098834995 0.90127840638160717 0.83616966009140026 0.99394196271896373 0.68234103918075573 0.87021389603614818 0.95388060808181774 0.72306004166603099 4.7625298500061044 0.26651635766029363 0.87548458576202404 0.15819080919027331 0.49095010757446295 0.13671875000000003 0.97111618518829357 0.862724930047989
decision_type=2 2 2 2 2 2 2 2 2 2 2 2 2 2 2 2 2 2 2 2
left_child=9 2 18 4 6 -6 -4 17 -9 10 -1 12 14 -12 15 -11 -16 -5 19 -2
right_child=1 -3 3 7 5 -7 -8 8 -10 11 13 -13 -14 -15 16 -17 -18 -19 -20 -21
leaf_value=-0.022664055104720946 -0.03046765323299214 0.041153081785281341 -0.0066942596518267568 0.0045959533571595006 0.0093567538941833062 -0.0069319024340785511 0.029559534033032697 0.0077632018119100045 -0.017540232458999324 0.016399373366895377 0.045680024269209821 0.024664612949135124 0.022863307054528038 -0.0036984322609262539 -0.029726343305796991 -0.025786897254321917 0.0092110239515321018 -0.02903030384179749 0 -0.0023662358009577827
leaf_weight=4.7256408426910621 40.426296079531312 24.137597620487213 300.31014472059906 1.398610834032296 731.26349320448935 129.72998628392816 13.773591902106999 29.160520620644093 26.885377205908298 5.9468320943415156 3.5370509102940559 1.0963783208280791 1.2383888512849797 2.7385891042649746 85.239152155816555 9.7744883261620981 1.4894307125359763 44.826551241800189 1.0253136567771424 1.2263064179569472
leaf_count=125 1144 142 2427 27 4337 1109 66 247 422 95 30 24 6 55 2645 252 22 1007 28 35
internal_value=9.94837e-06 0.00189535 0.00114461 0.00218074 0.00370899 0.00689379 -0.00500612 -0.0152154 -0.00441704 -0.0216808 0.00480444 -0.024509 -0.0252883 0.026173 -0.0261147 -0.00962346 -0.0289261 -0.0278736 -0.0291379 -0.0297855
internal_weight=1459.95 1344.16 1320.03 1277.35 1175.08 860.993 314.084 102.271 56.0459 115.786 11.0013 104.785 103.688 6.27564 102.45 15.7213 86.7286 46.2252 42.6779 41.6526
internal_count=14245 10991 10849 9642 7939 5446 2493 1703 669 3254 210 3044 3020 85 3014 347 2667 1034 1207 1179
is_linear=0
shrinkage=0.03


Tree=70
num_leaves=23
num_cat=0
split_feature=0 6 29 11 23 32 1 23 22 23 22 29 18 49 31 4 34 34 6 42 47 4
split_gain=55.0909 41.7367 42.768 37.0208 30.2647 22.3573 16.3067 17.2763 14.0865 13.0008 12.6521 10.9944 8.5617 8.3869 8.04919 6.54902 14.3327 5.79042 4.51408 3.51123 2.91791 0.782213
threshold=4.0965287685394296 13.226967871189119 0.94639942049980175 0.62500000000000011 0.75899299979209911 0.033430563285946853 0.65983283519744884 0.52620020508766185 0.53870391845703136 0.3411738276481629 0.70482838153839122 0.99963387846946727 0.097656250000000014 0.18368119001388553 0.043598199263215072 0.86671635508537304 0.43781982362270361 0.72988414764404308 13.226967871189119 0.5935783088207246 0.50339174270629894 0.89676272869110119
decision_type=2 2 2 2 2 2 2 2 2 2 2 2 2 2 2 2 2 2 2 2 2 2
left_child=9 2 6 4 5 -4 15 8 -8 13 -9 14 -11 21 -5 16 -2 18 20 -17 -14 -1
right_child=1 -3 3 11 -6 -7 7 10 -10 12 -12 -13 17 -15 -16 19 -18 -19 -20 -21 -22 -23
leaf_value=0.03730088548892406 0.046657863873250875 0.040009985164067279 -0.006941255973229565 -0.0066355586647527933 -0.03030719119859963 0.0066022715360310718 0.042831215438004909 -0.015395448234231711 -0.011553588426140205 0.022445447055680093 0.029091161217713327 0.04338077368800651 0.0018902031507672039 -0.022829934087151327 -0.024485286165225901 -0.029453314194468564 -0.026777302936066661 0.028266093304353243 0.020283982452613557 -0.014663737191707431 -0.027664119183479285 0.011579289261481227
leaf_weight=3.5394704639911634 3.0113933198153964 23.541724167764187 123.75032555870712 42.240039443597198 21.359593203291297 906.22900592535734 10.333937248215081 55.478219714015722 6.2135301753878585 2.7086316160857669 5.4398412760347119 1.8607203327119339 2.7803551219403735 3.6925692819058895 52.513002667576075 54.530556922778487 4.9150786809623241 0.96813858672976394 1.1107874512672413 25.524539927020669 95.249811507761478 3.6917084343731403
leaf_count=18 38 143 793 599 456 4862 76 1090 73 47 59 12 29 73 974 1151 89 20 6 561 2995 48
internal_value=-0.000462982 0.0012461 0.000519091 0.00257982 0.00421936 0.00496697 -0.0136908 -0.00353099 0.0227443 -0.0204138 -0.0109688 -0.0150911 -0.023713 0.00977225 -0.0167118 -0.0224623 0.00288728 -0.0252012 -0.0260304 -0.0250139 -0.026785 0.0275359
internal_weight=1450.68 1336.94 1313.4 1147.95 1051.34 1029.98 165.447 77.4655 16.5475 113.741 60.9181 96.6138 102.818 10.9237 94.753 87.9816 7.92647 100.109 99.141 80.0551 98.0302 7.23118
internal_count=14212 10976 10833 7696 6111 5655 3137 1298 149 3236 1149 1585 3097 139 1573 1839 127 3050 3030 1712 3024 66
is_linear=0
shrinkage=0.03


Tree=71
num_leaves=31
num_cat=0
split_feature=0 23 29 20 27 0 24 27 18 50 29 27 27 16 27 32 16 21 16 25 23 29 21 18 49 49 48 10 6 50
split_gain=57.9433 41.5884 32.744 32.7432 32.1148 37.2418 31.2366 31.1391 32.5806 25.5494 24.8267 23.05 22.851 21.7374 18.3753 15.6801 32.4176 13.8258 31.2071 14.8241 13.7066 13.6612 11.9465 11.8651 10.121 6.96814 5.91404 5.90708 5.36074 5.10044
threshold=4.0965287685394296 0.54118382930755626 0.99499860405921947 0.042068898677825935 0.98098060488700878 6.7165870666503915 0.25464542210102087 0.97607484459877025 0.84765625000000011 0.30268034338951116 0.91642174124717724 0.97059169411659252 0.98403856158256542 0.42675781250000006 0.96473908424377453 0.048256538808345802 0.30957031250000006 48.683750152587898 0.35449218750000006 0.22900442779064181 0.3411738276481629 0.99883750081062328 65.633262634277358 0.097656250000000014 0.28211081027984625 0.18368119001388553 0.25664095580577856 0.87500000000000011 13.226967871189119 0.15156766772270205
decision_type=2 2 2 2 2 2 2 2 2 2 2 2 2 2 2 2 2 2 2 2 2 2 2 2 2 2 2 2 2 2
left_child=20 3 6 4 5 9 15 11 -9 -2 -8 14 -12 -7 -5 22 -17 19 -19 -6 25 24 -3 -22 29 -1 -13 -23 -25 -4
right_child=1 2 21 7 17 13 10 8 -10 -11 12 26 -14 -15 -16 16 -18 18 -20 -21 23 27 -24 28 -26 -27 -28 -29 -30 -31
leaf_value=0.027053145986002541 -0.013261807566235552 -0.023664769820845109 0.03120684376910033 0.0060013605193694249 -0.042147799198383948 0.0078283209494563188 -0.025442878519251127 0.042226643564705131 -0.025859442780282536 0.015710091732202482 0.0048989517181623034 0 -0.013855731854936753 0.02751908571260472 0.034859689727026244 0.040087772934335561 -0.026761958444527695 0.027611238591502486 -0.015980708479832514 0.01016522114954398 0.029151511446530463 -0.026730410136551998 0.0084329382231107947 -0.027153983890480217 0.041579807929731524 -0.021217209953020705 -0.042968562146191477 0.011126851871892203 0.021843150498722284 -0.0085767538201897437
leaf_weight=6.9301490783691388 113.2931560985744 130.5137406848371 3.4250730574130994 87.045674653723836 20.574488891288642 252.29695624858141 34.922716163098812 53.952321369200945 6.418139996007084 35.035404972732067 265.35520247556269 4.4364580512046796 73.895292304456234 62.85787258297205 25.116702787578106 11.301528131589295 12.905679715797303 18.319116717204452 61.897535588592291 5.7502046916633835 2.7621733192354432 5.604653522372244 10.701529124751685 95.659331820905209 21.360631681978703 3.1266006138175726 7.942884923890233 7.4536674804985523 1.2816088348627079 7.3959048129618168
leaf_count=64 970 1621 18 523 104 1204 969 284 49 343 2551 37 703 323 128 101 163 86 406 40 44 32 145 3040 94 65 60 37 7 47
internal_value=-0.000200313 0.00152049 -0.00447747 0.00617075 0.00259387 0.00601439 -0.00654724 0.0171077 0.0346359 -0.00633914 -0.00172412 0.00837895 0.000776287 0.0118398 0.0127411 -0.0173628 0.00468111 -0.012176 -0.00577126 -0.0306572 -0.0210563 0.0197524 -0.0211691 -0.0244201 0.0300116 0.0112131 -0.0289181 -0.00565376 -0.0262592 0.00533653
internal_weight=1449.53 1339.77 584.836 754.937 570.025 463.483 539.596 184.912 60.3705 148.329 374.173 124.542 339.25 315.155 112.162 165.422 24.2072 106.541 80.2167 26.3247 109.76 45.2399 141.215 99.7031 32.1816 10.0567 12.3793 13.0583 96.9409 10.821
internal_count=14258 11038 6481 4557 3476 2840 6253 1081 333 1313 4223 748 3254 1527 651 2030 264 636 492 144 3220 228 1766 3091 159 129 97 69 3047 65
is_linear=0
shrinkage=0.03


Tree=72
num_leaves=31
num_cat=0
split_feature=11 6 29 47 0 44 28 28 0 5 13 28 27 26 22 18 22 0 29 41 16 5 21 33 43 29 1 24 22 1
split_gain=56.7349 49.0233 45.1523 34.545 30.9857 32.0108 28.0799 35.8407 30.8327 31.0832 24.1065 22.6929 21.52 19.2373 24.8938 18.927 17.7934 17.3817 15.5987 12.8911 12.2573 12.4178 12.7308 9.7445 9.33196 7.75323 7.21738 7.03221 6.27113 5.3765
threshold=0.62500000000000011 13.226967871189119 0.9840834140777589 0.86295887827873241 13.945287227630617 0.15849281847476962 0.93567231297492992 0.81841140985488903 9.5884079933166522 0.058772550895810134 37.55592346191407 0.80181396007537853 0.88610246777534496 0.71875000000000011 0.44826282560825353 0.34765625000000006 0.56714409589767467 9.4428324699401873 0.99394196271896373 0.8225485384464265 0.37792968750000006 0.1523438170552254 43.614583969116218 53.763305664062507 0.25800529122352606 0.95876494050025951 0.80168634653091442 0.23706092685461047 0.70482838153839122 0.82235851883888256
decision_type=2 2 2 2 2 2 2 2 2 2 2 2 2 2 2 2 2 2 2 2 2 2 2 2 2 2 2 2 2 2
left_child=2 18 3 4 5 10 7 11 9 -9 -1 12 -4 14 -8 -10 -13 -7 -2 25 21 23 -23 -20 -15 -5 -22 -27 -6 -21
right_child=1 -3 6 19 28 17 13 8 15 -11 -12 16 -14 24 -16 -17 -18 -19 20 29 26 22 -24 -25 -26 27 -28 -29 -30 -31
leaf_value=-0.006136783897857951 -0.029177285221721118 0.03890322877721545 0.019794393406346721 -0.023001756901023799 -0.027417811299026918 -0.0020963762402980593 0.036938580927355733 0.020357833944246149 0.037726122816011932 -0.018865197444520108 0.011936477384391107 0.042963684991310216 0.0038674067170580127 0.0076001538702114542 -0.023298799489547307 -0.014677315248983847 -0.008627211211867972 -0.023572821840915095 0.048963590041117541 -0.025812676932732884 -0.028193390295510597 -0.030576277857176055 0.0042638670755035697 -0.0036274502508775027 0.044679028981078117 -0.0074527145986024428 0.023077166990035335 0.036104664036846826 0.010639496792745083 0.018043099272828537
leaf_weight=90.169020969420671 83.708697635680437 12.769715048372744 103.45682718791068 5.5522970985621241 40.685192842036486 97.909713530912995 10.197048906236889 20.821760062128305 19.205992996692661 109.98376281000674 243.98757595382631 28.885295603424311 289.08817009069026 8.1769314743578416 12.753624722361563 8.2097350209951383 7.0444358289241782 51.367933519184589 5.9018165525048953 79.343392450362444 30.628759387880564 14.369650501757858 23.627244476228952 5.4455454424023628 34.640380546450615 5.3464796468615514 1.8792771324515332 6.4559450894594193 3.6580521184951058 1.8476843237876881
leaf_count=1100 2561 86 580 97 964 674 45 108 82 595 1747 132 1510 47 59 34 36 638 53 1515 730 185 319 82 183 30 11 30 45 19
internal_value=0.000139785 -0.0156612 0.00235615 -0.00339168 -0.000327861 0.00188672 0.00787503 0.00575938 -0.00640221 -0.0124918 0.00704687 0.0102617 0.00811228 0.0263342 0.00376441 0.0219639 0.0328077 -0.00961428 -0.0200961 -0.0196022 -0.0105327 -0.000941172 -0.00928124 0.0252327 0.0380015 0.00355121 -0.0245397 0.017098 -0.0240467 -0.0245708
internal_weight=1457.12 178.331 1278.79 626.323 527.777 483.434 652.464 586.696 158.221 130.806 334.157 428.475 392.545 65.768 22.9507 27.4157 35.9297 149.278 165.561 98.5458 81.8523 49.3443 37.9969 11.3474 42.8173 17.3547 32.508 11.8024 44.3432 81.1911
internal_count=14297 4027 10270 6859 5168 4159 3411 3077 819 703 2847 2258 2090 334 104 116 168 1312 3941 1691 1380 639 504 135 230 157 741 60 1009 1534
is_linear=0
shrinkage=0.03


Tree=73
num_leaves=31
num_cat=0
split_feature=0 23 28 39 23 20 27 28 24 43 27 19 22 21 14 12 4 25 19 4 4 20 25 29 25 5 35 16 5 32
split_gain=53.0796 38.4441 42.0623 38.9971 33.0599 29.3531 39.5297 44.0579 35.0177 34.1517 33.7733 35.7912 25.4051 25.2951 19.9046 19.0476 17.4366 16.981 33.6338 15.6198 22.1282 18.9104 13.1114 18.1084 11.9287 14.8641 11.374 10.6009 10.0142 9.69814
threshold=4.8832900524139413 0.54118382930755626 0.8779745101928712 0.8800005614757539 0.70973980426788341 0.042068898677825935 0.98053526878356945 0.6931264102458955 0.26857411861419683 0.48241171240806585 0.96887594461441051 0.048886394128203399 0.4217145591974259 38.411836624145515 7.5446379184722909 1.215161979198456 0.9395241141319276 0.19663563370704654 0.088216338306665434 0.91865441203117382 0.9178835153579713 0.043602082878351218 0.1735436096787453 0.99394196271896373 0.23895272612571719 0.11798384413123132 0.74241924285888683 0.39550781250000006 0.061214240267872817 0.057384574785828597
decision_type=2 2 2 2 2 2 2 2 2 2 2 2 2 2 2 2 2 2 2 2 2 2 2 2 2 2 2 2 2 2
left_child=14 5 3 28 13 6 10 -8 9 -7 11 -2 -12 -5 22 -9 -11 -10 -19 20 21 -4 23 -1 -21 -26 -6 -16 -3 -25
right_child=1 2 19 4 26 8 7 15 17 16 12 -13 -14 -15 27 -17 -18 18 -20 24 -22 -23 -24 29 25 -27 -28 -29 -30 -31
leaf_value=-0.025098944041417128 0.01138452820795321 0.018394079320212992 -0.022991841518953803 0.032084717878551966 0.0010762134676304213 -0.014499026075894705 -0.051362752131141151 0.029006484359892778 0.043556675427701461 -0.010368186512740477 -0.0096614956608507743 -0.0084178353908441333 0.032565853136060613 0.006124884134529043 0.034506701793622661 -0.0086263656989680713 0.031957209518229113 -0.022301346758298864 0.034553094019258171 -0.031762770637752749 0.05599716827933951 0.030421842518031594 -0.028477075851096007 -0.0022485220608835666 -0.029365662111656844 0.0032789500156435937 -0.02446289216895187 -0.009009269103970664 -0.022476972549594285 0.043474780602565662
leaf_weight=40.630065590143204 202.01169776543975 5.063305001705884 22.671042921021584 38.723084023222327 26.190276453271508 44.104859376326203 19.986402451992035 13.012519322335718 45.188950140029192 10.859897937625645 15.184344004839657 136.91141384094954 67.163991812616587 235.66181506402791 9.2796831578016299 87.564286204054952 35.505713606253266 13.01991495117545 27.658529942855239 61.770860174670815 4.4280886910855761 6.9969737716019145 70.296492176130414 41.907511489465833 21.862113563343883 27.128684137016535 37.077790550887585 9.0772869456559402 63.894799571484327 3.6201199181377879
leaf_count=1339 1113 44 321 237 355 260 95 71 217 85 82 777 340 1916 75 521 169 73 158 706 22 60 2180 688 291 431 725 154 728 31
internal_value=3.40917e-05 0.00217383 -0.00377617 0.00117193 0.00538841 0.00674577 0.00326486 -0.0118083 0.0173459 0.00419456 0.00760348 0.00337511 0.024721 0.00990261 -0.0154136 -0.0034903 0.0219707 0.03096 0.0161853 -0.0175987 8.54626e-05 -0.0097156 -0.0188868 -0.0107907 -0.0230214 -0.0115247 -0.0139919 0.0134798 -0.0192131 0.00217892
internal_weight=1444.45 1269.64 551.469 406.611 337.653 718.173 541.835 120.563 176.338 90.4705 421.271 338.923 82.3483 274.385 174.811 100.577 46.3656 85.8674 40.6784 144.858 34.0961 29.668 156.454 86.1577 110.762 48.9908 63.2681 18.357 68.9581 45.5276
internal_count=14264 9797 5836 4005 3233 3961 2999 687 962 514 2312 1890 422 2153 4467 592 254 448 231 1831 403 381 4238 2058 1428 722 1080 229 772 719
is_linear=0
shrinkage=0.03


Tree=74
num_leaves=22
num_cat=0
split_feature=0 23 29 6 11 6 28 23 18 49 6 6 45 47 43 14 2 27 15 35 20
split_gain=51.7111 39.3812 37.3501 29.1305 40.9262 21.7788 13.4357 12.1161 10.4049 6.73585 6.00982 5.30364 3.77218 3.56488 3.172 2.42617 2.32938 1.91395 1.34324 0.838268 0.791664
threshold=4.1286721229553232 0.74352878332138073 0.90787160396575939 13.226967871189119 0.62500000000000011 0.18542132526636126 0.68234103918075573 0.3411738276481629 0.097656250000000014 0.18368119001388553 13.226967871189119 13.226967871189119 0.32405139505863195 0.50339174270629894 0.27926968038082128 44.430662155151374 0.35937500000000006 0.78767114877700817 0.44505494832992559 0.86985591053962719 0.047094136476516731
decision_type=2 2 2 2 2 2 2 2 2 2 2 2 2 2 2 2 2 2 2 2 2
left_child=7 2 11 4 5 -4 -6 9 -9 18 12 17 13 -10 -14 16 -3 -2 -1 -19 -18
right_child=1 15 3 -5 6 -7 -8 8 10 -11 -12 -13 14 -15 -16 -17 20 19 -20 -21 -22
leaf_value=0.0068293356601125677 0.0013641761367257713 0 0.0048547646681173619 0.038773229278459789 -0.0036746872671996251 -0.026877342369400151 -0.026117383083145658 0.025258943198280037 0.0048749129304418749 -0.021713012159934032 0.023328736222889231 0.020034791897034478 0.024873920316217078 -0.02881712564247527 -0.015137532655280877 0.0071816285866747268 -0.030751821959607614 -0.030251000537518693 0.036162459572480418 -0.00014995234918078787 -0.0090102650949626419
leaf_weight=3.2081874720752221 1.6161759793758381 2.5341810360550872 1112.0239963606 19.494479551911354 45.116367748007178 18.805076599121094 52.143328353762627 3.0063904896378508 2.4898380655795327 3.1220649592578411 1.4654838070273388 1.4154703021049488 1.5672908686101426 84.602447049692273 4.7792653255164623 1.3528268709778775 36.455696681514382 35.717000000178814 3.797028262168169 1.0674947071820486 3.0525543093681327
leaf_count=36 34 29 6836 122 588 213 1051 49 28 61 8 10 28 2920 150 21 886 1105 30 31 56
internal_value=-0.000220547 0.00140371 0.00236208 0.00328562 0.00268877 0.00430115 -0.0158807 -0.0200848 -0.0233111 0.0101291 -0.0251283 -0.0258739 -0.026159 -0.0277755 -0.00280747 -0.0263731 -0.0276643 -0.0281078 0.0256347 -0.0294839 -0.0294099
internal_weight=1438.83 1330.79 1287.4 1247.58 1228.09 1130.83 97.2597 108.038 97.9107 10.1273 94.9043 39.8161 93.4388 87.0923 6.34656 43.3953 42.0424 38.4007 7.00522 36.7845 39.5083
internal_count=14292 10982 9990 8810 8688 7049 1639 3310 3183 127 3134 1180 3126 2948 178 992 971 1170 66 1136 942
is_linear=0
shrinkage=0.03


Tree=75
num_leaves=31
num_cat=0
split_feature=11 6 23 29 7 38 4 6 29 41 28 47 21 5 21 43 22 2 29 21 22 30 6 6 33 14 27 13 7 35
split_gain=47.715 41.562 41.3344 35.5644 22.2389 30.19 28.2457 20.6974 17.5338 17.3123 15.182 14.8649 12.3829 10.958 10.412 7.23887 6.83509 4.64754 3.96568 4.4204 3.1153 2.35397 3.1251 2.07669 2.02122 2.00524 1.9273 1.7794 1.27175 0.799135
threshold=0.62500000000000011 13.226967871189119 0.73546344041824352 0.90787160396575939 3.6962454319000249 0.46875000000000006 0.92943003773689281 0.067767310887575163 0.99684152007102977 0.99229732155799877 0.68234103918075573 0.8560052514076234 45.593915939331062 0.14143908768892291 43.614583969116218 0.35042390227317816 0.499645546078682 0.35937500000000006 0.97655755281448375 44.797435760498054 0.34735116362571722 0.16015625000000003 0.095158714801073088 0.024075970984995369 37.947618484497077 44.430662155151374 0.78105944395065319 74.758872985839858 2.9282279014587407 0.86985591053962719
decision_type=2 2 2 2 2 2 2 2 2 2 2 2 2 2 2 2 2 2 2 2 2 2 2 2 2 2 2 2 2 2
left_child=2 8 3 26 7 12 -7 9 21 -5 13 -9 -6 -10 -15 16 -12 -4 25 28 -17 22 -2 -23 -25 -19 -1 29 -20 -28
right_child=1 -3 17 4 5 6 -8 11 10 -11 15 -13 -14 14 -16 20 -18 18 19 -21 -22 23 -24 24 -26 -27 27 -29 -30 -31
leaf_value=0.0033842562244372266 0.019832084530003027 0.036895361508409275 0.0084249501502489128 0.017885322002812603 0.0051969327784285096 0.019930996492408794 0.0056007853874100802 -0.00074744478603363184 0.03983849669311415 -0.007176119056661448 -0.018830874353538699 -0.014248950548317957 -0.014209018880852225 -0.025754717100704191 0.011319237522692423 -0.00071919697797826311 0.05068002012507189 -0.030921421258463283 0.0011769044395314816 0.026551159744488503 -0.029920051001880901 0.002097856936543106 -0.022537348380994259 0.00069919433032664677 -0.029854811952310659 0.0034765915542344537 -0.030085148632464632 0.0051818722387668411 -0.027157661982343612 -0.00049567357040905438
leaf_weight=1.4648875426501025 1.7922783084213723 11.959727704524992 3.1300280280411235 79.782851936295629 49.65915111079812 185.23444382660091 375.63419571705163 285.16577155329287 6.1665160562843075 34.944212341681123 1.748129012063145 98.134717274457216 70.181437505409122 9.4787193685770053 18.471461310982704 4.0541096199303892 1.4777673371136186 40.52698671258986 1.7062635738402594 1.8796537704765794 25.445456555113196 1.636203235015272 2.5464296881109476 1.7516865842044342 84.444374840706587 1.2231294475495804 31.025333847850561 0.96943883784115215 3.3761865608394146 1.0899371523410071
leaf_count=30 29 85 36 395 332 1066 2135 1929 46 479 47 1105 567 138 186 65 22 1015 43 24 567 43 66 50 2687 21 987 15 49 31
internal_value=-0.000108594 -0.0149378 0.00190331 0.00303437 0.00392509 0.00744619 0.0103659 -0.000886868 -0.0190613 0.01023 -0.00714942 -0.00424006 -0.00616636 0.00672127 -0.00160532 -0.0214693 0.0167594 -0.024067 -0.0263426 -0.00417023 -0.0261605 -0.0274981 -0.00403664 -0.0285647 -0.0291986 -0.0297858 -0.0265256 -0.0279984 -0.0185225 -0.0292168
internal_weight=1436.1 170.973 1265.13 1213.29 1178.74 680.709 560.869 498.028 159.013 114.727 66.8422 383.3 119.841 34.1167 27.9502 32.7255 3.2259 51.8422 48.7122 6.9621 29.4996 92.171 4.33871 87.8323 86.1961 41.7501 34.5496 33.0847 5.08245 32.1153
internal_count=14290 4031 10259 9071 8008 4100 3201 3908 3946 874 1071 3034 899 370 324 701 69 1188 1152 116 632 2875 95 2780 2737 1036 1063 1033 92 1018
is_linear=0
shrinkage=0.03


Tree=76
num_leaves=31
num_cat=0
split_feature=0 29 19 16 16 0 17 33 28 5 46 16 27 39 0 50 27 4 34 33 23 4 27 23 23 18 6 49 21 34
split_gain=46.9198 36.2224 32.4923 51.5741 32.7102 32.0881 29.9851 27.2186 27.1098 29.3691 26.9842 26.8046 26.7841 23.4519 22.2537 21.9378 19.7693 19.0208 18.7301 17.0715 16.7031 11.1304 16.7155 10.9027 10.2299 10.0132 7.74162 6.87949 6.33693 6.15136
threshold=4.0965287685394296 0.9640149474143983 0.074390973895788207 0.34472656250000006 0.43261718750000006 6.7514281272888192 0.97656250000000011 40.907741546630866 0.93371683359146129 0.09067369252443315 0.99644014239311229 0.42285156250000006 0.98098060488700878 0.93018338084220897 7.3833520412445077 0.34179255366325384 0.99318382143974315 0.93774113059043895 0.5316760540008546 70.234310150146499 0.47358071804046636 0.86562457680702221 0.97670245170593273 0.3411738276481629 0.51871967315673839 0.097656250000000014 13.226967871189119 0.18368119001388553 59.801080703735359 0.72988414764404308
decision_type=2 2 2 2 2 2 2 2 2 2 2 2 2 2 2 2 2 2 2 2 2 2 2 2 2 2 2 2 2 2
left_child=23 13 3 5 6 17 18 -7 9 -6 -8 15 -10 21 -13 -5 19 -3 -4 20 -15 22 -2 27 28 -25 -26 -1 -23 -27
right_child=1 2 4 11 8 7 10 -9 12 -11 -12 14 -14 16 -16 -17 -18 -19 -20 -21 -22 24 -24 25 26 29 -28 -29 -30 -31
leaf_value=0.026232674748616177 -0.014855479353945015 0.0044425806006405449 -0.041865991279726518 -0.0088896571674074703 0.0091695120223945631 -0.0068456393778885787 0.0038557282581222932 0.017625481417355076 0.044745583969002078 -0.028385258506060426 0.034639688353501473 -0.017047316335755357 -0.0079574778937360861 0.026506165248684422 0.027025969599855048 -0.034206998975048364 0.049148073555958072 -0.017382539619191232 0.022165510968571545 -0.025002792184636174 -0.0021348271560725882 0.017621623648072206 0.044208486008828922 0.024789832123337026 -0.025451221110747033 -0.025573374423557744 0.025190391966086644 -0.021578131773662516 -0.013905514828385358 0.03181361678337382
leaf_weight=6.5536299273371679 11.484978113323452 98.956070875748992 9.1578418891876918 193.8174729142338 37.236679628491402 48.479970533400774 34.696736227720976 240.83831158280373 19.553210463374853 35.841999670490623 102.75569048151374 14.664922401309012 14.422943640500305 19.593180157244205 29.500903068110347 36.131931331008673 5.9817653317004433 55.068342560902238 6.0196034461259833 24.841467816382647 164.93146122060716 8.6031020171940344 5.5864305421710005 3.0169076174497595 91.871708018705249 87.189255157485604 1.9775578826665867 3.2552616093307734 13.220985988155006 0.85712951794266601
leaf_count=62 164 1017 49 1257 215 304 165 1198 88 222 550 197 81 121 138 218 67 443 36 469 2205 69 63 48 1563 3023 12 70 117 18
internal_value=0.000139524 0.00164859 0.00461006 0.00130764 0.0136825 0.0076298 0.0225544 0.0135052 0.000914163 -0.00934355 0.0269746 -0.00889722 0.0226994 -0.00664543 0.0122719 -0.0130116 -0.000500847 -0.00340299 -0.0164844 -0.00216051 0.00101664 -0.0165129 0.00568333 -0.0194784 -0.019835 -0.0227087 -0.0240982 0.00955984 -0.00111846 -0.02463
internal_weight=1426.11 1325.24 977.143 717.458 259.685 443.343 152.63 289.318 107.055 73.0787 137.452 274.115 33.9762 348.093 44.1658 229.949 215.348 154.024 15.1774 209.366 184.525 132.745 17.0714 100.872 115.673 91.0633 93.8493 9.80889 21.8241 88.0464
internal_count=14249 11028 6178 4772 1406 2962 800 1502 606 437 715 1810 169 4850 335 1475 2862 1460 85 2795 2326 1988 227 3221 1761 3089 1575 132 186 3041
is_linear=0
shrinkage=0.03


Tree=77
num_leaves=21
num_cat=0
split_feature=0 23 29 6 11 31 29 23 18 49 34 6 6 6 44 22 4 35 39 42
split_gain=46.4477 36.9435 35.4599 25.8224 32.8011 23.296 11.9772 9.4196 9.51272 5.80078 5.61679 5.54548 5.29834 4.51733 2.37631 1.98506 1.80969 1.0262 0.864822 0.271813
threshold=4.0965287685394296 0.74352878332138073 0.90787160396575939 13.226967871189119 0.62500000000000011 0.029975064098834995 0.99394196271896373 0.3411738276481629 0.097656250000000014 0.18368119001388553 0.72988414764404308 13.226967871189119 0.20419593155384066 13.226967871189119 0.31643131375312811 0.23981428891420367 0.89789465069770824 0.86985591053962719 0.98670044541358959 0.94798430800437938
decision_type=2 2 2 2 2 2 2 2 2 2 2 2 2 2 2 2 2 2 2 2
left_child=7 2 11 4 5 -4 -6 9 -9 16 13 15 18 14 -10 -2 -1 -17 19 -3
right_child=1 12 3 -5 6 -7 -8 8 10 -11 -12 -13 -14 -15 -16 17 -18 -19 -20 -21
leaf_value=0.035590089279076663 0.0023324084603234619 -0.029932132020330227 -0.0031372936381677029 0.03799658397179706 -0.026369785583396067 0.006727288677576603 -0.0047102995283735006 0.022844645559548012 -0.027758092584606334 -0.021338939520748827 0.027656904745576909 0.020381530336170763 0.021778833034000404 0.020578971556707022 -0.0046367257371184838 -0.030150422756748712 0.0032816041210150305 0 -0.0059860169983073971 -0.0071508384020445544
leaf_weight=3.3712394237518293 1.5386042594909657 36.080853687599301 288.67766290716827 18.045467928051949 40.082912340760231 838.77121375314891 54.327420519664884 3.1492941509932271 79.163960201665759 3.1356376968324184 0.98666449077427287 1.4997437670826901 1.237313650548457 1.1103233247995365 5.0105555169284335 34.680645303800702 3.1223845183849335 0.89021508023142715 2.4436440281569949 1.5768203157931555
leaf_count=18 37 901 1981 118 976 5063 675 49 2960 69 21 11 17 6 55 1144 46 27 35 36
internal_value=1.50516e-05 0.00150995 0.0024233 0.00331555 0.00277025 0.00419831 -0.0141175 -0.0196907 -0.022715 0.00760643 -0.0246552 -0.0255152 -0.0260571 -0.0256087 -0.0264876 -0.0279349 0.0229663 -0.0293541 -0.0281001 -0.0292655
internal_weight=1418.9 1319.85 1278.51 1239.9 1221.86 1127.45 94.4103 99.0501 89.4208 9.62926 86.2715 38.6092 41.3386 85.2848 84.1745 37.1095 6.49362 35.5709 40.1013 37.6577
internal_count=14245 11021 10032 8813 8695 7044 1651 3224 3091 133 3042 1219 989 3021 3015 1208 64 1171 972 937
is_linear=0
shrinkage=0.03


Tree=78
num_leaves=29
num_cat=0
split_feature=6 11 29 28 47 28 0 25 18 20 29 4 14 36 35 16 16 10 50 21 45 21 33 21 21 6 34 25
split_gain=43.3084 56.8919 40.8163 32.7286 31.3913 28.2065 28.2017 28.1227 27.2545 18.8486 18.0976 16.7128 17.4621 13.625 12.4587 11.5187 11.4564 10.2847 14.1797 8.66434 5.2113 4.82242 4.18183 4.01772 3.72781 3.2325 0.942409 0.2181
threshold=13.226967871189119 0.62500000000000011 0.9840834140777589 0.93567231297492992 0.86295887827873241 0.81841140985488903 13.945287227630617 0.1782050356268883 0.73828125000000011 0.029559870250523094 0.99528527259826671 0.92602220177650463 10.119677543640138 0.26795986294746404 0.69507241249084484 0.35449218750000006 0.37988281250000006 0.62500000000000011 0.24519904702901843 43.614583969116218 0.0601144377142191 38.411836624145515 78.482376098632827 30.483092308044437 47.12507629394532 0.024075970984995369 0.72988414764404308 0.18784921616315844
decision_type=2 2 2 2 2 2 2 2 2 2 2 2 2 2 2 2 2 2 2 2 2 2 2 2 2 2 2 2
left_child=1 2 4 5 6 9 8 -7 -1 -4 23 12 -5 14 20 -13 19 18 -6 -15 -12 -8 -19 -3 -16 -25 -27 -18
right_child=-2 10 3 11 17 7 21 -9 -10 -11 13 15 -14 16 24 -17 27 22 -20 -21 -22 -23 -24 25 -26 26 -28 -29
leaf_value=0.0031637595469968154 0.039955927645680067 0.0038943658205026557 -0.0098388045079547005 -0.037461898555577272 0.013550809331500439 0.014403169840955962 0.0012178274606032098 -0.014322330604284448 -0.024579742022082081 0.010736972631912528 0.0096512755061413779 0.008234890150508491 0.028664541514963691 -0.0024312604608133642 0.036994274346928382 0.04187981004818328 -0.027382848634938915 -0.028670097510744376 -0.02464433356304618 0.03621342191517047 -0.02696715193017447 -0.028057024487100155 0.0056149470911331647 0.013188087802449809 -0.0039991571819371127 -0.030290757622823038 0 -0.0053774956298414467
leaf_weight=430.24070722237229 23.180688254535198 3.0630319863557807 43.918565221130848 6.0995668545365316 16.248356116935611 41.238888524472713 5.5311082527041426 111.0752403177321 33.402998261153698 374.59255834855139 3.2596014216542235 12.827834773808716 6.2716308832168579 8.3362680748105102 3.4013757668435565 40.030251067131758 4.3875811733305445 58.852124262601137 16.747236946597695 11.909870872274039 33.946349879726768 36.717109492048621 2.9144359603524199 0.97494759969413181 3.1154868099838495 73.815098758786917 0.96070146560668845 1.4645545445382593
leaf_count=3693 151 57 265 48 177 205 117 591 413 1961 81 58 27 79 19 204 71 1195 272 100 758 911 64 24 45 2564 26 40
internal_value=0.000151146 -0.000541076 0.00156942 0.0068623 -0.00403251 0.00453106 -0.00104273 -0.00648215 0.00110994 0.00855229 -0.0180145 0.0268414 -0.00407782 -0.00669143 -0.016813 0.0340749 0.0101494 -0.0197847 -0.00590193 0.0207949 -0.0235119 -0.0242155 -0.0269409 -0.0277985 0.0190727 -0.0291532 -0.0299116 -0.0239021
internal_weight=1408.52 1385.34 1236.71 636.055 600.654 570.825 505.892 152.314 463.644 418.511 148.635 65.2293 12.3712 69.8211 43.7228 52.8581 26.0983 94.7622 32.9956 20.2461 37.206 42.2482 61.7666 78.8138 6.51686 75.7507 74.7758 5.85214
internal_count=14216 14065 10201 3359 6842 3022 5134 796 4106 2226 3864 337 75 1193 903 262 290 1708 449 179 839 1028 1259 2671 64 2614 2590 111
is_linear=0
shrinkage=0.03


Tree=79
num_leaves=31
num_cat=0
split_feature=6 11 35 7 4 41 28 19 20 21 21 21 38 25 25 9 5 10 20 32 20 24 32 40 1 49 37 45 40 45
split_gain=41.2879 56.9485 35.3574 21.8534 31.9247 28.1443 19.5711 22.2516 17.1549 14.5204 12.0945 13.771 11.5649 16.232 16.9104 9.57637 9.0434 8.91255 9.09951 8.41171 9.40735 7.88221 7.19029 6.74081 2.77599 2.07673 2.81337 1.69587 1.39162 0.185961
threshold=13.226967871189119 0.62500000000000011 0.73716169595718395 3.7948671579360966 0.93270063400268566 0.64221757650375377 0.51521140336990368 0.075783990323543562 0.033755999058485038 28.628289222717289 45.490739822387702 43.614583969116218 0.46875000000000006 0.15833504498004916 0.13812464475631717 0.63125389814376842 0.1523438170552254 1.0000000180025095e-35 0.035535983741283424 0.040856873616576202 0.038206029683351524 0.29011818766593939 0.048256538808345802 0.50407955050468456 0.79840001463890087 0.76291969418525707 0.18623621761798861 0.04880786873400212 0.39568750560283666 0.12140660732984544
decision_type=2 2 2 2 2 2 2 2 2 2 2 2 2 2 2 2 2 2 2 2 2 2 2 2 2 2 2 2 2 2
left_child=1 2 3 6 9 -6 8 -8 -1 -5 11 16 19 14 -14 23 21 18 -12 24 -21 -3 -15 -13 -4 27 -27 -19 -18 -20
right_child=-2 10 12 4 5 -7 7 -9 -10 -11 17 15 13 22 -16 -17 28 25 29 20 -22 -23 -24 -25 -26 26 -28 -29 -30 -31
leaf_value=0.0024647150406138072 0.039688077774893464 0.029809309363499945 -0.027503732401759337 -0.027094350009345725 -0.015390261608695126 0.005617851262222166 -0.0091308621200000047 0.0052425924703909579 0.032979736192674629 0.017788937710565195 0.029550249251652217 -0.01170507849069885 -0.0040205408354992318 -0.023506935850998632 0.03839895096551469 -0.025417920388768746 -0.0034867504555580429 -0.010558061495703439 -0.0047404266343512198 0.014199578734375558 -0.023489871700313907 -0.020118688161404327 0.013808733957724032 0.042966794537581843 0.0059543912959335527 0.011541466500026038 -0.024418688044512513 -0.029726061610928247 -0.027921620887213061 -0.025827990062141232
leaf_weight=51.816216323524714 21.86765543371439 5.4407409708946926 55.253213901072741 5.7918201982974997 69.185121109709144 313.37746099382639 275.6142457369715 148.14104263484478 23.683467822149396 201.37426371686161 4.7161465603858215 2.0192334558814755 24.408126385882497 29.605387708172202 11.732605906203387 2.5144684147089711 2.9787409305572536 6.4240975733846417 1.3871993590146301 11.315738501027228 10.529258713126181 4.1181323062628508 4.6921444069594136 8.4087636061012727 1.8363409359008063 2.807126209139823 3.0629347302019596 78.696316776797175 21.001793872565031 4.0282252505421638
leaf_count=322 146 83 1154 32 581 1835 2088 1331 164 1273 59 40 324 491 124 52 60 232 40 200 187 87 59 97 19 36 46 2572 406 85
internal_value=-0.00029169 -0.000952814 0.00114983 0.00303248 0.00693882 0.00178057 -0.00158041 -0.00409846 0.0123822 0.0163956 -0.0185026 -0.00559332 -0.0124843 -0.00351455 0.0103327 0.019623 -0.0156973 -0.0242943 0.00195195 -0.020307 -0.0040684 0.00814707 -0.0180703 0.03202 -0.0262919 -0.0272388 -0.00760862 -0.0284537 -0.0252676 -0.0224748
internal_weight=1407.83 1385.96 1238.36 1088.98 589.729 382.563 499.255 423.755 75.4997 207.166 147.604 46.4819 149.373 70.4383 36.1407 12.9425 33.5394 101.122 10.1316 78.9346 21.845 9.55887 34.2975 10.428 57.0896 90.9905 5.87006 85.1204 23.9805 5.41542
internal_count=14225 14079 10184 7626 3721 2416 3905 3419 486 1305 3895 825 2558 998 448 189 636 3070 184 1560 387 170 550 137 1173 2886 82 2804 466 125
is_linear=0
shrinkage=0.03


Tree=80
num_leaves=26
num_cat=0
split_feature=6 11 23 29 22 48 25 29 29 28 5 2 33 45 16 40 15 29 30 1 22 40 49 37 39
split_gain=40.7228 56.3185 39.3216 32.2966 22.9381 23.9568 19.848 14.7349 13.8742 10.133 11.6823 8.9736 16.7022 8.91045 6.00176 4.89745 4.67941 3.97117 3.5631 3.10135 2.11651 1.10083 0.635342 0.78807 0.643248
threshold=13.226967871189119 0.62500000000000011 0.7061675786972047 0.90787160396575939 0.75322845578193676 0.23278760164976123 0.20305141061544421 0.99394196271896373 0.98674380779266369 0.68234103918075573 0.14143908768892291 0.35937500000000006 58.516757965087898 0.073284186422824873 0.28027343750000006 0.56049644947052013 0.86190477013587963 0.96908938884735119 0.18359375000000003 0.82775169610977184 0.23981428891420367 0.34430947899818426 0.086353402584791197 0.081196196377277388 0.70022943615913402
decision_type=2 2 2 2 2 2 2 2 2 2 2 2 2 2 2 2 2 2 2 2 2 2 2 2 2
left_child=1 2 3 20 5 -5 -6 19 11 10 15 12 -4 -12 -11 -9 -10 -13 -16 22 -1 -22 23 -3 -24
right_child=-2 7 8 4 6 -7 -8 9 16 14 13 17 -14 -15 18 -17 -18 -19 -20 -21 21 -23 24 -25 -26
leaf_value=0.0042952934484730594 0.039127801061385178 -0.020084228430203011 0.046709340255389718 -0.0091334913283630491 0.042884583551038143 0.0044703794777231614 -0.013349836945921324 0.0025493947494192237 -0.0019591796707743186 0.027561370096795094 0.028293842293305446 -0.028600656177468722 -0.027166150062046458 -0.013758519409741944 0.0091529754885998574 0.051163967874305598 0.045034491870382248 -0.010618804132875801 -0.025123281323943609 0.013403059798974389 0.0010560670426223735 -0.029928901921906639 -0.0020573896432695888 0.0033451587747657533 -0.030384721553831293
leaf_weight=1.4072419889271284 22.302839614450932 1.9088408406823867 3.9517850242555124 131.53524856828153 22.078820250928405 958.98226846940815 6.8546620756387702 3.2793831937015048 3.3893879149109116 1.4026688076555718 4.484268898144367 56.496582079678774 5.2053039111196995 25.262974748387933 2.336672516539692 4.2337090373039246 2.85366615280509 16.440365979447961 33.198836853727698 0.93497058376669784 0.80712364800274627 28.31027621589601 1.1123389322310675 1.5526574961841104 64.162996470928192
leaf_count=36 153 50 40 905 103 6282 38 35 46 16 56 1350 101 327 34 35 20 297 838 15 26 957 37 51 2392
internal_value=-0.000198133 -0.000862692 0.00120462 0.00269412 0.00353683 0.0028199 0.0294609 -0.0185625 -0.0179653 -0.0090149 0.00197381 -0.0213001 0.00587968 -0.0066077 -0.0199384 0.0330887 0.0223591 -0.0247865 -0.0225985 -0.0284166 -0.0272478 -0.0289639 -0.0292125 -0.0105083 -0.0299856
internal_weight=1404.49 1382.18 1238.31 1149.98 1119.45 1090.52 28.9335 143.87 88.3371 74.1985 37.2603 82.094 9.15709 29.7472 36.9382 7.51309 6.24305 72.9369 35.5355 69.6718 30.5246 29.1174 68.7368 3.4615 65.2753
internal_count=14240 14087 10201 8347 7328 7187 141 3886 1854 1341 453 1788 141 383 888 70 66 1647 872 2545 1019 983 2530 101 2429
is_linear=0
shrinkage=0.03


Tree=81
num_leaves=31
num_cat=0
split_feature=0 29 47 9 27 27 28 28 24 5 16 0 20 4 16 16 28 39 49 4 4 39 29 29 28 49 35 6 34 7
split_gain=43.931 31.553 31.3483 31.8741 30.9163 29.811 23.9713 25.2013 25.564 22.6138 29.4231 21.8501 16.8058 15.9853 15.105 24.7646 12.4579 9.491 7.31882 8.36941 6.89685 7.08115 6.88132 9.06734 6.16571 6.14742 8.12265 5.25503 6.01214 5.90257
threshold=4.0965287685394296 0.98983052372932445 0.86295887827873241 0.55645686388015758 0.98384487628936779 0.95342469215393078 0.93567231297492992 0.81532606482505809 0.32296191155910497 0.1236931160092354 0.40136718750000006 8.7276644706726092 0.039075918495655067 0.88365340232849132 0.35449218750000006 0.30175781250000006 0.6579752266407014 0.95614483952522289 0.41047483682632452 0.90783256292343151 0.87356704473495495 0.95388060808181774 0.99483379721641552 0.99263238906860363 0.97651669383049022 0.071823433041572585 0.7112528681755067 13.226967871189119 0.72988414764404308 0.87548458576202404
decision_type=2 2 2 2 2 2 2 2 2 2 2 2 2 2 2 2 2 2 2 2 2 2 2 2 2 2 2 2 2 2
left_child=20 2 3 16 5 -5 7 9 11 12 -11 -9 -3 -6 15 -8 17 -2 25 -20 21 -1 23 -16 -18 26 -4 28 29 -22
right_child=1 6 18 4 13 -7 14 8 -10 10 -12 -13 -14 -15 22 -17 24 -19 19 -21 27 -23 -24 -25 -26 -27 -28 -29 -30 -31
leaf_value=-0.024015917306197933 -0.012216903089812041 0.009565040509890519 0.056439597180377665 -0.0030181835567502919 0.01693501875571235 0.013963040762215882 0.039969807487901549 -0.010828793828381967 -0.049884871776930351 0.0069949311762578783 -0.024517575817512616 0.019612493769757277 0.031994442446518861 -0.015574370106414562 0.036694303290449946 -0.030812726253242474 -0.020879755531745658 0.020065457364797284 0.02590698452334337 -0.014712144293031438 -0.0058235220442650875 0.02386928441653912 0.044934075010372311 -0.0067445946426861296 0.0060117304218226305 -0.020854969016670541 -0.014845624803891542 0.022390061761643085 0.03259169429771528 -0.027997281094631621
leaf_weight=3.7462807726114971 16.183553053066138 75.272470315918326 1.3125101998448361 149.43081721663475 15.079167377203701 243.15794519335032 6.9842502027750042 78.520085260272026 10.490317326039074 232.92247176542878 29.086135746911168 27.928009428083897 51.195463445037603 89.818988244980574 8.6333223003894073 9.0431563854217512 86.775261230766773 14.640242662280796 6.6646344717592028 10.263322982937096 13.949108377099035 5.6866127662360668 24.416313430294394 7.187785677611827 7.7947635184973469 100.21113455109298 2.9181238543242216 1.4995683059096325 0.8301720917224874 68.191994683817029
leaf_count=125 219 385 17 1247 126 1937 36 543 57 1352 193 122 260 849 49 59 1103 165 46 84 347 98 133 50 116 1785 90 9 16 2650
internal_value=0.000106859 0.00154002 -0.0025072 0.000214875 0.00363101 0.00750062 0.00690302 0.0048008 -0.00735086 0.00847585 0.00340534 -0.00270602 0.018848 -0.010757 0.0253209 0.000391834 -0.0132361 0.00317055 -0.0163892 0.00166555 -0.0195989 0.004085 0.0349276 0.0175532 -0.0185922 -0.019332 0.0132585 -0.0222957 -0.023396 -0.0243832
internal_weight=1399.83 1305.93 744.25 622.881 497.487 392.589 561.68 505.415 116.938 388.477 262.009 106.448 126.468 104.898 56.2648 16.0274 125.394 30.8238 121.37 16.928 93.9037 9.43289 40.2374 15.8211 94.57 104.442 4.23063 84.4708 82.9713 82.1411
internal_count=14268 11023 7784 5762 4159 3184 3239 2912 722 2190 1545 665 645 975 327 95 1603 384 2022 130 3245 223 232 99 1219 1892 107 3022 3013 2997
is_linear=0
shrinkage=0.03


Tree=82
num_leaves=24
num_cat=0
split_feature=0 23 6 11 0 6 28 18 23 21 49 45 43 25 18 6 47 22 40 42 15 13 10
split_gain=41.9201 33.8908 26.2612 29.3855 25.9426 21.886 13.8166 11.2226 9.87392 7.97544 6.4512 5.46449 7.15946 5.02362 4.63869 4.58894 3.65151 2.2681 1.38746 1.27735 0.999694 0.614327 0.0317742
threshold=4.1286721229553232 0.74352878332138073 13.226967871189119 0.62500000000000011 13.743603229522707 0.18542132526636126 0.68234103918075573 0.19921875000000003 0.3411738276481629 38.411836624145515 0.18368119001388553 0.32405139505863195 0.25029699504375463 0.1614007651805878 0.097656250000000014 13.226967871189119 0.50339174270629894 0.31042112410068518 0.51010772585868847 0.93369963765144359 0.44505494832992559 72.343040466308608 0.87500000000000011
decision_type=2 2 2 2 2 2 2 2 2 2 2 2 2 2 2 2 2 2 2 2 2 2 2
left_child=8 2 3 4 5 -2 7 -5 10 -6 20 14 -13 -8 -10 16 -16 -3 -14 21 -1 22 -19
right_child=1 17 -4 6 9 -7 13 -9 11 -11 -12 12 18 -15 15 -17 -18 19 -20 -21 -22 -23 -24
leaf_value=0.0080836815532498441 0.0046674173127845102 0.00050795469610225344 0.036636849201900662 -0.021447295490071669 0.018308452116824653 -0.026743505036899953 0.0011343372877939178 0.0093111477100109967 0.014074831558263459 -0.022080842741642973 -0.021695803642939885 0.042978559983096944 0.0057368766863987782 -0.028593270498041314 0.0068486272188980355 0.020067154026436811 -0.027904479972958352 -0.030567216648901902 -0.023959637623250672 -0.0018706769493297714 0.035679063830752769 -0.0035447547155009001 -0.011240292684134944
leaf_weight=3.1827337779104692 1090.7905940711498 2.5183301754295817 18.858381077647209 15.86072834022343 4.0481187757104626 19.327662147581577 5.4868119955062857 28.042078033089638 2.0343701578676692 43.605146454647183 3.1165940761566162 1.7489342857152212 1.3750993274152277 42.990652380511165 2.3157922010868779 1.1757470816373814 72.831864608451724 30.731960019096732 3.5387332122772932 2.0437880884855977 3.1944753155112267 1.3886744659394015 2.1259728334844104
leaf_count=34 6849 53 137 220 49 262 97 389 31 957 68 31 41 1077 27 7 2917 803 125 46 27 30 54
internal_value=0.000140472 0.0015427 0.00239808 0.00185032 0.00315568 0.00409426 -0.0143358 -0.00196429 -0.0190441 -0.0182823 0.00897235 -0.0222753 0.00300472 -0.0252131 -0.0244735 -0.0257085 -0.0267182 -0.0257097 -0.0155772 -0.0275743 0.0252761 -0.0289265 -0.0297742
internal_weight=1402.33 1307.82 1269.01 1250.15 1157.77 1110.12 92.3803 43.9028 94.5143 47.6533 9.4938 85.0205 6.66277 48.4775 78.3578 76.3234 75.1477 38.8087 4.91383 36.2904 6.37721 34.2466 32.8579
internal_count=14331 11023 10037 9900 8117 7111 1783 609 3308 1006 129 3179 197 1174 2982 2951 2944 986 166 933 61 887 857
is_linear=0
shrinkage=0.03


Tree=83
num_leaves=27
num_cat=0
split_feature=0 29 23 24 23 29 16 5 32 19 29 32 36 34 6 24 44 15 1 39 6 36 16 43 35 42
split_gain=36.8549 30.976 29.5559 24.3976 26.9611 34.0706 26.8081 28.9571 28.4484 22.9037 9.94234 8.32643 7.25038 7.00427 4.79478 4.77807 4.66842 4.21184 3.91824 3.37881 2.82725 2.0105 1.06058 1.01061 0.870505 0.302145
threshold=4.2017807960510263 0.90787160396575939 0.74352878332138073 0.28153879940509802 0.46461577713489538 0.9992521107196809 0.32714843750000006 0.077623773366212859 0.036696318536996848 0.096167933195829405 0.99543845653533947 0.057384574785828597 0.28195959329605108 0.72988414764404308 13.226967871189119 0.25055046379566198 0.31643131375312811 0.96666666865348827 0.69751486182212841 0.98670044541358959 0.19563273340463641 0.32200439274311071 0.16699218750000003 0.97111618518829357 0.86985591053962719 0.94798430800437938
decision_type=2 2 2 2 2 2 2 2 2 2 2 2 2 2 2 2 2 2 2 2 2 2 2 2 2 2
left_child=10 14 3 6 9 -6 8 -8 -3 -5 13 12 16 17 23 -14 18 21 -12 20 25 22 -1 24 -2 -4
right_child=1 2 19 4 5 -7 7 -9 -10 -11 11 -13 15 -15 -16 -17 -18 -19 -20 -21 -22 -23 -24 -25 -26 -27
leaf_value=0.0016482193263379959 -0.030035209136832535 -0.007400822453621626 -0.02950636977153397 0.011858409496647208 0.0046930301253661722 -0.043464768233329433 -0.023466889782830014 -0.0023068105675529498 0.014246801972528939 0.040564424185364545 -0.029448518828062237 0.030927494281721622 0.03547594179123368 0.036808283805774542 0.018647500065023956 -0.0096568983616118608 0.018586466798559149 0.012300972565238997 -0.0040025861624677734 0.0048397603433930989 0.0088619201341914606 0.0027608984253425168 -0.029915002811020233 0.00035105367870719167 0 -0.0062979116049880638
leaf_weight=0.68872985430061717 32.449282385408878 82.917460175231099 30.862699067220092 129.56801818311214 399.59311307407916 12.66889403015375 69.136752715334296 346.59727892838418 155.66487849317491 30.713085258379579 16.647141935303814 3.9074246790260068 3.5527592357248059 0.71447455510496993 1.3240111246705044 3.157180430367589 2.097213599830865 1.7347544077783812 8.8137183580547553 2.8167704772204152 1.3398865852504958 1.4567725043743838 54.306741254404187 0.84334815293550391 1.0265463329851616 1.4851687848567952
leaf_count=21 1146 745 847 678 2814 83 525 2560 1159 159 527 47 28 14 11 46 19 52 210 39 27 21 2418 29 32 34
internal_value=-0.000255437 0.00108044 0.00186989 0.00267198 0.00718975 0.00310428 -0.00128154 -0.00588081 0.00671133 0.0175951 -0.0179904 -0.00574988 -0.0107754 -0.0256452 -0.026107 0.0153526 -0.0175571 -0.0270717 -0.0212375 -0.0243596 -0.0269567 -0.0285269 -0.0294438 -0.0283976 -0.0291981 -0.0287516
internal_weight=1396.08 1299.01 1263.36 1226.86 572.543 412.262 654.316 415.734 238.582 160.281 97.0769 38.1754 34.268 58.9015 35.6432 6.70994 27.5581 58.187 25.4609 36.5045 33.6878 56.4522 54.9955 34.3192 33.4758 32.3479
internal_count=14291 10888 9670 8723 3734 2897 4989 3085 1904 837 3403 877 830 2526 1218 74 756 2512 737 947 908 2460 2439 1207 1178 881
is_linear=0
shrinkage=0.03


Tree=84
num_leaves=26
num_cat=0
split_feature=0 23 29 24 16 29 32 19 16 27 23 18 13 34 49 6 6 48 2 29 15 22 28 35 4
split_gain=38.7535 30.5377 30.3271 22.9851 27.4475 36.1187 29.2861 22.9012 39.4302 24.5459 9.74593 9.46447 6.78364 6.48227 6.07878 4.17022 4.103 3.01208 2.99602 2.64544 4.37417 2.04093 1.20468 1.03786 0.74436
threshold=4.0965287685394296 0.73051738739013683 0.90787160396575939 0.2660288810729981 0.32714843750000006 0.9805164933204652 0.036696318536996848 0.079206895083189024 0.41308593750000006 0.97642099857330333 0.3411738276481629 0.097656250000000014 92.116901397705092 0.73882207274436962 0.18368119001388553 13.226967871189119 13.226967871189119 0.49095010757446295 0.35937500000000006 0.97184380888938915 0.93095237016677868 0.23981428891420367 0.76469722390174877 0.86985591053962719 0.89676272869110119
decision_type=2 2 2 2 2 2 2 2 2 2 2 2 2 2 2 2 2 2 2 2 2 2 2 2 2
left_child=10 2 16 4 6 -6 -4 9 -9 -5 14 -12 18 15 24 17 21 -13 -3 22 -21 -2 -20 -23 -1
right_child=1 12 3 7 5 -7 -8 8 -10 -11 11 13 -14 -15 -16 -17 -18 -19 19 20 -22 23 -24 -25 -26
leaf_value=0.034024863668766732 0.0034383565236393134 0.0050064013062040861 -0.0087290817310219006 0.0078801861214775493 -0.022917694008806899 -0.00058842197373003215 0.016008637443286584 0.032582467207682569 0.0050249247871678492 -0.0058760713783627466 0.023426372014385476 -0.027518085438567534 0.031620611704063023 0.034616588768992713 -0.021373098023048639 0.018875872356896289 0.017609463255358695 0.0097925783668334019 -0.030772585846318024 -0.019227922550788222 0.021958430836179831 -0.029906606722520417 -0.010570392580241691 6.2845274147614819e-05 0.0086681713203762296
leaf_weight=3.1739760935306531 1.4609015565365542 2.7697697989642611 65.860283831134439 340.20733920671046 92.350795153528452 217.3258866854012 120.1656488198787 72.879611365497112 129.29167259112 176.34538599476218 3.0525972042232743 72.721068579703569 1.2519743666052807 0.76808680780231853 2.9982166308909655 1.1098466515541066 1.1899432912468899 1.4137739352881897 32.022096624597907 8.8428998161107284 2.0730113033205262 30.295866785570983 4.900769278407096 0.8651012945920219 3.1447372287511826
leaf_count=18 36 35 595 2289 939 1413 864 485 875 1180 46 3010 9 13 67 7 10 23 869 156 23 1115 143 28 45
internal_value=6.92064e-05 0.001384 0.0023302 0.00312136 -0.00184171 -0.00730938 0.00723465 0.00654636 0.0150852 0.00317588 -0.0190369 -0.0224449 -0.0209466 -0.0246062 0.00896507 -0.0256962 -0.0252733 -0.0266458 -0.0228926 -0.0246388 -0.00996819 -0.027404 -0.0285197 -0.0290052 0.0247238
internal_weight=1388.48 1300.1 1248.24 1214.43 495.703 309.677 186.026 718.724 202.171 516.553 88.3823 79.0654 51.8605 76.0128 9.31693 75.2447 33.8118 74.1348 50.6085 47.8388 10.9159 32.6219 36.9229 31.161 6.31871
internal_count=14293 11064 9829 8640 3811 2352 1459 4829 1360 3469 3229 3099 1235 3053 130 3040 1189 3033 1226 1191 179 1179 1012 1143 63
is_linear=0
shrinkage=0.03


Tree=85
num_leaves=26
num_cat=0
split_feature=6 11 0 31 6 24 27 29 1 10 16 5 16 6 5 29 0 21 33 21 21 18 6 33 39
split_gain=35.5604 45.0909 30.819 26.4927 30.7723 25.9245 23.745 16.6093 15.0455 14.6471 14.2786 10.1416 11.7763 8.81379 8.47444 6.48426 5.4485 4.35086 3.46422 2.50602 4.64234 2.84547 0.961505 0.924939 0.653566
threshold=13.226967871189119 0.62500000000000011 13.945287227630617 0.032307470217347152 0.13851840794086459 0.31636561453342443 0.98738473653793346 0.99394196271896373 0.83616966009140026 0.62500000000000011 0.37792968750000006 0.1523438170552254 0.37011718750000006 0.068689897656440749 0.39066232740879064 0.98121124505996715 6.9537737369537362 30.483092308044437 46.30217361450196 38.411836624145515 36.045019149780281 0.72265625000000011 0.11647003889083864 34.42016792297364 0.70022943615913402
decision_type=2 2 2 2 2 2 2 2 2 2 2 2 2 2 2 2 2 2 2 2 2 2 2 2 2
left_child=1 2 3 8 6 -6 -5 17 9 -1 11 13 -13 -9 -10 19 22 18 -3 20 -4 -21 -12 -19 -25
right_child=-2 7 15 4 5 -7 -8 10 14 -11 16 12 -14 -15 -16 -17 -18 23 -20 21 -22 -23 -24 24 -26
leaf_value=-0.013576792761340495 0.038348958974137017 -0.018721709920616801 -0.024574994834839794 0.009691501921007057 -0.012080902371763024 0.02631076925542488 -0.0095469427945090498 0 0.043586633381493343 -0.0013014281172764458 -0.03015883585719099 -0.011732066838894719 0.04020078776737164 0.049496707514929898 -0.0011137444819657239 0.027079919052956883 0.013305120123014229 0 0.031496703762505247 -0.031419263167075079 0.020997515609291861 -0.00084651938429434993 0 -0.0021688690451093988 -0.030782264175161517
leaf_weight=137.70813521556556 19.923511072993279 1.6591512206941836 3.9679063912481061 572.8072475399822 129.37466760538518 17.02699239552021 63.245555339381099 6.3076798431575281 7.8548877872526628 239.25587236508727 22.668355118483312 31.491245176643133 3.4691304434090844 5.6554259229451418 6.3993912190198898 1.3497384786605824 2.401505220681428 0.98819870874285598 1.3023813869804142 33.062513904646039 2.3835138659924269 3.2610506787896147 0.91619234345853229 1.1154726017266501 59.874410832300782
leaf_count=1321 146 41 118 3805 1511 146 408 89 38 1844 694 438 66 53 31 6 16 29 19 876 34 72 23 40 2426
internal_value=-0.000459407 -0.00105986 0.00078408 0.00171945 0.00490643 -0.00744727 0.00776185 -0.0172584 -0.00464327 -0.00581772 -0.00721883 0.00266936 -0.00552071 0.0254146 0.0245645 -0.0235701 -0.0246226 -0.0282041 0.0049813 -0.0258241 -0.00653491 -0.0288511 -0.0289907 -0.0298914 -0.0303508
internal_weight=1375.47 1355.55 1217.7 1173.67 782.454 146.402 636.053 137.849 391.218 376.964 72.9095 46.9235 34.9604 11.9631 14.2543 44.0247 25.9861 64.9396 2.96153 42.675 6.35142 36.3236 23.5845 61.9781 60.9899
internal_count=14290 14144 10210 9104 5870 1657 4213 3934 3234 3165 1379 646 504 142 69 1106 733 2555 60 1100 152 948 717 2495 2466
is_linear=0
shrinkage=0.03


Tree=86
num_leaves=23
num_cat=0
split_feature=12 11 23 25 23 19 20 25 4 5 16 23 34 16 33 5 39 19 45 12 30 2
split_gain=34.3063 48.2028 30.5965 23.3224 27.8362 29.1759 25.3843 22.7142 21.9278 19.8726 13.0755 12.0517 9.20463 7.29924 7.21435 5.83718 3.6203 1.91391 1.59777 0.790148 0.631503 0.277175
threshold=1.8366305232048037 0.62500000000000011 0.74352878332138073 0.14662452042102816 0.519779533147812 0.074390973895788207 0.029559870250523094 0.18448498845100406 0.87021389603614818 0.15394009649753573 0.37988281250000006 0.41163155436515814 0.4744658917188645 0.35058593750000006 57.01111030578614 0.30391906201839453 0.98670044541358959 0.02941243909299374 0.066886480897665038 1.202162027359009 0.17578125000000003 0.35937500000000006
decision_type=2 2 2 2 2 2 2 2 2 2 2 2 2 2 2 2 2 2 2 2 2 2
left_child=1 2 3 6 5 -5 8 -6 -1 -8 11 12 -3 -14 15 -13 19 -12 -16 -4 -19 -21
right_child=-2 10 16 4 7 -7 9 -9 -10 -11 17 14 13 -15 18 -17 -18 20 -20 21 -22 -23
leaf_value=0.01797562048810426 0.038137287628818788 -0.024107097318601483 0 -0.0019405003272836749 0.0033297836852486315 0.01286398495505154 0.0017760889816251062 -0.011083299387175914 -0.025677141083128761 0.01970992868598917 -0.002174353626034136 0.0012803384610611563 0.0059059674817287496 0.056374403703633828 -0.00098830525873469044 -0.019542115202098566 0.0052002210477154259 -0.0032837515399989662 -0.031030109167808004 -0.0059696589020393764 -0.030614758852283444 -0.029386325865082573
leaf_weight=14.706867374479769 19.949255287647247 3.0861311908811322 1.0050330944359291 265.02648597024381 154.25794751383364 216.88023047707975 86.619270320981741 267.7066842969507 29.651551891118288 157.3963366523385 2.7256284086033693 27.426015975885093 6.2791570965200645 3.9404421765357256 2.021554725244644 20.207890837453306 2.7698507346212855 1.2826988641172636 19.986316294409335 1.3806763980537642 50.003269100561738 31.540187360718846
leaf_count=101 147 68 28 1390 1398 1336 609 3050 213 1052 59 556 75 30 63 469 41 33 549 18 2039 979
internal_value=3.56525e-05 -0.000546128 0.00133811 0.00218002 -0.000189638 0.00472883 0.00959276 -0.00581179 -0.0110609 0.0133894 -0.0173624 -0.0096399 0.0155882 0.028923 -0.0146549 -0.00771174 -0.0252683 -0.0287766 -0.0285639 -0.0279194 -0.0300644 -0.0286976
internal_weight=1385.85 1365.9 1228.94 1192.25 903.871 481.907 288.374 421.965 44.3584 244.016 136.959 82.9475 13.3057 10.2196 69.6418 47.6339 36.6957 54.0116 22.0079 33.9259 51.286 32.9209
internal_count=14303 14156 10215 9149 7174 2726 1975 4448 314 1661 3941 1810 173 105 1637 1025 1066 2131 612 1025 2072 997
is_linear=0
shrinkage=0.03


Tree=87
num_leaves=28
num_cat=0
split_feature=6 11 29 24 38 4 16 35 5 25 19 20 20 7 29 32 1 16 36 21 39 1 1 42 49 39 37
split_gain=33.4234 41.6933 29.7193 28.3556 25.5944 24.5392 22.0306 30.4455 20.6418 23.0516 26.8186 20.9555 18.3713 18.0851 17.6836 14.2301 12.8679 11.353 9.67019 8.94928 7.42974 5.98155 3.33955 1.94567 1.0057 0.838272 0.729564
threshold=13.226967871189119 0.62500000000000011 0.9840834140777589 0.25885066390037542 0.46875000000000006 0.91865441203117382 0.26855468750000006 0.65937361121177684 0.08141354471445085 0.16319140046834948 0.099127732217311873 0.034077188000082977 0.053679173812270171 3.6631410121917729 0.99394196271896373 0.065846536308527007 0.81797087192535411 0.37988281250000006 0.26795986294746404 43.614583969116218 0.96570405364036571 0.80168634653091442 0.82775169610977184 0.31835016608238226 0.086353402584791197 0.70022943615913402 0.081196196377277388
decision_type=2 2 2 2 2 2 2 2 2 2 2 2 2 2 2 2 2 2 2 2 2 2 2 2 2 2 2
left_child=1 2 3 6 16 -6 7 -1 9 11 -11 -4 13 -10 22 -8 -5 18 20 -20 -16 23 24 -19 26 -26 -3
right_child=-2 14 8 4 5 -7 15 -9 12 10 -12 -13 -14 -15 17 -17 -18 21 19 -21 -22 -23 -24 -25 25 -27 -28
leaf_value=0.051598878027044763 0.037830826986112655 -0.017867768124354574 -0.0082611501678438361 -0.016614375990151226 0.015599310019138042 -0.0016617796868675318 -0.021366107066270321 -0.009195259615307122 -0.0034124415943825306 0.014494567546028167 -0.031511510747272813 0.042959590269187053 0.04296565750465204 0.0080116510612929549 -0.019086619367610205 0.039805502075548005 0.035375215863546021 0.00068334237333961159 -0.0061294777330940841 0.03247541609000059 0.013692453276421126 0.019889833542470703 0.015790696135974232 -0.03012788472767049 0 -0.030714244296553207 0.0053626278867901301
leaf_weight=8.8217932935804111 19.35048720985651 1.501924637705087 8.4192464184015972 84.053076976910233 109.63843418098986 223.3625047262758 131.47103169560432 29.233448455110192 266.01405332237482 61.250804634764791 12.961728055030106 36.498481534421444 9.0246741883456689 232.80851304531097 19.906523311510686 2.5904461555182925 3.5582305230200282 1.7661497518420279 8.4748399797827023 12.247268347069619 7.9212251100689164 1.8788177631795395 0.83662542887031932 20.046635573729873 0.92687251139432092 56.882338784635067 1.4117081034928558
leaf_count=51 147 45 59 1456 1015 2191 1636 496 1650 292 85 166 39 1048 356 23 21 57 84 111 127 11 13 637 33 2403 48
internal_value=-0.000327148 -0.000902417 0.000844342 -0.00396561 0.000232884 0.00404203 -0.0141851 0.00578128 0.0053954 0.0165857 0.00610727 0.0333228 0.00273705 0.00191873 -0.016736 -0.0198759 -0.0140936 -0.00646748 0.00186183 0.0169935 -0.00950062 -0.0230419 -0.0284423 -0.027581 -0.0293463 -0.03026 -0.00735141
internal_weight=1372.86 1353.51 1219.71 592.729 420.612 333.001 172.117 38.0552 626.978 119.13 74.2125 44.9177 507.847 498.823 133.801 134.061 87.6113 72.2415 48.5499 20.7221 27.8277 23.6916 61.5595 21.8128 60.7228 57.8092 2.91363
internal_count=14300 14153 10228 6889 4683 3206 2206 547 3339 602 377 225 2737 2698 3925 1659 1477 1383 678 195 483 705 2542 694 2529 2436 93
is_linear=0
shrinkage=0.03


Tree=88
num_leaves=22
num_cat=0
split_feature=6 11 29 23 39 18 5 29 16 21 18 30 29 21 38 13 33 18 35 39 3
split_gain=32.995 41.1023 29.533 29.0455 19.7642 26.765 15.5294 15.2637 11.4541 10.5871 8.63024 5.5323 4.71873 4.05354 2.48204 2.41001 0.819638 0.818963 0.864847 0.687273 0.480059
threshold=13.226967871189119 0.62500000000000011 0.90787160396575939 0.74352878332138073 0.85157442092895519 0.73046875000000011 0.1443305239081383 0.99394196271896373 0.37597656250000006 38.848484039306648 0.37109375000000006 0.22265625000000003 0.98674380779266369 30.483092308044437 0.65625000000000011 31.465666770935062 34.42016792297364 0.16796875000000003 0.86985591053962719 0.70022943615913402 0.64220941066741954
decision_type=2 2 2 2 2 2 2 2 2 2 2 2 2 2 2 2 2 2 2 2 2
left_child=1 2 17 4 6 -6 -4 13 9 -9 -11 15 14 -3 -5 -10 -15 -1 -19 -18 -13
right_child=-2 7 3 12 5 -7 -8 8 11 10 -12 20 -14 16 -16 -17 19 18 -20 -21 -22
leaf_value=0 0.037555269930381385 0.0043778674159740969 0.0015677466307452725 -0.029322390102137927 0.0053014626289716541 -0.01754946949452205 -0.017924050636685101 -0.026596337710967397 -0.011078576297828616 0.0010219427497842807 0.034703732952183583 -0.030069052672098955 0.020653925311964163 0 0.00092141306932890367 0.027518458053671046 -0.0010698927409480048 -0.029796502814886165 0 -0.030096520562431256 -0.0022639769094856643
leaf_weight=0.87070214375853794 19.741867538541555 3.0127774924039832 77.870297603309155 30.89945053961128 963.37388157099485 47.433593440800905 68.051831400021911 8.4288822207599861 2.1439022086560757 30.365294171497226 7.9417085945606223 19.551780814304951 1.1923833638429631 1.0364642608910788 2.3725162651389828 1.7330251038074491 1.0375444553792466 27.63100040238351 1.0164639875292767 55.465767814777792 0.99154907278716464
leaf_count=22 152 58 533 978 6453 509 561 133 54 403 107 642 17 30 40 12 37 1056 33 2449 24
internal_value=2.33132e-06 -0.000570972 0.0011496 0.001897 0.00271701 0.0042099 -0.0075621 -0.0164288 -0.00679793 0.00191869 0.00878633 -0.0230172 -0.0248413 -0.0274031 -0.0271143 0.00766439 -0.0291647 -0.027987 -0.0288295 -0.0296436 -0.0290336
internal_weight=1372.16 1352.42 1220.71 1191.19 1156.73 1010.81 145.922 131.709 71.1561 46.7359 38.307 24.4203 34.4644 60.5526 33.272 3.87693 57.5398 29.5182 28.6475 56.5033 20.5433
internal_count=14303 14151 10202 9091 8056 6962 1094 3949 1375 643 510 732 1035 2574 1018 66 2516 1111 1089 2486 666
is_linear=0
shrinkage=0.03


Tree=89
num_leaves=31
num_cat=0
split_feature=0 0 44 47 20 20 25 0 5 0 20 14 32 27 27 32 6 23 36 6 34 19 15 5 35 23 19 19 23 28
split_gain=30.5979 30.9793 32.7028 41.091 20.6562 20.6132 19.7772 17.4295 19.4879 15.4674 16.4579 15.0431 14.945 14.4339 31.1411 21.7387 13.2977 12.5863 11.0077 10.9329 12.1003 10.1953 8.19086 7.98629 7.2323 6.19506 5.03117 4.27726 6.13868 3.98258
threshold=6.4215145111083993 13.743603229522707 0.11050061136484148 0.8577668070793153 0.045299829915165908 0.04510071128606797 0.17692825198173526 3.7643039226531987 0.03718963451683522 9.9429240226745623 0.042068898677825935 9.3926329612731951 0.038555186241865165 0.98760354518890392 0.98835703730583202 0.040009632706642158 13.226967871189119 0.54454049468040477 0.34424032270908361 0.033904178068041808 0.67964559793472301 0.06141954846680165 0.81666666269302379 0.32547068595886236 0.52507510781288158 0.478098675608635 0.063579622656106963 0.037043506279587753 0.68467089533805858 0.69173550605773937
decision_type=2 2 2 2 2 2 2 2 2 2 2 2 2 2 2 2 2 2 2 2 2 2 2 2 2 2 2 2 2 2
left_child=4 2 3 13 16 9 12 -6 -9 10 -4 -8 -5 15 -15 -2 18 23 19 21 -21 -1 -19 -10 -11 -3 -7 28 29 -27
right_child=1 25 5 6 7 26 11 8 17 24 -12 -13 -14 14 -16 -17 -18 22 -20 20 -22 -23 -24 -25 -26 27 -28 -29 -30 -31
leaf_value=-0.0079552097980465763 0.0072128615725032446 0.016588406602451426 -0.0010010728771514107 -0.0065448899117881293 -0.027247287481085031 -0.0027276810447440761 -0.022014654947641321 -0.028625530870712904 0.043081325103106208 0.015273712627897479 0.026240787111825831 0.0086788724808810214 0.014913117869395759 -0.042078870507799508 0.010479713736786047 0.021128211025232213 0.032930510226550941 -0.021651497662978934 0.023188926495410812 -0.015818977007244366 0.011844811376827849 0.020991632123287189 0.039156672554610764 0 -0.019401383836422013 0.032572344796271663 -0.033345252525205919 -0.028098044038140937 -0.026199500462540697 -0.011699594018258567
leaf_weight=34.00753733702004 203.29201306775212 3.0458130631595841 171.34088056534529 58.673308789730072 8.2216330328956229 6.4469001963734653 63.618016969412565 5.8919378798454991 22.932433728128675 5.2260652836412183 21.559229273349047 17.727048963308334 56.1578438449651 12.407041318714617 40.658421188592911 204.80613778531551 5.335961051285266 6.3543848339468223 7.3012854382395735 252.30813319142908 14.250557979568837 14.922028267756103 1.7331729866564272 4.7031416967511168 49.283395525068045 3.2874997984617931 24.748646391555667 35.39652191195637 5.6000355463474989 2.3614402338862419
leaf_count=472 1281 37 987 414 389 41 591 47 136 43 108 116 383 70 230 1209 40 120 46 5010 202 229 17 68 614 26 209 941 178 50
internal_value=-0.000224805 0.00255617 0.00379228 0.00744159 -0.00747246 -0.00480297 -0.00403277 0.0103424 0.0183043 -0.00184383 0.00214774 -0.0152652 0.00396134 0.0123274 -0.00230433 0.0142383 -0.0102106 0.026695 -0.0110325 -0.0119047 -0.0142901 0.00105623 -0.00541526 0.0360578 -0.0158076 -0.0202825 -0.0273922 -0.0230507 -0.00592631 0.0146379
internal_weight=1363.6 985.636 935.945 657.34 377.962 278.605 196.176 49.8367 41.6151 247.41 192.9 81.3451 114.831 461.164 53.0655 408.098 328.126 35.7231 322.79 315.488 266.559 48.9296 8.08756 27.6356 54.5095 49.6913 31.1955 46.6455 11.249 5.64894
internal_count=14304 7528 6296 4294 6776 2002 1504 777 388 1752 1095 707 797 2790 300 2490 5999 341 5959 5913 5212 701 137 204 657 1232 250 1195 254 76
is_linear=0
shrinkage=0.03


Tree=90
num_leaves=31
num_cat=0
split_feature=0 29 40 47 36 18 39 21 21 32 24 16 29 16 45 20 6 19 45 25 42 26 5 6 47 24 24 1 22 37
split_gain=34.1804 25.5418 24.3718 33.5802 20.3556 20.2601 19.3958 19.2339 14.2418 13.5824 13.2377 14.9776 12.6191 12.4934 12.4207 11.4189 8.0948 7.352 5.98916 5.82494 5.61278 5.52938 4.02163 3.40856 2.55569 2.59317 2.51552 2.50824 2.41402 1.15078
threshold=4.1286721229553232 0.90787160396575939 0.65907746553421032 0.90127840638160717 0.26915608346462255 0.73046875000000011 0.83502897620201122 46.935184478759773 60.542736053466804 0.040443204343318946 0.26857411861419683 0.31347656250000006 0.99776142835617077 0.24609375000000003 0.33670675754547125 0.033409491181373603 0.060737792402505882 0.020207834430038932 0.21548955142498019 0.14118976891040805 0.38218770921230322 0.46875000000000006 0.051071811467409141 13.226967871189119 0.50339174270629894 0.31459873914718633 0.31413586437702185 0.7027328908443452 0.23981428891420367 0.076893329620361342
decision_type=2 2 2 2 2 2 2 2 2 2 2 2 2 2 2 2 2 2 2 2 2 2 2 2 2 2 2 2 2 2
left_child=17 23 7 5 16 6 -4 9 -7 14 13 -12 -11 -9 -3 -6 -5 21 24 20 -20 29 -21 28 -19 -26 -24 -27 -2 -1
right_child=1 2 3 4 15 8 -8 10 -10 12 11 -13 -14 -15 -16 -17 -18 18 19 22 -22 -23 26 -25 25 27 -28 -29 -30 -31
leaf_value=0.0077548972046051889 0.0076543214998937448 -0.0055311408299015177 -0.0071387028131366798 -0.0018755772288984915 -0.019620343838441745 0.0188292867582887 0.010081840070800551 0.021889138771113155 -0.021308106746374633 0.0045380529528927646 -0.022406850658910925 0.001174752598862649 0.031781050150648096 -0.025466722227055309 0.036336453868537844 0.018414407651466184 -0.026288256395952874 0.0060926550564321374 0.052846122614792754 0.013540933422666608 -0.0092211721102971461 0.03990994038525731 -0.022842535551872045 0.015896590758772068 -0.029707879449214162 -0.020677775764370163 0.016284630812102026 0.015007669591984855 -0.028805556573132697 -0.021057519281101982
leaf_weight=1.1488922685384744 1.1994545049965442 138.57949681580067 64.229711384512484 16.487318495288491 8.9069282207638008 9.346501646563409 609.59182836022228 4.6299060825258485 34.365154806524515 59.489989478141069 32.080453688278794 89.598339674063027 19.983578260987997 61.666581442579627 5.6771608274430028 24.227516625076532 51.615866702049971 1.6242225524038065 1.5946797560900479 3.0863119438290623 2.0159800350666046 2.3911673612892628 16.045430876314644 1.0378048717975605 47.698705484159291 3.0507542453706256 0.82768362201750179 2.142326645553112 29.185885630548 2.31242133397609
leaf_count=24 30 1355 448 172 87 63 3752 54 297 583 376 726 108 692 34 175 765 17 19 55 57 21 602 10 2241 112 17 50 1168 66
internal_value=-7.28832e-05 0.0011639 0.00185727 0.00485097 -0.0112366 0.00713744 0.00842776 -0.00408645 -0.0124296 0.00184656 -0.0111363 -0.00515002 0.0117354 -0.0218389 -0.003624 0.00782706 -0.0205342 -0.0184963 -0.0209431 -0.00769054 0.023057 0.0120036 -0.0142306 -0.0251145 -0.026377 -0.0275244 -0.0199516 -0.00542567 -0.0270727 -0.0112269
internal_weight=1345.84 1261.9 1230.48 818.771 101.238 717.533 673.822 411.706 43.7117 223.73 187.975 121.679 79.4736 66.2965 144.257 33.1344 68.1032 83.9386 78.0861 23.5701 3.61066 5.85248 19.9594 31.4231 54.516 52.8918 16.8731 5.19308 30.3853 3.46131
internal_count=14176 10895 9687 5759 1199 4560 4200 3928 360 2080 1848 1102 691 746 1389 262 937 3281 3170 750 76 111 674 1208 2420 2403 619 162 1198 90
is_linear=0
shrinkage=0.03


Tree=91
num_leaves=31
num_cat=0
split_feature=0 23 29 47 25 44 0 39 28 29 18 45 28 12 2 12 28 12 20 43 14 22 12 32 34 41 35 28 50 29
split_gain=34.1506 27.4879 26.3632 21.0987 29.2869 23.4951 30.4349 18.63 14.5396 11.8473 7.61792 8.33061 8.32778 5.90305 5.00452 3.33595 3.83325 3.00811 2.40437 2.36831 2.28617 2.19393 2.17769 1.60647 1.47962 1.2418 1.06195 0.876079 0.74497 0.29154
threshold=4.0965287685394296 0.73546344041824352 0.90787160396575939 0.8577668070793153 0.17560650408267978 0.082650274038314833 6.4215145111083993 0.83754718303680431 0.71040570735931408 0.97900760173797619 0.097656250000000014 0.21548955142498019 0.60518604516983043 1.4878277778625491 0.35937500000000006 1.1963451504707339 0.77052500844001781 1.8366305232048037 0.053679173812270171 0.34534761309623724 12.865197181701662 0.23981428891420367 1.4262099862098696 0.059080088511109359 0.55418926477432262 0.92966246604919445 0.86985591053962719 0.60180863738060009 0.50771954655647289 0.97655755281448375
decision_type=2 2 2 2 2 2 2 2 2 2 2 2 2 2 2 2 2 2 2 2 2 2 2 2 2 2 2 2 2 2
left_child=10 2 17 5 9 6 -4 -7 -6 -5 -1 22 19 14 -3 16 -14 21 29 -13 -17 -2 23 28 -25 -24 -23 -21 -12 -16
right_child=1 13 3 4 8 7 -8 -9 -10 -11 11 12 15 -15 18 20 -18 -19 -20 27 -22 26 25 24 -26 -27 -28 -29 -30 -31
leaf_value=0.022013489937630248 0.0055344992457427977 0.0094290667257714827 -0.0097589149826272387 -0.016882827608010312 0.018571764589432469 -0.015171832273312837 0.012584998503728653 0.0026024060730410145 -0.019456289444334113 0.0059066567219822645 -0.029738475608183882 0.045346859648256903 -0.019742079281267626 0.028534001255275832 -0.030415816976323978 -0.025461451763681569 0.026969837975548694 0.014887164919923888 0.0078330625093837956 -0.0069993873610429171 0.013671991008891481 -0.029690242364472312 0.019635790795122454 -0.016614963157863684 0.020123591307737419 -0.014031949551881983 0.00068474132567175898 0.01719364804329301 0 -0.015061474179673979
leaf_weight=3.0877376925200215 1.3235218077898085 3.0307340249419203 62.166770393960178 22.345407935790718 9.0587173327803594 61.044155621901155 420.63236769475043 366.02509243786335 101.71857193298638 168.06063702888787 48.972446916624904 1.8721752800047422 1.908855228684845 1.1259343847632397 31.238680800423026 12.509180680848655 2.4622134119272232 0.93141771852970023 1.1608762070536602 1.7563586225733161 0.76678471639752466 27.029478773474697 0.88903456926345725 1.3173671709373587 0.70963785052299488 1.0313970521092413 0.82956700399517913 1.6007292121648788 0.61005521006882091 5.2547514624893656
leaf_count=46 34 36 794 407 97 433 2447 2114 1209 1244 2278 22 56 7 956 525 61 9 26 55 11 1114 6 54 21 65 28 9 11 105
internal_value=0.000175556 0.00136595 0.00218169 0.00288219 -0.00398522 0.0051606 0.0096875 2.52875e-05 -0.0161814 0.00314226 -0.0187776 -0.0207279 -0.00511771 -0.0222648 -0.0243934 -0.0150619 0.00613444 -0.0250799 -0.0273668 0.0249897 -0.0221917 -0.0269059 -0.0271277 -0.0282812 -0.000363038 0.00191349 -0.0286894 0.00514637 -0.0293335 -0.0287456
internal_weight=1362.47 1282.98 1241.17 1211.05 301.183 909.868 482.799 427.069 110.777 190.406 79.494 76.4062 22.8763 41.811 40.685 17.647 4.37107 30.114 37.6543 5.22926 13.276 29.1826 53.5299 51.6095 2.02701 1.92043 27.859 3.35709 49.5825 36.4934
internal_count=14280 11060 9930 8745 2957 5788 3241 2547 1306 1651 3220 3174 739 1130 1123 653 117 1185 1087 86 536 1176 2435 2364 75 71 1142 64 2289 1061
is_linear=0
shrinkage=0.03


Tree=92
num_leaves=24
num_cat=0
split_feature=0 23 29 48 20 29 31 27 4 27 23 34 6 49 13 18 39 6 48 22 4 35 20
split_gain=31.3206 24.3214 24.8334 21.1577 24.4228 19.0715 18.3152 23.9837 20.2012 17.9925 7.51795 5.70758 4.94132 4.83978 3.81725 3.60042 3.55611 3.19475 2.9103 2.14455 1.62236 1.17156 0.0979402
threshold=4.0965287685394296 0.74352878332138073 0.90787160396575939 0.23278760164976123 0.042494991794228561 0.98240610957145702 0.03245349973440171 0.98098060488700878 0.87356704473495495 0.7129841446876527 0.3411738276481629 0.75003811717033397 13.226967871189119 0.18368119001388553 74.758872985839858 0.097656250000000014 0.98670044541358959 13.226967871189119 0.45056800544261938 0.23981428891420367 0.89710915088653576 0.86985591053962719 0.047094136476516731
decision_type=2 2 2 2 2 2 2 2 2 2 2 2 2 2 2 2 2 2 2 2 2 2 2
left_child=10 2 17 4 9 -6 8 -8 -5 -4 13 12 15 20 16 -12 22 19 -17 -2 -1 -21 -3
right_child=1 14 3 6 5 -7 7 -9 -10 -11 11 -13 -14 -15 -16 18 -18 -19 -20 21 -22 -23 -24
leaf_value=0.033045944185676995 0.0051674886200572638 -0.030030486221092171 0.0067666447374471238 0.014602373758379975 -0.025589137109609274 0.018308554336560354 0.010333407760323016 -0.0027366887984381656 -0.0043364122594176388 -0.021472608906011013 0.0081803494106489349 0.033324334270436039 0.023524179454978325 -0.021008406257662888 0.019163640993586587 -0.026382084096726256 0.0036293269705425088 0.015398060119731931 0.0039689369154276601 -0.029635735026485595 0.0020244412439271772 0.0024409424211288997 -0.0099348586753608831
leaf_weight=3.2222962379455549 1.3439579885453046 26.679494897834964 25.563751572743058 59.61414697021246 10.230172248557208 42.444902390241623 506.98980002570897 167.27399236243218 307.96359124779701 88.367809453979135 2.4694113936275235 0.79343924857675929 1.2226407155394543 2.7635645717382431 1.0051830150187004 63.048034264706075 2.9049765300005665 0.99508675187826057 2.5425064321607342 26.477551567368213 2.9282721746712923 0.73453398980200191 1.9557108618319023
leaf_count=19 33 890 208 409 124 266 3625 1166 2210 831 43 13 8 69 14 3006 41 10 48 1127 45 26 49
internal_value=5.61568e-05 0.00120378 0.00188753 0.00256307 -0.00732769 0.00940926 0.00415314 0.00708723 -0.00122548 -0.0151065 -0.0181499 -0.021431 -0.022566 0.00690084 -0.0239972 -0.023766 -0.0260116 -0.0248191 -0.0251186 -0.0267956 0.0210448 -0.0286077 -0.0291408
internal_weight=1349.53 1270.54 1238 1208.45 166.607 52.6751 1041.84 674.264 367.578 113.932 78.9902 70.076 69.2826 8.91413 32.5454 68.06 31.5402 29.5511 65.5905 28.556 6.15057 27.2121 28.6352
internal_count=14280 11029 10035 8839 1429 390 7410 4791 2619 1039 3251 3118 3105 133 994 3097 980 1196 3054 1186 64 1153 939
is_linear=0
shrinkage=0.03


Tree=93
num_leaves=27
num_cat=0
split_feature=6 11 29 28 24 28 26 38 16 33 4 27 4 14 29 2 19 16 5 21 33 37 1 21 3 33
split_gain=28.2068 36.6519 27.3371 26.7507 26.2191 26.1111 28.4663 25.3649 24.279 21.8871 21.8222 16.728 16.012 17.004 14.4106 13.6754 10.3971 9.23697 10.5632 9.91877 9.87063 7.72193 5.78162 4.10978 3.08976 1.11096
threshold=13.226967871189119 0.62500000000000011 0.9840834140777589 0.93567231297492992 0.26546458899974829 0.81841140985488903 0.71875000000000011 0.46875000000000006 0.26855468750000006 45.30217361450196 0.91865441203117382 0.97377124428749096 0.92602220177650463 10.119677543640138 0.99394196271896373 0.32812500000000006 0.023379465565085415 0.37988281250000006 0.1523438170552254 40.589557647705085 55.032348632812507 0.1742370277643204 0.80168634653091442 30.483092308044437 0.72021219134330761 34.42016792297364
decision_type=2 2 2 2 2 2 2 2 2 2 2 2 2 2 2 2 2 2 2 2 2 2 2 2 2 2
left_child=1 2 4 5 8 11 -7 21 9 -1 -9 -4 13 -5 23 -14 -10 18 20 -20 -16 -6 24 -3 -19 -25
right_child=-2 14 3 12 7 6 -8 10 16 -11 -12 -13 15 -15 17 -17 -18 22 19 -21 -22 -23 -24 25 -26 -27
leaf_value=-0.010567016499838501 0.036735582721041243 0.0045133213006426356 0.010479667241792048 -0.038390907414563462 -0.020664590598032554 0.0047790548535802885 -0.021168523595524086 0.016111718447928358 0.0099643284606575188 0.033459197980591215 -0.00085853896250136404 -0.0036676145381718617 0.044029703278104335 0.025154424793826267 0.044474552375144832 0.011497586855713407 -0.019863003349609488 -0.029939705982403732 -0.030920805380201699 0.0031478318461958849 -0.0092814265530527049 0 0.019977858751320212 0.0011097220757601218 0.013092347948020319 -0.029955268692055018
leaf_weight=22.987084491178393 17.441369865089655 2.9968359377235165 314.21500685252249 6.2442522682249528 53.27824137173593 80.071039136499166 70.766793387010694 100.59851577039808 10.590758631005881 16.660930875688791 206.2417603386566 97.865277968347073 29.66690825112164 6.9435224831104279 7.1260267309844476 20.692399863153696 147.63417186122388 18.898718327283866 10.064882799983023 24.310796117410064 4.341450110077858 23.17660828307271 1.8390609622001637 0.79591820575296779 0.97607663739472528 51.26633236464113
leaf_count=373 143 58 1745 49 1023 399 402 910 111 207 2005 481 156 31 63 103 1893 666 151 375 76 325 11 24 23 2458
internal_value=-0.000109837 -0.000622416 0.000967073 0.00531242 -0.00371289 0.00320258 -0.00743395 0.00086354 -0.0125526 0.00822792 0.00472973 0.00711181 0.0236163 -0.00530729 -0.0161826 0.031205 -0.0177976 -0.00667777 0.000989775 -0.00733444 0.0247705 -0.0144749 -0.0223287 -0.0274642 -0.0271567 -0.0294119
internal_weight=1347.69 1330.25 1207.63 626.465 581.168 562.918 150.838 383.295 197.873 39.648 306.84 412.08 63.5471 13.1878 122.616 50.3593 158.225 67.557 45.8432 34.3757 11.4675 76.4548 21.7139 55.0591 19.8748 52.0623
internal_count=14261 14118 10213 3366 6847 3027 801 4263 2584 580 2915 2226 339 80 3905 259 2004 1365 665 526 139 1348 700 2540 689 2482
is_linear=0
shrinkage=0.03


Tree=94
num_leaves=22
num_cat=0
split_feature=0 6 23 29 6 21 19 23 45 43 24 40 49 6 39 47 22 40 35 42 43
split_gain=30.7589 24.6966 24.2932 24.5999 20.916 19.7957 6.17587 4.92748 6.02817 6.57653 4.39916 4.29489 4.27315 4.15688 3.38639 2.25388 2.20941 1.8277 1.14078 0.422563 0.160346
threshold=4.0965287685394296 13.226967871189119 0.74352878332138073 0.90787160396575939 0.18542132526636126 45.593915939331062 0.020640727132558826 0.32198025286197668 0.32405139505863195 0.25029699504375463 0.23508792370557788 0.50759941339492809 0.15108738839626315 13.226967871189119 0.98670044541358959 0.50339174270629894 0.23981428891420367 0.51010772585868847 0.86985591053962719 0.94798430800437938 0.18988569825887683
decision_type=2 2 2 2 2 2 2 2 2 2 2 2 2 2 2 2 2 2 2 2 2
left_child=6 2 3 16 5 -5 10 12 13 -10 -1 -6 -8 15 19 -9 -2 -11 -18 -4 -12
right_child=1 -3 14 4 11 -7 7 8 9 17 20 -13 -14 -15 -16 -17 18 -19 -20 -21 -22
leaf_value=0.03076462366273712 0.0061221535312301727 0.036011495031232493 -0.02901200737220554 0.0088738287934493811 0.0046286459674285728 6.9794159221586277e-05 0.026692757158449935 0.0022682046594647834 0.049789064767666084 0.012765593462223078 -0.00017406456915516444 -0.033407313038809942 -0.016828965083914793 0.01826666974175167 0.0038992695660601279 -0.028347696433281177 -0.029528455477292426 -0.02300132007303211 0.002103990776175482 -0.0042388024635816859 -0.018728864504782221
leaf_weight=3.015657906420528 1.283827999606731 16.957272507250309 27.13679193332792 313.59748096764088 2.7174209319055107 855.94700264558196 2.8402555137872687 1.9140159711241711 1.1388721903786052 0.99815663322806347 0.91693539824336801 16.912547662854195 3.288266277872026 1.1269709095358837 2.8672561272978774 55.858161302283406 24.961097180843357 3.0937137342989445 0.75161118805408378 1.3099841605871905 1.7306637326255438
leaf_count=41 32 144 910 2167 34 6271 25 23 16 31 16 233 59 8 40 2809 1106 129 26 35 60
internal_value=-4.03127e-05 0.00107711 0.000571372 0.00125485 0.00191005 0.0024386 -0.0184615 -0.020898 -0.0233302 0.006073 0.00991472 -0.0280274 0.00383529 -0.0260494 -0.025098 -0.027261 -0.0265363 -0.0128937 -0.0284473 -0.0281558 -0.0149347
internal_weight=1340.36 1264.44 1247.49 1216.17 1189.17 1169.54 75.9217 70.2584 64.1299 5.23074 5.66326 19.63 6.12852 58.8991 31.314 57.7722 26.9965 4.09187 25.7127 28.4468 2.6476
internal_count=14215 10998 10854 9869 8705 8438 3217 3100 3016 176 117 267 84 2840 985 2832 1164 160 1132 945 76
is_linear=0
shrinkage=0.03


Tree=95
num_leaves=31
num_cat=0
split_feature=13 0 19 44 7 6 29 48 33 29 4 35 36 4 32 43 21 39 34 20 19 20 19 33 35 33 16 21 26 46
split_gain=29.0454 28.4049 25.9211 20.051 22.4734 20.1862 18.9831 17.668 17.5878 16.5096 16.3749 22.5633 13.4444 15.7439 12.7367 11.4289 10.5116 9.38894 9.06658 7.93146 13.6437 12.0436 6.747 6.72272 5.81968 5.36705 1.99011 2.78025 1.83673 1.695
threshold=32.168743133544929 12.988608360290529 0.12905264645814898 0.23166368901729587 4.2390954494476327 0.16239188611507419 0.96127760410308849 0.3891825675964356 62.085144042968757 0.99943783879280101 0.90544328093528759 0.45709052681922918 0.34424032270908361 0.84887146949768078 0.056600682437419898 0.31592220067977911 47.313421249389656 0.96312457323074352 0.67964559793472301 0.042329763993620879 0.044705623760819442 0.044194344431161887 0.043756388127803809 46.701852798461921 0.52507510781288158 48.348333358764656 0.47949218750000006 62.674823760986335 0.84375000000000011 0.99432355165481578
decision_type=2 2 2 2 2 2 2 2 2 2 2 2 2 2 2 2 2 2 2 2 2 2 2 2 2 2 2 2 2 2
left_child=6 2 3 4 5 -2 29 9 -6 14 25 -12 13 -5 18 -13 -16 24 -8 20 22 28 23 -3 -11 -9 -22 -28 -21 -1
right_child=1 19 -4 12 8 -7 7 10 -10 17 11 15 -14 -15 16 -17 -18 -19 -20 21 26 -23 -24 -25 -26 -27 27 -29 -30 -31
leaf_value=-0.0021076026457348762 0.0039104633752162256 -0.02397543511364562 -0.030567079838365437 0.018871331884870477 0.0075822498632881373 -0.016568992061636527 -0.013541152539698805 0.058866044295202931 0.022398884039122678 -0.016736766633996737 0.03759520646591076 0.016434918870115372 0.033833308479356797 -0.013852459261436854 0.047765538862497847 -0.021383755153900456 -0.010448893315045123 0.040546803953052525 0.016020766094618388 0.0088432935582240992 -0.032646142193723408 -0.020956614265735717 0.045470662176105202 0.0090138552880743069 0.019588375917461986 0.018064901651958919 0.018020425518551566 -0.023021709109541034 0.047661158499307264 -0.029323792407558485
leaf_weight=2.6106005795299998 358.82589652948081 9.2636991199106031 18.330030096694827 14.350550265982745 263.73849926702678 48.225295850075781 220.03051787428558 5.312878042459487 99.879594245925546 7.2956182695925254 10.184470929205416 8.9507035091519338 5.8559105880558482 96.488864839076996 5.0134249357506615 25.470936322584748 4.5305076278746128 7.6491007702425113 8.8458596346899849 2.5287875831127149 34.880350198596716 6.2106265015900135 1.5378465522080649 11.134875527583061 6.6030452959239483 8.4918829128146154 1.454478752799331 2.797977015376091 3.2040337594226003 34.829859686084092
leaf_count=23 2335 230 211 82 1439 701 4119 33 536 126 62 55 41 713 64 189 101 68 157 43 839 177 18 177 73 57 17 77 28 1442
internal_value=-0.000330173 0.00233672 0.00379587 0.00454268 0.00629982 0.00144215 -0.00766006 -0.00522571 0.0117106 -0.00857975 0.00954468 0.000394102 -0.00699108 -0.00945798 -0.0108714 -0.0112787 0.0214765 0.0160008 -0.0123208 -0.0155297 -0.0198626 0.00621665 -0.000666934 -0.00624783 0.000475847 0.0368857 -0.0302635 -0.00765455 0.0348406 -0.0276083
internal_weight=1334.53 978.707 905.695 887.365 770.669 407.051 355.819 318.379 363.618 259.968 58.4109 44.6061 116.695 110.839 238.42 34.4216 9.54393 21.5478 228.876 73.0127 61.0692 11.9434 21.9364 20.3986 13.8987 13.8048 39.1328 4.25246 5.73282 37.4405
internal_count=14233 7664 6058 5847 5011 3036 6569 5104 1975 4708 396 306 836 795 4441 244 165 267 4276 1606 1358 248 425 407 199 90 933 94 71 1465
is_linear=0
shrinkage=0.03


Tree=96
num_leaves=20
num_cat=0
split_feature=6 29 47 38 22 25 24 29 4 6 20 40 21 39 19 25 49 22 40
split_gain=26.2948 23.1394 24.0245 26.9242 23.7801 21.4601 19.7989 14.4548 12.7389 13.1336 12.2002 11.6922 9.50566 8.00727 7.33805 6.24441 4.61634 2.0151 0.932174
threshold=13.226967871189119 0.90787160396575939 0.8560052514076234 0.40625000000000006 0.75322845578193676 0.1751276031136513 0.26011507213115698 0.97900760173797619 0.93697112798690807 0.06018252111971379 0.029559870250523094 0.83832067251205455 44.423376083374031 0.96860018372535717 0.080988399684429183 0.12262799590826036 1.1177749633789065 0.23981428891420367 0.34430947899818426
decision_type=2 2 2 2 2 2 2 2 2 2 2 2 2 2 2 2 2 2 2
left_child=1 17 3 13 6 7 -5 11 9 -7 -9 -4 -6 16 -10 -15 -3 -1 -19
right_child=-2 2 5 4 12 8 -8 10 14 -11 -12 -13 -14 15 -16 -17 -18 18 -20
leaf_value=0.0038647430716440426 0.035934325402773706 -0.022435172240774751 -0.024132404770333842 -0.0037617767840649836 0.051429332835952316 0.013660540475482263 0.0062716056621616983 -0.013984211993918076 -0.032115593747242523 -0.015488269801910108 0.0058456891525353735 0.019608728341915651 0.010325326157323707 -0.021970405257379644 -0.01040642803494549 0.021809749549770302 0 0 -0.029565347103231731
leaf_weight=1.4290844453498746 16.955638501793146 52.352871808223426 33.575291183777153 253.47292393818498 11.934266638010742 19.447312273085117 579.49211646895856 32.824176817201078 45.295294450595975 42.539707633666694 158.34328008908778 5.6836346900090566 9.686772736720739 3.3847557939589006 22.652874896302819 7.9058249182999134 9.6285278890281898 0.95058485865593212 26.389352484606206
leaf_count=39 146 737 1173 1950 54 275 4085 309 754 851 1633 81 68 43 628 76 70 38 1237
internal_value=-0.000122302 -0.000615703 -9.09891e-06 0.00254195 0.00404622 -0.00657468 0.00321398 -0.00104509 -0.016275 -0.00622403 0.00237016 -0.0173956 0.0344169 -0.0147806 -0.0251775 0.00772127 -0.0189847 -0.0267647 -0.0285515
internal_weight=1333.94 1316.99 1288.22 927.858 854.586 360.362 832.965 230.426 129.935 61.987 191.167 39.2589 21.621 73.272 67.9482 11.2906 61.9814 28.769 27.3399
internal_count=14247 14101 12787 7083 6157 5704 6035 3196 2508 1126 1942 1254 122 926 1382 119 807 1314 1275
is_linear=0
shrinkage=0.03


Tree=97
num_leaves=21
num_cat=0
split_feature=6 0 23 29 25 19 20 29 24 43 31 7 14 25 14 4 43 22 35 48
split_gain=23.3406 23.9692 22.0642 22.2439 17.7527 33.5525 29.0408 12.8485 8.14409 11.2717 7.79907 7.28343 8.54389 8.16646 5.9916 3.72849 3.64201 2.22364 1.12522 0.810837
threshold=13.226967871189119 4.6359872817993173 0.75899299979209911 0.90787160396575939 0.14662452042102816 0.078767906874418273 0.029559870250523094 0.99684152007102977 0.31459873914718633 0.69301652908325206 0.023888010531663898 3.6139883995056157 5.7654380798339853 0.17202047258615497 2.8820670843124394 0.78961080312728893 0.79939308762550365 0.23981428891420367 0.86985591053962719 0.38120670616626745
decision_type=2 2 2 2 2 2 2 2 2 2 2 2 2 2 2 2 2 2 2 2
left_child=1 7 3 17 6 -6 -5 8 10 -10 14 12 13 -9 -1 -12 -11 -3 -19 -13
right_child=-2 2 -4 4 5 -7 -8 11 9 16 15 19 -14 -15 -16 -17 -18 18 -20 -21
leaf_value=-0.018729342365132167 0.034797731764365104 0.0066307781011677473 -0.029699103116289524 -0.013672251576912691 -0.0048747128318792545 0.0076002214749202384 0.01185214296690615 0.0089819819482907914 -0.023736673995462906 0.069884229800071931 0.023312324251516386 -0.028504484384606673 0.041775967090060123 -0.024706813270490603 0.045768569117183543 -0.028815856693563527 0.0038085887704754798 -0.029401970691041258 0.0020069151376915875 0
leaf_weight=1.6902792146429413 15.849481817334889 1.2497112844139362 20.397446375340223 46.55982275865972 559.29601009748876 295.79563924763352 256.32291777059436 21.514528217725459 3.5328721860423675 1.3364471662789585 0.49365425482392211 6.7795913312584153 3.9684424437582484 8.0846529649570567 1.6061788611114023 57.810008831322193 1.4369311546906827 23.310735728591684 0.75754134356975455 1.1886269785463808
leaf_count=68 141 30 693 326 4176 1975 1723 377 136 35 4 194 42 288 21 2854 35 1093 27 19
internal_value=-0.000283511 -0.000735381 0.000489076 0.00103663 0.00165751 -0.000552008 0.00788652 -0.0141121 -0.0220586 0.00889194 -0.0253665 -0.000836776 0.00536148 -0.000628374 0.0153368 -0.0279382 0.0465265 -0.0262307 -0.0282531 -0.0249689
internal_weight=1328.98 1313.13 1203.69 1183.29 1157.97 855.092 302.883 109.442 67.9064 6.30625 61.6001 41.5358 33.5676 29.5992 3.29646 58.3037 2.77338 25.318 24.0683 7.96822
internal_count=14257 14116 10043 9350 8200 6151 2049 4073 3153 206 2947 920 707 665 89 2858 70 1150 1120 213
is_linear=0
shrinkage=0.03


Tree=98
num_leaves=20
num_cat=0
split_feature=12 11 23 29 39 18 29 23 16 19 7 1 27 21 42 35 7 31 39
split_gain=25.8612 35.8812 23.187 21.7554 18.7839 24.5938 15.6304 12.8617 9.6254 9.47016 9.00829 4.48229 2.33151 2.24417 2.21846 1.22708 1.15849 0.992538 0.778415
threshold=1.8366305232048037 0.62500000000000011 0.75899299979209911 0.90787160396575939 0.85437244176864635 0.73046875000000011 0.99394196271896373 0.53901621699333202 0.37988281250000006 0.074390973895788207 3.1077573299407963 0.80168634653091442 0.78105944395065319 30.483092308044437 0.31835016608238226 0.87630468606948864 1.1829879283905032 0.039480416104197509 0.70022943615913402
decision_type=2 2 2 2 2 2 2 2 2 2 2 2 2 2 2 2 2 2 2
left_child=1 2 3 12 7 -6 13 -5 9 10 -8 14 -1 17 -10 -14 -4 -3 -15
right_child=-2 6 16 4 5 -7 8 -9 11 -11 -12 -13 15 18 -16 -17 -18 -19 -20
leaf_value=0.0079020396199588026 0.035918104904814466 0.010464061061562949 0.0025355002096222692 -3.1886533851528596e-05 0.0048659366190778302 -0.017461318929890772 0.0093270686936777394 -0.017719443347288609 0.0040112313749465153 0.048258676242032651 -0.01730252029159321 0.016307848154238018 -0.029336944845303733 0 -0.029870024554355782 0.003705359345748659 -0.029708581354835183 -0.016398436855678687 -0.029961377783585746
leaf_weight=1.1853521503508115 16.904242388904095 1.7538324873894446 0.7140467874705817 88.859384396113455 964.78534834645689 45.522815340198576 25.149927346035838 62.823453134857118 1.5079718623310387 2.5973602309823027 19.276673403568566 1.6632136348634947 22.055788905359808 0.93307012878358264 17.422462196089327 0.67076783627271552 21.539467273280025 1.2202963363379238 49.120464243926108
leaf_count=29 151 29 18 493 6657 516 333 685 56 30 314 11 1045 38 626 23 810 32 2461
internal_value=0.000101545 -0.000378504 0.00118192 0.00176459 0.00235971 0.00384067 -0.0159107 -0.00744538 -0.00613719 0.00138823 -0.00228799 -0.0227284 -0.0259686 -0.0279734 -0.0269547 -0.0281202 -0.0284804 -0.00115575 -0.0294543
internal_weight=1345.71 1328.8 1208.16 1185.9 1161.99 1010.31 120.645 151.683 67.6176 47.024 44.4266 20.5936 23.9119 53.0277 18.9304 22.7266 22.2535 2.97413 50.0535
internal_count=14357 14206 10276 9448 8351 7173 3930 1178 1370 677 647 693 1097 2560 682 1068 828 61 2499
is_linear=0
shrinkage=0.03


Tree=99
num_leaves=31
num_cat=0
split_feature=0 23 29 24 16 21 32 19 16 27 29 45 6 39 28 15 0 5 10 6 6 36 27 49 15 40 6 42 29 9
split_gain=25.1241 21.6475 19.5231 19.6534 23.738 28.7834 23.0997 16.4391 33.5807 20.5355 6.69482 5.40385 5.36746 5.16517 4.95613 4.42176 4.04659 3.71481 3.58789 4.06874 2.84819 2.60905 2.05581 1.9171 2.1288 0.95451 0.92666 0.772148 3.43879 0.147093
threshold=4.1286721229553232 0.73546344041824352 0.90787160396575939 0.2660288810729981 0.32714843750000006 66.536457061767592 0.040540877729654319 0.079206895083189024 0.41503906250000006 0.88230139017105114 0.9936310648918153 0.21548955142498019 13.226967871189119 0.98670044541358959 0.60882267355918895 0.96666666865348827 3.7929257154464726 0.1523438170552254 0.87500000000000011 0.058868575841188438 13.226967871189119 0.32200439274311071 0.78105944395065319 0.15651457756757739 0.57738095521926891 0.34430947899818426 0.09188528731465341 0.78705966472625744 0.97655755281448375 1.4507855176925661
decision_type=2 2 2 2 2 2 2 2 2 2 2 2 2 2 2 2 2 2 2 2 2 2 2 2 2 2 2 2 2 2
left_child=10 2 20 4 6 -6 -4 9 -9 -5 15 16 13 27 -13 21 23 -18 -16 -20 22 -1 -2 24 -12 -24 -19 -3 -29 -25
right_child=1 12 3 7 5 -7 -8 8 -10 -11 11 14 -14 -15 18 -17 17 26 19 -21 -22 -23 25 29 -26 -27 -28 28 -30 -31
leaf_value=-0.029797180500408072 0.0048794236540288327 -0.030380712631660547 -0.0027805724551207734 0.024505583895969532 -0.011437145586477558 0.016645212731812742 0.018829138857287132 0.02781144358515299 0.0026914887184012631 0.00071690854713997215 -0.017692986101791892 0.029953864552099346 0.028039889469600243 0.01120069549216546 -0.022610759793121098 0.017545465578613795 0.02590944479458332 -0.022276832333242746 0.030946272175910165 -0.018357602657963736 0.014559184118961919 0.0088730963039935096 0 -0.029105451502260866 0.01901480852265142 -0.029316973107666094 0.0042568336070665218 -0.023109627637075612 0.021327492452851596 -0.0035521088342513919
leaf_weight=33.958113761618733 1.3700465783476889 24.798264791257679 111.2655654642731 34.088563602417707 258.22176687885076 36.639932973310351 72.768744623288512 77.591640252619982 124.03391732089221 478.06615822389722 2.4823845103383131 4.4142095837742081 1.0142932087182988 2.7974574808031312 4.4784951228648406 1.2739081596955646 2.7182388417422763 2.5121612399816518 2.7018015347421169 1.609707406722009 0.94180139899253745 1.0992895467206825 0.91076996643096464 12.863380931317803 1.3841664213687179 22.285802487283945 1.1175924120470879 6.5086265159770837 1.0738215949386356 0.78671607747674066
leaf_count=2183 37 832 942 243 2011 308 548 544 851 3255 72 45 5 38 146 47 40 73 55 50 11 18 37 489 31 1105 24 207 15 32
internal_value=-0.000185886 0.000815842 0.0015053 0.00207191 -0.00262222 -0.00789299 0.00580346 0.0052248 0.0124628 0.00235078 -0.0171262 -0.00772446 -0.0217261 -0.0239793 0.00717763 -0.0261745 -0.0160474 0.0036897 -0.00584514 0.0119832 -0.023953 -0.0282889 -0.0260585 -0.0231751 -0.00272869 -0.0281359 -0.0143043 -0.027353 -0.0147152 -0.0281805
internal_weight=1327.78 1254.38 1218.18 1192.68 478.896 294.862 184.034 713.78 201.626 512.155 73.4002 37.0689 36.1925 35.1782 13.2042 36.3313 23.8646 6.34799 8.79 4.31151 25.5084 35.0574 24.5666 17.5166 3.86655 23.1966 3.62975 32.3807 7.58245 13.6501
internal_count=14294 10989 9892 8702 3809 2319 1490 4893 1395 3498 3305 1057 1097 1092 296 2248 761 137 251 105 1190 2201 1179 624 103 1142 97 1054 222 521
is_linear=0
shrinkage=0.03


Tree=100
num_leaves=22
num_cat=0
split_feature=6 0 29 23 6 41 7 37 18 16 15 44 39 40 44 45 33 43 40 48 20
split_gain=25.1857 24.4658 22.1559 22.49 19.9425 18.0861 7.25389 9.37897 6.45333 5.51135 4.58387 4.30634 3.37399 3.26555 2.06969 1.98999 1.48883 1.23672 1.04885 0.834373 0.000577011
threshold=13.226967871189119 4.0657601356506357 0.90787160396575939 0.74352878332138073 0.18542132526636126 0.99650353193283092 1.3375934362411501 0.15861733257770541 0.097656250000000014 0.31933593750000006 0.44505494832992559 0.31643131375312811 0.98670044541358959 0.48815351724624639 0.41277891397476202 0.25690634548664099 63.360328674316413 0.97533193230628978 0.34430947899818426 0.45056800544261938 0.047094136476516731
decision_type=2 2 2 2 2 2 2 2 2 2 2 2 2 2 2 2 2 2 2 2 2
left_child=1 6 17 4 5 -4 7 9 -8 -1 -11 19 20 -6 -13 -9 -17 18 -3 -10 -5
right_child=-2 2 3 12 13 -7 8 15 11 10 -12 14 -14 -15 -16 16 -18 -19 -20 -21 -22
leaf_value=-0.018804348869403898 0.035662171535865768 0.00081197763844452584 0.0029584952999553819 -0.029670022496028889 0.0047717049548881224 -0.017867019263819263 0.020343651836547554 -0.027424634659891804 -0.029426481120691111 9.9246206563500359e-05 0.049280804922485488 0.017142027080974717 0.0034866641479225674 -0.031921124866881964 -0.015948537167703381 0.0206408480781765 -0.015014464612937447 0.0049691604857442159 -0.029363328878508607 0 -0.01101359229612916
leaf_weight=1.7441004849970356 16.629985358566046 0.82651822175831213 1127.4886808888987 22.543417768552906 2.0512430984526899 37.801769635640085 2.0887862034142008 7.3886969024315459 42.388907969929278 2.7933328561484814 3.9599601849913597 2.4385687224566928 2.9006647812202564 17.13055651076138 2.3548559546470642 1.0713840210810306 1.1173870153725145 0.60836436692625184 23.116089440882206 0.94802526850253244 2.114577690139412
leaf_count=61 151 34 7855 868 30 664 27 320 2510 47 60 29 42 246 33 18 43 26 1160 33 56
internal_value=4.28723e-05 -0.000435742 0.000533523 0.00111781 0.00175303 0.00226561 -0.0177837 -0.00119985 -0.023554 0.0203431 0.0319616 -0.0258955 -0.0251845 -0.0278066 0.000420993 -0.0207132 0.00249742 -0.0271087 -0.0282106 -0.0288178 -0.0286786
internal_weight=1321.51 1304.88 1236.58 1212.03 1184.47 1165.29 68.294 18.0749 50.2191 8.49739 6.75329 48.1304 27.5587 19.1818 4.79342 9.57747 2.18877 24.551 23.9426 43.3369 24.658
internal_count=14313 14162 10981 9761 8795 8519 3181 549 2632 168 107 2605 966 276 62 381 61 1220 1194 2543 924
is_linear=0
shrinkage=0.03


Tree=101
num_leaves=23
num_cat=0
split_feature=6 11 23 29 31 16 27 29 36 35 20 16 36 45 40 21 27 20 7 42 35 39
split_gain=22.3382 28.868 22.8716 18.9686 18.3597 22.7825 20.5908 14.8385 10.4795 9.82011 10.6752 8.0172 8.13941 5.39905 4.75555 4.11799 2.30432 2.29689 1.89055 1.69679 1.2767 0.740159
threshold=13.226967871189119 0.62500000000000011 0.74352878332138073 0.90787160396575939 0.029975064098834995 0.32519531250000006 0.97269377112388622 0.99394196271896373 0.26795986294746404 0.63906303048133861 0.035190062597393997 0.36035156250000006 0.27133378386497503 0.0601144377142191 0.57813224196434032 30.483092308044437 0.78105944395065319 0.047094136476516731 3.3896719217300419 0.93369963765144359 0.87630468606948864 0.70022943615913402
decision_type=2 2 2 2 2 2 2 2 2 2 2 2 2 2 2 2 2 2 2 2 2 2
left_child=1 2 3 16 6 -6 -5 15 9 13 -11 14 -13 -9 -10 -3 -1 19 -19 -4 -18 -17
right_child=-2 7 17 4 5 -7 -8 8 11 10 -12 12 -14 -15 -16 21 20 18 -20 -21 -22 -23
leaf_value=0.0081405840834801024 0.035187209205218305 0.0057473620372652376 -0.029808024562885622 -0.010333378161974324 0.012307432082672499 0.0014495170854335908 0.0060202471763611187 0.011531147000412552 0.004351353083610161 0.036290847701567902 -0.018520476090940506 0.033119393842765195 -0.028704494418687009 -0.027134512461243248 0.036228383512998508 0 -0.029110083406745792 0.021552525022160495 -0.017173515722593829 0 0.0047565219196574905 -0.029217242328261513
leaf_weight=1.1747823450714374 15.202902387827633 2.8620399199426165 23.73666032683105 182.03978913463652 242.54376901872456 612.37137493863702 110.4306825241074 3.0039362367242601 8.6361006982624584 5.4307142328470928 5.400443758815527 1.6359647782519449 6.3443943513557315 26.855006559751928 8.3940993752330524 0.92282574065029521 19.826572409830991 1.153036993928253 1.383956213481724 1.7234932472929347 0.62214029580354591 46.469071919098496
leaf_count=30 144 58 934 1397 1741 4234 754 88 75 51 114 27 132 803 79 38 1027 23 39 57 22 2452
internal_value=0.000176333 -0.00025325 0.00113346 0.00178722 0.00232406 0.00454425 -0.0041489 -0.0144813 -0.00490367 -0.0141958 0.00945274 0.0100631 -0.0134199 -0.0228997 0.0213677 -0.0266043 -0.0254091 -0.0251809 0.000696206 -0.0278016 -0.0277661 -0.0286985
internal_weight=1328.16 1312.96 1197.01 1169.01 1147.39 854.915 292.47 115.955 65.7007 40.6901 10.8312 25.0106 7.98036 29.8589 17.0302 50.2539 21.6235 27.9971 2.53699 25.4602 20.4487 47.3919
internal_count=14319 14175 10258 9205 8126 5975 2151 3917 1369 1056 165 313 159 891 154 2548 1079 1053 62 991 1049 2490
is_linear=0
shrinkage=0.03


Tree=102
num_leaves=31
num_cat=0
split_feature=13 19 39 23 5 41 27 19 16 4 29 29 6 45 33 16 27 6 47 36 22 25 28 42 14 25 27 25 50 41
split_gain=23.3047 24.7821 20.3538 22.2655 21.434 18.3949 16.8717 17.9919 22.1146 15.3258 13.8872 13.7635 13.6723 13.2509 12.4469 20.7433 11.7512 14.1524 11.9289 11.7119 11.2944 10.8696 28.2831 11.3326 10.3596 10.3375 10.0012 9.80505 8.96827 6.65747
threshold=32.30980300903321 0.12905264645814898 0.92927178740501415 0.54118382930755626 0.1476683393120766 0.72473323345184337 0.90873947739601146 0.072604585438966765 0.34472656250000006 0.86562457680702221 0.99943783879280101 0.95527571439743053 0.065916445106267943 0.13914722949266436 40.672042846679695 0.30957031250000006 0.97670245170593273 0.10329245403409006 0.71911278367042553 0.29855906963348394 0.57177582383155834 0.1735436096787453 0.73828485608100902 0.8263767957687379 9.8170938491821307 0.1875632926821709 0.97670245170593273 0.18448498845100406 0.24195712804794314 0.83083519339561474
decision_type=2 2 2 2 2 2 2 2 2 2 2 2 2 2 2 2 2 2 2 2 2 2 2 2 2 2 2 2 2 2
left_child=5 2 3 4 20 12 14 8 -8 26 21 -9 25 -6 28 -16 18 -18 -14 -11 -2 22 24 -24 -7 -1 -5 -12 -4 -23
right_child=1 -3 6 9 13 10 7 11 -10 19 27 -13 16 -15 15 -17 17 -19 -20 -21 -22 29 23 -25 -26 -27 -28 -29 -30 -31
leaf_value=-0.0040130485544861124 0.0076548251025818879 -0.029214123127716519 0.023670303752542594 -0.00032604949283055807 0.008048411980399699 -0.0145389026110392 0.0071810863549136373 -0.0017623034314517654 -0.0086701598131826915 -0.017038799638086792 0.024664037649968093 0.018549691950641416 -0.021359851031393949 -0.01486973064285174 0.036349530618942888 0.010142349618462066 -0.027199093265784919 0.026488572739513661 0.027186501760277006 0.014960034050883067 0.030686574583423557 -0.006465013161580541 0.027968919836831585 -0.025174452642709497 0.024877098015834605 0.039440622679923688 0.042969868696698922 -0.026285266840478022 -0.020846104494223437 -0.024132455371370345
leaf_weight=6.7358435504138496 68.117984237149358 20.716453494504094 4.826086891815069 16.944392913021151 36.715171899646521 123.7177542867139 166.99946445971727 42.144708326086402 148.86076674051583 127.25657641608268 15.152748343534769 99.887232195585966 26.396823933348063 56.035673034377396 40.253610485233366 84.78147539217025 4.8301004897803095 17.951293775811791 4.5242541003972283 10.334697706624864 26.573934959247708 27.627742820419371 23.604149253107611 3.3736654492095104 5.3645349740982047 14.808979308232663 5.6194549063220611 3.3761735241860142 12.604548244737087 74.714687634259462
leaf_count=54 337 315 23 189 195 2607 1285 666 941 1587 156 506 165 301 268 605 41 100 26 103 128 192 300 81 44 78 48 94 154 2675
internal_value=6.09339e-05 0.00246624 0.00319179 -0.00257462 0.00442404 -0.00653463 0.00653417 0.00370347 -0.000283715 -0.010761 -0.010106 0.0125314 0.00652986 -0.00577657 0.015522 0.0188247 -0.00161945 0.0143145 -0.0135336 -0.0145231 0.0144028 -0.0119202 -0.00683739 0.0205537 -0.0126991 0.0261467 0.0116953 0.0143563 -0.00774236 -0.0195008
internal_weight=1320.85 968.672 947.956 347.598 187.443 352.179 600.358 457.892 315.86 160.155 276.931 142.032 75.2473 92.7508 142.466 125.035 53.7025 22.7814 30.9211 137.591 94.6919 258.403 156.06 26.9778 129.082 21.5448 22.5638 18.5289 17.4306 102.342
internal_count=14264 7651 7336 2888 961 6613 4448 3398 2226 1927 6149 1172 464 496 1050 873 332 141 191 1690 465 5899 3032 381 2651 132 237 250 177 2867
is_linear=0
shrinkage=0.03


Tree=103
num_leaves=24
num_cat=0
split_feature=6 11 0 40 24 16 0 29 19 36 29 23 16 19 9 19 25 23 3 21 1 33 28
split_gain=22.2281 26.6939 22.2462 20.3764 23.8694 21.9385 18.3936 13.0681 12.8706 14.3211 13.2442 12.1545 9.42001 8.7648 8.82016 7.38639 8.21635 6.68258 4.69696 3.94684 2.80459 1.08798 0.876302
threshold=13.226967871189119 0.62500000000000011 12.988608360290529 0.65907746553421032 0.29293391108512884 0.32714843750000006 11.22100877761841 0.99394196271896373 0.02941243909299374 0.23347607254981997 0.99394196271896373 0.478098675608635 0.37988281250000006 0.074390973895788207 0.52608191967010509 0.044705623760819442 0.24501974880695346 0.70215463638305675 0.73256754875183117 30.483092308044437 0.80519592761993419 34.42016792297364 0.34098839759826666
decision_type=2 2 2 2 2 2 2 2 2 2 2 2 2 2 2 2 2 2 2 2 2 2 2
left_child=1 2 3 8 5 -5 -6 19 9 -1 -10 -4 13 14 -9 17 -17 -13 20 -3 -14 -21 -23
right_child=-2 7 11 4 6 -7 -8 12 10 -11 -12 15 18 -15 -16 16 -18 -19 -20 21 -22 22 -24
leaf_value=-0.019584569061081438 0.034904258001178565 0.0050193875642257982 0.022730039294110254 0.012394265150756686 0.0082572832348068205 -0.0031369855216493605 0.030212141830197055 0.0069553604485475444 -0.012067507646471911 0.010632584795876525 0.0018137493470719458 0.0084697870908214418 -0.029663830217209815 0.046222088577066993 -0.021267162986486517 -0.032818262261840925 -0.001589560293691145 -0.026801819500303897 0.024133536132685353 0.0015444453356057441 0.012792000924304046 0 -0.029659659929968996
leaf_weight=16.108026476576924 14.995676714926956 2.9385366942733517 5.8841064982116213 104.90488976519555 238.70874531846493 359.2484162999317 39.65444597415626 30.420888399705291 180.82365326676518 79.588630527257919 92.877354208379984 13.132178694009783 16.894465374760337 2.6710608005523673 13.574217317625878 34.701046444475651 10.02132269181311 6.3318493850529185 0.9536803662776937 0.77577652782201667 0.87228570878505607 0.71824800502508779 43.327037788927555
leaf_count=192 145 59 55 718 1400 2505 262 422 2254 720 553 178 668 30 235 793 328 241 19 28 5 14 2424
internal_value=-0.000240963 -0.000676822 0.000658119 0.00169918 0.00456361 0.000385936 0.0114926 -0.0145322 -0.00404721 0.00536536 -0.00735668 -0.0156113 -0.00561022 0.00164216 -0.00196485 -0.0194669 -0.026074 -0.00360683 -0.0230076 -0.02632 -0.026849 -0.0285048 -0.0291232
internal_weight=1310.13 1295.13 1181.98 1111.91 742.516 464.153 278.363 113.146 369.398 95.6967 273.701 70.0705 65.3866 46.6662 43.9951 64.1864 44.7224 19.464 18.7204 47.7596 17.7668 44.8211 44.0453
internal_count=14248 14103 10199 8604 4885 3223 1662 3904 3719 912 2807 1595 1379 687 657 1540 1121 419 692 2525 673 2466 2438
is_linear=0
shrinkage=0.03


Tree=104
num_leaves=31
num_cat=0
split_feature=11 35 6 29 27 27 29 27 30 38 25 26 5 0 29 34 18 28 18 5 32 33 20 29 25 23 1 14 9 1
split_gain=23.1081 21.6609 21.4254 17.3155 16.3656 25.9418 23.9679 15.1101 14.8091 11.8797 16.3878 14.597 13.9232 11.4429 11.08 10.9836 9.70377 8.94361 19.3932 8.06573 8.0317 7.9406 7.92236 6.29318 5.49386 5.46688 3.03768 3.03385 3.40093 2.8216
threshold=0.62500000000000011 0.73716169595718395 13.226967871189119 0.90787160396575939 0.98760354518890392 0.98835703730583202 0.99022951722145092 0.98695021867752086 0.18359375000000003 0.46875000000000006 0.17202047258615497 0.59375000000000011 0.1518756374716759 7.5986182689666757 0.99394196271896373 0.50588777661323558 0.48828125000000006 0.61617755889892589 0.19921875000000003 0.15394009649753573 0.040992561727762229 53.602083206176765 0.038206029683351524 0.99907532334327709 0.20089950412511828 0.59238091111183178 0.82775169610977184 0.59834280610084545 1.496304512023926 0.79840001463890087
decision_type=2 2 2 2 2 2 2 2 2 2 2 2 2 2 2 2 2 2 2 2 2 2 2 2 2 2 2 2 2 2
left_child=1 3 14 -1 7 16 -7 8 -5 20 11 13 -13 -11 26 -9 -6 18 -16 21 29 -19 24 -20 -22 -21 -2 -12 -29 -3
right_child=2 9 -4 4 5 6 -8 15 -10 10 27 12 -14 -15 17 -17 -18 19 23 25 22 -23 -24 -25 -26 -27 -28 28 -30 -31
leaf_value=-0.027571757272857482 -0.027946560473191179 -0.027043199081909931 0.032865950464377118 -0.0033686723753720538 -0.05038458912804826 -0.011521034136103678 0.023187812687352281 0.055093764308134272 0.0061061125422364445 -0.022769715616486125 0.0072498046450766972 -0.0031564132840351403 0.056920561080827964 0.013607786772571856 -0.024797829525281128 0 -0.0042975996986081557 0.036190258194328639 0.012872220802954032 -0.028754336967055819 0.025476865246105714 -0.010641190586804093 -0.021673912683831772 0.056787992050156631 -0.021240983464008184 0.024247873946220702 0.014727131890376005 -0.02944585040075072 0.0015456787611279081 0.0073389498888410407
leaf_weight=15.410308024846016 45.879897771403193 44.184000585228205 7.8089282400906077 184.23569157160819 14.13739205338061 53.554920078255236 25.652719307690859 8.1455304920673353 744.8629947071895 12.54414215963334 2.5286939721554544 5.2553435536101452 8.2398683503270131 17.262023613788188 9.0936307245865482 5.1587194986641398 6.1223643925040951 3.4519922165200105 9.5315223615616542 24.556357010267678 8.2979541299864668 11.105743158608673 9.1306011388078314 4.1033002808690062 2.0907954899594179 1.0797061305493105 0.87284581735730071 17.402615931816403 3.5183561295270911 1.716329613700508
leaf_count=795 2531 1182 88 1186 66 410 119 48 4957 241 51 84 82 150 115 35 77 34 110 699 163 338 188 31 45 32 15 319 55 19
internal_value=0.000300681 0.00156022 -0.0123316 0.00299609 0.0034771 -0.00803058 -9.36424e-05 0.0047021 0.00422248 -0.00983951 -0.000841476 0.0100065 0.0347145 -0.00184673 -0.0158447 0.0353495 -0.0374558 -0.00736924 0.00737807 -0.0157579 -0.0188246 0.00188326 -0.00235576 0.0292706 0.0147717 -0.0255829 -0.0267953 -0.0205857 -0.0242643 -0.0255645
internal_weight=1306.94 1189.45 117.484 1057.28 1041.87 99.4674 79.2076 942.403 929.099 132.171 66.751 43.3014 13.4952 29.8062 109.675 13.3042 20.2598 62.9223 22.7285 40.1938 65.4197 14.5577 19.5194 13.6348 10.3887 25.6361 46.7527 23.4497 20.921 45.9003
internal_count=14265 10272 3993 7693 6898 672 529 6226 6143 2579 982 557 166 391 3905 83 143 1359 256 1103 1597 372 396 141 208 731 2546 425 374 1201
is_linear=0
shrinkage=0.03


Tree=105
num_leaves=31
num_cat=0
split_feature=23 28 11 40 27 6 47 21 39 39 32 21 5 6 27 36 7 20 1 21 42 38 21 30 50 6 18 1 3 31
split_gain=20.2767 19.8269 25.3268 26.8927 22.581 22.6127 21.7048 18.9718 16.8339 17.8185 21.2333 15.7865 14.0719 14.0016 13.4001 11.7884 9.75878 8.79933 8.68015 7.42075 7.30967 8.19101 5.73302 5.59322 5.31093 4.84824 3.45972 3.38117 3.75524 3.32171
threshold=0.7061675786972047 0.65377187728881847 0.62500000000000011 0.72068905830383312 0.98760354518890392 0.0560988336801529 0.8996713161468507 39.718938827514656 0.98320010304451 0.9513879418373109 0.037749182432889945 53.391000747680671 0.53842687606811535 13.226967871189119 0.90546944737434398 0.25237563252449041 4.1367089748382577 0.043971218168735511 0.83616966009140026 40.758720397949226 0.8434436321258546 0.65625000000000011 45.805452346801765 0.26171875000000006 0.10728846862912179 13.226967871189119 0.10546875000000001 0.75121021270751964 0.27361002564430242 0.027707451954483989
decision_type=2 2 2 2 2 2 2 2 2 2 2 2 2 2 2 2 2 2 2 2 2 2 2 2 2 2 2 2 2 2
left_child=1 8 3 7 6 -6 -5 15 9 12 14 -9 18 23 -11 -3 29 -12 -1 -14 25 -22 -18 24 -4 27 -25 -2 -29 -10
right_child=20 2 13 4 5 -7 -8 11 16 10 17 -13 19 -15 -16 -17 22 -19 -20 -21 21 -23 -24 26 -26 -27 -28 28 -30 -31
leaf_value=0.0050409211525049864 -0.022648340629799864 -0.017518079867858773 0.022622768344676841 0.0077286891489625458 0.0212303981148881 -0.021824281231114243 -0.012774118383669391 -0.019583401575706642 0.002102439901678741 0.023024187237501905 0.030116762849574777 -0.0035500047025859818 -0.032522364756532279 0.028334190609498586 -0.0074594869800323751 0.023179594468938036 0.026182192791052248 -0.012466165314735609 0.037126449503225439 -0.0023118290922706564 -0.0079626391236948708 0.041463262071538262 -0.014645699713658979 0.019337442918952997 -0.01525025979993197 0.026454605593690318 -0.029372640366531193 -0.01872731192986429 0.019835590447781701 -0.031103664620382613
leaf_weight=120.90408843476325 55.657527688890696 7.6318127531558266 3.1502962466329363 480.80165549367666 12.962298319675027 51.433788388036191 50.426180467940867 103.09303734544665 2.8769137710332933 19.029383627697825 73.643359754234552 120.18180447351187 12.15502337459475 4.4112522900104514 35.788811811245978 24.701490513049066 6.0611369349062425 4.0112183960154644 7.1949878670275202 17.399097505025566 11.014688785187898 3.02485199086368 4.5505073610693216 0.62774676829576392 16.201398924924433 1.1873960569500912 43.648558045737445 3.8164853872731319 3.2978364340960979 16.196371152997017
leaf_count=989 1675 61 56 3298 87 451 551 842 16 157 562 1171 124 55 304 166 33 72 37 178 298 34 44 4 477 8 2207 108 74 168
internal_value=0.000100223 0.0010412 -0.0011957 0.000217913 0.00371401 -0.0129198 0.0057565 -0.00789981 0.00746402 0.00967853 0.017751 -0.0110208 0.00280733 -0.0186717 0.00329166 0.0132461 -0.0136919 0.0277485 0.00713994 -0.0154928 -0.014634 0.0045357 0.00866242 -0.022365 -0.00812879 -0.0188931 -0.0282039 -0.0201993 -0.000240279 -0.0260904
internal_weight=1317.08 1239.08 919.271 851.232 595.624 64.3961 531.228 255.608 319.811 290.126 132.473 223.275 157.653 68.0393 54.8182 32.3333 29.6849 77.6546 128.099 29.5541 77.9988 14.0395 10.6116 63.628 19.3517 63.9592 44.2763 62.7718 7.11432 19.0733
internal_count=14307 12110 9426 6627 4387 538 3849 2240 2684 2423 1095 2013 1328 2799 461 227 261 634 1026 302 2197 332 77 2744 533 1865 2211 1857 182 184
is_linear=0
shrinkage=0.03


Tree=106
num_leaves=23
num_cat=0
split_feature=6 11 0 30 18 19 20 21 29 27 21 5 21 33 37 29 18 21 21 21 33 33
split_gain=21.5396 23.011 20.5984 17.1504 21.2948 23.5221 18.0167 15.7736 14.6649 13.6723 8.51478 9.57685 14.0201 6.91438 6.48499 5.68584 4.61078 7.72729 6.16638 4.53517 2.4653 0.998315
threshold=13.226967871189119 0.62500000000000011 13.625747203826906 0.18359375000000003 0.72265625000000011 0.078767906874418273 0.045790979638695724 60.168237686157234 0.99394196271896373 0.97269377112388622 57.503520965576179 0.1523438170552254 56.991804122924812 53.602083206176765 0.23061657696962359 0.9858253300189973 0.68359375000000011 62.82524490356446 38.411836624145515 30.483092308044437 83.412548065185561 34.42016792297364
decision_type=2 2 2 2 2 2 2 2 2 2 2 2 2 2 2 2 2 2 2 2 2 2
left_child=1 2 3 6 5 -5 9 -6 19 -1 11 13 -13 -10 -8 16 18 -18 -4 -3 -12 -21
right_child=-2 8 15 4 7 -7 14 -9 10 -11 20 12 -14 -15 -16 -17 17 -19 -20 21 -22 -23
leaf_value=-0.0088149550761563601 0.034847188267769828 0.0081076521706895111 0.0030665463858728518 0.0019060508300674807 0.019418056488351775 0.013750381738919409 -0.036977665093762706 -0.022885838748439684 0.039885596153500569 0.007018594491634173 -0.029155010352884734 -0.012474442830017562 0.050774987899316018 0 0.0039709217816432715 0.025861766371525281 0.032984428535189507 -0.024405735800792982 -0.029086868216671367 0 0.008362220188551742 -0.02956849811893027
leaf_weight=127.1789569016546 14.800784811377524 2.6523700784891835 5.9477774770930401 653.94132986944169 8.8553224466741067 195.67653479706496 19.314618838950995 41.750338742509484 7.3325818032026273 78.446566646918654 11.578598206862805 33.495832715183496 2.473069234751164 7.3310597678646445 3.825189519673585 1.6286806017160405 2.9564931383356443 3.516115521080792 33.535571035929024 0.87426053173839946 1.2250950522720803 41.276084301061928
leaf_count=1171 149 59 157 4854 83 1394 155 559 58 672 432 635 31 166 28 7 53 93 959 30 52 2459
internal_value=3.15478e-05 -0.000393978 0.000825806 0.00164993 0.00351602 0.00465042 -0.00566367 -0.0151923 -0.0135669 -0.00275517 -0.00409995 0.00150945 -0.00678871 0.0211897 -0.0302002 -0.0182971 -0.0204435 0.00231292 -0.0242131 -0.0265234 -0.0250022 -0.0289095
internal_weight=1299.61 1284.81 1176.57 1128.99 900.224 849.618 228.765 50.6057 108.239 205.626 63.4362 50.6325 35.9689 14.6636 23.1398 47.5846 45.956 6.47261 39.4833 44.8027 12.8037 42.1503
internal_count=14256 14107 10185 8916 6890 6248 2026 642 3922 1843 1374 890 666 224 183 1269 1262 146 1116 2548 484 2489
is_linear=0
shrinkage=0.03


Tree=107
num_leaves=22
num_cat=0
split_feature=6 11 23 29 27 29 24 29 21 5 21 0 21 35 37 42 3 29 42 33 19
split_gain=19.6819 21.8019 19.3515 18.8798 17.119 21.4288 18.052 14.1733 8.22147 9.73471 12.0568 5.40217 4.45625 3.15503 4.41129 5.86395 3.12735 1.43212 2.11784 1.0376 0.949958
threshold=13.226967871189119 0.62500000000000011 0.73546344041824352 0.90309548377990734 0.98403856158256542 0.99215134978294384 0.25569646060466772 0.99394196271896373 57.503520965576179 0.1523438170552254 56.991804122924812 3.692442893981934 30.483092308044437 0.7112528681755067 0.12840563058853152 0.8896499276161195 0.68306958675384533 0.97655755281448375 0.78705966472625744 34.42016792297364 0.026254347525537017
decision_type=2 2 2 2 2 2 2 2 2 2 2 2 2 2 2 2 2 2 2 2 2
left_child=1 2 3 20 6 -6 -5 12 9 11 -11 -9 -3 14 -4 -16 -10 -15 -19 -14 -1
right_child=-2 7 13 4 5 -7 -8 8 16 10 -12 -13 19 17 15 -17 -18 18 -20 -21 -22
leaf_value=0.00092671642031019199 0.033693008005037828 0.0077810758786684923 0.03308216587375383 -0.0019654434275900128 -0.012877831579373644 0.011467574244969789 0.0066018880527253122 -0.018606081741158065 -0.029164581762178017 -0.012087692344576951 0.044642163845286673 0.029041250947336495 0.00047779560994667118 -0.029653220655547572 -0.028350806784575751 0.028242880492684207 0.015411305919775053 -0.020807317856234998 0.01713180583599069 -0.029496012424952128 -0.02895821259777541
leaf_weight=0.73998487088829534 14.352423030883072 2.6842640340328208 1.2370566399767984 348.38821793813258 129.10130687896162 42.407899705693126 602.11691511794925 1.7681393017992366 11.658389853313562 34.021820163354278 2.7326046014204612 12.10582031868398 0.8322789166122665 21.401861357502643 5.3705560704693198 1.2874961784109471 0.88000502716749984 2.2153504313901062 1.2453865595161913 40.048925964161754 18.0855524064973
leaf_count=23 149 58 31 2442 1142 213 4217 87 460 637 34 123 28 903 136 16 22 66 20 2441 970
internal_value=-7.03804e-05 -0.000477207 0.000705413 0.0013691 0.00188276 -0.00680914 0.00345979 -0.0133947 -0.00412674 0.00134429 -0.00671978 0.0219246 -0.026371 -0.0216757 -0.00404697 -0.0147564 -0.0249072 -0.0267847 -0.00570204 -0.0288173 -0.0276447
internal_weight=1294.68 1280.33 1173.6 1140.84 1122.01 171.509 950.505 106.732 63.1668 50.6284 36.7544 13.874 43.5655 32.7577 7.89511 6.65805 12.5384 24.8626 3.46074 40.8812 18.8255
internal_count=14218 14069 10179 9007 8014 1355 6659 3890 1363 881 671 210 2527 1172 183 152 482 989 86 2469 993
is_linear=0
shrinkage=0.03


Tree=108
num_leaves=31
num_cat=0
split_feature=0 39 0 7 29 5 18 18 5 23 44 23 25 5 12 9 49 22 34 16 33 42 4 22 23 45 43 12 15 42
split_gain=20.3743 19.1944 16.6277 19.3382 16.8978 24.3315 16.5546 17.6868 13.3693 12.6529 10.948 12.1555 8.17223 7.88684 7.88492 6.75048 7.56752 6.61228 6.53005 5.8839 6.68806 5.49853 4.72078 4.66368 6.84683 4.28134 4.72526 4.3386 4.06734 3.5522
threshold=4.0657601356506357 0.85157442092895519 13.945287227630617 4.0269465446472177 0.9940834939479829 0.085096884518861785 0.72265625000000011 0.67578125000000011 0.1443305239081383 0.61900970339775097 0.23166368901729587 0.48466053605079656 0.22747316211462024 0.13393231481313708 1.2312835454940798 0.099653992801904692 0.15651457756757739 0.708166003227234 0.41774809360504156 0.40527343750000006 61.218109130859382 0.44136746227741247 0.8585031032562257 0.70482838153839122 0.49028690159320837 0.33183646202087408 0.25029699504375463 1.8366305232048037 0.44505494832992559 0.49462117254734045
decision_type=2 2 2 2 2 2 2 2 2 2 2 2 2 2 2 2 2 2 2 2 2 2 2 2 2 2 2 2 2 2
left_child=15 8 3 4 9 -6 7 -5 10 -3 11 18 -8 -13 29 16 28 22 -2 21 -21 -12 -16 24 -4 27 -27 -17 -1 -10
right_child=1 2 23 6 5 -7 12 -9 14 -11 19 13 -14 -15 17 25 -18 -19 -20 20 -22 -23 -24 -25 -26 26 -28 -29 -30 -31
leaf_value=-0.0036945641603137115 -0.0010391514716087591 -0.0090739521164872553 0.015489085889072317 0.0074027299108141509 0.027942007601805565 0.0012110076523497277 0.0046404771033970163 0.038018187761470458 -0.016946920312126197 0.0029369010192537028 -0.036661961246729845 -0.010778523015677704 -0.030938711849484522 0.027743834195732037 -0.0014757017678923541 -0.025468245886966501 -0.019315477330700801 0.013500847603990573 0.035386359938999218 0.029898253930471193 -0.014684065352470828 0.0018413694106780725 -0.028451315219366263 0.011085053765004649 -0.028440849858775017 0.045875916259810343 -0.012507839542163723 0.020585548339836623 0.038295809678419404 0.012663244259881445
leaf_weight=2.9996020039543492 5.9049955904483822 227.70407007262111 2.9190408252179685 441.17115842923522 35.782547494396567 186.04631615336984 9.0050003379583377 16.806145891547203 4.6617694925516835 119.45806967746466 11.62101521342993 26.300115922465924 13.704052633605896 4.7914891932159653 6.9952301122248164 45.253267779015005 6.7461176915094256 3.543736193329095 14.486540573649107 3.6894410364329797 7.5290685575455427 4.2158350124955168 49.615367665886879 3.3498521801084271 24.305090584792197 0.86308285780250971 2.7975363833829761 1.1318400278687466 4.1667492920532823 9.1710041789337975
leaf_count=56 39 2083 38 2908 202 1114 83 98 47 1982 101 318 132 45 76 2669 256 28 85 25 74 27 672 48 799 13 140 9 65 71
internal_value=1.42917e-05 0.000878774 0.00228973 0.00293482 -0.000803844 0.00564241 0.00735901 0.00861313 -0.0090445 -0.00493585 -0.000350548 0.00770267 -0.017103 -0.00406888 -0.0181055 -0.0163592 0.00184196 -0.022738 0.0251425 -0.0155101 0.000979227 -0.0267334 -0.0252536 -0.0191543 -0.0232424 -0.0214148 0.00750365 -0.0238705 0.0220525 0.00201232
internal_weight=1296.74 1232.78 1080.25 1049.68 568.991 221.829 480.686 457.977 152.526 347.162 78.5385 51.4831 22.7091 31.0916 73.9871 63.9582 13.9125 60.1543 20.3915 27.0554 11.2185 15.8369 56.6106 30.574 27.2241 50.0457 3.66062 46.3851 7.16635 13.8328
internal_count=14303 11095 9487 8602 5381 1316 3221 3006 1608 4065 714 487 215 363 894 3208 377 776 124 227 99 128 748 885 837 2831 153 2678 121 118
is_linear=0
shrinkage=0.03


Tree=109
num_leaves=27
num_cat=0
split_feature=6 11 35 29 29 48 20 19 38 25 24 36 35 15 16 37 32 20 9 45 20 49 1 0 2 42
split_gain=19.754 22.0665 18.2802 14.6626 14.4934 13.6377 27.0373 15.754 13.0616 16.2068 11.6082 10.205 11.6321 7.56999 7.30015 8.2255 6.87794 10.0087 6.51005 4.56222 2.70161 1.13875 1.4772 1.2993 1.03636 0.69124
threshold=13.226967871189119 0.62500000000000011 0.73716169595718395 0.90309548377990734 0.99394196271896373 0.23183465003967288 0.042559256777167327 0.02941243909299374 0.46875000000000006 0.17202047258615497 0.25622822344303137 0.26657840609550482 0.66473543643951427 0.2225274741649628 0.37988281250000006 0.13686621189117434 0.040856873616576202 0.036100428551435478 0.40879198908805853 0.0601144377142191 0.042708646506071098 0.086353402584791197 0.78211793303489696 7.5304894447326669 0.54687500000000011 0.36326980590820318
decision_type=2 2 2 2 2 2 2 2 2 2 2 2 2 2 2 2 2 2 2 2 2 2 2 2 2 2
left_child=1 2 3 -1 21 6 -5 -7 16 10 -10 12 19 -11 15 -13 20 -18 -14 -6 -4 24 -23 -24 -3 -16
right_child=-2 4 8 5 11 7 -8 -9 9 13 -12 14 18 -15 25 -17 17 -19 -20 -21 -22 22 23 -25 -26 -27
leaf_value=-0.028340746982785995 0.034260327547303147 0.012136996737727532 -0.027367426393087133 -0.015792568916810804 0.0082650382698187183 0.013662910018982738 0.011879634403175807 0.0021940731830574212 -0.015574801808852996 0.010661716942663088 0.019063154161847107 -0.0018196208736095277 0.030321618816028663 -0.028754299987997972 0.00055955687407624303 0.034527236404296828 0.018145352811529659 -0.023312934616027216 -0.022153715075307383 -0.027044918667551626 0.011533411047318658 -0.030084713192509511 -0.020117607567295338 0.0082384604447677864 -0.016973006068482361 -0.02541626646027972
leaf_weight=13.099750427529214 13.913143493235109 1.0400139009580009 42.338140067644417 91.085776939056814 3.1502787508070496 124.73182060662657 47.526255012489855 768.73083501309156 10.822201384231446 4.9556279238313463 32.559122384525836 10.142147805541759 6.1756047550588828 18.506743683479726 0.81649324391037126 10.884136412292717 8.7694270098581928 10.284741025418041 2.1246307054534554 25.900083254091442 1.0380845256149758 36.011882219463587 2.0140789849683638 1.8325976971536873 1.342242334038019 3.7575376611202955
leaf_count=723 147 52 1165 726 86 749 309 5152 164 108 389 93 83 341 22 105 178 219 42 827 24 2322 71 29 43 109
internal_value=-6.51947e-05 -0.000467209 0.00071391 0.00203533 -0.013565 0.00245085 -0.00626591 0.00381202 -0.00988032 -0.000571774 0.0101983 -0.00424865 -0.014129 -0.0202109 0.0100431 0.0175723 -0.0196335 -0.00412935 0.015629 -0.0229684 -0.0261299 -0.0269603 -0.0281653 -0.00707698 -0.00354652 -0.0209727
internal_weight=1293.55 1279.64 1174.45 1045.17 105.192 1032.07 138.612 893.463 129.274 66.8437 43.3813 62.9509 37.3506 23.4624 25.6003 21.0263 62.4304 19.0542 8.30024 29.0504 43.3762 42.2408 39.8586 3.84668 2.38226 4.57403
internal_count=14278 14131 10247 7659 3884 6936 1035 5901 2588 1002 553 1367 1038 449 329 198 1586 397 125 913 1189 2517 2422 100 95 131
is_linear=0
shrinkage=0.03


Tree=110
num_leaves=31
num_cat=0
split_feature=0 19 38 24 16 23 27 22 19 33 20 29 4 41 33 18 19 50 7 27 31 6 14 32 35 0 9 15 4 14
split_gain=21.6514 24.8262 22.8518 18.2215 25.7441 25.0064 18.506 30.5048 26.4215 17.6375 15.6783 24.434 12.7922 16.5038 15.4499 13.381 16.3713 12.7501 12.2185 10.8214 10.8195 10.2923 8.77499 8.33586 7.81523 8.1935 6.9469 6.45041 5.81147 5.74567
threshold=6.4215145111083993 0.12905264645814898 0.40625000000000006 0.26011507213115698 0.32714843750000006 0.67713260650634777 0.98403856158256542 0.3450962901115418 0.072604585438966765 66.870834350585952 0.045299829915165908 0.9858253300189973 0.90012124180793773 0.97735631465911876 62.085144042968757 0.52734375000000011 0.098198510706424727 0.30268034338951116 2.6564891338348393 0.9681367576122285 0.077229592949152007 0.16332352906465533 11.977712631225588 0.042941231280565269 0.51151019334793102 7.5673198699951181 0.25659579038620001 0.72380954027175914 0.89892131090164196 9.0366902351379412
decision_type=2 2 2 2 2 2 2 2 2 2 2 2 2 2 2 2 2 2 2 2 2 2 2 2 2 2 2 2 2 2
left_child=10 2 24 4 5 -4 8 -8 -5 -6 12 -12 13 14 19 18 17 -17 23 -1 26 -20 -18 -14 -2 29 -13 28 -15 -26
right_child=1 -3 3 6 9 -7 7 -9 -10 -11 11 20 15 27 -16 16 22 -19 21 -21 -22 -23 -24 -25 25 -27 -28 -29 -30 -31
leaf_value=0.0085729222369194391 0.00885819883092143 -0.031540502510126855 0.015925945960929697 0.00614085212102979 -0.014197575012482469 -0.024665964827696705 0.049258026804060391 -0.0061125798822237532 0.022819742816231222 0.0051495097492399722 -0.024255951978628461 -0.01112555807382511 -0.013538873904856663 -0.018891872115284338 -0.029097923440957928 -0.00084279992858623078 -0.025509153535235609 0.035083129772807142 -0.028460420912185185 0.043523390140105263 -0.018522502479472215 0.0035799660029793854 0.0082574253740084914 0.010921136067345721 -0.013166084627572532 -0.024815770034636239 0.034558101734841064 0.018664319666658057 0.031019064772103155 0.022022412507183786
leaf_weight=20.979833328165114 11.025804054923354 17.8344745952636 94.509946320205927 311.90756551269442 130.52569026686251 14.9728991612792 8.6531510502099973 122.25683133490384 117.83722202572972 61.679673017002642 12.549818993080406 2.7890769541263607 47.146385457366705 34.125655783340335 5.1320285620167843 24.847536128479987 24.791366194840521 12.672723453491924 76.483643928077072 12.847659581340848 4.0665708342567077 9.7907523182220739 8.7530679218471032 15.981678160838781 9.6457170527428371 40.931632539257407 26.17163491435349 4.57976793590933 1.3057833407074202 5.8653755560517302
leaf_count=195 73 300 620 1997 953 266 43 958 871 472 377 47 942 1028 62 515 773 183 1414 96 146 243 50 353 123 799 197 101 40 57
internal_value=0.000206816 0.00255195 0.00324227 0.00456476 -0.00136932 0.0101744 0.00775998 -0.00208416 0.0107636 -0.00797895 -0.00621461 0.00999064 -0.00871622 0.00159778 0.015333 -0.0124147 -0.00161637 0.0118093 -0.0174863 0.0228018 0.0234224 -0.0247906 -0.0166273 -0.00722599 -0.013437 -0.0179228 0.0298339 -0.011751 -0.0161692 0.000486323
internal_weight=1292.66 947.646 929.812 862.343 301.688 109.483 560.655 130.91 429.745 192.205 345.015 45.5771 299.438 78.9707 38.9595 220.467 71.0647 37.5203 149.402 33.8275 33.0273 86.2744 33.5444 63.1281 67.4685 56.4427 28.9607 40.0112 35.4314 15.5111
internal_count=14294 7532 7232 6180 2311 886 3869 1001 2868 1425 6762 767 5995 1522 353 4473 1521 698 2952 291 390 1657 823 1295 1052 979 244 1169 1068 180
is_linear=0
shrinkage=0.03


Tree=111
num_leaves=27
num_cat=0
split_feature=0 0 7 44 20 49 25 21 21 19 10 27 9 22 22 43 42 29 22 29 24 45 24 15 49 22
split_gain=20.7676 18.0177 17.1824 19.2013 17.2009 16.3913 18.412 16.3665 23.3476 17.5586 11.7474 7.96246 7.8309 7.76641 5.95038 5.00025 4.87992 4.78074 4.83903 4.31996 4.18188 1.88786 1.68344 2.22115 1.645 0.574438
threshold=3.692442893981934 13.945287227630617 3.9494695663452153 0.11050061136484148 0.052636321634054191 1.403120279312134 0.1751276031136513 61.224760055541999 50.558847427368171 0.1137603633105755 0.62500000000000011 0.94958811998367321 4.3698630332946786 0.64284968376159679 0.39754435420036321 0.38465838134288793 0.29051011800765997 0.96049025654792797 0.75322845578193676 0.99943783879280101 0.29170361161232 0.38754928112030035 0.31459873914718633 0.57738095521926891 0.59488028287887584 0.708166003227234
decision_type=2 2 2 2 2 2 2 2 2 2 2 2 2 2 2 2 2 2 2 2 2 2 2 2 2 2
left_child=14 2 4 7 5 6 -2 8 -4 -9 12 -7 -5 -12 16 -6 -1 18 25 -18 24 22 -16 -24 -19 -3
right_child=1 17 3 10 15 11 -8 9 -10 -11 13 -13 -14 -15 21 -17 19 20 -20 -21 -22 -23 23 -25 -26 -27
leaf_value=0.0326249509284025 0.0011581973469059449 -0.03018948701067637 0.013185433026907716 -0.015836471252963606 -0.0017543255066901308 0.048078868177685787 -0.0094007633900396893 0.024077024631721882 -0.0027727328503173564 -0.019292347879368857 0.0066024142033665042 0.0074989708158988491 0.016147902108253197 -0.022313445097298549 -0.029762790431941726 0.038772689582396845 -0.025712504798679828 -0.026341793507564291 0.020512775552640333 0.012965681689650907 0.022229266371472947 0.0033271061239345222 -0.020400734026038005 0.016717982680605006 0.0035963403131511018 -0.002894533419383903
leaf_weight=2.0728658884763709 312.06650114245713 24.32166944351048 164.12289709784091 66.120272595435381 3.2877101339399806 6.6966883800923851 281.69740483397618 80.486383588053286 163.86238118354231 8.5444803326390666 78.611324742436409 11.578475749120114 6.7779720351099959 8.3275619708001596 29.015656144358218 10.690186033956705 5.4490446350537223 3.4441506275907141 1.1305904975160945 3.4366767387837172 3.2971486579626799 1.5228583952411998 2.671067231334745 1.3989053331315515 2.0343180261552334 1.1966786812990893
leaf_count=40 3070 980 1238 603 40 29 3090 571 1157 103 459 67 44 48 1962 79 337 61 18 48 23 41 111 31 19 25
internal_value=-0.000124784 0.000612007 0.00124282 0.00497541 -0.00219431 -0.00297143 -0.00385359 0.00836071 0.00521938 0.0197134 -0.00383527 0.0242475 -0.0126437 0.00357631 -0.0197948 0.0295594 -0.000170961 -0.0201714 -0.0262977 -0.0106514 -0.000473832 -0.0257451 -0.0272296 -0.00626978 -0.0159227 -0.02918
internal_weight=1283.86 1238.29 1202.87 576.853 626.017 612.039 593.764 417.016 327.985 89.0309 159.837 18.2752 72.8982 86.9389 45.5671 13.9779 10.9586 35.4246 26.6489 8.88572 8.77562 34.6085 33.0856 4.06997 5.47847 25.5183
internal_count=14294 11724 10598 4223 6375 6256 6160 3069 2395 674 1154 96 647 507 2570 119 425 1126 1023 385 103 2145 2104 142 80 1005
is_linear=0
shrinkage=0.03


Tree=112
num_leaves=25
num_cat=0
split_feature=6 11 0 6 32 4 29 29 14 35 23 45 29 19 23 1 36 3 49 14 9 40 15 39
split_gain=18.781 22.4276 17.8994 17.4784 15.7638 15.2108 10.9785 10.8273 8.90048 7.62336 6.2677 5.47248 4.53956 4.3266 4.57178 3.77878 3.57085 2.78065 2.53993 2.79525 2.30098 1.68509 1.46631 0.945848
threshold=13.226967871189119 0.62500000000000011 13.743603229522707 0.18542132526636126 0.033348288387060172 0.98343965411186229 0.99728330969810497 0.99394196271896373 0.7485485076904298 0.65937361121177684 0.478098675608635 0.08291740715503694 0.99846932291984569 0.044705623760819442 0.68467089533805858 0.83616966009140026 0.27890241146087652 0.70697414875030529 0.086353402584791197 0.7485485076904298 12.355393886566164 0.50759941339492809 0.37087912857532507 0.70022943615913402
decision_type=2 2 2 2 2 2 2 2 2 2 2 2 2 2 2 2 2 2 2 2 2 2 2 2
left_child=1 2 3 4 6 -6 -1 15 9 16 -4 12 -10 14 -12 18 -9 -13 19 -3 -15 22 -5 -20
right_child=-2 7 10 21 5 -7 -8 8 11 -11 13 17 -14 20 -16 -17 -18 -19 23 -21 -22 -23 -24 -25
leaf_value=-0.0029996905829024981 0.034020799961315622 0.02778566366813336 0.019457169009238155 0.012098599018682177 0.0067645265184638993 -0.00071421632798721155 -0.023577712666699911 -0.015475272732635813 -0.017285965965877712 0.040825435845529515 0.0085745368494167286 -0.020014918129545749 0.022431032553885795 -0.030332856995775741 -0.025599909969669692 0.024007011520927855 0.015871837236290879 0.0083937916620331777 0.00037554416001188645 -0.018985984157983832 0.0064518673630396609 -0.031084592476110406 -0.019893628664584516 -0.029420267756410042
leaf_weight=102.53386425599456 13.368056606501339 0.98706933390349094 2.8011521920561782 1.5501793529838352 516.99392902571708 462.43332100100815 29.540775069966912 6.2150427903980034 3.2103343131020647 4.8292875410988918 7.3191888863220793 33.061920152977109 5.7751895170658827 25.048235747963194 5.1111419042572379 0.56054635904729266 4.9623870784416795 2.7119840513914815 0.75413300655782123 1.7233808999881146 1.1485630087554444 14.926852356642483 1.5769703248515723 37.519758973736316
leaf_count=1134 145 30 34 40 4051 3331 162 209 100 50 103 830 90 847 230 8 50 43 36 71 16 249 36 2430
internal_value=-8.37247e-05 -0.000470552 0.000708578 0.00142837 0.00191761 0.00323328 -0.00776745 -0.0138714 -0.00557638 0.0129927 -0.0184171 -0.0124214 0.00763053 -0.0216611 -0.00611388 -0.0255174 -0.00115137 -0.01761 -0.0268218 0.000136364 -0.0284318 -0.0270542 -0.00421882 -0.0287622
internal_weight=1286.66 1273.3 1170.98 1129.56 1111.5 979.427 132.075 102.311 60.7661 16.0067 41.4283 44.7594 8.98552 38.6271 12.4303 41.5449 11.1774 35.7739 40.9843 2.71045 26.1968 18.054 3.12715 38.2739
internal_count=14325 14180 10233 9003 8678 7382 1296 3947 1372 309 1230 1063 190 1196 333 2575 259 873 2567 101 863 325 76 2466
is_linear=0
shrinkage=0.03


Tree=113
num_leaves=18
num_cat=0
split_feature=6 11 23 1 31 27 5 21 21 7 40 14 5 25 3 31 1
split_gain=18.3516 20.4204 17.4486 15.5758 18.3236 19.8177 13.182 8.92543 8.20889 11.4035 9.39984 8.04215 6.43952 3.28871 2.19204 1.37081 1.19563
threshold=13.226967871189119 0.62500000000000011 0.75899299979209911 0.83616966009140026 0.026867008768022064 0.98098060488700878 0.087954558432102217 57.503520965576179 56.991804122924812 3.1077573299407963 0.85004886984825145 2.2132431268692021 0.39066232740879064 0.091429207473993315 0.73256754875183117 0.047288497909903533 0.78430289030075084
decision_type=2 2 2 2 2 2 2 2 2 2 2 2 2 2 2 2 2
left_child=1 2 3 4 6 -6 -1 8 9 11 -10 -3 -5 -11 -9 -16 -4
right_child=-2 7 16 12 5 -7 -8 14 10 13 -12 -13 -14 -15 15 -17 -18
leaf_value=0.0057877829348922391 0.033718712305228805 0.010306256811635146 -0.029241903344930806 0.041026958800272753 0.0044029805318470203 -0.0058997006960832708 -0.01323842901097352 -0.029916850790707564 -0.018144193213110445 0.004960896585351553 0.063632220612700366 -0.018302165459562921 0.0050057719185198869 -0.026768277465790441 0.023653368300177884 -0.013655048008230012 0.0037059663822424315
leaf_weight=42.805630180053413 13.124514758586882 25.494323599617928 17.722210831940178 11.081220520660283 744.05504361540079 215.83734906837344 130.05312728881836 26.110390030778948 1.5048872507177287 2.7869632602669325 1.9925244096666572 12.263798933010547 7.9099087789654723 27.525077241938561 0.60169124696403631 0.95260770805180073 0.6553982263430943
leaf_count=337 147 615 820 56 5831 1893 1223 1677 61 47 26 384 39 1009 17 55 20
internal_value=-0.000284677 -0.000664884 0.000445476 0.000922187 0.000455821 0.00207951 -0.00850345 -0.0136617 -0.00780662 -0.0103008 0.0315674 0.000704396 0.0271749 -0.0236899 -0.0279031 0.00321906 -0.0277815
internal_weight=1282.48 1269.35 1170.12 1151.74 1132.75 959.892 172.859 99.2323 71.5676 68.0702 3.49741 37.7581 18.9911 30.312 27.6647 1.5543 18.3776
internal_count=14257 14110 10219 9379 9284 7724 1560 3891 2142 2055 87 999 95 1056 1749 72 840
is_linear=0
shrinkage=0.03


Tree=114
num_leaves=31
num_cat=0
split_feature=7 49 0 40 4 18 19 22 25 41 40 19 6 23 24 19 29 11 4 18 5 29 21 49 37 28 25 27 14 32
split_gain=19.2769 21.0082 16.4277 16.7669 20.6759 20.8489 19.7357 17.901 13.9177 26.7445 15.9297 15.5814 13.6117 13.6856 13.1406 19.137 13.0427 13.9128 11.6079 11.1663 11.1005 32.1419 22.1915 13.195 12.715 11.0179 8.945 8.41771 9.93032 8.39843
threshold=3.8474187850952153 1.403120279312134 13.945287227630617 0.74437618255615245 0.92943003773689281 0.73046875000000011 0.078767906874418273 0.690840244293213 0.1782050356268883 0.83083519339561474 0.94893994927406322 0.070808205753564848 0.061423895880579955 0.58708703517913829 0.32223851978778845 0.027250529266893867 0.95414352416992199 0.62500000000000011 0.89014217257499706 0.44921875000000006 0.12229005619883539 0.99022951722145092 61.224760055541999 0.76879093050956737 0.11048689857125284 0.39087909460067755 0.19991891086101535 0.95531544089317333 4.8203964233398446 0.069246191531419768
decision_type=2 2 2 2 2 2 2 2 2 2 2 2 2 2 2 2 2 2 2 2 2 2 2 2 2 2 2 2 2 2
left_child=1 8 3 7 16 6 -6 14 20 10 11 -10 13 -11 15 -2 18 -18 -5 -12 21 -1 23 -22 -23 -16 -9 -3 -29 -14
right_child=2 27 -4 4 5 -7 -8 26 9 12 19 -13 29 -15 25 -17 17 -19 -20 -21 22 24 -24 -25 -26 -27 -28 28 -30 -31
leaf_value=-0.016296311315824222 0.015446000038161045 0.048723104717070545 -0.018389854138552118 0.031772422051458492 0.00029068001671938827 -0.027405811710154698 0.01807499569265927 0.035833525764134712 -0.01731357376738989 -0.014212037619969448 0.036378763536240491 0.0034581278284655601 -0.025630477329408621 0.03497327428532377 -0.031661434935232935 -0.011166238761683057 0.026935013389164757 -0.019916882073358351 -0.021552570350474129 -0.0015486530543917911 0.0019532380519027485 -0.0045997436145904982 -0.040667382249974154 -0.016409305850653252 0.028370084710764881 0.014982296882142379 -0.0093129771971438846 -0.0212530327668847 0.030535215790955424 0.027398488621985337
leaf_weight=30.157285843975842 27.711235615424812 7.7899898570030954 27.755357372574508 4.2915997682139269 161.83426424814388 16.474783218000084 85.320181345101446 15.430697615258397 56.485258870758116 14.489692054223271 14.47781828697771 73.754860477522016 100.39304018113762 6.5771316522732368 4.1007440732792011 158.46805283660069 87.540587922558188 5.3208214254118493 11.00440524285659 12.325189735740421 186.19051208114251 12.987415091134606 12.823390568606554 42.351902856491506 46.759253391064703 43.668143475428224 4.6055735219269982 4.8989104516804201 6.6955497683957219 1.9273469345644105
leaf_count=576 266 34 796 65 1146 217 633 105 388 487 117 612 2373 61 38 1620 426 131 176 123 2584 105 213 242 334 296 38 28 44 36
internal_value=0.000166554 -0.00356787 0.00377726 0.00479302 0.00884423 0.00426506 0.00649019 -0.00113687 -0.00456355 -0.00946958 -0.00121065 -0.005591 -0.0198629 0.00189683 -0.00351758 -0.00712784 0.019837 0.0240349 -0.00537548 0.0194018 -0.000385414 0.0085458 -0.00374602 -0.00149318 0.0211962 0.0103495 0.0253641 0.0263873 0.00846527 -0.0243471
internal_weight=1284.61 631.085 653.526 625.771 371.787 263.629 247.154 253.984 611.7 280.43 157.043 130.24 123.387 21.0668 233.948 186.179 108.157 92.8614 15.296 26.803 331.27 89.904 241.366 228.542 59.7467 47.7689 20.0363 19.3845 11.5945 102.32
internal_count=14310 8357 5953 5157 2794 1996 1779 2363 8251 4197 1240 1000 2957 548 2220 1886 798 557 241 240 4054 1015 3039 2826 439 334 143 106 72 2409
is_linear=0
shrinkage=0.03


Tree=115
num_leaves=31
num_cat=0
split_feature=7 29 21 28 19 40 21 0 21 34 11 23 16 5 41 36 20 0 26 31 24 24 9 32 18 36 16 18 19 19
split_gain=17.0689 19.165 25.2364 35.13 18.2762 18.6558 19.3943 17.6884 17.2116 26.4137 16.5796 14.279 15.8909 13.614 14.0771 12.9072 11.8605 10.5172 10.295 10.1897 9.83762 16.098 9.11851 8.95424 19.2734 12.705 12.7515 10.5236 9.3145 7.42971
threshold=3.7183786630630498 0.99394196271896373 61.334388732910163 0.8884992003440858 0.12583475559949878 0.73801746964454662 46.935184478759773 13.113867759704592 61.602428436279304 0.52385064959526073 0.62500000000000011 0.39675329625606542 0.22363281250000003 0.12768022716045382 0.59251695871353161 0.31340555846691137 0.042329763993620879 4.2780866622924814 0.84375000000000011 0.03401909954845906 0.24124851822853091 0.25622822344303137 3.7802048921585087 0.046548107638955123 0.41796875000000006 0.33980445563793188 0.23339843750000003 0.28515625000000006 0.10901410132646562 0.12515426427125934
decision_type=2 2 2 2 2 2 2 2 2 2 2 2 2 2 2 2 2 2 2 2 2 2 2 2 2 2 2 2 2 2
left_child=1 17 13 29 5 6 11 8 9 -7 -10 -2 -13 20 -15 22 -9 -1 -18 -16 -3 -22 -8 25 27 26 -19 -25 -26 -4
right_child=4 2 3 -5 -6 7 15 16 10 -11 -12 12 -14 14 19 -17 18 23 -20 -21 21 -23 -24 24 28 -27 -28 -29 -30 -31
leaf_value=-0.027403360949100335 -0.031392747075710367 0.035529662392400789 -0.046022217250278934 0.023476321474363335 -0.018919854296677349 0.014404609318358024 -0.015202482443933303 -0.023565150436222898 0.024258685451507798 -0.0043448404278295287 -0.021459231614110313 -0.012639933185767671 0.01416302996970076 0.031372597734847428 -0.011093908843198228 0.016110664437190336 -0.023122214111101578 0.010413317078112 0.051022305838690996 0.0049756659744417736 -0.039339475275959206 0.015778513205323138 0.012694659136778851 0.0065803711329144943 -0.027883125977777277 0.021967554844189073 -0.013576666961529286 0.045524095980250597 0.007586049801604512 0
leaf_weight=24.664547200314701 7.4530076757073394 18.548305125907063 21.626901159062985 10.570314846001564 31.415625113528222 151.40102963056415 115.55259686149657 22.872582567855719 90.583523438312113 120.56740361545235 6.9144040127284816 23.867501414380968 99.720904758200049 11.811520509421824 57.93937729857862 14.741105160675941 1.9764970717951644 21.23300744779408 3.2343381829559803 88.194403491914272 4.4105318887159219 39.989044381305575 10.725968690589069 17.487788805738095 15.957639273256065 9.9000545814633352 202.46514279628173 9.305243297480045 10.218361489940433 3.8034885125234714
leaf_count=1767 38 94 193 159 427 1061 1344 511 530 891 246 355 908 59 345 127 63 350 21 884 36 346 86 210 197 65 2626 110 125 41
internal_value=-5.27531e-05 -0.00391602 0.00213629 -0.0207935 0.00307496 0.00413802 -0.00190289 0.00827401 0.0100305 0.00609626 0.020801 0.0063679 0.00890283 0.00596371 0.00120711 -0.0096003 -0.0142809 -0.0089121 0.0232211 -0.00140734 0.0176463 0.00949125 -0.0127282 -0.00722039 0.0038182 -0.00974181 -0.01125 0.0213648 -0.0141569 -0.0395
internal_weight=1269.15 568.126 256.894 36.0007 701.026 669.611 272.061 397.55 369.466 271.968 97.4979 131.041 123.588 220.893 157.945 141.02 28.0834 311.232 5.21084 146.134 62.9479 44.3996 126.279 286.567 52.969 233.598 223.698 26.793 26.176 25.4304
internal_count=14215 7607 2157 393 6608 6181 2858 3323 2728 1952 776 1301 1263 1764 1288 1557 595 5450 84 1229 476 382 1430 3683 642 3041 2976 320 322 234
is_linear=0
shrinkage=0.03


Tree=116
num_leaves=23
num_cat=0
split_feature=6 11 23 29 22 25 31 1 22 38 32 6 6 28 34 22 1 30 7 16 4 14
split_gain=16.7811 18.4867 16.8811 14.7033 14.7654 16.1037 13.5516 13.1483 7.25416 5.83041 7.72954 5.12288 4.82531 4.64013 3.37074 2.63913 3.10275 1.69853 1.41845 1.32955 1.25636 1.11218
threshold=13.226967871189119 0.62500000000000011 0.75899299979209911 0.90787160396575939 0.75322845578193676 0.20305141061544421 0.043598199263215072 0.83616966009140026 0.6114386022090913 0.46875000000000006 0.037904430180788047 0.033904178068041808 0.019775439053773883 0.62322562932968151 0.54955756664276134 0.31750334799289709 0.67108526825904857 0.23828125000000003 0.54217937588691723 0.22363281250000003 0.89789465069770824 0.92949101328849804
decision_type=2 2 2 2 2 2 2 2 2 2 2 2 2 2 2 2 2 2 2 2 2 2
left_child=1 2 3 15 7 -6 8 -5 9 14 -11 12 20 -14 -3 16 -1 21 -4 -19 -8 -13
right_child=-2 6 18 4 5 -7 11 -9 -10 10 -12 17 13 -15 -16 -17 -18 19 -20 -21 -22 -23
leaf_value=-0.018068181290444279 0.033022765803052703 -0.023266733765406722 0.0072735661145754641 0.00043087519043296215 0.035576515222501368 -0.014943610017677902 0.00091025276104691577 0.024722467749344286 -0.027255864408815007 -0.0058625989659625861 0.027500033932804258 0.014820696149668541 0.038094651871375521 -0.0078177595708550946 0.0098556774828792559 -0.02871307157605868 0.032951217353678938 -1.4361350022347222e-05 -0.029169509430744749 -0.029230250426700702 -0.026892618349957795 -0.015735146577746058
leaf_weight=1.6285889279097348 12.553815206512807 6.824997987598179 0.50283062737435358 1072.9990211194381 20.727235903032128 6.95314354635775 1.5504298293963055 19.446283223107457 6.0942284972406915 9.9161697849631327 14.1547803459689 1.0863768355920904 2.5065718926489353 3.7510231886990368 3.4222735394723713 16.414487536996603 0.80283656623214472 1.6641666563227762 17.315448331646621 40.972906291019171 5.3754674149677157 1.1922199940308926
leaf_count=79 149 163 13 8024 104 40 23 98 196 273 244 19 17 120 78 983 26 32 828 2473 199 54
internal_value=-0.000176329 -0.00053675 0.000527677 0.000994991 0.00144977 0.022703 -0.0129458 0.00088824 0.000360348 0.00598224 0.0139508 -0.0221015 -0.00491361 0.0128747 -0.0120454 -0.0245951 0.00259712 -0.0268643 -0.0276498 -0.0281851 -0.0209606 -0.000174875
internal_weight=1267.86 1255.3 1156.79 1138.97 1120.13 27.6804 98.5116 1092.45 40.4125 34.3182 24.071 58.0992 13.1835 6.2576 10.2473 18.8459 2.43143 44.9157 17.8183 42.6371 6.9259 2.2786
internal_count=14235 14086 10195 9354 8266 144 3891 8122 954 758 517 2937 359 137 241 1088 105 2578 841 2505 222 73
is_linear=0
shrinkage=0.03


Tree=117
num_leaves=31
num_cat=0
split_feature=41 22 39 18 19 27 23 29 4 23 25 29 44 49 36 32 44 29 39 39 19 32 3 21 32 34 7 5 1 2
split_gain=17.1411 16.3108 15.1013 17.0449 24.731 21.6966 19.7908 13.468 13.1811 13.6026 11.9753 11.974 10.5382 10.5141 11.5512 12.456 8.08824 7.86337 6.47231 6.58112 8.87208 8.7333 7.89004 6.22457 5.5213 4.04823 3.80544 3.71016 3.6847 2.07634
threshold=0.97735631465911876 0.75322845578193676 0.85437244176864635 0.73046875000000011 0.072604585438966765 0.90244230628013622 0.519779533147812 0.9910435974597932 0.87021389603614818 0.519779533147812 0.20305141061544421 0.9992055892944337 0.1573787406086922 0.084228515625000014 0.28015191853046423 0.042722854763269431 0.20227272808551791 0.99499860405921947 0.97885712981224071 0.95818379521369945 0.044353201985359199 0.057384574785828597 0.46328160166740423 45.490739822387702 0.038130093365907676 0.63944998383522045 4.3157157897949228 0.20389662683010104 0.82235851883888256 0.67187500000000011
decision_type=2 2 2 2 2 2 2 2 2 2 2 2 2 2 2 2 2 2 2 2 2 2 2 2 2 2 2 2 2 2
left_child=1 2 8 4 5 -4 -6 13 16 12 23 25 -10 14 29 -16 27 -11 19 21 24 22 -9 -3 -21 -5 -12 -1 -15 -2
right_child=7 10 3 11 6 -7 -8 18 9 17 26 -13 -14 28 15 -17 -18 -19 -20 20 -22 -23 -24 -25 -26 -27 -28 -29 -30 -31
leaf_value=0.041116601864118085 -0.022303055305412642 0.045189469676155447 0.0088869476644181673 -0.025119250199598115 0.016787097257869244 -0.0035799736796946831 0.00018600862203628014 -0.012733183825150863 0.0080979574238308327 -0.025666237072514118 -0.025475410973104892 0.029133804508060343 -0.015564433967885011 -0.028848445772725457 -0.016538028859942031 0.083436417595849494 -0.010109011857035445 0.010940540330083575 -0.027422960485768828 0.00074881129121871835 -0.015715391244264364 0.038982569372208509 0.0240005629203912 0.011181326707112062 0.037523798419885276 0.0026090412806717448 0.012176045869511893 0.0044375020033885458 0.0090375151521153892 0.0098825987989866384
leaf_weight=7.2406973652541655 6.026948288548736 13.922602931037551 168.61211639922112 33.837974912021309 167.21069940552115 483.38723436417058 105.59063306963071 42.536372114438564 36.863155588973314 53.795205625705421 4.2289865734055629 3.7865827567875376 29.601335629820824 44.424894991330802 1.3389054927974942 1.7850281056016681 6.7194246212020508 5.1719898330047718 7.0426662880927315 5.7409156085923376 5.655323833692818 2.7722399197518817 5.004723439924418 8.8149553434923273 10.364350496791301 5.0565957492217413 3.5365334879606962 4.2136162538081408 1.8709081280976523 1.6318166740238664
leaf_count=45 248 74 1484 538 1194 3811 1205 692 285 833 46 21 199 2753 53 27 45 38 150 59 126 23 56 59 69 71 25 37 35 43
internal_value=1.4174e-05 0.00121959 0.000612699 0.00196492 0.00282981 -0.000342664 0.0103966 -0.010003 -0.00842715 -0.0119079 0.0225094 -0.0163423 -0.00247061 -0.0209804 0.0050904 0.0462403 0.0148082 -0.0222765 -0.0018829 0.000912801 0.0143621 -0.00501211 -0.00838959 0.0331579 0.0254004 -0.0214641 -0.00855323 0.0293043 -0.0270953 -0.0147496
internal_weight=1277.79 1141.59 1111.09 967.482 924.801 651.999 272.801 136.195 143.605 125.432 30.5031 42.6812 66.4645 57.0785 10.7827 3.12393 18.1737 58.9672 79.1166 72.0739 21.7606 50.3133 47.5411 22.7376 16.1053 38.8946 7.76552 11.4543 46.2958 7.65876
internal_count=14344 10010 9806 8324 7694 5295 2399 4334 1482 1355 204 630 484 3159 371 80 127 871 1175 1025 254 771 748 133 128 609 71 82 2788 291
is_linear=0
shrinkage=0.03


Tree=118
num_leaves=28
num_cat=0
split_feature=6 11 4 4 14 29 23 27 20 20 4 23 24 28 6 41 29 21 47 28 31 6 16 20 49 7 33
split_gain=16.3533 18.4414 17.0772 27.9943 27.7286 30.2616 18.345 21.1996 25.8131 24.703 17.7118 17.5972 16.8529 12.8557 12.1977 11.3553 11.2945 9.51869 8.55901 7.88666 5.4335 5.38041 4.8523 4.04785 2.73002 1.17961 1.0524
threshold=13.226967871189119 0.62500000000000011 0.98343965411186229 0.94230100512504589 7.7743957042694101 0.94894868135452282 0.48466053605079656 0.98557353019714367 0.042142869904637344 0.036834033206105239 0.93774113059043895 0.49361367523670202 0.23897755891084674 0.68234103918075573 0.052048964425921447 0.85040917992591869 0.997378170490265 39.85438537597657 0.53996530175209057 0.76260724663734447 0.022921535186469558 0.019775439053773883 0.22558593750000003 0.026537405326962474 0.086353402584791197 1.055040240287781 39.290571212768562
decision_type=2 2 2 2 2 2 2 2 2 2 2 2 2 2 2 2 2 2 2 2 2 2 2 2 2 2 2
left_child=1 2 3 4 10 -6 7 9 -9 -4 -1 14 -13 16 -8 18 20 25 -5 -17 -3 -19 -15 -24 -22 -18 -25
right_child=-2 13 6 15 5 -7 11 8 -10 -11 -12 12 -14 22 -16 19 17 21 -20 -21 24 -23 23 26 -26 -27 -28
leaf_value=-0.0018714276522531256 0.032929323473267054 0.023799377909367814 0.019695794672914161 -0.004079915483037517 -0.017138201926340208 0.012613293480051298 0.009939843420905755 -0.036174974595277083 0.025599106903230945 -0.0016252233348961935 -0.026079161975371613 -0.021024142504515238 -0.0021499916954190643 0.018266446084754053 -0.042467306934123032 0.025052514911101172 0.00024956778963632862 -0.0082328298850544018 0.034176495019263502 -0.017837708402856825 0.0042908266583048596 0.024896698763603776 0.01579605910280597 0.0026520337901073574 -0.027998766181879412 -0.027625553035202529 -0.027869438830680087
leaf_weight=266.02038635220379 12.505624014884232 1.5555183128453816 77.606970701366663 5.593868574127554 34.295219922438264 240.67913800664246 4.4546892568469074 22.187708700075749 7.391428410075604 128.48921021074057 29.38259803969413 52.455977290868759 213.12018775660545 1.6170959183946241 19.277673915959895 5.4212619420140973 1.4995962772518421 4.9552126750350025 43.057812268845737 8.6563130589202029 2.2678902409970787 19.191025156527758 1.3435330279171456 0.68776182737201352 16.132062720600516 4.6677197627723217 43.803049273788929
leaf_count=2887 149 37 430 65 795 1407 22 118 49 707 229 659 2342 16 114 49 19 65 230 105 74 200 12 19 841 81 2544
internal_value=9.20008e-05 -0.000258554 0.000799339 0.00411583 0.0019994 0.00884312 -0.00319471 0.00300317 -0.020308 0.00644521 -0.00436926 -0.00824689 -0.00595411 -0.0127072 -0.0325048 0.0229794 -0.00197241 0.00941163 0.0297239 -0.000555642 -0.0190325 0.0179216 -0.023742 -0.0256466 -0.0238482 -0.0213399 -0.0272837
internal_weight=1268.32 1255.81 1158.09 633.107 570.377 274.974 524.984 235.675 29.5791 206.096 295.403 289.309 265.576 97.7205 23.7324 62.7293 50.269 30.3136 48.6517 14.0776 19.9555 24.1462 47.4514 45.8343 18.4 6.16732 44.4908
internal_count=14265 14116 10208 5767 5318 2202 4441 1304 167 1137 3116 3137 3001 3908 136 449 1317 365 295 154 952 265 2591 2575 915 100 2563
is_linear=0
shrinkage=0.03


Tree=119
num_leaves=30
num_cat=0
split_feature=0 23 29 20 27 27 20 47 23 0 4 50 7 38 44 16 49 15 6 15 6 32 9 45 40 18 40 0 16
split_gain=14.9522 14.1007 13.4086 12.875 30.9998 34.8447 23.1112 20.6837 17.8138 14.6775 6.24962 4.86376 4.57203 7.54277 4.20447 4.53488 3.53944 3.50421 3.01129 2.95551 2.49899 2.26286 2.01397 1.70618 1.20465 1.16886 1.20462 1.13306 0.714114
threshold=4.0965287685394296 0.74352878332138073 0.90787160396575939 0.042068898677825935 0.98021599650383007 0.9721493422985078 0.043971218168735511 0.8560052514076234 0.53732785582542431 6.1927027702331552 0.87356704473495495 0.27013625204563146 0.87548458576202404 0.65625000000000011 0.31643131375312811 0.39550781250000006 0.11918033659458162 0.93095237016677868 0.09819332137703897 0.57738095521926891 13.226967871189119 0.04314237833023072 3.2247035503387456 0.33670675754547125 0.92165514826774608 0.15234375000000003 0.34430947899818426 10.423141479492189 0.35644531250000006
decision_type=2 2 2 2 2 2 2 2 2 2 2 2 2 2 2 2 2 2 2 2 2 2 2 2 2 2 2 2 2
left_child=10 2 22 4 5 -4 9 -6 -8 -5 11 21 13 19 20 -16 -15 24 -19 -12 23 -1 25 -14 -3 -2 -27 -24 -13
right_child=1 17 3 6 7 -7 8 -9 -10 -11 12 28 14 16 15 -17 -18 18 -20 -21 -22 -23 27 -25 -26 26 -28 -29 -30
leaf_value=0.0015927572656216831 0.0062324440156952708 -0.029211352004302062 -0.00016739807869008052 -0.010966147240060982 -0.0064795822536826081 0.01741659831737144 0.0081687564505035469 -0.034030012096333072 -0.012945011238661383 0.025975275019221776 0 -0.021405745493837017 -0.029859466681812479 0.020778463879786362 0.025327710184365675 -0.022640365840759537 -0.026875781692304462 -0.019617931480445942 0.02175139847262882 0.047911375131788364 0.012781354767389405 0.043794894677460602 0.019983768494076355 0 -0.0012898935345525607 0.0040367765115071185 -0.028721175960684783 -0.012703249482856694 0.0048383699740175805
leaf_weight=2.1411850564181796 0.48985456861556187 17.720686842221774 590.54529506992549 10.561857491731642 175.89362433087081 121.37097213510424 106.3976855520159 27.774601398967206 53.043073884677142 68.128201419487596 1.8034177478402837 2.5479079438373451 31.844751143362373 0.88853834848850954 2.5842919610440722 2.5000491943210363 6.1751066506840289 2.0261163897812358 2.3021274199709296 1.8951281309127805 0.74460434913635154 2.2004977064207196 0.91805284935980924 1.8985121496953059 1.8499009711667884 0.66009434685111301 16.722492176108062 0.8702438548207283 0.61084301909431804
leaf_count=56 18 813 4747 152 1212 833 651 332 482 398 34 125 2451 8 21 44 266 103 38 34 8 22 20 113 39 33 1079 53 22
internal_value=-0.000117721 0.000604947 0.00108054 0.00151069 -0.000104883 0.00284642 0.00770939 -0.0103993 0.00108898 0.0209039 -0.0148851 0.00941327 -0.0186771 -0.00091371 -0.0232926 0.00140352 -0.0186759 -0.0217309 0.0017754 0.0291257 -0.0269549 0.0277382 -0.0228672 -0.0282608 -0.0269089 -0.0258061 -0.0271621 0.00415011 -0.0156662
internal_weight=1255.11 1197.27 1173.38 1153.72 915.584 711.916 238.131 203.668 159.441 78.6901 57.8348 7.50043 50.3344 10.7622 39.5722 5.08434 7.06364 23.8988 4.32824 3.69855 34.4879 4.34168 19.6607 33.7433 19.5706 17.8724 17.3826 1.7883 3.15875
internal_count=14207 11003 10010 8807 7124 5580 1683 1544 1133 550 3204 225 2979 342 2637 65 274 993 141 68 2572 78 1203 2564 852 1130 1112 73 147
is_linear=0
shrinkage=0.03


Tree=120
num_leaves=31
num_cat=0
split_feature=13 38 0 5 44 16 29 41 6 27 6 26 16 21 21 5 50 32 13 14 7 13 14 23 42 35 26 28 41 50
split_gain=19.7095 22.2775 17.6129 18.9257 22.1942 17.4475 16.2121 16.408 16.8729 13.2185 13.2206 10.3903 10.7527 10.5719 10.0956 14.0522 10.1606 9.88997 9.06718 8.97764 8.39302 11.3411 7.15595 6.92696 6.9149 6.51946 6.4649 15.1175 6.42024 5.62038
threshold=33.799217224121101 0.40625000000000006 13.52400064468384 0.027785272337496284 0.2674796879291535 0.34472656250000006 0.99943783879280101 0.7169318199157716 0.064773362129926695 0.97607484459877025 0.10329245403409006 0.84375000000000011 0.40722656250000006 38.411836624145515 44.536968231201179 0.096123643219470992 0.13035988062620166 0.043608607724308975 32.168743133544929 2.8454346656799321 3.6401746273040776 28.619110107421879 54.980937957763679 0.48396743834018713 0.37952858209609991 0.51151019334793102 0.65625000000000011 0.55225560069084179 0.9982067644596101 0.29048305749893194
decision_type=2 2 2 2 2 2 2 2 2 2 2 2 2 2 2 2 2 2 2 2 2 2 2 2 2 2 2 2 2 2
left_child=6 22 3 24 5 -5 7 8 29 17 -11 13 -13 -4 15 16 -9 -10 -17 -6 21 28 25 -14 -3 -2 -16 -28 -8 -1
right_child=1 2 11 4 19 -7 20 14 9 10 -12 12 23 -15 26 18 -18 -19 -20 -21 -22 -23 -24 -25 -26 -27 27 -29 -30 -31
leaf_value=0.012668633280686121 0.0039078504866617491 0.00030110501753090313 0.020869583973170836 0.011684861851699549 0.013257601129673471 0.0018571153051043033 -0.01094902802846443 0.047071682425897252 -0.025264867979718792 -0.024998894568980641 0.02423416414772259 0.05366316427893765 0.0285293671531811 -0.029979291032310479 -0.020444236552274283 -0.013485557500090225 0.0038251722430117799 0.0080575876583853338 0.011984376155724315 -0.016263202027778628 -0.017886020200668214 0.048232419532683667 0.030000665661676432 -0.026329182254599296 0.043484283496969096 -0.02049193244974773 0.049608988937274466 -0.011204584832894372 0.028406098706363868 0.04598611347884396
leaf_weight=11.756880218163134 11.535878093913196 4.4460039827972677 3.4519887417554882 285.69783032778651 10.097923174500464 378.63781784521416 8.075750884599989 6.5241426229476955 24.064060926437378 5.4551817812025574 20.1477429876104 2.5750618223100883 2.1165384314954281 26.671625386923552 83.908971619326621 60.974342011846602 15.046343165449796 11.032073533162473 14.830279623158274 58.259077451191843 4.3757834360003462 9.0975566022098047 2.2537977769970885 5.2363041816279292 14.551598230376838 51.497919996269047 2.8150607547722748 108.71098444703966 5.3276826096698633 8.3113374467939121
leaf_count=74 79 39 55 1874 78 2478 155 29 144 44 109 12 12 730 2012 1149 171 68 134 471 57 39 17 201 89 958 26 2855 65 40
internal_value=0.000207039 0.00277619 0.00417316 0.00521507 0.00441799 0.00609926 -0.00527707 -0.0069138 0.00498536 -0.00295248 0.013086 -0.0149592 0.0106667 -0.0235726 -0.010212 -0.00225147 0.0185443 -0.0147742 -0.00837245 -0.0117308 0.0167972 0.0241438 -0.0139269 -0.00865381 0.0340486 -0.0159884 -0.0141314 -0.00921569 0.00537192 0.0281374
internal_weight=1257.48 857.029 791.742 751.69 732.693 664.336 400.454 373.577 80.7673 60.6991 25.6029 40.0515 9.9279 30.1236 292.81 97.3751 21.5705 35.0961 75.8046 68.357 26.8768 22.501 65.2876 7.35284 18.9976 63.0338 195.435 111.526 13.4034 20.0682
internal_count=14264 7093 6039 5029 4901 4352 7171 6855 479 365 153 1010 225 785 6376 1483 200 212 1283 549 316 259 1054 213 128 1037 4893 2881 220 114
is_linear=0
shrinkage=0.03


Tree=121
num_leaves=31
num_cat=0
split_feature=47 25 38 0 18 14 28 5 28 28 29 41 20 22 25 50 41 4 27 33 34 29 9 45 14 49 21 31 45 9
split_gain=16.2861 18.2315 17.2424 14.6706 13.8343 13.0651 12.3151 25.0992 20.6098 11.1803 9.24443 10.1833 8.31685 12.2295 9.84854 8.42757 7.87445 7.80356 6.6539 8.56773 6.52395 6.51492 6.25441 6.15587 6.11211 5.96592 6.30187 7.88768 5.32443 5.02033
threshold=0.8577668070793153 0.1751276031136513 0.40625000000000006 13.945287227630617 0.83203125000000011 5.7654380798339853 0.93567231297492992 0.045718697831034667 0.91782674193382274 0.67557448148727428 0.97900760173797619 0.88144513964653026 0.029559870250523094 0.34735116362571722 0.13965088874101642 0.3303236067295075 0.76038268208503734 0.8695778250694276 0.89643964171409618 57.854497909545906 0.63470232486724865 0.96049025654792797 0.30444945394992834 0.36360998451709753 3.5796439647674565 1.1649433970451357 45.593915939331062 0.032115802168846137 0.24946516752243045 0.48672090470790869
decision_type=2 2 2 2 2 2 2 2 2 2 2 2 2 2 2 2 2 2 2 2 2 2 2 2 2 2 2 2 2 2
left_child=2 10 23 4 6 9 8 -8 -4 -3 11 -2 17 15 -15 -14 -11 24 19 -7 -20 -5 -6 25 -12 26 27 -1 -19 -27
right_child=1 5 3 21 22 18 7 -9 -10 16 12 -13 13 14 -16 -17 -18 28 20 -21 -22 -23 -24 -25 -26 29 -28 -29 -30 -31
leaf_value=-0.015930367359675634 0.017971875242455519 0.019912566117603385 0.0041274933317006638 -0.02820605839136605 0.01377440857968577 0.031773501078912955 -0.025139063461824578 0.017051702054899795 -0.018300342658940948 0.013207404365067657 -0.01784368835546201 -0.022499230766305053 0.036948232930154909 0.0089748387854733241 -0.0073321821460938926 -0.010796398590332608 -0.027331139445111945 -0.028480783844185027 -0.01735633436357216 -0.014650980681215212 0.020157550824457179 0.0051383968352495821 -0.030407092409563703 0.020945990011019225 0.024385175186448699 0.024769707092994406 -0.028077126513049156 0.020050582834938959 0.0079805581295169497 -0.014457838577420879
leaf_weight=22.421824881806973 6.0829992145299903 4.5482376297004512 637.91108447825536 17.874851149041209 2.8563356203958419 8.8636890929192287 13.212257760111241 121.80857750261202 38.114350152667612 3.9163417643867424 4.0605200920253974 27.47830897429958 14.806720044929536 74.99546180292964 58.283648559357971 3.6129491990432134 69.867395502980798 17.507935837376866 19.737749052699659 4.7707726932130745 4.2660377132706335 6.7421804331243029 13.818974619265644 3.8227595109492531 6.966803140938282 5.2043928019702417 27.855989451520145 6.1751250419765702 3.8604030339047304 4.5793767478317022
leaf_count=419 64 82 4697 730 44 64 121 1127 304 49 58 1205 108 727 783 56 1996 180 300 95 58 53 225 67 35 31 454 97 42 37
internal_value=9.08147e-10 -0.00566784 0.00205719 0.00324024 0.0039309 -0.015221 0.00450111 0.0127467 0.00283342 -0.0221282 -0.000517745 -0.0147693 0.00212993 0.0050989 0.00181985 0.0273551 -0.0249915 -0.0114194 -0.000567428 0.0154332 -0.0100297 -0.0191124 -0.0223183 -0.0121365 0.00839535 -0.0143736 -0.0180921 -0.00764446 -0.0216973 0.00649265
internal_weight=1256.02 333.626 922.398 852.339 827.722 115.97 811.046 135.021 676.025 78.332 217.656 33.5613 184.094 151.699 133.279 18.4197 73.7837 32.3957 37.6382 13.6345 24.0038 24.617 16.6753 70.0595 11.0273 66.2367 56.4529 28.5969 21.3683 9.78377
internal_count=14308 5902 8406 7301 6518 2644 6249 1248 5001 2127 3258 1269 1989 1674 1510 164 2045 315 517 159 358 783 269 1105 93 1038 970 516 222 68
is_linear=0
shrinkage=0.03


Tree=122
num_leaves=22
num_cat=0
split_feature=6 11 23 28 21 16 21 16 40 14 29 16 19 9 3 1 1 37 24 39 37
split_gain=15.559 15.2423 14.8682 17.5116 24.8786 30.6951 20.5514 20.0475 31.4446 24.0044 11.2405 8.19794 8.69389 7.79202 5.16091 3.74103 2.28969 1.59898 1.30784 1.09687 0.865326
threshold=13.226967871189119 0.62500000000000011 0.75899299979209911 0.65377187728881847 54.379989624023445 0.27050781250000006 56.029924392700202 0.34472656250000006 0.66456675529479992 8.2901487350463885 0.99394196271896373 0.37792968750000006 0.074390973895788207 0.45007224380970007 0.70697414875030529 0.83616966009140026 0.81397110223770153 0.082503929734230055 0.11020952835679056 0.70022943615913402 0.072994265705347075
decision_type=2 2 2 2 2 2 2 2 2 2 2 2 2 2 2 2 2 2 2 2 2
left_child=1 2 3 7 5 -5 -6 8 -1 -9 15 12 13 -12 16 17 -13 20 -4 -19 -3
right_child=-2 10 18 4 6 -7 -8 9 -10 -11 11 14 -14 -15 -16 -17 -18 19 -20 -21 -22
leaf_value=0.0035926575897700687 0.032362138853463701 -0.013745259105318181 0.0059288702628509018 0.013488227834171388 0.018334921843454109 -0.011123285898492345 0.00040292848265700333 -0.026474675284492225 0.027151259026925743 0.015921185208624379 0.0090991491707062 -0.029240146784624371 0.048691396666399864 -0.01771518738824809 0.021738160835552248 0.023793288023830926 0.011942265921636261 0.0032802100559568251 -0.028942586687672484 -0.029088288566134712 0.014778852134435251
leaf_weight=180.45551863498986 11.933904079720376 0.95460144942626246 0.55163533613086002 52.540654735639691 66.152608185075223 307.6425501992926 404.08148110378534 30.636388272047043 70.504143082536757 18.450465559959412 25.212722444906831 14.483458601403981 2.459003532305359 14.517797233536838 1.4407661762088526 0.56307530775666137 0.68344384431839067 0.60181574616581102 15.790628663729875 32.483707499224693 0.87490538647398353
leaf_count=1480 145 38 11 526 476 2409 3699 292 424 114 368 705 20 259 26 8 4 32 825 2429 25
internal_value=-0.000367205 -0.000710138 0.000244978 0.000669886 -0.00157261 -0.00749744 0.00296553 0.00687085 0.0103046 -0.0104796 -0.0122407 -0.00398915 0.00305714 -0.00081971 -0.0212167 -0.0253494 -0.0265749 -0.0268658 -0.0273185 -0.0283325 0
internal_weight=1253.02 1241.08 1146.81 1130.46 830.417 360.183 470.234 300.047 250.96 49.0869 94.2753 58.7972 42.1895 39.7305 16.6077 35.4781 15.1669 34.915 16.3423 33.0855 1.82951
internal_count=14315 14170 10256 9420 7110 2935 4175 2310 1904 406 3914 1382 647 627 735 2532 709 2524 836 2461 63
is_linear=0
shrinkage=0.03


Tree=123
num_leaves=31
num_cat=0
split_feature=47 44 0 0 25 35 16 24 18 4 37 21 21 21 43 29 20 4 6 0 7 6 48 14 20 41 32 25 34 9
split_gain=15.4086 18.6866 26.6921 21.0145 17.2462 15.5846 16.6168 15.2655 20.1339 16.1129 15.0439 14.4181 29.6568 12.2352 11.5167 13.499 11.6731 11.3782 13.7868 13.3 11.2735 11.1952 10.9696 10.3411 10.0814 9.62185 9.2822 8.92698 8.85901 8.25805
threshold=0.8577668070793153 0.082650274038314833 6.4215145111083993 13.743603229522707 0.1751276031136513 0.51533758640289318 0.38769531250000006 0.26882468163967138 0.16015625000000003 0.87356704473495495 0.1742370277643204 50.558847427368171 52.911949157714851 54.309019088745124 0.88627052307128917 0.97900760173797619 0.032238774001598365 0.93243736028671276 0.052821164950728423 8.9327440261840838 4.3446958065032968 0.027999998070299629 0.3768365234136582 6.3730554580688485 0.050323508679866798 0.79007753729820263 0.037823278456926353 0.13965088874101642 0.45725728571414953 2.7628895044326787
decision_type=2 2 2 2 2 2 2 2 2 2 2 2 2 2 2 2 2 2 2 2 2 2 2 2 2 2 2 2 2 2
left_child=1 2 24 11 14 6 13 8 -7 23 -11 20 -13 -3 15 -2 28 18 -6 -20 -4 -10 -8 -9 29 -19 -16 -18 -17 -1
right_child=4 5 3 -5 17 7 22 9 21 10 -12 12 -14 -15 26 16 27 25 19 -21 -22 -23 -24 -25 -26 -27 -28 -29 -30 -31
leaf_value=-0.016612491581831115 -0.02256476930727188 0.0060414992411242895 0.0091024274550536022 -0.017446740861841534 0.019965212609238423 0.025579810890477322 -0.016178973589446501 -0.013787869738462128 0.020785353346094597 -0.012410549663693355 0.0051637052396034831 -0.019286406373777602 0.010227567401252153 0.033873117776410812 -0.0063393642263394308 -0.027276712041705009 0.016409348886426874 0.004895266423363717 -0.024737092609559166 0.014671307505330928 0.026117836751130556 -0.020741518605317782 0.0096560251170879005 0.026296702654934709 0.029479837270295944 -0.027984115265221442 0.026906100210914184 -0.0021732730226485856 -0.0023209005853170972 0.029167910994837946
leaf_weight=62.384997881483287 27.14278018148616 34.533215306699276 69.546845340169966 24.816893184091896 14.201204213313757 9.3337089326232654 31.706858657300472 6.5774937635287634 5.3494155053049317 98.277043599169701 77.437209526542574 34.582489028573036 219.72085385769606 24.251857516355813 10.758396259043364 17.822805112227798 43.750823526177555 8.8681183462031168 26.571821065153927 9.8311347123235446 74.776768571697176 100.12668612925336 25.970654971897602 26.11047478299588 4.1633479339070609 54.509578549303114 21.258005103096366 47.528221197426319 41.677019050810486 2.8174701463431111
leaf_count=1545 1116 195 553 733 225 66 206 36 32 902 647 195 1344 128 184 196 467 100 705 93 412 977 212 170 72 1503 225 616 431 40
internal_value=1.67408e-05 0.00197762 0.00598532 0.00881632 -0.00560763 -0.00251099 0.00684728 -0.00590302 -0.0146379 -0.00102968 -0.00466321 0.0104984 0.00614241 0.0179482 -0.000475526 -0.00349115 4.8712e-05 -0.0149478 -0.00414006 -0.0139064 0.0180581 -0.0184318 -0.00452872 0.017972 -0.0111335 -0.0233323 0.0157902 0.00678233 -0.0101731 -0.0141782
internal_weight=1256.4 932.484 492.81 423.444 323.92 439.675 116.463 323.212 114.81 208.402 175.714 398.627 254.303 58.7851 209.938 177.922 150.779 113.982 50.6042 36.403 144.324 105.476 57.6775 32.688 69.3658 63.3777 32.0164 91.279 59.4998 65.2025
internal_count=14326 8465 4894 3237 5861 3571 741 2830 1075 1755 1549 2504 1539 323 3235 2826 1710 2626 1023 798 965 1009 418 206 1657 1603 409 1083 627 1585
is_linear=0
shrinkage=0.03


Tree=124
num_leaves=31
num_cat=0
split_feature=39 32 18 19 41 19 34 6 29 10 24 29 4 23 44 13 22 0 34 47 6 41 32 48 27 29 33 40 27 40
split_gain=16.0087 15.1704 16.8725 16.8392 20.7795 14.906 14.8799 15.1335 13.2531 12.0953 11.2909 10.8848 10.4683 14.7523 12.7994 10.405 9.78714 8.79155 8.72355 8.38828 8.0532 7.62202 6.8121 6.20519 6.11073 5.19984 5.14425 5.11612 5.01975 4.98102
threshold=0.85437244176864635 0.033430563285946853 0.73046875000000011 0.10407631844282152 0.83083519339561474 0.12583475559949878 0.60605892539024364 0.10157041624188425 0.93685990571975719 0.62500000000000011 0.32554814219474798 0.9992055892944337 0.87021389603614818 0.519779533147812 0.12973351776599887 47.048004150390632 0.7326929271221162 6.1927027702331552 0.35587823390960699 0.68280956149101268 0.12900985777378085 0.98450174927711498 0.030104974284768108 0.23049166798591617 0.98071265220642101 0.99880871176719677 55.826837539672859 0.74437618255615245 0.94309911131858837 0.78868979215621959
decision_type=2 2 2 2 2 2 2 2 2 2 2 2 2 2 2 2 2 2 2 2 2 2 2 2 2 2 2 2 2 2
left_child=12 6 3 8 5 -5 7 19 16 -10 20 -4 21 14 17 18 -3 -14 -9 22 -8 26 -2 -19 29 -15 28 -22 -1 -16
right_child=1 2 11 4 -6 -7 10 15 9 -11 -12 -13 13 25 24 -17 -18 23 -20 -21 27 -23 -24 -25 -26 -27 -28 -29 -30 -31
leaf_value=0.0066175893571430635 0.023787623613571836 -0.018494352723681221 -0.020496631140585669 0.029007221690214736 -0.022150055769366354 -0.016727672808906892 0.029902274549924338 0.03034539337368139 0.0077216602604108205 0.00019299637378949482 -0.030083888782207847 0.028186292827664206 -0.017558038717514431 -0.024133902133683962 -0.030895009213585841 0.035282855909614226 0.026275333837017942 -0.014067467942902789 -0.011067612858995367 -0.029639730108991475 -0.029236639400759098 -0.025368540100715285 -0.015331140687258016 0.022020099626770852 0.0071580457048708466 0.019301071391870889 -0.00058428022984610781 0.019587987636154301 0.048667538072178579 -0.00078863192126503196
leaf_weight=5.2071416247636133 4.4252271587029126 38.9607620597817 38.805480963084847 54.490746637806296 9.4149369508959335 6.5098747350275508 16.853455557022251 4.2942072711884967 316.04955503670499 489.43309631198645 3.9789434433914712 3.6899531036615363 7.7880769064649931 61.227739648893476 18.176025046966974 5.6002585124224415 4.0033599976450196 4.2892059087753323 32.742889549583197 43.810158148873597 3.4973676665686062 3.5740892901085308 14.276833232492207 25.77421339508146 7.1793387141078702 1.7958481051027764 7.7869262695312491 2.4135320680215955 5.3342291912995279 7.0160350902006021
leaf_count=40 54 1368 847 344 347 52 150 64 2356 5250 59 24 210 1104 119 85 63 27 538 512 81 98 148 139 45 18 57 45 39 50
internal_value=4.83784e-06 0.00128952 0.00260283 0.00346632 0.0174656 0.023887 -0.00820806 -0.0132854 0.00228174 0.00315667 0.0114063 -0.0156496 -0.00897869 -0.0121433 -0.00256032 0.0004601 -0.0137517 0.00913385 -0.00551563 -0.0225676 0.0197453 0.00983197 -0.00518514 0.0164877 -0.016188 -0.0225672 0.0178088 -0.00891688 0.0305291 -0.0229751
internal_weight=1248.4 1093.25 961.358 918.862 70.4156 61.0006 131.893 105.15 848.447 805.483 26.7433 42.4954 155.149 133.246 70.2229 42.6374 42.9641 37.8515 37.0371 62.5122 22.7644 21.9024 18.7021 30.0634 32.3714 63.0236 18.3283 5.9109 10.5414 25.1921
internal_count=14333 12387 10651 9780 743 396 1736 1401 9037 7606 335 871 1946 1712 590 687 1431 376 602 714 276 234 202 166 214 1122 136 126 79 169
is_linear=0
shrinkage=0.03


Tree=125
num_leaves=23
num_cat=0
split_feature=6 11 23 29 30 27 20 29 36 35 9 21 33 21 43 6 7 35 49 33 1 28
split_gain=15.2885 17.6202 15.0655 14.4351 12.9854 18.2213 17.0972 8.38424 6.93736 8.14356 6.4212 5.01851 7.56205 3.93933 3.17058 1.80047 1.41267 1.31811 1.15274 0.994173 0.915583 0.857766
threshold=13.226967871189119 0.62500000000000011 0.75899299979209911 0.90787160396575939 0.18359375000000003 0.98403856158256542 0.04800542630255223 0.99394196271896373 0.26657840609550482 0.63906303048133861 0.40498404204845434 41.137937545776374 53.602083206176765 30.483092308044437 0.42500489950180059 0.12205877900123598 0.60372206568717968 0.87630468606948864 1.3582461476325991 34.42016792297364 0.75934565067291271 0.34098839759826666
decision_type=2 2 2 2 2 2 2 2 2 2 2 2 2 2 2 2 2 2 2 2 2 2
left_child=1 2 3 17 6 -6 -5 13 9 15 -11 20 -13 14 -3 -9 -4 18 -1 -15 -10 -21
right_child=-2 7 16 4 5 -7 -8 8 11 10 -12 12 -14 19 -16 -17 -18 -19 -20 21 -22 -23
leaf_value=-0.028628793755514394 0.032814924078740204 -0.017555023028092295 0.0075290663236889594 -0.0025905557679823804 0.0051220469188631157 -0.0067419057149423279 -0.036336567211704827 -0.025800801081577521 -0.00083536055175671589 0.024207358189750224 -0.023812450866359382 0.033622574643342097 -0.0032066559272363082 0.0011655015105875455 0.031728126899192015 0.005505252191727668 -0.028912571997245728 0.0074147008235864401 0.0046665882947772314 0.00023141586389384975 -0.026223488427252164 -0.028848391613888684
leaf_weight=15.760925274807963 11.75067458860576 1.4243619069457047 0.49216516315936942 208.18820787873119 751.29389387089759 136.77237205673009 13.497134979814289 21.548904953058813 2.4057020451873568 6.4441803302615863 2.7962988577783108 8.262849725782873 10.319771539885549 0.79676577448845165 1.2879688004031775 1.2750602392479766 15.485939771402625 0.51220497023314138 0.55592597741633731 0.71363471820950763 2.8218630366027355 30.276383656077087
leaf_count=1025 148 43 13 1643 5499 1091 97 828 38 95 66 56 208 31 19 34 826 23 27 15 25 2445
internal_value=0.000131852 -0.00020355 0.000807093 0.00123129 0.00166261 0.00328596 -0.00481257 -0.0128825 -0.00545719 -0.0144097 0.00847663 0.00657289 0.0138971 -0.0243316 0.00728201 -0.0237683 -0.027236 -0.025541 -0.0271172 -0.0272605 -0.0170319 -0.0280987
internal_weight=1244.68 1232.93 1142.56 1126.58 1109.75 888.066 221.685 90.3737 55.8746 32.0644 9.24048 23.8102 18.5826 34.4991 2.71233 22.824 15.9781 16.8291 16.3169 31.7868 5.22757 30.99
internal_count=14295 14147 10244 9405 8330 6590 1740 3903 1350 1023 161 327 264 2553 62 862 839 1075 1052 2491 63 2460
is_linear=0
shrinkage=0.03


Tree=126
num_leaves=31
num_cat=0
split_feature=36 29 48 28 28 5 16 0 25 29 4 5 27 18 41 24 23 4 18 14 48 30 24 9 18 36 27 42 49 5
split_gain=15.309 14.5833 24.3923 23.8758 20.7123 20.6123 20.8737 19.8653 21.5722 16.562 15.2403 18.8009 15.1402 15.0223 14.5072 15.8001 14.4978 13.4044 17.9831 10.9735 8.96877 8.26664 7.28228 7.47622 6.59309 6.45143 4.68921 4.10767 2.50192 2.22699
threshold=0.33980445563793188 0.9840834140777589 0.24590462446212771 0.93567231297492992 0.81841140985488903 0.1476683393120766 0.40136718750000006 9.5884079933166522 0.1782050356268883 0.98633748292922985 0.91865441203117382 0.078874535858631148 0.98146924376487743 0.34765625000000006 0.97735631465911876 0.24726380407810214 0.47212083637714392 0.92602220177650463 0.30859375000000006 8.1682567596435565 0.41589742898941046 0.16015625000000003 0.17178029567003253 0.86257991194725048 0.45703125000000006 0.2858701497316361 0.97044086456298839 0.96459901332855236 0.94084015488624584 1.1600181460380556
decision_type=2 2 2 2 2 2 2 2 2 2 2 2 2 2 2 2 2 2 2 2 2 2 2 2 2 2 2 2 2 2
left_child=1 2 22 4 5 9 -7 8 -6 -3 14 12 -12 -9 15 -4 -13 19 -19 -5 24 -20 23 -1 26 -16 -2 29 -22 -24
right_child=20 3 10 17 7 6 -8 13 -10 -11 11 16 -14 -15 25 -17 -18 18 21 -21 28 -23 27 -25 -26 -27 -28 -29 -30 -31
leaf_value=-0.022429736904022269 0.012307090283088649 0.038377003674581994 -0.013128529521983727 -0.034516020773696268 0.0056045516787719563 0.0018167338984347611 -0.024592384181655144 0.031579398250254694 -0.021226281790229298 0.0087761979370627741 -0.0046475927009414211 0.016480192565469783 -0.031152386988519607 -0.017052594929273121 -0.025117325204554741 0.013081540630485436 -0.0045737357862394717 -0.027818965431268852 -0.001771284921147137 0.018141614518051876 0.048464808580712032 0.037168763832175024 -0.030480689514719272 0.033546061061992018 0.028795317882753163 0.01084263409022534 -0.023317517211925171 0.015226788751758362 0.015805473943512369 -0.0056919885393996025
leaf_weight=3.3266163333319119 5.1001022933051043 18.494776073843241 23.863837040495127 5.7932335189543647 37.342359200119972 253.57266802759841 29.114536255598068 16.271990671753887 91.507680154405534 149.97595643671229 38.221055339090526 33.363669210113585 39.938241298310459 7.6856555938720694 17.310396163258705 123.86009943624958 203.52480781869963 4.0913192154839626 5.3075837502256027 6.4991990402340889 8.3007130790501815 39.982190933078527 42.505848247092217 3.2601548456586897 6.0604999624192706 5.1797076049260786 6.3476711492985487 1.341164001263677 4.9052451765164724 4.4162847558036438
leaf_count=112 33 103 294 93 272 1996 423 76 919 1192 602 301 441 33 886 1226 3115 43 30 32 66 366 1096 24 41 188 37 28 36 154
internal_value=0.000144441 -0.000393955 -0.0040548 0.00257365 0.000738343 0.00397659 -0.000969721 -0.00876664 -0.013444 0.0122508 -0.00188314 -0.00578941 -0.0184515 0.0157998 0.00532102 0.0087675 -0.00153905 0.0202003 0.0270826 -0.00717911 0.0207209 0.0326008 -0.0228362 0.00565017 0.00578414 -0.0165986 -0.0074917 -0.0268206 0.0385115 -0.0283777
internal_weight=1236.47 1205.75 540.112 665.639 603.966 451.158 282.687 152.808 128.85 168.471 485.262 315.048 78.1593 23.9576 170.214 147.724 236.888 61.6735 49.3811 12.2924 30.7142 45.2898 54.8501 6.58677 17.5083 22.4901 11.4478 48.2633 13.206 46.9221
internal_count=14258 14045 8467 5578 5014 3714 2419 1300 1191 1295 7053 4459 1043 109 2594 1520 3416 564 439 125 213 396 1414 136 111 1074 70 1278 102 1250
is_linear=0
shrinkage=0.03


Tree=127
num_leaves=16
num_cat=0
split_feature=6 6 23 0 15 44 20 23 4 25 37 39 6 23 24
split_gain=14.8291 16.8852 15.1945 14.192 18.3198 14.7429 14.2404 11.8766 11.4223 9.824 2.16951 1.66354 1.32375 0.542274 0.336358
threshold=13.226967871189119 0.18542132526636126 0.74352878332138073 6.4215145111083993 0.37087912857532507 0.080322578549385085 0.045299829915165908 0.53610941767692577 0.90012124180793773 0.14631973206996921 0.094085324555635466 0.98670044541358959 0.0071039909962564715 0.49028690159320837 0.33427619934082037
decision_type=2 2 2 2 2 2 2 2 2 2 2 2 2 2 2
left_child=1 2 3 6 9 -6 8 -8 -1 -5 -3 12 -4 -12 -14
right_child=-2 10 11 4 5 -7 7 -9 -10 -11 13 -13 14 -15 -16
leaf_value=0.0031648571977847015 0.032571113294199844 0.0045216622959850785 0.0070306286456165469 0.021233049882936648 0.0032324482496472683 -0.0062699666713479044 0.020610077350484795 -0.016712330002285711 -0.011082511711909344 0.0063524130825929233 -0.0078483139901474302 0 -0.029126812006756667 -0.031997361853992309 -0.0061454150096902655
leaf_weight=66.954927187412977 11.448194228112696 1.3671969864517475 0.51164205558598652 50.575688705779612 414.74820385267958 226.25709353853017 30.268691024277359 9.2489749994128925 198.64162071142346 189.76194583391771 2.0564197232015458 2.4732686984352759 17.969312317203734 16.11612575314939 1.5781939486041654
leaf_count=1120 149 40 14 275 2931 1732 444 249 4146 1565 42 45 1032 408 88
internal_value=-5.47859e-06 -0.000337731 0.000117939 0.00059337 0.00252611 -0.00012151 -0.0049697 0.011604 -0.0074812 0.00957127 -0.0273107 -0.0237501 -0.0264841 -0.029973 -0.0278068
internal_weight=1239.98 1228.53 1208.99 1186.46 881.343 641.005 305.114 39.5177 265.597 240.338 19.5397 22.5324 20.0591 18.1725 19.5475
internal_count=14280 14131 13641 12462 6503 4663 5959 693 5266 1840 490 1179 1134 450 1120
is_linear=0
shrinkage=0.03


Tree=128
num_leaves=31
num_cat=0
split_feature=47 29 35 44 13 14 0 4 28 21 39 20 7 27 36 32 10 50 1 27 16 16 16 9 24 23 13 6 28 33
split_gain=13.7342 17.4791 17.7866 16.8443 19.0167 18.0725 17.9549 16.9144 13.7697 13.3997 13.2544 12.1817 12.0425 14.6575 11.0734 10.5605 10.2566 10.5139 9.90519 9.34484 9.23404 11.7485 15.8826 10.3342 9.21875 19.143 8.88728 8.46191 11.684 8.16556
threshold=0.8577668070793153 0.9840834140777589 0.51908618211746227 0.12158167362213136 32.168743133544929 1.6980141997337344 13.743603229522707 0.9037490487098695 0.67436903715133678 54.309019088745124 0.96312457323074352 0.048202283680439002 2.8587614297866826 0.98098060488700878 0.2574921995401383 0.038038311526179321 0.62500000000000011 0.24519904702901843 0.65816506743431102 0.98403856158256542 0.20996093750000003 0.26074218750000006 0.31347656250000006 0.20683188736438754 0.32223851978778845 0.65848815441131603 35.788219451904304 0.15465624630451205 0.81993553042411815 55.716793060302741
decision_type=2 2 2 2 2 2 2 2 2 2 2 2 2 2 2 2 2 2 2 2 2 2 2 2 2 2 2 2 2 2
left_child=3 16 8 4 11 14 12 29 10 -9 26 24 -6 -14 -5 -12 17 18 -2 -11 -4 23 -23 -22 -1 -26 -3 28 -16 -7
right_child=1 2 20 5 6 7 -8 9 -10 19 15 -13 13 -15 27 -17 -18 -19 -20 -21 21 22 -24 -25 25 -27 -28 -29 -30 -31
leaf_value=-0.016745295177916945 -0.008094165178735846 -0.024714925818775321 -0.019519868417163279 -0.017893822059055618 -0.0097313121261931156 0.012866467488317079 -0.01666475716382821 -0.01995569743842723 -0.02108404040835021 -0.00045259925309990722 -0.0054511004656136505 0.028020039571429942 0.012987932526325192 0.00034584967024951893 0.024098922482496513 0.042244026239778035 -0.024631446873208594 -0.020853990809091644 0.036728559247967418 -0.021615100748020349 -0.0043341606304597982 -0.011682280487285568 0.012475683465897088 0.035592675647444338 -0.011778692743504848 0.064912073399201811 0.012512620692609886 0.037431943631888148 -0.010108845939058695 -0.0062957580127698722
leaf_weight=62.333609577734023 8.5922423452138954 15.482912056613715 11.143357299268244 8.5527794212102872 29.683399233035743 47.716790141072124 26.109550438355654 87.612693764269352 53.741408951114863 98.90463253762573 6.6354567953385404 6.5136870238929978 320.65274297865108 111.76949320640415 19.407629775814712 9.0337631674483401 55.393994560930878 14.241997066885231 7.4198133908212176 22.285849825013429 7.6062942226417389 39.458229635842144 60.970515217632055 20.136264813132584 9.2177670742385072 3.1226316560059777 7.996860720217227 12.989191385917364 15.133464178070424 32.930965945590287
leaf_count=1416 163 216 86 75 208 344 834 842 967 840 49 119 2087 700 115 72 2363 313 68 241 95 457 805 149 146 56 41 90 101 221
internal_value=-0.000194823 -0.00555931 -0.00124906 0.00166958 0.00483955 -0.00354442 0.00707918 -0.00657488 -0.0113614 -0.0110717 0.0021033 -0.00851404 0.00846031 0.00973555 0.0118848 0.0227512 -0.0170612 -0.00275964 0.0134379 -0.00451379 0.00550505 0.00783824 0.0029329 0.0247715 -0.0120687 0.0108135 -0.01192 0.0175633 0.00916435 0.00502392
internal_weight=1232.79 317.853 232.205 914.937 569.403 345.534 488.215 289.451 92.8904 208.803 39.149 81.1877 462.106 432.422 56.0831 15.6692 85.648 30.2541 16.0121 121.19 139.315 128.171 100.429 27.7426 74.674 12.3404 23.4798 47.5303 34.5411 80.6478
internal_count=14279 5844 2937 8435 5566 2869 3829 2488 1345 1923 378 1737 2995 2787 381 121 2907 544 231 1081 1592 1506 1262 244 1618 202 257 306 216 565
is_linear=0
shrinkage=0.03


Tree=129
num_leaves=16
num_cat=0
split_feature=12 12 29 20 25 19 23 28 27 4 40 35 49 32 41
split_gain=14.8476 15.3557 13.5936 13.6963 14.9737 21.2394 17.3769 9.91405 12.4781 12.0998 3.06673 1.49256 1.27246 0.192912 0.084422
threshold=1.8366305232048037 1.4306057691574099 0.90309548377990734 0.029559870250523094 0.14662452042102816 0.072604585438966765 0.73546344041824352 0.85872095823287975 0.97377124428749096 0.82533887028694164 0.50759941339492809 0.73716169595718395 1.321307420730591 0.050700973719358451 0.92221444845199596
decision_type=2 2 2 2 2 2 2 2 2 2 2 2 2 2 2
left_child=1 2 12 7 6 -6 -5 9 -9 -4 11 -3 -1 -12 -15
right_child=-2 10 3 4 5 -7 -8 8 -10 -11 13 -13 -14 14 -16
leaf_value=-0.028511180756909595 0.032499184591856085 0.014586252367994525 0.013544287884810506 0.0094346682380756185 -0.0048967801834006383 0.0047092131836337196 -0.020977558410634159 -0.01949800160227988 0.04713697528339101 -0.020870941674833339 -0.032042136110441939 -0.017454380350599912 0.0068656306897348042 0 -0.01003316847056379
leaf_weight=15.119498540647324 11.471370914950965 1.9524714294821053 10.069168752525 252.01771064475179 473.31786009948701 366.66004928015172 17.132958657573909 3.814626766368745 4.5114788645878434 57.940752394031733 15.420468599069865 1.3473844770342109 0.46090263267979104 0.51903675496578106 0.63739906996488571
leaf_count=1076 151 38 112 2123 4682 3882 792 66 23 795 360 50 21 6 57
internal_value=-6.56204e-05 -0.00040039 4.04728e-05 0.000419908 0.00127239 -0.000699472 0.00741717 -0.0117837 0.0174691 -0.0156097 -0.025909 0 -0.0269328 -0.0308922 -0.00641883
internal_weight=1232.39 1220.92 1201.05 1185.46 1109.13 839.978 269.151 76.336 8.32611 68.0099 19.8768 3.29986 15.5804 16.5769 1.15644
internal_count=14234 14083 13572 12475 11479 8564 2915 996 89 907 511 88 1097 423 63
is_linear=0
shrinkage=0.03


Tree=130
num_leaves=31
num_cat=0
split_feature=32 14 29 4 7 35 31 29 36 41 1 4 6 28 13 16 19 18 42 16 36 16 5 4 28 28 35 29 23 23
split_gain=14.1741 12.6784 18.5024 16.8188 18.5444 18.3145 15.4459 14.7887 14.6374 14.2626 24.7056 15.892 14.0785 13.293 14.5812 12.7025 23.0053 19.1562 17.9794 12.9017 12.5085 10.3281 10.0672 9.94282 11.7881 11.7141 9.26722 8.96936 10.6173 10.3435
threshold=0.033348288387060172 5.0657274723052987 0.94639942049980175 0.95605885982513439 3.481253027915955 0.46218359470367437 0.045398293063044555 0.98983052372932445 0.20565798133611682 0.82684683799743663 0.73271918296813976 0.9037490487098695 0.09326453879475595 0.58338117599487316 40.858566284179695 0.43652343750000006 0.074390973895788207 0.42578125000000006 0.32663163542747503 0.44824218750000006 0.34424032270908361 0.45800781250000006 0.072072245180606856 0.9103912115097047 0.80642667412757885 0.87303930521011364 0.52507510781288158 0.99860748648643505 0.54794976115226757 0.48074099421501165
decision_type=2 2 2 2 2 2 2 2 2 2 2 2 2 2 2 2 2 2 2 2 2 2 2 2 2 2 2 2 2 2
left_child=20 7 26 4 22 12 -6 9 -7 10 11 -2 -5 14 -11 16 17 -9 -18 -17 23 -21 -4 24 -1 -26 -3 28 29 -25
right_child=1 2 3 5 6 8 -8 15 -10 13 -12 -13 -14 -15 -16 19 18 -19 -20 21 -22 -23 -24 27 25 -27 -28 -29 -30 -31
leaf_value=-0.0095420256794633111 0.042742177609854208 0.0078960526490396057 0.027882955930199477 -0.02991114816713026 0.0087880480812762337 -0.021200224316508313 0.025173025540812372 0.0030965978032852443 0.0073238981655577946 -0.0066340806605763103 -0.029085335862852866 0.0023838021860992722 0.0041547951747817414 -0.02086174167180848 0.048236840010892429 -0.04108457497483476 -0.012864693819504357 -0.028410494684303036 0.030512177541955239 0.029699299126801339 0.031636325928514855 -0.014666956142124878 -0.005626335999337935 -0.014998615191308681 0.043682031148857818 -0.0073348615247923778 -0.017560466236225852 -0.038778638740187381 -0.022761517354238456 0.015427697666512427
leaf_weight=32.569965567439795 8.8968809172511083 16.714611506555229 8.0950519060716015 27.818904086947441 137.77057003043592 17.123044680804014 84.657817215193063 169.55149330478162 150.11256897170097 29.26256846357137 20.265531610697508 81.280055762734264 16.997294485569 88.364154301118106 4.0893505644053212 10.304950932040812 9.995485033374278 18.335683684796095 42.73737724032253 5.8414667751640108 5.6183381201699367 14.222398746758698 69.997493464034051 20.486782325431705 8.2750739310868067 6.5939458757638922 47.144579198211432 12.992187935858963 40.045059846248478 17.886503428220749
leaf_count=578 44 376 61 206 807 130 528 1452 985 823 115 729 143 2635 32 123 89 199 337 103 35 432 571 219 75 90 1331 89 761 130
internal_value=4.31156e-05 0.00122902 0.00426484 0.00616898 0.0107221 -0.000289652 0.0151225 -0.00224458 0.00427686 -0.00778836 5.72932e-06 0.00682359 -0.0171169 -0.0148274 0.00121478 0.00250497 0.0048376 -9.63907e-05 0.0221479 -0.0154465 -0.00874581 -0.000810843 -0.00180622 -0.0106158 0.000477468 0.0218321 -0.0108322 -0.0163482 -0.0121527 -0.000708519
internal_weight=1224.05 1079.58 576.432 512.573 300.521 212.052 222.428 503.147 167.236 232.159 110.442 90.1769 44.8162 121.716 33.3519 270.989 240.62 187.887 52.7329 30.3688 144.468 20.0639 78.0925 138.85 47.439 14.869 63.8592 91.4105 78.4183 38.3733
internal_count=14228 12251 5138 3431 1967 1464 1335 7113 1115 4378 888 773 349 3490 855 2735 2077 1651 426 658 1977 535 632 1942 743 165 1707 1199 1110 349
is_linear=0
shrinkage=0.03


Tree=131
num_leaves=30
num_cat=0
split_feature=22 39 23 36 29 27 23 23 23 25 5 5 6 45 40 1 36 9 6 27 13 27 24 39 4 1 42 6 21
split_gain=13.9689 15.3563 11.7933 11.3625 13.0958 14.0294 12.942 13.3228 12.3896 10.9541 9.44946 10.868 9.15902 6.57117 6.11826 6.09734 5.4067 5.39418 4.56672 4.10392 4.02629 5.45354 4.32101 3.94382 2.71026 2.26671 0.86373 0.560326 0.225217
threshold=0.75322845578193676 0.85437244176864635 0.73546344041824352 0.33980445563793188 0.94213637709617626 0.98021599650383007 0.57778275012969982 0.40385685861110693 0.55018040537834179 0.20305141061544421 0.13971733301877978 0.13393231481313708 0.049074836075305946 0.11739988252520563 0.71279752254486095 0.66808834671974193 0.24603100866079333 1.496304512023926 13.226967871189119 0.90873947739601146 39.841505050659187 0.7129841446876527 0.25301367044448858 0.98670044541358959 0.92140239477157604 0.69667699933052074 0.98198053240776073 0.12142914533615114 44.423376083374031
decision_type=2 2 2 2 2 2 2 2 2 2 2 2 2 2 2 2 2 2 2 2 2 2 2 2 2 2 2 2 2
left_child=1 10 3 4 8 -6 7 -5 -3 16 11 13 14 24 19 -15 -2 27 23 -12 21 -14 -22 26 -1 -8 -4 -11 -18
right_child=9 2 18 6 5 -7 25 -9 -10 17 12 -13 20 15 -16 -17 28 -19 -20 -21 22 -23 -24 -25 -26 -27 -28 -29 -30
leaf_value=-0.0026247243922731243 0.00058097329101138506 0.0063322304721701705 -0.027640711313816211 0.042457557139795973 0.0037024445056331313 -0.0052096408365122264 0.017865673284798315 -0.0088559092736577773 -0.020464181472200832 -0.006592145661395806 0.010587423786947587 0.034511227157340528 0.013214208431631787 -0.010678572919569014 0.030822679444672114 0.009959242870908238 0.04244643002613277 0.021948366701900757 0.024977060570660386 -0.030309788015579507 -0.025506431268244714 -0.032921688233307558 -0.0024154910288969986 0.0072237391261275085 -0.027181941072738691 0.055979005679432668 0.0010738705914953718 -0.030690717845408957 0.023144878865206931
leaf_weight=6.396500302478672 4.7086334722116652 22.278075226582587 20.472549389582138 5.1864528991282048 708.79494246980175 203.70156545238569 3.6789190135896188 16.223211995325983 46.501296626869589 2.3826256515458208 3.5221914844587427 5.6889659864827982 1.8805846143513942 23.034320638049394 4.4706839416176081 26.750064206309617 11.522330566309394 2.5521617196500301 1.1290308721363533 3.4081830671057105 12.873544168192895 28.595708715729415 16.552132599521428 3.03095893934369 13.096839725039899 6.3877083426341414 0.70023825997486611 3.4641076941043139 6.4170001694001249
leaf_count=99 53 466 1053 27 6792 1743 44 92 1674 41 29 38 34 341 36 232 83 19 6 37 185 455 271 51 153 39 24 31 52
internal_value=5.52926e-05 -0.00047067 0.000812031 0.00132889 0.000747124 0.00170614 0.0187916 0.00478073 -0.0117753 0.0196016 -0.00953815 -0.00200129 -0.0172835 -0.00549073 0.00668398 0.000329184 0.0301299 -0.00865435 -0.0190027 -0.0104324 -0.0219293 -0.0296501 -0.0131225 -0.0220829 -0.0197915 0.0451943 -0.0265501 -0.0237055 0.0372872
internal_weight=1215.4 1184.35 1038.08 1012.75 981.276 912.497 31.4763 21.4097 68.7794 31.0469 146.27 74.9667 71.303 69.2777 11.4011 49.7844 22.648 8.3989 25.3328 6.93037 59.902 30.4763 29.4257 24.2037 19.4933 10.0666 21.1728 5.84673 17.9393
internal_count=14200 13921 12011 10877 10675 8535 202 119 2140 279 1910 863 1047 825 102 573 188 91 1134 66 945 489 456 1128 252 83 1077 72 135
is_linear=0
shrinkage=0.03


Tree=132
num_leaves=31
num_cat=0
split_feature=39 18 19 16 21 16 18 50 16 28 29 32 18 18 23 27 5 13 6 44 49 6 29 20 28 40 22 19 18 29
split_gain=14.0734 14.4045 16.4585 21.3866 27.2499 22.8116 29.5003 19.7204 17.6681 24.4499 19.1718 18.4295 17.5266 15.1041 14.8338 14.2086 14.0918 10.8345 10.7314 9.44007 12.874 8.19055 7.77423 6.36625 6.0265 5.97085 5.95383 4.06727 3.63633 3.28108
threshold=0.85157442092895519 0.73046875000000011 0.078767906874418273 0.34472656250000006 64.133281707763686 0.33886718750000006 0.40234375000000006 0.26702763140201574 0.40722656250000006 0.93567231297492992 0.93943119049072277 0.038038311526179321 0.61328125000000011 0.37109375000000006 0.53610941767692577 0.97651475667953502 0.13971733301877978 46.412832260131843 0.070527262985706343 0.12973351776599887 0.29616293311119085 0.053492059931159026 0.97463333606719982 0.045875843614339835 0.90615352988243114 0.71279752254486095 0.708166003227234 0.074390973895788207 0.84765625000000011 0.99789205193519603
decision_type=2 2 2 2 2 2 2 2 2 2 2 2 2 2 2 2 2 2 2 2 2 2 2 2 2 2 2 2 2 2
left_child=16 2 3 5 7 6 -2 -5 10 11 -4 -10 -11 -6 -7 -12 17 19 22 20 29 25 -3 24 -21 -18 -23 -22 -24 -1
right_child=1 18 8 4 13 14 -8 -9 9 12 15 -13 -14 -15 -16 -17 21 -19 -20 23 27 26 28 -25 -26 -27 -28 -29 -30 -31
leaf_value=-0.024561174601742817 0.0045562715040740999 -0.023749249209047019 -0.021049109917177088 -0.0028818442566954177 -0.00128997908224081 0.036107803585556812 -0.023331715093745157 -0.018858627121507456 0.014177122831525751 -0.004504624203698372 0.010734646396772921 -0.016738687859007437 0.035562696454196241 0.035537880731250367 -0.019185844831938772 0.034534532837621791 -0.013795271826166579 -0.021020113990214924 -0.0266061244179247 -0.0056868543479683033 0.011436391911734638 -0.025775029067233331 0.031282618790991569 -0.025456433972677502 0.028870275672137739 0.022856325463540283 0.010945409972551903 0.039931532569073412 -0.0033850515058311227 0.010917198471690202
leaf_weight=5.5788313709199446 405.63318664068356 4.847279015928506 9.2791295289061946 183.58312380826101 19.32395963743329 27.696650827303529 36.2535016015172 111.91168224532157 23.374572720844299 15.400572437327353 48.538755120243877 59.436273162718862 24.642980680335313 19.344180065207183 4.4255737382918587 44.383975755888969 8.3282716991379839 15.786694999318568 27.338179269339889 16.243327043019242 8.7463508294895309 52.975864900276065 6.3768909303471428 8.9070120351389033 5.152308306656777 5.9862084155902258 3.6312363888137034 13.041910253930835 3.8032736391760409 2.7879614681005478
leaf_count=217 4383 109 331 1910 348 142 592 1215 253 312 365 849 206 221 85 297 83 269 690 122 51 879 76 55 33 48 36 75 43 30
internal_value=2.647e-05 0.0012219 0.00193363 -6.41466e-05 -0.00587036 0.0040265 0.00221398 -0.00898599 0.00908942 0.00136445 0.0182432 -0.00791142 0.0203456 0.0174894 0.02805 0.0223811 -0.0086396 0.000303599 -0.0157113 0.00617188 0.0178125 -0.0181663 0.00434509 -0.00551515 0.00341846 0.00182788 -0.0232183 0.0296283 0.0189182 -0.0125155
internal_weight=1222.76 1075.59 1033.23 808.172 334.163 474.009 441.887 295.495 225.056 122.854 102.202 82.8108 40.0436 38.6681 32.1222 92.9227 147.166 76.2444 42.3656 60.4577 30.1551 70.9216 15.0274 30.3026 21.3956 14.3145 56.6071 21.7883 10.1802 8.36679
internal_count=14325 12427 11509 8896 3694 5202 4975 3125 2613 1620 993 1102 518 569 227 662 1898 852 918 583 373 1046 228 210 155 131 915 126 119 247
is_linear=0
shrinkage=0.03


Tree=133
num_leaves=16
num_cat=0
split_feature=6 6 23 28 28 25 28 20 16 4 37 36 1 31 41
split_gain=13.1808 13.967 12.5658 12.5469 29.7316 31.0209 19.5369 15.0992 14.8823 10.8266 2.97464 1.71905 1.39923 0.424502 0.201343
threshold=13.226967871189119 0.18542132526636126 0.75899299979209911 0.65377187728881847 0.74573025107383739 0.17560650408267978 0.72231230139732372 0.029559870250523094 0.34472656250000006 0.87021389603614818 0.13178358227014544 0.29283788800239569 0.79256394505500805 0.028913803398609165 0.68093031644821178
decision_type=2 2 2 2 2 2 2 2 2 2 2 2 2 2 2
left_child=1 2 3 7 6 -6 -5 9 -9 -1 11 13 -4 -3 -12
right_child=-2 10 12 4 5 -7 -8 8 -10 -11 14 -13 -14 -15 -16
leaf_value=0.0081399194541893951 0.032047353674650496 0.0013990777715560299 -0.028642167547879457 -0.0067115505998171961 0.014480057562394249 -0.0018101315543076302 -0.029901839368100629 0.011251484637555856 -0.0059316012578413697 -0.021653380447288283 -0.0046225050629280133 0.021412485409174061 0.0076926971019014587 -0.019434248779720099 -0.031632099098314562
leaf_weight=16.668502442538738 10.376717064529656 0.77134695742279635 14.013102074153718 137.2417545998469 129.58145820628852 539.78427302883938 42.5453195059672 229.6791978860274 55.546153460629284 28.365485575515777 0.90357416216283937 1.0893372735008595 0.48418386280536729 1.5623636762611566 14.566916542593388
leaf_count=151 142 25 866 1638 981 6452 506 2059 673 288 10 17 15 55 402
internal_value=-9.04481e-05 -0.000394066 1.88103e-05 0.000373655 -0.0015538 0.00135588 -0.012351 0.00532825 0.00788565 -0.0106235 -0.0253246 0 -0.026817 -0.0132943 -0.0306131
internal_weight=1223.18 1212.8 1193.91 1179.41 849.153 669.366 179.787 330.259 285.225 45.034 18.8935 3.42305 14.4973 2.33371 15.4705
internal_count=14280 14138 13629 12748 9577 7433 2144 3171 2732 439 509 97 881 80 412
is_linear=0
shrinkage=0.03


Tree=134
num_leaves=15
num_cat=0
split_feature=6 6 23 29 11 20 21 40 20 6 35 49 32 27
split_gain=12.9526 12.503 11.9642 11.2225 11.0091 11.2869 9.5884 3.18677 1.96955 1.39059 1.35817 1.2925 0.214895 0.0745504
threshold=13.226967871189119 0.18542132526636126 0.75899299979209911 0.90309548377990734 0.62500000000000011 0.042068898677825935 57.503520965576179 0.50759941339492809 0.033795211464166648 0.0071039909962564715 0.87630468606948864 1.3582461476325991 0.050276663154363639 0.96115362644195568
decision_type=2 2 2 2 2 2 2 2 2 2 2 2 2 2
left_child=1 2 3 10 5 -5 -6 8 -3 -4 11 -1 -9 -14
right_child=-2 7 9 4 6 -7 -8 12 -10 -11 -12 -13 13 -15
leaf_value=-0.028287127285363409 0.031836600247136262 -0.018330065390996676 0.0077095591440149817 2.3236027700222319e-07 -0.0036632107388177289 0.0075457775037585289 -0.026869570636689776 -0.031271526310223459 0.019275539436486147 -0.028511036168823271 0.0086729054654007091 0.0074831235025486515 0 -0.009074500548034178
leaf_weight=13.786577444523568 10.388897392898796 1.2836005468852847 0.48390545137226482 850.27007579710335 65.264281333424151 225.0646101613529 20.60848694620654 13.667700381949542 1.7501073079183695 13.436712036840616 0.46442826651036817 0.43685566959902722 0.51083540357649215 0.56268602376803756
leaf_count=1055 148 36 13 6549 1943 1563 1594 356 53 876 22 18 11 49
internal_value=-4.55194e-06 -0.000307079 7.36454e-05 0.000414534 0.000756905 0.00158782 -0.0095122 -0.0245983 0.00202078 -0.0266186 -0.0247846 -0.026572 -0.0300473 -0.0054499
internal_weight=1217.98 1207.59 1189.82 1175.9 1161.21 1075.33 85.8728 17.7749 3.03371 13.9206 14.6879 14.2234 14.7412 1.07352
internal_count=14286 14138 13633 12744 11649 8112 3537 505 89 889 1095 1073 416 60
is_linear=0
shrinkage=0.03


Tree=135
num_leaves=31
num_cat=0
split_feature=36 4 14 4 16 4 23 20 20 5 27 39 0 27 16 42 38 33 41 5 34 28 22 19 27 39 6 48 21 18
split_gain=15.5589 12.7142 32.4859 25.1624 25.1165 28.7288 16.5755 23.7882 34.2329 29.9944 19.0666 15.9225 15.7091 15.6112 22.8225 15.9198 13.5592 18.4911 13.3491 12.3549 10.5061 9.85957 13.7527 9.81095 8.97153 8.96805 8.40114 7.00547 6.72014 6.68941
threshold=0.33980445563793188 0.98343965411186229 7.7743957042694101 0.94230100512504589 0.34863281250000006 0.93855503201484691 0.54077383875846874 0.042068898677825935 0.03722816891968251 0.058772550895810134 0.98557353019714367 0.9714307188987733 12.988608360290529 0.97782692313194286 0.45410156250000006 0.36326980590820318 0.59375000000000011 71.381530761718764 0.80321538448333751 0.051071811467409141 0.53406819701194774 0.64202019572258007 0.64821612834930431 0.044972436502575881 0.96604251861572277 0.98626223206520092 0.12337806448340417 0.42400975525379186 61.334388732910163 0.45703125000000006
decision_type=2 2 2 2 2 2 2 2 2 2 2 2 2 2 2 2 2 2 2 2 2 2 2 2 2 2 2 2 2 2
left_child=1 2 3 4 5 -1 7 8 10 -10 -3 21 16 15 -15 -9 19 -18 -5 -4 25 22 -8 -14 -6 -13 -20 29 -23 -2
right_child=27 6 12 18 24 -7 11 13 9 -11 -12 20 23 14 -16 -17 17 -19 26 -21 -22 28 -24 -25 -26 -27 -28 -29 -30 -31
leaf_value=0.0023966375416265128 -0.0055944250331979748 0.0077328546116756311 0.03137590151557982 0.036825383828061421 -0.024058213322808573 -0.050895862022448786 -0.011001023094717222 -0.017492793806518921 0.024371768908207695 -0.026043008948621913 -0.023802612298536287 0.0037246319563242944 0.0059213691794487208 0.039560509935524943 -0.017834423942180096 0.012960944331433608 0.023847627436272958 -0.013395942139937325 0.016681582001669748 0.0029065569996284957 -0.014424717875472646 -0.025655133304438985 0.036537533839628267 -0.02850227889642731 -0.0072179236070143401 0.04005314002678486 -0.024292359398786774 0.037742138844767459 -0.0081739333450088821 0.029198836369647062
leaf_weight=196.27611638093367 11.762967471964663 128.92592496937141 14.342377941124139 18.402568751014769 71.167837373912334 8.5442359121516329 28.948093692306429 21.721291671507061 11.339113859459756 80.992205018177629 18.886034259106964 21.068891273811463 14.104496628046038 28.181727332528681 7.2168261432088903 47.173441258259118 101.73639529570937 12.828011284116654 10.217190527822824 136.60348190367222 16.662686710711569 75.132612382061779 5.6971136806532732 13.905625702347605 49.975793972611427 7.8944295290857545 6.5233368240296832 11.970802004914729 29.187238292768598 7.1867304109036914
leaf_count=2763 75 1083 96 102 1403 55 466 190 93 697 148 347 278 172 140 379 589 102 202 1055 273 1241 49 385 1015 87 121 90 528 49
internal_value=-7.71865e-05 -0.000636483 0.00215434 -0.00386146 -0.0064843 -4.84052e-05 -0.0040931 -0.000189392 -0.00539198 -0.0196247 0.00355051 -0.0113208 0.00955353 0.0116989 0.0276083 0.0032036 0.0118161 0.0195716 0.0198895 0.00582006 0.0039392 -0.0163448 -0.00229382 -0.0114582 -0.0172516 0.014733 7.67103e-05 0.0205883 -0.0209167 0.00825283
internal_weight=1214.58 1183.66 654.627 361.107 325.964 204.82 529.028 344.437 240.143 92.3313 147.812 184.591 293.52 104.293 35.3986 68.8947 265.51 114.564 35.1431 150.946 45.626 138.965 34.6452 28.0101 121.144 28.9633 16.7405 30.9205 104.32 18.9497
internal_count=14273 14059 8166 5661 5236 2818 5893 2902 2021 790 1231 2991 2505 881 312 569 1842 691 425 1151 707 2284 515 663 2418 434 323 214 1769 124
is_linear=0
shrinkage=0.03


Tree=136
num_leaves=20
num_cat=0
split_feature=6 6 11 18 40 47 19 29 9 28 18 14 29 49 14 1 40 31 31
split_gain=12.5785 15.5048 13.4177 12.3213 12.0464 15.2486 14.5072 9.01486 7.11624 5.8512 9.91162 4.99038 4.21114 2.59226 2.79501 1.82158 1.18348 1.16635 0.198504
threshold=13.226967871189119 0.18542132526636126 0.62500000000000011 0.83203125000000011 0.68237340450286876 0.90127840638160717 0.02941243909299374 0.99394196271896373 0.30444945394992834 0.68234103918075573 0.19921875000000003 8.2901487350463885 0.99794608354568493 0.086353402584791197 0.7485485076904298 0.78211793303489696 0.43974722921848303 0.028236582875251773 0.11559005826711656
decision_type=2 2 2 2 2 2 2 2 2 2 2 2 2 2 2 2 2 2 2
left_child=1 2 3 4 6 -6 -1 13 11 10 -9 -5 -11 14 -4 -15 17 -3 -18
right_child=-2 16 7 8 5 -7 -8 9 -10 12 -12 -13 -14 15 -16 -17 18 -19 -20
leaf_value=0.0070309258186293383 0.031766436250912577 0.014617552993843437 0.031014321872956854 -0.019108862734668899 0.0055045340520644441 -0.0089420753204739589 -0.0058904516645636564 -0.020486184841782655 -0.031313794968514226 0 0.014752729003367273 0.038008595386387442 -0.0253361456032128 -0.029501383696441633 -0.017558277094765921 -0.0031635868047488699 -0.031294043236757399 -0.017440392538146256 -0.0053142604205651516
leaf_weight=104.30766079900786 10.175824349746106 0.85055777989328207 0.87766509177163543 1.6841913163661986 611.52150142285973 72.61666640592739 301.99990009237081 9.2098218710161728 14.921966384630649 9.8365280232392269 23.169191215187311 1.9062807015143333 13.430002650711684 24.219231200404469 1.4476479156874118 3.1785177318379274 14.431066928897051 1.2365241902880368 1.0239439350552846
leaf_count=1063 146 20 27 72 4411 783 3284 143 252 366 323 13 541 2198 71 97 399 41 43
internal_value=8.33761e-05 -0.000206159 0.000213806 0.00110235 0.00152638 0.00395593 -0.00255678 -0.0111729 -0.0225192 -0.00383132 0.00432611 0.0122366 -0.0150177 -0.0242477 0.00368628 -0.0267705 -0.0274301 -0.00290087 -0.0301827
internal_weight=1222.04 1211.87 1194.33 1108.96 1090.45 684.138 406.308 85.3686 18.5124 55.6455 32.379 3.59047 23.2665 29.7231 2.32531 27.3977 17.5421 2.08708 15.455
internal_count=14293 14147 13644 9878 9541 5194 4347 3766 337 1373 466 85 907 2393 98 2295 503 61 442
is_linear=0
shrinkage=0.03


Tree=137
num_leaves=31
num_cat=0
split_feature=39 18 19 23 20 19 13 50 18 27 29 0 4 23 44 9 24 29 40 29 30 6 20 28 21 50 47 48 24 49
split_gain=12.1563 15.9743 17.7999 20.3106 14.791 14.111 15.133 15.7869 12.0399 11.794 10.2769 9.7657 9.32469 13.4624 9.09956 9.14502 8.18528 6.27012 6.19192 6.17502 5.71152 5.36589 4.8652 4.19482 3.70188 3.66264 3.48505 3.43076 2.92587 2.88716
threshold=0.85437244176864635 0.73046875000000011 0.10407631844282152 0.54118382930755626 0.039819687604904182 0.098641365766525282 33.799217224121101 0.25539068877696997 0.58203125000000011 0.94347110390663158 0.9992055892944337 4.8832900524139413 0.87021389603614818 0.519779533147812 0.12973351776599887 0.40879198908805853 0.26857411861419683 0.99335709214210521 0.78868979215621959 0.99499860405921947 0.21484375000000003 0.14778108894824984 0.035742403939366348 0.82258090376853954 76.83750152587892 0.33359527587890631 0.79307347536087047 0.88059023022651683 0.27736353874206549 0.65574270486831676
decision_type=2 2 2 2 2 2 2 2 2 2 2 2 2 2 2 2 2 2 2 2 2 2 2 2 2 2 2 2 2 2
left_child=12 2 5 11 -5 6 8 -8 -2 -7 24 -4 17 14 15 20 -13 21 28 27 -14 22 26 -20 -3 -17 -1 -15 -16 -24
right_child=1 10 3 4 -6 9 7 -9 -10 -11 -12 16 13 19 18 25 -18 -19 23 -21 -22 -23 29 -25 -26 -27 -28 -29 -30 -31
leaf_value=-0.017291672422071393 -0.0062968507761083613 -0.025134088702749646 -0.02238066190412347 0.033815241064060426 -0.025940779387238825 0.010937295391451432 0.0085127050075994668 -0.00085553451470592829 0.014659528834662905 -0.040738032950060621 0.026714689826051113 0.011971757476003226 0.0073747280159124594 -0.025876947873874945 -0.031836933132423126 0.021894163556813968 0.039000585357154574 -0.012305257407729675 0.025544758668140415 0.0051330522938369373 -0.034684944026195499 -0.013364379027798086 0.011620786370559929 -0.0088195845349599376 0.0039071158395227474 -0.0035693433636857538 0.023270389481843536 0.010371408548709304 -0.008029652749613975 0.057068329722703412
leaf_weight=2.4593753064982611 254.74096831260249 32.536584863439202 2.7018658118322483 4.0777880400419262 13.20777655020356 5.1146519007161286 338.01490289671347 308.52839648583904 26.287723986897618 11.895874015055595 3.4746944308280936 17.244660115335137 4.7294374750927073 51.654833623208106 12.083652674220504 22.564582224003974 30.132047430612147 7.0065596159547558 4.0634148661047202 6.6693886471912256 5.2210299940779805 2.771958584431558 2.722855540458113 7.6224960712715983 3.9987534848041824 5.9122130414471021 3.2337696105241776 1.830149718094616 9.1911106966435892 4.2596204020082951
leaf_count=28 4837 754 213 21 246 55 2142 2968 427 210 23 100 46 1012 90 179 168 45 24 52 108 48 46 59 110 52 44 44 54 22
internal_value=0.000176785 0.00133372 0.00207829 0.0168639 -0.0106015 0.00100394 0.00151607 0.00404316 -0.0042809 -0.0252894 -0.0170163 0.0264247 -0.00766457 -0.0107224 -0.00180066 0.00798259 0.0296752 0.0098145 -0.013194 -0.0210586 -0.0155722 0.0201679 0.0281613 0.00396478 -0.0218562 0.016564 0.00533428 -0.024414 -0.0225086 0.0433976
internal_weight=1205.95 1051.96 1011.95 67.3641 17.2856 944.583 927.572 646.543 281.029 17.0105 40.01 50.0786 153.996 131.542 71.3879 38.4273 47.3767 22.4541 32.9607 60.1544 9.95047 15.4476 12.6756 11.6859 36.5353 28.4768 5.69314 53.485 21.2748 6.98248
internal_count=14227 12274 11387 748 267 10639 10374 5110 5264 265 887 481 1953 1720 612 385 268 233 227 1108 154 188 140 83 864 231 72 1056 144 68
is_linear=0
shrinkage=0.03


Tree=138
num_leaves=28
num_cat=0
split_feature=0 22 24 23 16 28 32 16 40 19 16 27 5 17 5 5 25 5 13 17 23 21 33 23 23 12 37
split_gain=13.3857 11.9625 13.5613 17.281 18.343 35.7561 17.8905 21.2599 16.0102 15.6338 23.4675 23.1242 20.206 20.9723 19.9425 14.0306 11.6342 8.96448 7.24339 6.62046 5.46987 3.27038 4.99199 4.12218 2.44529 1.54204 1.03101
threshold=13.945287227630617 0.74755322933197033 0.25464542210102087 0.48396743834018713 0.40136718750000006 0.90615352988243114 0.041814463213086135 0.30761718750000006 0.81942409276962291 0.072604585438966765 0.41308593750000006 0.98098060488700878 0.29970858991146093 1.0078125000000002 0.1615608632564545 0.43673050403594976 0.2062926068902016 0.038256896659731872 44.415414810180671 0.99218750000000011 0.56607839465141307 38.411836624145515 43.886753082275398 0.46702583134174352 0.48875381052494055 1.202162027359009 0.072994265705347075
decision_type=2 2 2 2 2 2 2 2 2 2 2 2 2 2 2 2 2 2 2 2 2 2 2 2 2 2 2
left_child=1 2 3 4 8 -6 17 -8 -1 12 14 -12 13 -4 -11 -14 19 -5 -18 24 -21 22 -2 -23 -3 -25 -27
right_child=21 16 9 6 5 -7 7 -9 -10 10 11 -13 15 -15 -16 -17 18 -19 -20 20 -22 23 -24 25 -26 26 -28
leaf_value=-8.7767857675333395e-06 -0.021636202247243788 -0.018840277547569513 -0.0064741149259566807 0.017310009772539586 -0.031641042165407585 0.022053601758177277 0.021384381973463283 -0.011095661223003617 0.023223261197924505 0.023385839226277055 0.011267539090913475 -0.012384855938419004 0.019152322957241803 0.025017421300029912 -0.010199503192034255 0.0011676264068866441 -0.027967351596439007 -0.020201441696585158 0.02213821297133169 0.043342485352973512 0.0059141160764272348 0.011659991337430932 0.031527128483497764 0.0053663329423880588 0.015138647255846934 0.00021475579958288462 -0.030542121310492769
leaf_weight=67.403802950400859 2.444952814839783 2.6746098063886192 346.99242009781301 5.2227363027632228 30.930173420347273 16.233818027656525 26.832225354388356 51.058812007308006 42.927470913156867 98.624302537646145 77.928468752652407 69.36378702102229 60.887796388473362 19.127172635868192 18.209071001503617 107.19790067942813 6.1883814320899528 110.3231766554527 3.1052722698077559 15.55953345494345 5.1534631340764454 1.9959846651181603 1.9406392234377561 0.76737523078918712 2.9400876085273921 0.81054953718558209 20.642522727139294
leaf_count=514 124 29 3504 63 400 205 318 688 349 878 1173 932 521 192 316 1174 73 1674 33 86 45 36 23 12 43 33 883
internal_value=2.5533e-05 0.000525378 -9.86424e-06 -0.00491948 0.00243731 -0.0130229 -0.0109065 0.000184406 0.00913076 0.00214802 0.00810468 0.000100371 -0.000801156 -0.00475707 0.0180838 0.00777493 0.0174047 -0.0183462 -0.01041 0.0273547 0.0348696 -0.0198982 0.00281756 -0.0240796 -0.000995219 -0.0277831 -0.0292886
internal_weight=1213.49 1184.88 1149.26 350.932 157.495 47.164 193.437 77.891 110.331 798.331 264.126 147.292 534.205 366.12 116.833 168.086 35.6213 115.546 9.29365 26.3277 20.713 28.602 4.38559 24.2164 5.6147 22.2204 21.4531
internal_count=14321 13210 12901 4211 1468 605 2743 1006 863 8690 3299 2105 5391 3696 1194 1695 309 1737 106 203 131 1111 147 964 72 928 916
is_linear=0
shrinkage=0.03


Tree=139
num_leaves=19
num_cat=0
split_feature=6 6 0 11 31 18 49 29 37 29 21 37 24 22 19 36 31 41
split_gain=12.588 12.3938 12.065 12.4333 13.0777 14.7632 13.0315 8.17377 5.8208 5.26004 3.63357 2.98233 2.92925 2.58158 2.10137 1.47853 0.623906 0.280035
threshold=13.226967871189119 0.18542132526636126 13.945287227630617 0.62500000000000011 0.029975064098834995 0.72265625000000011 1.1177749633789065 0.99394196271896373 0.21620900928974154 0.96049025654792797 30.483092308044437 0.13113176822662356 0.29170361161232 0.75322845578193676 0.030417636036872867 0.2881851345300675 0.027225286699831489 0.68093031644821178
decision_type=2 2 2 2 2 2 2 2 2 2 2 2 2 2 2 2 2 2
left_child=1 2 3 4 6 -6 -1 10 -9 13 -5 15 14 -4 -11 16 -3 -13
right_child=-2 11 9 7 5 -7 -8 8 -10 12 -12 17 -14 -15 -16 -17 -18 -19
leaf_value=-0.0070750135749114099 0.031611759851094295 0.0058192185814606723 -0.029564929395137444 0.0069135495133572375 0.0044251815710839833 -0.01301320012513201 0.01070283204535334 0.0013356751739649873 -0.02264597858472903 0.0088856137492876897 -0.026474153886166574 -0.0030290822522226315 0.021234261694364789 0.010179755918598064 -0.025452162193923523 0.020233110964679796 -0.019271888775893579 -0.031153390375754993
leaf_weight=228.34877012250945 10.240987170487641 0.55971024371683942 18.812135424930609 2.7247701874002841 747.78251124173403 45.367827968206257 43.238288084976375 44.555854579433799 10.361572064459322 1.8928909376263607 26.220569810364395 0.80458746571093698 3.0025396067649126 0.99669139925390382 2.8760613268241286 1.1220781942829487 1.615056936163455 13.587996593676506
leaf_count=2271 152 18 981 60 5614 637 239 873 496 33 2337 8 23 18 45 18 67 405
internal_value=1.09967e-05 -0.000283793 9.87284e-05 0.000579852 0.00146184 0.00340881 -0.00420479 -0.0104679 -0.0034595 -0.0191522 -0.0231051 -0.0245228 0.00137285 -0.0270279 -0.0121251 0.000375962 -0.0120704 -0.030075
internal_weight=1204.11 1193.87 1176.18 1148.6 1064.74 793.15 271.587 83.8628 54.9174 27.5803 28.9453 17.6894 7.77149 19.8088 4.76895 3.29685 2.17477 14.3926
internal_count=14295 14143 13627 12527 8761 6251 2510 3766 1369 1100 2397 516 101 999 78 103 85 413
is_linear=0
shrinkage=0.03


Tree=140
num_leaves=15
num_cat=0
split_feature=6 6 29 47 38 21 29 36 35 39 4 35 23 24
split_gain=11.8421 13.8878 11.4421 11.9988 14.8686 11.6952 10.2734 9.17409 6.04552 2.84862 2.74854 1.49267 0.583646 0.414611
threshold=13.226967871189119 0.18542132526636126 0.90309548377990734 0.8577668070793153 0.40625000000000006 38.411836624145515 0.95646998286247265 0.23036764562129977 0.52109938859939586 0.73973292112350475 0.83760616183280956 0.87630468606948864 0.47503980994224554 0.18430384248495105
decision_type=2 2 2 2 2 2 2 2 2 2 2 2 2 2
left_child=1 2 11 4 8 -6 9 -8 -4 -5 -3 -1 -12 -14
right_child=-2 10 3 6 5 -7 7 -9 -10 -11 12 -13 13 -15
leaf_value=-0.028186411445221774 0.031380666433708349 0.011396361971366788 0.0054669593695165376 0.013204218215806564 0.017898714777940212 0.0024581924041559115 -0.013224519370745905 -0.00028505366479741277 -0.016422200969490017 -0.028266957074748772 -0.00083388316410402713 0.0092998278445489985 -0.0018573406205589797 -0.031502572086485651
leaf_weight=13.214916458819058 9.7273227646946889 1.0224652793258453 13.855864215642212 0.94606998190284031 46.033895987551659 755.76087329303846 62.635770700871944 221.59543043188751 49.688909230753779 18.039253517054021 0.90190365631133573 0.44143883045762855 0.79273639572784205 14.797772573074324
leaf_count=1068 145 36 92 35 351 5795 1247 3327 844 869 24 21 24 422
internal_value=0 -0.000280152 0.000120985 0.000453517 0.00225535 0.00336962 -0.00466934 -0.0031834 -0.0115921 -0.025493 -0.0260621 -0.0262181 -0.0290747 -0.0303788
internal_weight=1209.45 1199.73 1182.21 1168.56 865.34 801.795 303.217 284.231 63.5448 18.9853 17.5149 13.6564 16.4924 15.5905
internal_count=14300 14155 13649 12560 7082 6146 5478 4574 936 904 506 1089 470 446
is_linear=0
shrinkage=0.03


Tree=141
num_leaves=20
num_cat=0
split_feature=6 23 28 28 28 23 20 23 6 28 16 16 14 4 50 41 32 39 1
split_gain=11.7598 13.6852 13.7941 21.2256 19.1058 17.7641 16.2478 13.5606 22.5043 15.057 12.997 23.6456 22.9991 9.91764 8.0196 7.41964 6.81475 2.44844 1.47901
threshold=13.226967871189119 0.74352878332138073 0.65377187728881847 0.74573025107383739 0.72231230139732372 0.39856638014316564 0.029559870250523094 0.54118382930755626 0.087253775447607054 0.93567231297492992 0.34472656250000006 0.31347656250000006 8.2901487350463885 0.87356704473495495 0.13035988062620166 0.98176404833793651 0.040344422683119781 0.98670044541358959 0.81797087192535411
decision_type=2 2 2 2 2 2 2 2 2 2 2 2 2 2 2 2 2 2 2
left_child=1 2 6 4 5 -4 13 9 -9 -5 11 -8 -12 15 -6 -1 -15 18 -3
right_child=-2 17 3 7 14 -7 10 8 -10 -11 12 -13 -14 16 -16 -17 -18 -19 -20
leaf_value=0.018909235697631175 0.03120634962423411 -0.029027422955364778 0.014193609561150785 0.00057924551023888114 0.00093805549073902291 -0.011234756274092957 0.0047184076706470769 -0.017499554999677976 0.0016815046241412173 0.013736506194945668 -0.019779685875789432 0.02572048005028307 0.021696583424376199 -0.032569717004565311 -0.034046266533287864 -0.017012384609193659 0 0.0042573333294303167 0.0084322974858473086
leaf_weight=12.166584670543672 9.7368964254856092 17.766759669408209 30.930982468649745 326.31503927567974 6.7778148422949007 108.49299301765859 161.01448619551957 84.523783529642969 153.40809160564095 102.24944966752082 33.827634050510824 68.577829409390688 17.379880507010967 18.095682777930055 35.367755183018744 7.5144471712410441 8.2540914355777186 1.9992452720180143 0.45501964911818404
leaf_count=77 150 1181 291 2841 66 1361 1508 1241 2427 1161 521 513 122 193 461 103 85 42 11
internal_value=-4.72856e-05 -0.000330301 9.83367e-05 -0.00191729 -0.010981 -0.00551125 0.00532758 0.000560141 -0.00516461 0.00375004 0.00804446 0.0110889 -0.00549919 -0.0110009 -0.0284592 0.00488946 -0.0227242 -0.0242077 -0.0275459
internal_weight=1204.85 1195.12 1174.9 848.066 181.57 139.424 326.831 666.496 237.932 428.564 280.8 229.592 51.2075 46.0308 42.1456 19.681 26.3498 20.221 18.2218
internal_count=14355 14205 12971 9849 2179 1652 3122 7670 3668 4002 2664 2021 643 458 527 180 278 1234 1192
is_linear=0
shrinkage=0.03


Tree=142
num_leaves=26
num_cat=0
split_feature=29 22 24 29 28 39 16 35 31 13 34 25 27 44 22 22 25 36 36 21 14 35 49 14 6
split_gain=11.3113 11.67 13.5643 16.2439 26.4109 20.944 16.1209 17.8886 15.077 13.0438 19.6111 20.9015 18.2005 12.765 12.7421 13.1682 12.4079 6.35453 6.26475 6.48349 6.09868 1.59009 1.29017 0.598435 0.2762
threshold=0.90787160396575939 0.74755322933197033 0.26011507213115698 0.98320466279983532 0.93037399649620067 0.95199546217918407 0.26855468750000006 0.65937361121177684 0.10012606903910638 34.199581146240241 0.52385064959526073 0.14329662173986438 0.98021599650383007 0.30901856720447546 0.57436838746070873 0.56189125776290905 0.20305141061544421 0.32200439274311071 0.25685417652130133 45.490739822387702 9.0366902351379412 0.88352394104003917 1.3582461476325991 41.560781478881843 0.082904707640409483
decision_type=2 2 2 2 2 2 2 2 2 2 2 2 2 2 2 2 2 2 2 2 2 2 2 2 2
left_child=21 2 3 6 5 -5 7 -2 -8 14 12 -12 -11 -6 15 -4 18 -16 19 -3 -18 22 23 -1 -20
right_child=1 16 9 4 13 -7 8 -9 -10 10 11 -13 -14 -15 17 -17 20 -19 24 -21 -22 -23 -24 -25 -26
leaf_value=-0.028440889285718869 0.041196369849914337 0.029290572759957608 -0.0022832631416630318 -0.01209205366447821 0.034734812863382154 0.0059057619027721251 -0.023998157738755087 -0.0090056577288926808 0.0082721968851812884 0.015448534839858818 0.013195235725995966 -0.0077463090188974902 0.00016677122778670448 -0.0074976602871790875 -0.022779879702638089 0.031792340261034918 -0.028762555336763491 0.012687752300048306 0.021894362545141943 -0.016012904325763005 0.016076426260518046 0.011791808965050157 0.0065459610336362859 0.00088655795487267404 0.042893978576085921
leaf_weight=14.996462019858878 8.1390250185504573 4.5708707021549362 190.15499690151773 129.37963560177013 24.641512050293386 104.02258847933263 84.552219377364963 20.227331876289099 14.705647055525331 187.909718436189 57.778766668401659 157.47558915708214 112.23762280959636 8.040996912866829 36.47320515406318 9.7798709957860392 5.8178658396936935 4.4130147378891698 5.2587189362384406 4.8103003785945475 3.6295401277020574 0.40966784767806608 0.55203200271353203 0.38457239232957441 11.407355671748517
leaf_count=1243 59 31 3161 1193 264 985 1427 512 342 1390 374 1101 798 42 802 217 66 31 45 49 26 18 27 19 65
internal_value=-4.4052e-05 0.000305084 -0.000222197 -0.00473336 -0.000488431 -0.00406702 -0.0134877 0.00620876 -0.0191524 0.00212562 0.00481846 -0.00207626 0.00976354 0.024341 -0.00362126 -0.000451588 0.0170078 -0.0186686 0.027447 0.00646692 -0.0113591 -0.0240991 -0.025841 -0.0275151 0.0380521
internal_weight=1201.77 1185.43 1149.93 393.709 266.085 233.402 127.624 28.3664 99.2579 756.223 515.402 215.254 300.147 32.6825 240.821 199.935 35.4947 40.8862 26.0472 9.38117 9.44741 16.3427 15.9331 15.381 16.6661
internal_count=14287 12980 12698 4824 2484 2178 2340 571 1769 7874 3663 1475 2188 306 4211 3378 282 833 190 80 92 1307 1289 1262 110
is_linear=0
shrinkage=0.03


Tree=143
num_leaves=15
num_cat=0
split_feature=6 6 1 20 28 32 27 21 33 39 5 13 40 40
split_gain=11.1222 14.249 11.9044 14.2155 15.2759 16.7212 14.2486 13.1216 24.1048 22.1076 10.2698 3.65194 1.7336 1.75414
threshold=13.226967871189119 0.18542132526636126 0.83616966009140026 0.029439321719110016 0.85872095823287975 0.044481433928012855 0.97377124428749096 46.658334732055671 56.72301101684571 0.92784866690635692 0.41228419542312628 36.338956832885749 0.50759941339492809 0.42568843066692358
decision_type=2 2 2 2 2 2 2 2 2 2 2 2 2 2
left_child=1 2 3 4 5 -1 -6 9 -9 -5 11 -4 13 -3
right_child=-2 12 10 7 6 -7 -8 8 -10 -11 -12 -13 -14 -15
leaf_value=-0.028295819079245062 0.031078258559810827 -0.02011459893699644 0.0086447138052713306 -0.0052740134797166372 -0.018309526132198061 0.016109008620124848 0.056199703938247268 -0.0077600215230212615 0.0029563817325229799 0.012287744467456844 -0.0097955754904148762 0.045633551015466192 -0.031052044441579094 0.015545716371742336
leaf_weight=41.035117741208524 9.5524931680411083 1.6129595367237954 4.0709287449717548 96.149547888431698 3.4929876099340609 8.5447034877724928 4.0333059821277857 301.0152067928575 503.08579126582481 191.11040574219078 5.5020085014402857 9.8352506980299932 13.538735442329196 1.3399327611550687
leaf_count=704 152 55 29 1203 82 105 21 2875 6624 1891 31 46 410 36
internal_value=0.000414015 0.000138152 0.000542745 0.000136415 -0.0143196 -0.0204165 0.0231761 0.000907998 -0.00105623 0.00640129 0.0232552 0.036313 -0.0267351 -0.00333495
internal_weight=1193.92 1184.37 1167.88 1148.47 57.1061 49.5798 7.52629 1091.36 804.101 287.26 19.4082 13.9062 16.4916 2.95289
internal_count=14264 14112 13611 13505 912 809 103 12593 9499 3094 106 75 501 91
is_linear=0
shrinkage=0.03


Tree=144
num_leaves=31
num_cat=0
split_feature=0 19 19 28 23 28 16 50 27 16 18 24 23 32 27 24 23 5 5 38 13 1 42 19 49 23 10 41 49 23
split_gain=11.0217 11.548 24.3696 18.6305 18.1061 18.6622 15.303 27.7482 30.6008 25.5212 30.7121 24.2319 22.1272 21.3284 18.9527 16.2198 14.0041 13.3821 13.1633 12.3008 12.2651 11.5354 11.1193 7.70413 6.98434 6.70059 5.33801 3.80882 3.5874 2.99514
threshold=3.692442893981934 0.078767906874418273 0.083218157291412367 0.67436903715133678 0.54118382930755626 0.74573025107383739 0.34472656250000006 0.26702763140201574 0.94309911131858837 0.33886718750000006 0.40234375000000006 0.33507625758647924 0.6902601718902589 0.038086218759417541 0.983495593070984 0.32122939825057989 0.53610941767692577 0.08215078711509706 0.1161790005862713 0.84375000000000011 47.048004150390632 0.68932089209556591 0.6975214183330537 0.080365929752588286 0.83319324254989635 0.3411738276481629 0.62500000000000011 0.83789101243019115 0.071823433041572585 0.54077383875846874
decision_type=2 2 2 2 2 2 2 2 2 2 2 2 2 2 2 2 2 2 2 2 2 2 2 2 2 2 2 2 2 2
left_child=25 6 18 26 5 -5 9 8 19 10 13 15 -12 -2 -10 -9 24 -6 20 -8 27 22 -20 -23 -11 -1 -4 -3 -27 -22
right_child=1 2 3 4 17 -7 7 11 14 16 12 -13 -14 -15 -16 -17 -18 -19 21 -21 29 23 -24 -25 -26 28 -28 -29 -30 -31
leaf_value=0.0096959572938386026 -0.0040231965354514589 0.047154123216647643 0.0064976549936812565 -0.039002612817142714 -0.031013796689003895 0.0073319759049405506 -0.019435349455743937 -0.014768590930315966 0.014153660511945575 0.03996798848128269 -0.033708842184723649 -0.051218163513209451 0.021995079679224518 0.0091938920109313205 -0.013788058176382678 0.031667286655516422 -0.018013933789303788 -0.0035118268914928119 -0.031315847913627126 0.014187888792174565 0.013421234440055274 0.052450686874842889 0.022252008311402702 -6.793762717978758e-05 0.0035785002295983634 0.017964796087143103 0.051517683221009608 0.018251677951794217 -0.024038381184465239 -0.02534557287344932
leaf_weight=6.8047056025825432 216.61040517920628 23.24314230307937 4.0092515191063267 7.2249553226865819 23.421690058428794 158.31683766841888 65.80702401464805 106.15582053991966 113.90632571093738 25.415720319375399 34.763943975325674 15.439129805658011 7.0240658065304151 220.75602872297168 26.026475222781301 6.2631656355224541 4.9022257556207469 47.501663060626015 8.8859070241451281 10.625139178242533 2.4941927101463071 4.5861656703054887 4.4574714200571171 4.3599193878471851 6.2681970298290244 1.1650469326414192 7.2490240093320608 7.5739023773930958 28.868349825032055 2.7006746754050255
leaf_count=124 2331 116 57 62 392 1174 677 1109 953 135 442 91 239 2124 199 56 84 855 148 111 19 22 62 48 31 54 49 103 2379 60
internal_value=0.000143151 0.000662172 0.00565861 0.00150405 -0.00035132 0.00506967 -0.00111687 -0.00600857 0.000539281 0.00214752 0.00027333 -0.0170305 -0.0239803 0.0026469 0.00887446 -0.0118987 0.0259529 -0.0129407 0.0229378 -0.0145996 0.0339283 0.00435769 -0.0129081 0.0291204 0.0331904 -0.0157888 0.037568 0.040942 -0.021786 -0.00708641
internal_weight=1202.83 1165.99 306.025 247.723 236.465 165.542 859.964 344.223 216.365 515.741 479.154 127.858 41.788 437.366 139.933 112.419 36.5861 70.9234 58.3014 76.4322 36.0119 22.2895 13.3434 8.94609 31.6839 36.8381 11.2583 30.817 30.0334 5.19487
internal_count=14306 11749 3167 2589 2483 1236 8582 3196 1940 5386 5136 1256 681 4455 1152 1165 250 1247 578 788 298 280 210 70 166 2557 106 219 2433 79
is_linear=0
shrinkage=0.03


Tree=145
num_leaves=31
num_cat=0
split_feature=47 44 0 0 25 23 21 48 4 36 4 6 27 14 33 23 21 26 25 32 43 18 44 19 27 7 48 6 15 41
split_gain=10.3095 15.9013 21.3439 15.8798 14.1044 12.6408 16.9981 12.6075 11.8927 12.7855 11.598 12.6785 10.938 10.816 10.6331 10.3001 9.71153 9.56752 12.653 9.19707 21.1548 14.5496 9.16376 8.99473 8.90881 8.66276 12.3912 8.52175 9.75379 8.21346
threshold=0.8577668070793153 0.082650274038314833 6.4215145111083993 13.743603229522707 0.1751276031136513 0.39426052570343023 50.521780014038093 0.33760868012905126 0.87356704473495495 0.33980445563793188 0.93697112798690807 0.076454989612102522 0.96154338121414196 6.4637119770050058 54.024623870849616 0.54794976115226757 47.313421249389656 0.65625000000000011 0.16402659565210345 0.038086218759417541 0.4747792929410935 0.14453125000000003 0.094044812023639693 0.080988399684429183 0.97858935594558727 1.457831144332886 0.27155998349189764 0.027999998070299629 0.37087912857532507 0.85040917992591869
decision_type=2 2 2 2 2 2 2 2 2 2 2 2 2 2 2 2 2 2 2 2 2 2 2 2 2 2 2 2 2 2
left_child=1 2 17 5 19 16 -7 27 12 15 11 -6 13 -9 -14 -10 -4 -1 -19 21 -21 25 24 -12 -22 -2 -27 -3 -29 -20
right_child=4 7 3 -5 10 6 -8 8 9 -11 23 -13 14 -15 -16 -17 -18 18 29 20 22 -23 -24 -25 -26 26 -28 28 -30 -31
leaf_value=-0.019477102769529249 -0.014096335037737296 0.021958085092769166 -0.0029451915638131969 -0.016713689003317867 0.01306314581650779 0.016855804014145867 0.0031781751513202715 -0.036901377547731894 0.0018611916679399413 0.02377111163205662 -0.030702187664033067 -0.016345360248605511 0.046784057123501741 0.013294057419334869 0.0056508148929505959 -0.011629592494013729 0.038011335084544594 0.03909335579779067 0.015514534378397464 -0.01434352849609 0.0210413652224129 -0.012693639506169353 -0.02482045652055925 -0.0043108279841887224 -0.0062498085100161057 -0.010006635158085751 0.048016117253144849 0.0037654825612772908 -0.015242943695203225 -0.023272762044521375
leaf_weight=38.66346113011241 5.19444711506367 6.4502991698682299 6.4162399731576469 20.736052295658737 23.562535813078284 126.81255736807361 230.75604583695531 4.6169691639952353 139.04141973331571 16.260426085442305 37.70931905717589 27.456783583154902 12.705542630981656 11.3411403670907 10.468963831197469 78.926894710864872 21.667112206108868 5.8789374977350262 7.1468484890647259 31.9649519152008 64.141605363693088 74.007229709532112 4.1989092826843253 17.537058352027088 12.232610175851731 4.4560023238882414 8.7283313469961268 30.510066494811326 108.085870614741 11.450208032503722
leaf_count=863 52 33 33 718 376 882 1476 35 877 105 811 775 75 81 74 1137 114 119 76 606 879 1383 34 685 177 58 59 230 910 603
internal_value=0.000303863 0.00195305 0.00573921 0.00826588 -0.00438343 0.00965651 0.00807083 -0.00229209 0.0014952 -0.00107374 -0.0131975 -0.00271577 0.01659 -0.00237114 0.0293288 -0.00304096 0.0287713 -0.0103519 0.00414369 0.000214549 0.00596359 -0.00674526 0.0141337 -0.0226036 0.0166072 0.0164717 0.0288713 -0.00941171 -0.01104 -0.00818267
internal_weight=1199.12 887.935 469.527 406.388 311.19 385.652 357.569 418.408 273.361 234.229 106.266 51.0193 39.1326 15.9581 23.1745 217.968 28.0834 63.1395 24.476 204.924 112.538 92.386 80.5731 55.2464 76.3742 18.3788 13.1843 145.046 138.596 18.5971
internal_count=14336 8441 4884 3223 5895 2505 2358 3557 2384 2119 2647 1151 265 116 149 2014 147 1661 798 3248 1696 1552 1090 1496 1056 169 117 1173 1140 679
is_linear=0
shrinkage=0.03


Tree=146
num_leaves=31
num_cat=0
split_feature=47 38 25 48 22 16 27 25 50 27 27 29 25 33 27 18 34 34 16 38 0 6 19 41 34 48 29 19 45 29
split_gain=11.2182 12.4749 12.1582 11.3408 12.5419 9.74542 11.6124 19.0182 12.7756 12.3676 11.4951 14.7421 11.3237 9.64493 7.87472 7.73169 7.53944 10.3525 10.4393 9.96383 8.60502 7.63725 6.75702 6.64482 6.47409 6.44652 6.24321 6.07864 5.20827 5.17367
threshold=0.8577668070793153 0.40625000000000006 0.1751276031136513 0.229072280228138 0.58940142393112194 0.23144531250000003 0.98760354518890392 0.14236228168010714 0.133645735681057 0.98888477683067333 0.98695021867752086 0.9640149474143983 0.16319140046834948 48.348333358764656 0.8794972598552705 0.30078125000000006 0.59953039884567272 0.57958632707595836 0.21972656250000003 0.40625000000000006 6.1927027702331552 0.11138034984469415 0.065080735832452788 0.75287869572639476 0.41774809360504156 0.36127871274948126 0.99263238906860363 0.026254347525537017 0.36360998451709753 0.99510052800178539
decision_type=2 2 2 2 2 2 2 2 2 2 2 2 2 2 2 2 2 2 2 2 2 2 2 2 2 2 2 2 2 2
left_child=1 25 16 -4 14 12 10 9 -9 -8 11 -7 13 -3 29 -6 17 18 -2 -18 -20 -19 -17 -16 -12 27 28 -1 -27 -5
right_child=2 5 3 4 15 6 7 8 -10 -11 24 -13 -14 -15 23 22 19 21 20 -21 -22 -23 -24 -25 -26 26 -28 -29 -30 -31
leaf_value=0.00852598438529905 -0.022683994218093067 -0.014822406052840999 -0.026461430248083482 -0.016745998141876276 -0.011622929478832599 -0.0046468280707809995 -0.011288441115686337 0.010262610108192185 -0.021139463769479235 0.047768281401754278 0.056743388269484156 0.0052488479641343271 0.03852132641229522 0.036842048091380634 0.022053957002123748 0.043279853069038886 0.023748126781426179 0.035820556695527299 -0.0064803209588679776 -0.01938717575061474 0.0085022232449358283 -0.015634420967379003 -0.0052148865491804131 -0.021595877883992642 0.011305509332572633 -0.014483187912295198 0.017963834183901975 -0.026144032640581891 0.025536938681677775 0.026361010309493949
leaf_weight=4.809484084602448 15.967740791384129 10.07892352435738 37.242418036330491 2.9999405359849316 5.3435691588092622 183.31953761191107 4.6329633118584734 13.887539447750894 55.65627760021016 7.0793385137803853 4.3797918846830708 509.17230333620682 13.377764413133262 3.6021953113377085 2.5381656591780475 7.8970305887050909 4.7366322642192236 11.355874630622564 58.286428375635296 31.16338568739593 81.308265771251172 2.5786545276641837 3.2200833577662706 39.96964240912348 7.7874119398184121 22.300147061701868 9.2948538735508901 26.43408992048353 2.3747844225727013 5.9210991151630878
leaf_count=64 366 97 882 87 99 2774 37 119 570 57 24 3354 102 16 36 119 44 113 1595 442 622 83 97 1266 91 541 48 415 50 60
internal_value=-0.000209591 0.00152131 -0.00510345 -0.0133504 -0.0058348 0.00254132 0.00191428 -0.00874767 -0.0147695 0.0251212 0.00315865 0.00262197 0.0199291 0.000159252 -0.0131279 0.0162264 -0.000823495 0.00182617 -0.000442558 -0.0131253 0.00222347 0.0256884 0.0297146 -0.0184736 0.0309567 -0.0109955 -0.0017256 -0.0206152 -0.00967008 0.0113359
internal_weight=1188.72 878.187 310.529 105.132 67.8895 812.974 785.915 81.2561 69.5438 11.7123 704.659 692.492 27.0589 13.6811 51.4288 16.4607 205.397 169.497 155.562 35.9 139.595 13.9345 11.1171 42.5078 12.1672 65.2134 33.9698 31.2436 24.6749 8.92104
internal_count=14270 8359 5911 2646 1764 7241 7026 783 689 94 6243 6128 215 113 1449 315 3265 2779 2583 486 2217 196 216 1302 115 1118 639 479 591 147
is_linear=0
shrinkage=0.03


Tree=147
num_leaves=26
num_cat=0
split_feature=6 11 4 4 14 29 20 20 5 20 31 23 4 23 40 23 29 0 21 21 5 1 3 39 33
split_gain=10.7284 13.4603 12.9717 25.1763 21.9071 22.542 15.3048 21.7433 23.9052 20.0929 15.451 15.3908 14.9643 14.6628 9.36002 10.3945 8.29013 4.91244 4.78114 5.86054 8.89755 3.78113 3.56834 1.03152 1.02056
threshold=13.226967871189119 0.62500000000000011 0.98343965411186229 0.94230100512504589 7.7743957042694101 0.94822731614112865 0.042068898677825935 0.03722816891968251 0.061214240267872817 0.045790979638695724 0.043360393494367606 0.40947024524211889 0.93774113059043895 0.39223775267601019 0.90613824129104625 0.59471601247787487 0.99394196271896373 10.612677574157717 57.503520965576179 56.991804122924812 0.1523438170552254 0.83616966009140026 0.73256754875183117 0.70022943615913402 34.42016792297364
decision_type=2 2 2 2 2 2 2 2 2 2 2 2 2 2 2 2 2 2 2 2 2 2 2 2 2
left_child=1 2 3 4 12 -6 7 11 -9 13 -11 -4 -1 -8 15 -5 21 -16 19 20 -18 23 -20 -3 -25
right_child=-2 16 6 14 5 -7 9 8 -10 10 -12 -13 -14 -15 17 -17 18 -19 22 -21 -22 -23 -24 24 -26
leaf_value=-0.001956497615370562 0.0309517807763269 0.0037682372670418524 0.017222238667680686 0.019588866444492641 -0.016651044229220556 0.010813857440528676 -0.031445150122817046 0.014530268122447816 -0.019766335246230865 -0.024215631041736702 0.0071494737144267061 -0.0037384666156839537 -0.024827875985816927 0.018973572194824106 0.041948085175765204 -0.019651505785562746 0.015610547842304603 0.0048930074995766305 -0.028287989868717563 0.035393964813592291 -0.012921370709107684 0.025095245894068571 0.021807239941243187 0.0011726350536770624 -0.028569716494761851
leaf_weight=251.78981671528891 8.9750629868358356 0.5723500861786367 37.189686212688684 26.749323547352105 29.375059323851019 235.10601164260879 4.6526095848530522 20.465990267228335 128.00983798271045 26.315573086030781 28.365433246828616 179.6951352301985 27.771070302464068 72.458838134072721 20.257823335006837 6.8381630177609614 13.559423170052467 4.3543863259255877 9.0404265187680686 2.7523288624361149 29.225461102090776 0.51224429532885452 0.65456341067329127 0.79867057036608713 26.250779737718403
leaf_count=2895 145 37 209 185 778 1428 34 155 1219 214 277 1789 231 552 109 92 210 67 475 45 639 6 17 34 2456
internal_value=-2.73846e-05 -0.000290944 0.000592115 0.00355248 0.00152196 0.00770089 -0.00298792 -0.00614956 -0.0149532 0.00573461 -0.00805511 -6.79755e-05 -0.00431959 0.0155295 0.0221364 0.0111759 -0.0118409 0.0359564 -0.00484431 -0.000525687 -0.00366048 -0.0248356 -0.0229025 -0.0267109 -0.0275741
internal_weight=1191.74 1182.76 1099.39 602.242 544.042 264.481 497.153 365.361 148.476 131.792 54.681 216.885 279.561 77.1114 58.1997 33.5875 83.3662 24.6122 55.2322 45.5372 42.7849 28.134 9.69499 27.6218 27.0495
internal_count=14298 14153 10234 5785 5332 2206 4449 3372 1374 1077 491 1998 3126 586 453 277 3919 176 1386 894 849 2533 492 2527 2490
is_linear=0
shrinkage=0.03


Tree=148
num_leaves=31
num_cat=0
split_feature=0 23 27 29 23 20 4 5 41 24 23 18 23 29 50 18 29 37 5 28 45 5 28 6 6 23 50 24 1 34
split_gain=11.0835 10.1731 10.3452 22.1139 19.5358 15.4555 13.8023 13.1606 12.3427 11.3832 18.4587 17.0801 28.6011 20.025 16.305 11.3705 6.79114 5.67573 6.25501 5.1731 3.16763 2.47831 2.0894 2.07762 1.44707 1.27504 1.11877 1.11044 1.01289 0.745663
threshold=4.0657601356506357 0.75899299979209911 0.98403856158256542 0.99215134978294384 0.45139931142330175 0.042142869904637344 0.89710915088653576 0.10810617730021478 0.86662000417709362 0.25464542210102087 0.51494875550270092 0.48828125000000006 0.62264883518219005 0.95527571439743053 0.29048305749893194 0.43359375000000006 0.9936310648918153 0.15861733257770541 0.2075786963105202 0.77052500844001781 0.18217991292476657 0.13523057848215106 0.60180863738060009 0.18165494501590732 0.20419593155384066 0.3584305495023728 0.95136943459510814 0.32345707714557653 0.69823455810546886 0.41092543303966528
decision_type=2 2 2 2 2 2 2 2 2 2 2 2 2 2 2 2 2 2 2 2 2 2 2 2 2 2 2 2 2 2
left_child=16 2 9 6 5 -5 8 -8 -4 10 14 12 -11 -13 -2 -12 23 18 19 20 -18 -21 -19 -1 -3 -20 27 -24 -6 -25
right_child=1 24 3 4 28 -7 7 -9 -10 11 15 13 -14 -15 -16 -17 17 22 25 21 -22 -23 26 29 -26 -27 -28 -29 -30 -31
leaf_value=-0.029059203217229383 -0.0023018080283224943 -0.028100574201576873 0.023508157033469868 -0.022500537904879742 0.045636077221640405 0.022694156310938317 -0.02958297485320641 -0.0075657932567714525 -0.025311790208428265 -0.0023666165985737789 -0.0053478161670237005 -0.0055329597536389954 0.015656856965685768 0.019201180282851584 0.015489319873326341 -0.025065050082828458 -0.018876881016584829 0.0099953509840793615 0.0065750987947878065 0.0087691189739741889 0.018755444745552064 0.060758967708193383 -0.026145075386402605 0.019472260603344213 0.0085200061880440839 -0.024152710404511449 0.0065965064378031291 0.0059781144863180116 0.02326965086749027 -0.0089814838128867442
leaf_weight=18.950758604099978 127.72622941294685 11.32375392131507 15.070464540272953 15.524909578263761 8.465531740337612 10.572317563928662 41.880754201440141 60.225441480986774 5.591884665656834 345.53161047166213 126.8225500783883 38.214222764130682 101.69392803311348 119.96340646129102 71.397413471713662 32.752444567158818 2.60143825504929 1.448170426301657 0.96311663091182609 1.8522287951782344 3.5351023515686393 2.1697944877669215 10.544158527627582 0.55173090565949567 0.48402515798807222 3.770224311389029 0.60451938584446985 0.53366448590532023 8.5565451178699714 0.74488692334853113
leaf_count=2059 928 728 116 98 45 84 500 702 110 2445 1405 755 1380 697 531 580 68 32 15 52 51 17 632 16 10 127 5 15 47 88
internal_value=0.000158817 0.000761813 0.00106478 -0.0058283 0.0124243 -0.00391905 -0.0123119 -0.016825 0.00959889 0.00225876 -0.00196691 0.00476651 0.00175081 0.0132096 0.00410788 -0.00954431 -0.0137698 -0.003798 0.00851835 0.0213001 0.0019721 0.0439275 -0.0175931 -0.0266014 -0.0258172 -0.0173208 -0.0217681 -0.0239823 0.0364746 0.00502654
internal_weight=1190.07 1141.8 1129.99 165.888 43.1193 26.0972 122.769 102.106 20.6623 964.102 358.699 605.403 447.226 158.178 199.124 159.575 48.2698 28.0224 14.8919 10.1586 6.13654 4.02202 13.1305 20.2474 11.8078 4.73334 11.6823 11.0778 17.0221 1.29662
internal_count=14338 11161 10423 1702 274 182 1428 1202 226 8721 3444 5277 3825 1452 1459 1985 3177 1014 330 188 119 69 684 2163 738 142 652 647 92 104
is_linear=0
shrinkage=0.03


Tree=149
num_leaves=27
num_cat=0
split_feature=6 11 4 4 4 14 24 27 25 23 5 23 20 19 25 19 23 35 36 25 41 0 9 23 3 23
split_gain=10.4667 11.6907 10.7492 23.1387 25.6681 15.6598 12.0743 15.216 20.4055 16.3345 10.4322 14.6941 10.3473 12.7844 7.29042 6.21346 5.88851 6.83682 4.45015 3.56066 3.22743 2.49685 2.44841 3.27759 2.37833 1.69622
threshold=13.226967871189119 0.62500000000000011 0.98343965411186229 0.94211879372596752 0.94110789895057689 7.7743957042694101 0.35435055196285253 0.98738473653793346 0.17202047258615497 0.48466053605079656 0.22858300805091861 0.47714109718799597 0.038047578185796745 0.080779496580362334 0.17692825198173526 0.053277103230357177 0.56059589982032787 0.69507241249084484 0.26965397596359258 0.12888091802597049 0.85040917992591869 8.0563678741455096 0.086545422673225417 0.62607136368751537 0.73256754875183117 0.4066628515720368
decision_type=2 2 2 2 2 2 2 2 2 2 2 2 2 2 2 2 2 2 2 2 2 2 2 2 2 2
left_child=1 2 3 4 5 -1 7 9 -9 -4 11 -8 13 -5 16 -6 17 18 -3 -19 -14 -18 23 -16 -24 -26
right_child=-2 14 6 12 15 -7 10 8 -10 -11 -12 -13 20 -15 22 -17 21 19 -20 -21 -22 -23 24 -25 25 -27
leaf_value=-0.002873832670853354 0.030682212497948721 -0.014354521599331245 0.0044216835053734731 0.017806043082758946 -0.056296876206618197 0.0075348380931347094 0.023115568553951967 0.0069398827598461379 -0.033939567434458612 -0.0073822501806101752 0.040116488254633674 -0.036128614452898562 0.036725872902028216 -0.02767127939609516 -0.01803956236304528 -0.010620170573026408 -0.028015048403468204 0.044462511981675175 0.0054021573878595252 0.002549841182512092 0.0083244585511408897 0.012230905374683817 -0.029392973754092628 0.035327501340334633 0.029702310056429773 -0.0133367227751412
leaf_weight=262.35894755693153 8.87587604485452 20.746331471949816 192.56388860894367 22.661347438581291 7.2417880985885841 255.76619265927002 8.9106175955384987 16.221200712025166 30.636187124531716 230.65967651549727 9.6303936894983035 5.0768558587878934 26.012133765500042 6.2803945285268119 1.6255842987448006 5.0744265429675579 10.052139541134235 3.1910749208182088 18.384854391682893 3.7482580617070198 5.2856980119831851 0.90613015182316381 21.869791899807755 0.70190057530999173 0.4420631700195361 0.91612630826421082
leaf_count=3010 150 632 1117 156 39 2164 48 112 380 2709 46 44 161 64 104 45 818 26 222 50 74 21 1945 13 16 71
internal_value=-6.91592e-05 -0.000331691 0.000498506 0.00322905 0.00120492 0.00226312 -0.00276229 -0.00383267 -0.0198758 -0.0020067 0.0177105 0.000436443 0.0206929 0.00724264 -0.0111441 -0.0399136 -0.00493372 0 -0.00509425 0.025374 0.0324285 -0.0236918 -0.0241824 0.002933 -0.0270321 0.00605454
internal_weight=1175.84 1166.96 1084.38 590.681 530.441 518.125 493.699 470.081 46.8574 423.224 23.6179 13.9875 60.2396 28.9417 82.5843 12.3162 57.0288 46.0705 39.1312 6.93933 31.2978 10.9583 25.5555 2.32748 23.228 1.35819
internal_count=14237 14087 10169 5713 5258 5174 4456 4318 492 3826 138 92 455 220 3918 84 1769 930 854 76 235 839 2149 117 2032 87
is_linear=0
shrinkage=0.03


Tree=150
num_leaves=31
num_cat=0
split_feature=41 29 21 16 13 20 33 40 23 21 4 24 9 4 5 18 19 27 27 19 2 40 33 23 32 45 36 4 29 48
split_gain=11.5217 10.8772 10.3095 17.4857 28.6009 16.935 16.983 16.2598 16.0529 15.0627 13.105 13.0335 15.8386 21.0418 16.2576 12.9315 19.5867 12.6438 12.1053 11.6542 7.85514 8.04157 7.61942 4.91818 4.82296 3.9893 3.1654 2.99895 3.49062 4.54489
threshold=0.99650353193283092 0.99943783879280101 45.593915939331062 0.32519531250000006 45.257682800292976 0.029559870250523094 43.471427917480476 0.5128004550933839 0.68017777800560009 44.797435760498054 0.82533887028694164 0.26011507213115698 0.32538577914237982 0.92788788676261913 1.1600181460380556 0.73828125000000011 0.10767942667007448 0.96154338121414196 0.98603475093841564 0.029933374375104908 0.45312500000000006 0.37741170823574072 53.877500534057624 0.59704461693763744 0.037286041304469116 0.13827887922525409 0.27308200299739843 0.98343965411186229 0.99459925293922435 0.28516024351120001
decision_type=2 2 2 2 2 2 2 2 2 2 2 2 2 2 2 2 2 2 2 2 2 2 2 2 2 2 2 2 2 2
left_child=2 27 3 5 9 10 17 19 -8 22 -1 12 13 -9 -14 16 -13 -7 -12 24 21 -21 -5 -22 -4 -17 -6 -2 -29 -30
right_child=1 -3 7 4 26 6 8 11 -10 -11 18 15 14 -15 -16 25 -18 -19 -20 20 23 -23 -24 -25 -26 -27 -28 28 29 -31
leaf_value=0.028806931380828973 -0.023124689172309382 0.019040509408241792 -0.0084423196940592287 -0.041049918092475851 0.008590054923938592 -0.0091859002095341993 0.023110363786690007 -0.021934611821433959 -0.010102170148899071 0.018304718854595368 -0.021531235523534205 0.0023693075823696765 -0.010901839324154367 0.030211218523851058 0.01131744069547596 -0.028882931805657413 0.023733106745262279 0.016070358554834241 0.026619804332134827 0.025456551708458428 -0.040235765300835405 -0.015279310056240234 -0.013198465445857569 -0.014723771648746178 0.031761887696478974 -0.0059471124065638009 0.039927381211148583 -0.017255648727596901 -0.018185896190712404 0.037020789033398477
leaf_weight=6.389070324599742 35.116555365500972 6.9573976770043364 4.0022914474830014 19.074457601644099 5.8837609807960671 42.985409879125655 112.06762300664559 9.0730876964516955 14.110447886632754 6.7759766997769466 32.077968165278435 425.16271978896111 204.93195488955826 22.052770086331293 33.656256601912901 11.734740825835617 41.590343716554344 28.988589064683765 4.5530189136043182 4.5161042571999159 17.988669646903872 19.91606553690508 19.04304429050535 14.071583678945897 5.1473994348198175 17.096333155408502 7.4882500991225243 5.6333027998916787 1.3735679839737716 2.3435817267745733
leaf_count=58 1380 112 49 144 45 526 816 169 375 47 438 4022 2411 329 385 227 464 305 27 53 155 252 184 335 46 377 41 438 46 34
internal_value=5.97685e-05 -0.0136867 0.000699334 0.00546378 -0.00914883 0.00902967 0.0127303 -0.00101848 0.0193224 -0.0206185 -0.00784944 0.000215008 -0.00507663 0.0147079 -0.00772082 0.00310536 0.00432603 0.00102614 -0.0149183 -0.0152317 -0.0203174 -0.00692674 -0.0279055 -0.0299131 0.0147809 -0.0160382 0.0279046 -0.0191794 -0.00326994 0.0164541
internal_weight=1181.8 51.4244 1130.38 299.438 58.2655 241.172 198.152 830.94 126.178 44.8935 43.0201 765.298 269.714 31.1259 238.588 495.584 466.753 71.974 36.631 65.6421 56.4924 24.4322 38.1175 32.0603 9.14969 28.8311 13.372 44.467 9.35045 3.71715
internal_count=14290 2010 12280 3006 461 2545 2022 9274 1191 375 523 8384 3294 498 2796 5090 4486 831 465 890 795 305 328 490 95 604 86 1898 518 80
is_linear=0
shrinkage=0.03


Tree=151
num_leaves=23
num_cat=0
split_feature=1 31 22 22 25 0 0 48 9 1 5 35 16 27 17 14 7 13 23 16 6 20
split_gain=10.7621 12.4947 12.0251 15.7824 12.9209 11.2231 10.8022 8.69184 7.4476 6.91407 6.32901 6.07775 7.48624 4.92598 3.72588 3.42814 3.40941 2.93943 2.5437 2.3888 1.64726 1.09067
threshold=0.83616966009140026 0.023143284022808078 0.74755322933197033 0.72920152544975292 0.20305141061544421 4.0657601356506357 13.945287227630617 0.34783190488815313 0.099653992801904692 0.55007335543632518 0.41228419542312628 0.52109938859939586 0.38574218750000006 0.98363441228866588 0.99218750000000011 35.819452285766609 4.3157157897949228 36.338956832885749 0.61710470914840709 0.32128906250000006 0.14842321723699572 0.039522239938378341
decision_type=2 2 2 2 2 2 2 2 2 2 2 2 2 2 2 2 2 2 2 2 2 2
left_child=1 7 3 5 14 8 -7 9 -3 -1 17 -9 13 -13 19 20 -6 -2 -16 -4 -11 -5
right_child=10 2 4 21 16 6 -8 11 -10 15 -12 12 -14 -15 18 -17 -18 -19 -20 -21 -22 -23
leaf_value=0.025147614163790792 0.0079206248705625659 0.0054148459283036871 0.020026874114773548 -0.015439489036782343 -0.025792597315823281 0.0010952573671013893 -0.020173616446209002 0.015676584585597023 -0.022284415163003748 -0.034368486324121893 -0.0043985915275875287 -0.021881318454510013 0.023816788428377905 0.0067637032833931148 0.03993802527643709 0.0078293432670129785 0.010150939462345363 0.039816543319605192 0.010870473466012005 -0.015705287547197307 -0.0095982742966367798 -0.043819439667696837
leaf_weight=1.5260743205435598 4.5444617606699493 11.288509454578159 2.5201537720859077 3.8286885661073011 5.4197249142453057 965.00009948783554 20.972739703021944 9.9673003703355771 31.35118204774335 22.279437248595066 5.9022335074841967 22.65037981886417 4.1255047665908924 6.2983490680344394 15.042489664629104 1.6864021914079774 2.9349347469396889 9.797214597463606 4.7642359556630245 2.2021096481475979 4.1645145257934919 6.4062449093908072
leaf_count=58 31 355 27 57 78 8588 909 54 2656 350 35 372 45 102 91 24 26 47 46 38 124 65
internal_value=-0.000278428 -0.000673127 0.000145616 -0.0004248 0.0177352 -3.5584e-05 0.000619824 -0.0126221 -0.0149265 -0.0248591 0.0208748 -0.00374952 -0.00998011 -0.0155311 0.0284607 -0.0284451 -0.0131098 0.0310803 0.0339489 0.00300714 -0.0310688 -0.0357893
internal_weight=1164.67 1144.43 1071.73 1038.85 32.8836 1028.61 985.973 72.698 42.6397 29.6564 20.2439 43.0415 33.0742 28.9487 24.529 28.1304 8.35466 14.3417 19.8067 4.72226 26.444 10.2349
internal_count=14178 14065 12936 12630 306 12508 9497 1129 3011 556 113 573 519 474 202 498 104 78 137 65 474 122
is_linear=0
shrinkage=0.03


Tree=152
num_leaves=24
num_cat=0
split_feature=22 22 25 39 18 18 5 13 29 4 23 44 6 5 46 21 32 14 17 34 23 0 41
split_gain=11.1269 14.7868 14.6045 12.0961 11.1476 13.8706 18.3894 11.3536 8.9735 8.58293 10.6248 9.86506 6.94698 6.9357 6.561 5.32069 4.8517 4.36145 4.01313 2.61383 2.15246 1.334 0.44289
threshold=0.74755322933197033 0.72920152544975292 0.20305141061544421 0.85437244176864635 0.73046875000000011 0.67578125000000011 0.085096884518861785 37.242937088012702 0.9992055892944337 0.86852431297302257 0.519779533147812 0.1573787406086922 0.032474478706717498 0.21925330907106402 0.99644014239311229 69.722068786621108 0.036919198930263526 9.0366902351379412 0.99218750000000011 0.61489811539649974 0.48875381052494055 10.522227287292482 0.85877135396003734
decision_type=2 2 2 2 2 2 2 2 2 2 2 2 2 2 2 2 2 2 2 2 2 2 2
left_child=1 3 18 9 5 7 -7 -5 15 13 11 -11 -12 14 -1 -6 -15 -4 20 -20 -2 22 -3
right_child=2 21 17 4 8 6 -8 -9 -10 10 12 -13 -14 16 -16 -17 -18 -19 19 -21 -22 -23 -24
leaf_value=-0.0062644368829770473 -0.015545973692858674 -0.050311405503223133 -0.030500225136481429 -0.0029427847086702691 -0.026929779514474981 -0.0076396028742783733 0.033528510696004772 0.0037523404744691405 0.024873897934472786 0.0061514226422458235 0.024742932698913478 -0.017227462595272167 -0.02368807978509184 0.014165896394665549 0.034142905994244632 -0.0020821191670365199 -0.02998021105094003 0.0074387805786473244 0.03885749270511709 0.0090737096020892024 0.018053910880538298 -0.013438330207832125 -0.018760164995046867
leaf_weight=5.0174784148111966 2.2424888636451241 4.2616366147994977 5.2895785132423025 444.55510763544589 24.879982761107385 14.921598418848587 25.141934084007517 465.53366452269256 3.7259899461641899 38.230490260291845 1.958720012102275 26.676951172761619 53.008351577213034 2.7860414609313002 9.1710834039840829 11.718134262366219 4.7808213555254042 4.0663236263208091 15.992000517901035 4.3438884532079092 2.612266585463658 3.8202154822647572 2.7978079745080322
leaf_count=29 24 20 78 6604 582 129 240 4072 27 389 18 190 1111 47 101 318 53 30 116 25 39 43 65
internal_value=-0.000422254 -0.000937998 0.0161033 -0.000585394 0.000587424 0.00125247 0.0183098 0.00047901 -0.0146614 -0.00875504 -0.0119018 -0.00352738 -0.0214974 0.00821328 0.0201845 -0.0193207 -0.0136196 -0.0145952 0.0277413 0.0333595 0.0020168 -0.0342386 -0.0420585
internal_weight=1177.53 1142.99 34.5465 1132.11 990.476 950.152 40.0635 910.089 40.3241 141.63 119.875 64.9074 54.9671 21.7554 14.1886 36.5981 7.56686 9.3559 25.1906 20.3359 4.85476 10.8797 7.05944
internal_count=14350 14038 312 13910 11972 11045 369 10676 927 1938 1708 579 1129 230 130 900 100 108 204 141 63 128 85
is_linear=0
shrinkage=0.03


Tree=153
num_leaves=23
num_cat=0
split_feature=22 22 39 25 27 19 16 5 29 4 26 5 6 5 28 49 16 38 27 35 14 0
split_gain=11.2724 14.1078 12.1575 11.6418 9.84985 14.5619 19.6891 15.2833 13.9167 12.3682 10.5254 7.78495 8.46338 8.44324 7.1488 5.39654 4.87963 4.8332 4.25907 4.43464 3.77406 2.15665
threshold=0.74755322933197033 0.72920152544975292 0.85437244176864635 0.20305141061544421 0.88230139017105114 0.072604585438966765 0.41308593750000006 0.10473359748721124 0.99510052800178539 0.86124831438064586 0.71875000000000011 0.13971733301877978 0.053492059931159026 0.13393231481313708 0.50428587198257457 1.403120279312134 0.32714843750000006 0.46875000000000006 0.82920265197753917 0.65937361121177684 7.1364440917968759 10.522227287292482
decision_type=2 2 2 2 2 2 2 2 2 2 2 2 2 2 2 2 2 2 2 2 2 2
left_child=1 2 11 16 8 7 -7 -6 10 -10 -4 13 17 14 -1 -14 18 -13 19 -2 -5 -3
right_child=3 21 4 20 5 6 -8 -9 9 -11 -12 12 15 -15 -16 -17 -18 -19 -20 -21 -22 -23
leaf_value=0.025091039095458227 0.031995979583301519 -0.043608772439329521 0.0034303805858064565 -0.028822939666148961 -0.012701555011531399 0.013046312293597553 -0.0026895444796249681 -0.00056097309314908294 -0.012346650324380612 0.021023323706537242 -0.026112985121941167 -0.018813995707352718 -0.023237852767134862 0.031652313265008114 -0.0078184149680494523 0.018519848363149051 -0.0010541005876551033 0.017489215600826443 0.042977964065251999 -0.0078995542657632478 0.0072698207993821991 -0.010904402484062126
leaf_weight=5.5610323804430655 4.0732703953981453 6.530323993181808 75.4701921234373 4.4643789771944267 118.9502872871235 140.95479837083258 143.2423877234105 423.52574855508283 10.831866841763256 70.321832252666354 11.64234627666883 3.9669162160716942 50.51199460751377 5.2759778401814392 61.198951900936663 2.1472222432494155 4.4629034160170695 8.8152843164280039 12.861262880265711 4.155106030870229 4.1769028082489967 3.887087007984519
leaf_count=62 30 82 1204 72 1275 1568 2316 4796 74 580 160 46 881 37 766 20 59 83 82 39 38 42
internal_value=1.98945e-06 -0.000510007 -0.00017265 0.0167276 0.000982859 -0.000363262 0.00512291 -0.00324707 0.007577 0.0164367 -0.000735509 -0.00850358 -0.0159167 -0.00160229 -0.00470298 -0.0211658 0.0266856 0.00545733 0.0324736 0.0128518 -0.0121212 -0.0336923
internal_weight=1177.03 1142.83 1132.42 34.1938 994.939 826.673 284.197 542.476 168.266 81.1537 87.1125 137.477 65.4414 72.036 66.76 52.6592 25.5525 12.7822 21.0896 8.22838 8.64128 10.4174
internal_count=14312 13992 13868 320 11973 9955 3884 6071 2018 654 1364 1895 1030 865 828 901 210 129 151 69 110 124
is_linear=0
shrinkage=0.03


Tree=154
num_leaves=16
num_cat=0
split_feature=36 6 23 21 16 13 20 19 10 21 48 19 29 39 7
split_gain=11.1379 9.7168 11.1061 12.0992 17.6966 21.0564 20.6497 15.0752 26.9699 18.9427 6.90045 7.71297 3.96284 1.5629 0.268978
threshold=0.34424032270908361 13.226967871189119 0.74352878332138073 45.593915939331062 0.32519531250000006 44.706514358520515 0.029559870250523094 0.072604585438966765 0.62500000000000011 53.467742919921882 0.42400975525379186 0.051226245239377029 0.98674380779266369 0.98774492740631115 3.8827918767929082
decision_type=2 2 2 2 2 2 2 2 2 2 2 2 2 2 2
left_child=1 2 3 4 6 -6 -1 8 -5 -9 11 -2 13 -4 -12
right_child=10 -3 12 7 5 -7 -8 9 -10 -11 14 -13 -14 -15 -16
leaf_value=-0.0098635845669087074 -0.01651649865185565 0.03042854131051146 -0.028919420044244172 0.0030209345683848165 -0.01821469471636963 0.023855886193639139 0.012655191438621653 -0.01298118802714779 -0.011571040561983445 0.0058641504412257472 0.045386581902358496 0.024514457169424225 0.017615069341874765 0.0012934490193964494 0.020818116752753357
leaf_weight=43.754654469899833 6.6718304660171288 8.2617169953882676 16.294672454474501 195.08236517454498 48.768893419997767 12.668874401599167 202.72720547998324 56.392833563964814 271.23348886170425 291.50192390102893 5.671236399561165 7.9081876473501325 1.2671474097296584 1.3932100690435607 4.2506681885570288
leaf_count=454 43 143 1165 1906 458 79 1885 653 3343 3969 36 50 26 33 36
internal_value=0.000260766 -0.000171601 -0.000422229 -2.50205e-05 0.00502824 -0.00924828 0.00862191 -0.00194358 -0.00546669 0.00277232 0.0198715 0.00569111 -0.0226069 -0.0264373 0.0380056
internal_weight=1173.85 1149.35 1141.09 1122.13 307.92 61.4378 246.482 814.211 466.316 347.895 24.5019 14.58 18.955 17.6879 9.9219
internal_count=14279 14114 13971 12747 2876 537 2339 9871 5249 4622 165 93 1224 1198 72
is_linear=0
shrinkage=0.03


Tree=155
num_leaves=31
num_cat=0
split_feature=29 24 34 23 18 22 39 43 26 36 24 4 14 38 23 37 18 19 24 48 17 7 39 35 28 24 9 47 21 20
split_gain=9.66565 9.64663 13.9992 14.9414 13.366 13.0918 15.7084 14.7724 13.6859 12.3537 11.8913 11.4832 17.2375 19.5725 16.2165 12.8992 13.7643 15.6127 10.6548 9.34011 9.23866 9.126 8.08494 7.78354 7.75456 6.79561 5.38538 4.80612 3.49976 2.62776
threshold=0.90309548377990734 0.26011507213115698 0.41619318723678594 0.54454049468040477 0.26171875000000006 0.43118330836296087 0.95199546217918407 0.31903418898582464 0.84375000000000011 0.28703302145004278 0.24206434190273288 0.91865441203117382 7.1364440917968759 0.59375000000000011 0.60451388359069835 0.12667571008205417 0.73046875000000011 0.10767942667007448 0.32554814219474798 0.3891825675964356 0.99218750000000011 1.055040240287781 0.97750979661941539 0.48522941768169409 0.79720354080200206 0.2233763933181763 0.79551774263381969 0.96010717749595653 76.83750152587892 0.033371044322848327
decision_type=2 2 2 2 2 2 2 2 2 2 2 2 2 2 2 2 2 2 2 2 2 2 2 2 2 2 2 2 2 2
left_child=-1 2 3 4 23 7 8 25 -7 -9 -8 12 14 20 18 21 17 -17 -3 -16 -14 -13 -15 -2 -6 -4 -23 -5 -18 -29
right_child=1 11 5 27 24 6 10 9 -10 -11 -12 15 13 22 19 16 28 -19 -20 -21 -22 26 -24 -25 -26 -27 -28 29 -30 -31
leaf_value=-0.024188189921011089 -0.014888740292174549 -0.0020970964249086873 -0.033959420719180219 -0.031770855488978823 -0.032460082019485373 -0.014459658886656028 0.010476617909089698 0.019246047426750054 0.022504525399444805 -0.0049317393942529784 -0.013558024632862859 0.032918908644002487 -0.0070833790192518899 0.035191787547746871 0.0041057732857118908 0.0013832707177757928 -0.023996241223383456 0.023012873363914058 -0.027787739807294185 0.035600347499963769 0.01367062251952942 -0.021431942553282662 0.0035006523499539555 0.027493323349925988 -0.0035036194231870934 0.0061358406532685504 -0.004365274954015853 -0.021164498117639232 0.0045422901046365191 0.016410620813053795
leaf_weight=13.622345616808159 4.4497642237693098 62.29172080825083 8.956133285770191 32.911523204995319 12.075374085456131 114.16043591569178 72.864487489918247 67.634208015399054 8.8361173013690841 25.580835011787713 23.708024213090539 2.938036478124558 30.423964047804475 41.188899082131684 24.210876756813377 368.06473030266352 21.183124527800832 31.768677095184103 18.152425613254309 12.530229509808121 49.022149260621518 39.228095695376396 9.2925513843074423 13.991223225835709 24.463919098954648 5.5447459588758639 30.324014986865222 1.9507637445349235 4.1321084201335898 2.8737528927158564
leaf_count=1171 57 761 135 546 148 1398 803 782 133 199 441 36 264 216 780 3326 464 352 187 152 437 538 69 88 201 71 294 71 95 96
internal_value=4.82725e-05 0.000354809 -0.00327308 -0.0134972 -0.0033159 -0.000335273 -0.00454264 0.00817636 -0.0116199 0.0125972 0.00446702 0.00240642 0.00767892 0.0151609 -0.000649323 -0.000215889 0.00178017 0.00316246 -0.0082011 0.0155849 0.00569631 -0.0118284 0.0295977 0.0168725 -0.0137627 -0.0190278 -0.0142009 -0.0277849 -0.0192284 0
internal_weight=1178.38 1164.75 420.001 92.7163 54.9803 327.285 219.569 107.716 122.997 93.215 96.5725 744.752 247.113 129.928 117.185 497.639 425.149 399.833 80.4441 36.7411 79.4461 72.4901 50.4815 18.441 36.5393 14.5009 69.5521 37.736 25.3152 4.82452
internal_count=14311 13140 5169 1207 494 3962 2775 1187 1531 981 1244 7971 2866 986 1880 5105 4237 3678 948 932 701 868 285 145 349 206 832 713 559 167
is_linear=0
shrinkage=0.03


Tree=156
num_leaves=27
num_cat=0
split_feature=1 0 24 34 23 29 29 24 24 27 5 5 24 39 26 33 21 33 23 14 13 33 43 4 28 49
split_gain=10.4262 11.438 9.5168 20.7329 16.3329 20.6885 18.5564 12.8916 14.7407 14.0044 13.3761 8.71619 7.54947 10.2165 6.64374 6.96281 5.90861 5.90236 3.22265 3.18711 2.83329 1.81233 1.83578 1.53471 1.05229 0.58389
threshold=0.83616966009140026 13.52400064468384 0.28153879940509802 0.36666174232959753 0.46461577713489538 0.99588418006896984 0.9992521107196809 0.28015834093093878 0.27971348166465765 0.98738473653793346 0.37272305786609655 0.41228419542312628 0.29170361161232 0.83502897620201122 0.84375000000000011 63.229021072387702 38.411836624145515 43.886753082275398 0.5460118055343629 1.9309995770454409 36.338956832885749 41.566965103149421 0.75381678342819225 0.89892131090164196 0.97314348816871654 0.71371731162071239
decision_type=2 2 2 2 2 2 2 2 2 2 2 2 2 2 2 2 2 2 2 2 2 2 2 2 2 2
left_child=1 2 7 12 5 -5 -6 8 9 -1 23 20 18 -14 16 -16 17 -3 -4 -10 -2 22 -18 -9 -23 -17
right_child=11 14 3 4 6 -7 -8 10 19 -11 -12 -13 13 -15 15 25 21 -19 -20 -21 -22 24 -24 -25 -26 -27
leaf_value=-0.0010985285372588217 0.0094132861494187498 -0.021868263754856135 0.0098388814596227833 0.021915298883870379 -0.0013033810725304263 -0.0014690200255270654 -0.04117332517353383 -0.010982692070901504 0.0033860674634934415 -0.02409715769432098 0.027584128297305048 -0.0084329276218020107 -0.015311402739788248 0.018884770343552411 0.031128902912992168 0.0017801128200730623 -0.020147442272960978 0.033454979008377038 0.047969351143740402 0.039710304009723196 0.042065480176762288 -0.032183519215713163 0.016842075622493298 -0.042822437300841468 0 -0.023396275750213961
leaf_weight=536.761009685928 4.3282643165439394 2.4915954577736583 3.5176396104507139 64.272882321150973 309.55114066111855 70.473834780044854 9.8896076437085849 2.7734378552995631 3.3426075773313633 23.969442420173436 2.5884508318267754 5.7342569921165696 8.5340310176834446 46.692392250988632 4.1429621535353354 0.60282657574862275 1.5999729130417137 2.4498847303912044 9.1155296885408443 8.3043517835903895 9.6577193289995176 21.47618551552296 1.2319720974192021 11.85470813815482 0.82964229863136907 3.1703138621523976
leaf_count=6916 30 144 28 564 3486 612 81 29 45 291 46 34 89 370 44 21 67 26 80 70 46 794 21 132 49 155
internal_value=0.000224217 -0.000153198 0.000404022 0.00335288 0.00101793 0.00974225 -0.00267172 -0.00220318 -0.00140441 -0.00212814 -0.0270593 0.0213168 0.0186955 0.0133688 -0.0161252 0.00733259 -0.0224325 0.00606931 0.0390726 0.0306147 0.0334632 -0.0281679 -0.00307723 -0.0380667 -0.0309559 -0.0192151
internal_weight=1169.36 1149.64 1111.64 522.047 454.187 134.747 319.441 589.594 572.377 560.73 17.2166 19.7202 67.8596 55.2264 37.9954 7.9161 30.0793 4.94148 12.6332 11.647 13.986 25.1378 2.83195 14.6281 22.3058 3.77314
internal_count=14270 14160 12839 5310 4743 1176 3567 7529 7322 7207 207 110 567 459 1321 220 1101 170 108 115 76 931 88 161 843 176
is_linear=0
shrinkage=0.03


Tree=157
num_leaves=14
num_cat=0
split_feature=6 29 23 11 22 24 45 31 6 22 35 6 18
split_gain=9.60317 10.4288 10.2701 9.06161 9.05187 10.9094 10.7917 7.45941 6.41461 5.47498 1.5385 1.35498 1.23528
threshold=13.226967871189119 0.90787160396575939 0.75899299979209911 0.62500000000000011 0.74755322933197033 0.25464542210102087 0.19807976484298709 0.043598199263215072 0.033904178068041808 0.61349120736122142 0.88352394104003917 0.0071039909962564715 0.14453125000000003
decision_type=2 2 2 2 2 2 2 2 2 2 2 2 2
left_child=1 10 3 4 5 -3 -6 9 -9 -5 12 -4 -1
right_child=-2 2 11 7 6 -7 -8 8 -10 -11 -12 -13 -14
leaf_value=0.006421828168140741 0.030278705137378917 -0.0042655499386157515 0.0075791618923407821 0.0061754727223675863 -0.0096551139808257105 0.0025349698793939008 0.028315483276110599 0.0010355503906324557 -0.024506382580549393 -0.026024709441839725 0.011603245703317005 -0.028188418881053345 -0.028234838366873086
leaf_weight=0.48597167944535336 8.2931311167776567 298.81364885158837 0.48789628408849139 28.850373363588005 8.9426280930638331 725.60431652190164 21.143937363289297 11.736311232205479 31.586414207238704 4.645250486675649 0.36307402886450368 11.928900064900516 13.764571372419594
leaf_count=20 146 2427 14 689 53 5722 121 353 2383 175 17 916 1258
internal_value=-9.26596e-05 -0.000338618 -3.5476e-06 0.000303012 0.00103369 0.000546167 0.0169854 -0.00957309 -0.017652 0.000997928 -0.024691 -0.0260992 -0.0265127
internal_weight=1166.65 1158.35 1143.74 1131.32 1054.5 1024.42 30.0866 76.8183 43.3227 33.4956 14.6136 12.4168 14.2505
internal_count=14294 14148 12853 11923 8323 8149 174 3600 2736 864 1295 930 1278
is_linear=0
shrinkage=0.03


Tree=158
num_leaves=20
num_cat=0
split_feature=12 12 39 20 21 33 39 4 28 5 44 13 2 20 49 40 50 35 41
split_gain=9.47645 9.77219 9.57714 9.67076 15.2168 16.8406 12.8296 11.4299 13.6275 8.69243 9.39576 8.29769 6.89253 6.10574 5.77951 3.00698 1.97324 1.33906 0.299634
threshold=1.8366305232048037 1.4306057691574099 0.85437244176864635 0.029788195155560974 45.593915939331062 56.72301101684571 0.92784866690635692 0.82533887028694164 0.85872095823287975 0.1443305239081383 0.29289215803146368 47.705389022827156 0.32812500000000006 0.028524659574031833 1.403120279312134 0.50759941339492809 0.2473840340971947 0.73716169595718395 0.68093031644821178
decision_type=2 2 2 2 2 2 2 2 2 2 2 2 2 2 2 2 2 2 2
left_child=1 2 9 7 6 -6 -5 16 -9 10 11 -1 -12 -11 -15 17 -4 -3 -17
right_child=-2 15 3 4 5 -7 -8 8 -10 13 12 -13 -14 14 -16 18 -18 -19 -20
leaf_value=0.012429559513478409 0.0302452974882048 0.016026822942779871 0.03186202882139922 -0.0031264051722657382 -0.0059230332997331128 0.0036214795539633552 0.012911120505187244 -0.021350637045823198 0.021764305425207055 0.01456087735162051 0.0088214945267978979 -0.016041574795848845 -0.028759158462418371 -0.019887600039761723 0.017755723162262455 -0.0020622688196771425 0.0015450139816406069 -0.015421398025712482 -0.030298667275351448
leaf_weight=42.98708782135509 8.3959380835294706 1.8548612971790128 4.7149049602448923 59.796171816065907 271.30798589321785 426.65251635503955 172.00236313836649 45.43578125955537 6.7941646827384821 4.9566461509093633 5.6302686324343112 10.659857539925722 13.285619494970886 56.828688966110349 3.082473005168139 0.74122543446719547 3.4086544839665294 1.0988568426109848 11.653014606097711
leaf_count=480 151 41 25 678 2588 5775 1706 708 94 44 53 213 132 924 25 7 66 52 400
internal_value=0.000240069 -3.98143e-06 0.000326987 0.00136163 0.00212346 -8.74934e-05 0.00876544 -0.0101689 -0.0153823 -0.00706136 5.90534e-05 0.00652731 -0.0175414 -0.014952 -0.0176419 -0.0230349 0.0210334 0.00262716 -0.029114
internal_weight=1151.29 1142.89 1127.54 990.113 929.759 697.961 231.799 60.3535 52.2299 137.431 72.5628 53.6469 18.9159 64.8678 59.9112 15.348 8.12356 2.95372 12.3942
internal_count=14162 14011 13511 11640 10747 8363 2384 893 802 1871 878 693 185 993 949 500 91 93 407
is_linear=0
shrinkage=0.03


Tree=159
num_leaves=27
num_cat=0
split_feature=29 41 23 28 28 25 41 21 28 25 12 27 27 20 37 15 33 1 6 35 32 5 6 23 15 31
split_gain=11.0395 9.48791 14.3707 9.33192 21.7836 22.8781 25.1503 21.9228 16.2429 17.0489 13.4478 13.4375 17.3847 7.15729 6.90969 5.18361 3.44768 4.98882 2.47095 2.45396 1.56549 1.49241 1.3231 1.15623 0.870921 0.181174
threshold=0.90309548377990734 0.99650353193283092 0.40947024524211889 0.65377187728881847 0.74573025107383739 0.1735436096787453 0.82868278026580822 47.313421249389656 0.72231230139732372 0.17451550066471103 1.132963299751282 0.98888477683067333 0.97642099857330333 0.030316543765366081 0.15990043431520465 0.86190477013587963 59.377975463867195 0.71743533015251171 0.16332352906465533 0.74608439207077037 0.060506083071231849 0.010814171284437181 13.226967871189119 0.67123454809188854 0.44505494832992559 0.033020298928022392
decision_type=2 2 2 2 2 2 2 2 2 2 2 2 2 2 2 2 2 2 2 2 2 2 2 2 2 2
left_child=22 3 14 10 8 7 -7 -6 9 -5 -2 12 -12 -10 24 18 25 -18 21 -13 -16 -4 -1 -20 -3 -17
right_child=1 2 15 4 5 6 -8 -9 13 -11 11 19 -14 -15 20 16 17 -19 23 -21 -22 -23 -24 -25 -26 -27
leaf_value=-0.028061587717598088 -0.03560984890322514 0.015536691137814466 0.0028840880875996675 -0.01219622215767621 0.037619518508264803 0.0031927325165664595 -0.011722302660336687 0.0065660064410040797 0.008815752694675728 0.01144387225450135 0.0084035411214699769 0.043196706746977391 -0.010821522919642034 -0.031268063678701448 -0.022395609945057755 -5.6029213852443297e-05 -0.014625560029370292 0.052854504366575718 0.02748896798628013 0.0083712725978445281 0.012918357854913794 -0.027133798869859976 0.0077238984644322963 -0.0097175951011291006 0.046588199341495155 -0.019043624520086049
leaf_weight=12.762908963719379 6.0154363913461557 3.4001207416877133 1.182117486372589 89.042346801608801 26.066412354819477 374.89276159089059 138.47936597373337 87.860737975686789 3.9513419857248655 38.482423032168299 237.75389905949123 9.2513005980290455 50.435997558292001 35.074356980156153 2.7151416041888301 0.95861461292952244 0.99442663416266475 1.399412299506366 0.49603760591708013 3.179178257007151 0.7446603775024413 32.292675356380641 0.45316937565803606 0.60529612936079502 3.1104237427935004 1.5087190167978404
leaf_count=1187 51 36 9 972 159 2607 2626 702 30 476 2466 66 506 439 140 24 57 20 21 63 5 1503 11 45 31 47
internal_value=0.000105068 0.000432095 -0.0122913 0.00101669 -0.000698093 0.00186184 -0.000839653 0.0139626 -0.0103113 -0.00500561 0.00545369 0.00640066 0.00500281 -0.0270158 0.0184311 -0.0203963 0.00695514 0.0278888 -0.0244135 0.0357997 -0.0129299 -0.0259338 -0.0261665 0.0107193 0.0349989 -0.0146755
internal_weight=1163.11 1149.89 49.4076 1100.49 793.85 627.299 513.372 113.927 166.55 127.525 306.636 300.62 288.19 39.0257 9.97035 39.4373 4.86117 2.39384 34.5761 12.4305 3.4598 33.4748 13.2161 1.10133 6.51054 2.46733
internal_count=14299 13101 1938 11163 8011 6094 5233 861 1917 1448 3152 3101 2972 469 212 1726 148 77 1578 129 145 1512 1198 66 67 71
is_linear=0
shrinkage=0.03


Tree=160
num_leaves=30
num_cat=0
split_feature=1 31 5 27 20 16 27 16 40 50 5 13 4 14 21 21 34 27 27 24 34 49 50 5 29 50 21 16 42
split_gain=9.84954 12.1969 12.2697 10.1327 23.6559 21.4668 15.2789 22.4468 21.8227 18.6657 14.9263 18.4536 16.7732 14.2162 14.1448 13.83 9.1247 10.4589 8.5705 8.30257 8.20733 7.79778 7.47365 6.88633 6.08821 4.17941 3.66825 2.95592 2.57916
threshold=0.83616966009140026 0.026867008768022064 0.1236931160092354 0.98098060488700878 0.042142869904637344 0.42675781250000006 0.97516232728958141 0.32519531250000006 0.62263447046279918 0.10338423401117326 0.10810617730021478 40.404912948608406 0.91590055823326122 11.592089653015138 56.898027420043952 71.180416107177749 0.67389047145843517 0.96971073746681224 0.98695021867752086 0.33669751882553106 0.39304247498512274 1.403120279312134 0.17897972464561465 0.41228419542312628 0.95058923959732067 0.20818167179822925 59.928750991821296 0.24316406250000003 0.67936623096466076
decision_type=2 2 2 2 2 2 2 2 2 2 2 2 2 2 2 2 2 2 2 2 2 2 2 2 2 2 2 2 2
left_child=1 2 16 6 10 15 7 14 22 -9 12 -12 -5 -10 -3 -6 17 25 21 -7 -20 26 -8 28 -19 -1 -4 -22 -2
right_child=23 3 18 4 5 19 8 9 13 -11 11 -13 -14 -15 -16 -17 -18 24 20 -21 27 -23 -24 -25 -26 -27 -28 -29 -30
leaf_value=-0.027404288110305278 0.01072920517697026 0.0095741658163295846 -0.021829393646726761 0.010216068680492827 0.031365669296494737 -0.019451431417898967 -0.03519962594639961 -0.021354541088102197 0.027783812438299856 -0.0015860289719702716 -0.017624545826091957 0.0089932586569342627 -0.031621923117795825 -0.0010119516445069136 -0.021783295084068181 -0.027907591778987047 0.032162920686509812 -0.022890007712278414 0.035601725463954438 0.031391294552505236 0.014380416966046011 0.021552393084067492 0 -0.0067496810029591828 0.014429893034833928 -0.0030182654400683086 0.0011242025678833312 -0.018895937381595753 0.040314571095397128
leaf_weight=13.067683336790653 5.4131630100309875 218.85626326897182 79.203086439520121 9.9428824824281019 31.301718229427934 18.881724266801033 7.5850821556523469 47.460256706923246 57.175032281083986 387.19405249273404 45.968799841357395 45.755883503705263 45.765241997782141 20.637065210845321 12.772184376604853 3.1493664858862749 6.8741062758490434 3.6046599252149489 4.5772054339759043 2.4224223941564551 2.4771192045882326 3.3880693763494483 14.607733459211884 5.6988318599760523 27.077840034849942 12.554659000597892 6.4256345797330132 7.050653092097491 8.6317571904510242
leaf_count=121 33 2693 1191 167 285 387 68 605 604 4793 614 454 608 183 213 45 58 134 35 11 36 20 254 35 183 196 75 90 44
internal_value=-0.000623888 -0.000999697 -0.00848078 0.000287908 -0.00564802 0.0108373 0.00187109 0.000217903 0.0127445 -0.00379552 -0.0119335 -0.00436039 -0.0240532 0.0201927 0.00774599 0.0252282 0.00187892 -0.00226276 -0.0148137 -0.0123875 0.00638438 -0.0182395 -0.0129853 0.0198563 0.00936667 -0.0161303 -0.0200792 -0.00941531 0.0305823
internal_weight=1155.52 1135.78 166.301 969.476 203.188 55.7552 766.288 666.283 100.005 434.654 147.433 91.7247 55.7081 77.8121 231.628 34.4511 63.1789 56.3048 103.122 21.3041 14.105 89.0168 22.1928 19.7438 30.6825 25.6223 85.6287 9.52777 14.0449
internal_count=14235 14123 2139 11984 2571 728 9413 8304 1109 5398 1843 1068 775 787 2906 330 692 634 1447 398 161 1286 322 112 317 317 1266 126 77
is_linear=0
shrinkage=0.03


Tree=161
num_leaves=23
num_cat=0
split_feature=18 23 36 22 25 22 19 23 1 9 14 36 14 9 6 14 42 42 20 9 35 14
split_gain=9.39427 9.45867 8.94651 8.86793 11.6968 11.4731 9.71891 8.43787 10.5815 5.95456 5.35187 4.92733 4.87215 4.52827 2.9608 2.41155 1.96206 1.4567 1.27162 1.19723 1.17127 0.0621485
threshold=0.83203125000000011 0.74352878332138073 0.33980445563793188 0.74755322933197033 0.20305141061544421 0.72011429071426403 0.078767906874418273 0.57778275012969982 0.69751486182212841 0.30444945394992834 19.211993217468265 0.24603100866079333 8.2901487350463885 1.6798335313796999 13.226967871189119 6.0467858314514169 0.57837229967117321 0.93369963765144359 0.047094136476516731 0.52608191967010509 0.66707316040992748 31.475289344787601
decision_type=2 2 2 2 2 2 2 2 2 2 2 2 2 2 2 2 2 2 2 2 2 2
left_child=1 2 3 5 11 6 -1 8 -4 12 -7 -5 -2 -6 17 -9 -10 18 -3 -20 -19 -11
right_child=9 14 7 4 13 10 -8 15 16 21 -12 -13 -14 -15 -16 -17 -18 20 19 -21 -22 -23
leaf_value=-0.0018634440368102919 -0.019355431066991204 -0.028702324307648783 0.029848264536838077 -0.00054584814517716796 -0.024638592855563229 -0.035668798665005386 0.0046375385981445505 0.048561019651859896 0 -0.031505713629328032 0.0061166211836062483 0.033173556901875643 0.03679969699528312 0.017033570409405278 0.018644065987843374 0.011741183744481111 -0.02331334875143342 0.022430406931648713 0.016710419881498271 -0.016135701010257235 -0.012925826534197823 -0.0086498581924584639
leaf_weight=773.90792545466684 1.7905849071685254 14.513240997912371 7.9150218246504727 4.6356164624448928 6.5765203197952342 10.978033633437006 281.35758548695594 6.190219432115553 6.4102721102535707 12.405495456652714 3.0917467717081299 18.209987718146294 1.8127962816506622 2.485937500372529 0.83064772188663383 3.409631579183042 5.9880013093352318 0.50237500574439653 0.77774964459240381 1.2480142791755495 0.885536058107391 1.4256328181363631
leaf_count=8310 117 1067 52 51 92 132 3677 49 33 313 24 134 13 19 5 36 33 7 21 53 64 16
internal_value=-0.000279933 5.80193e-05 0.000419686 -2.43841e-05 0.0153121 -0.000498692 -0.000124546 0.016337 0.00460223 -0.0215267 -0.0264911 0.0264698 0.0101006 -0.0123525 -0.0205175 0.038108 -0.0123157 -0.0233797 -0.0257616 -0.00117866 0.0026495 -0.0300942
internal_weight=1167.35 1149.91 1131.16 1101.24 31.9081 1069.34 1055.27 29.9131 20.3133 17.4345 14.0698 22.8456 3.60338 9.06246 18.7576 9.59985 12.3983 17.9269 16.539 2.02576 1.38791 13.8311
internal_count=14318 13859 12642 12439 296 12143 11987 203 118 459 156 185 130 111 1217 85 66 1212 1141 74 71 329
is_linear=0
shrinkage=0.03


Tree=162
num_leaves=31
num_cat=0
split_feature=0 25 23 28 16 31 22 17 21 21 25 7 29 23 10 50 20 4 41 19 16 7 6 24 33 36 34 28 30 36
split_gain=11.6207 13.93 20.9347 18.1926 19.3139 25.1762 23.2697 20.0362 15.8291 26.2081 20.2095 15.5648 12.234 12.0308 19.4459 19.4453 11.155 9.77689 15.6969 11.2872 16.3532 14.2312 13.4162 10.0076 9.65514 8.90326 8.2267 7.50773 9.77556 8.33072
threshold=6.1927027702331552 0.085298147052526488 0.48583693802356726 0.65377187728881847 0.34472656250000006 0.029975064098834995 0.52679741382598888 0.99218750000000011 54.379989624023445 50.558847427368171 0.19991891086101535 4.474093198776246 0.98197063803672802 0.54794976115226757 1.0000000180025095e-35 0.13035988062620166 0.038361907005310066 0.90012124180793773 0.99191969633102428 0.082016021013259902 0.39550781250000006 1.2292201519012453 0.16167277097702029 0.20475094765424731 56.857244491577156 0.28015191853046423 0.56143474578857433 0.76140248775482189 0.22265625000000003 0.24428588896989825
decision_type=2 2 2 2 2 2 2 2 2 2 2 2 2 2 2 2 2 2 2 2 2 2 2 2 2 2 2 2 2 2
left_child=17 2 -2 4 5 16 7 -6 9 11 -11 -5 -7 15 -15 -10 -3 18 24 21 23 27 -23 -21 -1 -8 -25 28 -19 -29
right_child=1 3 -4 8 6 12 25 -9 13 10 -12 -13 -14 14 -16 -17 -18 19 -20 20 -22 22 -24 26 -26 -27 -28 29 -30 -31
leaf_value=0.021477529768901649 0.030026841001297485 0.0033408298291950547 -0.035098754360100876 -0.0053760879662240746 0.026340888792784834 0.011339904651687443 -0.0061480215771025611 -0.03778582629133484 -0.010712476708361984 -0.0069305078782360228 -0.033360702191162724 0.012316117473066686 0.031037543669104408 -0.023561980389780419 0.0032064656027954012 0.011505014379287467 -0.031453124701228165 0.018575531661136003 -0.015008132372379603 -0.028258746754284223 -0.013109836489435537 -0.02351719443564837 0.012139475640853624 0.0091315288631840727 -0.0098424591193152534 0.038190068429683866 0.043423892114207323 0.053074872374209756 -0.026590727372099009 -0.0077413958487002003
leaf_weight=34.983391276793554 4.847204044461253 43.091636050492525 18.779859923291951 119.36910683847964 4.6440083966590491 57.144789863843471 6.4319875342771402 21.27434492437169 42.12706908211112 69.449067000299692 41.728431336116046 70.193307650275528 60.60066850669682 32.20926743443124 91.166991488775238 199.04177652578801 9.202643125317989 7.1566144973039654 25.400140258716419 3.1425393363460925 36.336657615145668 88.363996962783858 9.8937460666056705 18.327709275763485 10.944754660595207 8.7062070537358505 9.5002962495200318 4.1439674836583427 8.1441520256921631 2.8463436434976757
leaf_count=419 23 484 205 1222 32 576 69 135 250 476 347 538 309 691 1037 1288 123 57 949 42 1373 2347 336 203 195 49 70 92 283 86
internal_value=-0.000304441 0.00130583 -0.0209394 0.00193216 0.00958381 0.0140358 -0.00867874 -0.0256326 -0.000501959 -0.00559087 -0.0170863 0.00118969 0.0216791 0.00369186 -0.00389098 0.00758349 -0.00320114 -0.00589112 0.00349866 -0.00947191 0.000335467 -0.0149302 -0.0198105 0.0161208 0.0138993 0.019952 0.022043 0.00638026 -0.00543755 0.0300663
internal_weight=1159.19 900.008 23.6271 876.381 211.096 170.04 41.0565 25.9184 665.285 300.74 111.177 189.562 117.745 364.545 123.376 241.169 52.2943 259.184 71.3283 187.856 67.3072 120.549 98.2577 30.9705 45.9281 15.1382 27.828 22.2911 15.3008 6.99031
internal_count=14306 7854 228 7626 1777 1492 285 167 5849 2583 823 1760 885 3266 1728 1538 607 6452 1563 4889 1688 3201 2683 315 614 118 273 518 340 178
is_linear=0
shrinkage=0.03


Tree=163
num_leaves=29
num_cat=0
split_feature=0 18 18 23 49 24 18 19 24 32 27 29 31 39 41 9 29 0 21 21 21 23 6 39 0 9 37 24
split_gain=9.0744 8.61664 16.6148 14.6679 13.5923 13.5274 11.2842 14.1047 21.6691 13.3338 12.033 7.34768 6.79659 6.38016 7.7391 7.15367 4.88181 4.45744 3.23768 2.86985 2.86521 2.84284 1.78724 1.68628 1.32692 1.31197 1.06752 0.684399
threshold=13.945287227630617 0.72265625000000011 0.67578125000000011 0.56180286407470714 0.79417544603347789 0.31362974643707281 0.64453125000000011 0.078767906874418273 0.31670582294464117 0.046190949156880386 0.96995058655738842 0.9640149474143983 0.029606631025671962 0.91570788621902477 0.62795311212539684 1.6421398520469668 0.9858253300189973 4.6714162826538095 38.411836624145515 36.045019149780281 65.786617279052749 0.46702583134174352 0.044794391840696342 0.9844992756843568 9.0830941200256365 2.2039784193038945 0.072994265705347075 0.2977647483348847
decision_type=2 2 2 2 2 2 2 2 2 2 2 2 2 2 2 2 2 2 2 2 2 2 2 2 2 2 2 2
left_child=1 2 6 5 22 12 7 9 -9 -1 11 -8 -4 15 -15 17 18 -6 19 -2 -16 -20 -3 25 -12 -24 -23 -25
right_child=16 4 3 -5 13 -7 10 8 -10 -11 24 -13 -14 14 20 -17 -18 -19 21 -21 -22 26 23 27 -26 -27 -28 -29
leaf_value=-0.0025773316246445232 -0.019393864019939516 0.0033810157542058352 0.0030468015132621424 -0.026400018495309392 -0.0048109056998246668 -0.014195742036549091 -0.023657771375088652 0.0036915770958935506 0.031962347468008523 0.0079207454171810118 -0.040988945509780515 0.029694830455406666 0.042987289638210115 -0.03336593802371976 -0.0079724777019263698 -0.020021735238344517 0.027380324207651581 0.032134164744307539 0.0083469149685933951 0.02166526470199712 0.024948967482830143 0.0012781345530464663 -0.032876377372482952 -0.012193589251378955 -0.0072431615407491483 -0.0013044213209092925 -0.030087301579753346 0.014218434306521515
leaf_weight=705.58982052304782 1.8671284676529527 1.2585283205844486 4.9961003661155727 4.3639204215724012 3.4319025194272426 5.1708818683400741 2.9635156875010606 153.51070631737821 28.183436517603695 127.66203015041538 11.505090294172986 4.6453708314802498 21.894460089737549 6.8392055383883399 4.0801313598640263 3.5451718806289128 1.1513992846012104 10.694346559233962 1.4963051099330211 2.2666627042926848 3.5207739328034222 0.75368918804452079 20.56392483343371 0.79817819106392451 1.9214505380950857 1.5537069039419282 17.842550881905481 0.72434322023764253
leaf_count=7790 115 47 32 110 51 32 61 1856 195 1464 192 61 155 69 44 28 5 73 35 36 19 34 726 59 29 23 899 8
internal_value=-7.19106e-05 0.000331431 0.000942339 0.0205805 -0.0109267 0.0276709 0.000229784 0.00069309 0.00824416 -0.000957765 -0.0210053 0.00823224 0.0360495 0.00196878 -0.0122587 0.0137892 -0.0174681 0.0232355 -0.0207194 0.00237026 0.00805583 -0.0254992 -0.0271075 -0.0289237 -0.0372044 -0.0309407 -0.0286626 0
internal_weight=1154.79 1129.42 1072.41 36.4254 57.0102 32.0614 1035.98 1014.95 181.694 833.252 21.0354 7.60889 26.8906 32.1115 14.4401 17.6714 25.3777 14.1262 24.2263 4.13379 7.60091 20.0925 24.8987 23.6402 13.4265 22.1176 18.5962 1.52252
internal_count=14248 13124 11977 329 1147 219 11648 11305 2051 9254 343 122 187 284 132 152 1124 124 1119 151 63 968 863 816 221 749 933 67
is_linear=0
shrinkage=0.03


Tree=164
num_leaves=27
num_cat=0
split_feature=0 13 19 21 27 24 28 27 27 29 48 29 1 4 14 27 39 46 22 23 6 21 20 29 43 1
split_gain=10.0749 9.28402 15.8525 12.1674 16.2732 21.0156 18.6014 16.1408 16.6277 11.2799 9.46518 9.13828 8.22141 8.57772 7.52484 6.00786 5.25601 3.84325 3.35083 4.12892 1.29301 1.17901 1.16679 0.471576 0.437485 0.406379
threshold=13.945287227630617 32.30980300903321 0.12905264645814898 65.439285278320327 0.91037914156913768 0.25464542210102087 0.90074479579925548 0.9841068983078004 0.96651166677474987 0.96127760410308849 0.38260982930660253 0.99943783879280101 0.747371405363083 0.90717509388923656 9.8170938491821307 0.98864641785621654 0.96312457323074352 0.99432355165481578 0.70482838153839122 0.49028690159320837 0.042741401121020324 76.83750152587892 0.02922296337783337 0.96946877241134655 0.7002033293247224 0.72505712509155285
decision_type=2 2 2 2 2 2 2 2 2 2 2 2 2 2 2 2 2 2 2 2 2 2 2 2 2 2
left_child=1 9 3 4 6 -6 -3 8 -5 17 11 14 13 -12 -11 -9 -13 -1 19 -2 -4 -22 25 -21 -14 -19
right_child=18 2 20 7 5 -7 -8 15 -10 10 12 16 24 -15 -16 -17 -18 22 -20 23 21 -23 -24 -25 -26 -27
leaf_value=0.0054173464828505781 0.012853049802673575 0.012565026807992168 0 0.0049585547133350928 -0.014346873972487047 0.0012585654546806112 -0.01554297089641331 -0.03004990580613396 0.0369004016734268 -0.0093642031774591288 0.029627155511706638 0.0011562395886352817 -0.0072857058175056664 0.0036963664884039076 0.013502349746836777 0.0034678967960997467 0.033261200058208512 -0.008210837518030702 0.0061558281196242995 -0.029453712879092125 -0.035096075386795593 -0.0051943074205554633 -0.030210534700366852 -0.0073111874706972401 -0.029113890006612988 0.014548113014084083
leaf_weight=2.9466883917339173 1.8712546741589964 161.07206800254062 1.386592837050556 29.628882673569024 92.160654418170452 465.051304301247 23.42019148170948 7.1817774493247297 29.272243601735681 174.71646782103926 15.518653870560227 12.236782211344691 2.6022894708439699 39.951851963996887 13.011641255579887 10.928583512548355 6.6247781394049516 0.50593695417046802 3.4953483794815829 16.742598548997197 10.766722909640519 2.0213003288954488 19.059971299488097 2.1358081838116041 3.6024021864868701 0.27533933240920305
leaf_count=27 36 1194 9 246 855 3395 235 74 178 4261 93 203 24 312 110 73 66 63 56 989 195 44 1392 40 41 19
internal_value=-0.000187779 0.000230359 0.00184485 0.00240853 0.001217 -0.00133822 0.00891615 0.0136831 0.0212339 -0.00436996 -0.00259152 -0.0056763 0.0076192 0.0114002 -0.00770026 -0.0105437 0.0136905 -0.024191 -0.0189319 -0.0233846 -0.0285284 -0.0313068 -0.0287811 -0.0275934 -0.0226573 0.00179016
internal_weight=1148.19 1123.94 832.89 818.716 741.704 557.212 184.492 77.0115 58.9011 291.053 268.265 206.59 61.6752 55.4705 187.728 18.1104 18.8616 22.7879 24.245 20.7497 14.1746 12.788 19.8412 18.8784 6.20469 0.781276
internal_count=14230 13109 6498 6250 5679 4250 1429 571 424 6611 5110 4640 470 405 4371 147 269 1501 1121 1065 248 239 1474 1029 65 82
is_linear=0
shrinkage=0.03


Tree=165
num_leaves=31
num_cat=0
split_feature=24 16 5 21 29 28 16 47 34 46 27 11 20 20 22 15 25 21 9 37 16 27 33 23 13 18 25 39 16 23
split_gain=9.45481 16.8507 17.5608 15.7314 19.0472 21.7 18.0647 11.2563 10.9271 12.8163 14.2454 14.4451 14.4638 12.661 15.7466 15.2945 11.7002 11.4513 11.4194 10.8144 10.6018 14.1645 10.3199 14.0345 16.6697 10.2042 10.7373 10.0294 8.82607 8.33639
threshold=0.26011507213115698 0.32714843750000006 0.19421113282442096 49.772329330444343 0.9840834140777589 0.93567231297492992 0.40722656250000006 0.62157469987869274 0.42695164680480963 0.99463710188865673 0.98384487628936779 0.62500000000000011 0.037473320960998542 0.038790531456470496 0.45207661390304571 0.53589746356010448 0.1084195338189602 59.176961898803718 1.2610242366790774 0.1124301701784134 0.23730468750000003 0.95431551337242138 42.694637298583991 0.67123454809188854 32.013105392456062 0.56640625000000011 0.14329662173986438 0.99311453104019176 0.34863281250000006 0.45139931142330175
decision_type=2 2 2 2 2 2 2 2 2 2 2 2 2 2 2 2 2 2 2 2 2 2 2 2 2 2 2 2 2 2
left_child=1 2 19 -3 27 6 -6 -7 13 25 11 12 -11 14 20 16 -16 -17 -12 -1 -2 -22 29 24 -24 26 -10 -5 -20 -4
right_child=8 3 22 4 5 7 -8 -9 9 10 18 -13 -14 -15 15 17 -18 -19 28 -21 21 -23 23 -25 -26 -27 -28 -29 -30 -31
leaf_value=-0.0025505896587399279 0.029323011989692727 -0.026747944303551999 0.018109231443861843 -0.019918207037076047 0.0039603247145558532 -0.00075021774917682406 -0.020982898115084216 0.040380954260964844 0 0.011191905153477863 -0.01567800151756343 -0.01581262627649033 -0.0014425638611938961 0.018516895058696019 -0.024272863989217387 0.0068639358165290846 0.030061409261145564 -0.033576903912734414 0.023502798808602586 0.02827014454315822 0.012367289271450036 -0.024787088626410311 -0.015015353632086259 -0.022648127853319461 0.017811354578084311 0.008723838187726228 -0.026953940118421019 0.034687820214173076 -0.0072383833769681686 -0.021942845293655706
leaf_weight=14.027060289867221 4.5132325417362145 34.06928946217522 4.6844558264128855 67.844504319364205 79.708385089412332 8.9401888353750127 37.616585291689262 16.10774911660701 21.151791973505169 218.28101722197607 61.57112982776016 27.211437494726852 128.88051178772002 72.246279011713341 3.1701566455885759 23.577619148883972 33.46643318189308 7.4648683001287273 13.763573159230871 33.985376126831397 11.87059009587392 32.877458665054291 17.976668700110167 14.104547531343995 51.653280377388 17.055512049933895 35.874916007742286 2.2409921698272219 18.519821421941742 28.723406468285248
leaf_count=211 42 488 32 1394 644 50 524 167 156 2035 997 1463 1261 801 51 231 412 80 114 368 109 347 338 423 398 134 320 10 200 430
internal_value=0.000491083 -0.00313781 0.00425046 -0.00809669 -0.00498047 0.00132322 -0.00412133 0.0261199 0.002539 0.000362657 0.00220877 0.00483443 0.00650219 0.00872707 0.00254771 0.0118866 0.0247602 -0.00351174 -0.00817354 0.0193362 -0.0102044 -0.0148105 -0.00201858 0.00359706 0.00920126 -0.0111396 -0.0171799 -0.0176666 0.00608992 -0.0158765
internal_weight=1143.18 411.682 165.155 246.528 212.458 142.373 117.325 25.0479 731.496 542.31 468.227 374.373 347.162 189.187 116.94 67.6791 36.6366 31.0425 93.8545 48.0124 49.2613 44.748 117.142 83.7345 69.6299 74.0822 57.0267 70.0855 32.2834 33.4079
internal_count=14230 5477 2200 3277 2789 1385 1168 217 8753 6680 6070 4759 3296 2073 1272 774 463 311 1311 579 498 456 1621 1159 736 610 476 1404 314 462
is_linear=0
shrinkage=0.03


Tree=166
num_leaves=31
num_cat=0
split_feature=39 18 23 24 14 23 21 27 19 20 32 6 41 6 16 22 22 27 16 4 16 23 24 49 15 0 19 13 50 45
split_gain=8.58055 13.572 11.4706 15.292 15.5124 15.5267 10.6986 12.3459 12.6213 20.0708 10.9988 16.2126 10.7667 8.96834 8.88779 9.13729 13.0656 8.7392 15.1598 14.6721 14.1154 8.41003 8.13545 8.10501 7.67944 7.41204 8.74561 7.35364 7.26158 7.1331
threshold=0.92927178740501415 0.73046875000000011 0.46178789436817175 0.28229622542858129 4.6071760654449472 0.37865440547466284 28.628289222717289 0.90546944737434398 0.074390973895788207 0.036912361159920699 0.047848658636212356 0.13548291474580768 0.91548106074333202 0.065320596098899855 0.32910156250000006 0.44826282560825353 0.43118330836296087 0.95317909121513378 0.43066406250000006 0.86562457680702221 0.32714843750000006 0.40947024524211889 0.21066434681415561 0.37539285421371466 0.86190477013587963 9.5884079933166522 0.093826789408922209 32.464239120483406 0.12521795183420184 0.25690634548664099
decision_type=2 2 2 2 2 2 2 2 2 2 2 2 2 2 2 2 2 2 2 2 2 2 2 2 2 2 2 2 2 2
left_child=2 6 3 4 13 -6 -2 10 9 -9 11 -8 -10 28 21 16 -16 18 20 23 22 -5 -4 -19 -7 26 -21 -12 -1 -22
right_child=1 -3 17 14 5 24 7 8 12 -11 27 -13 -14 -15 15 -17 -18 19 -20 25 29 -23 -24 -25 -26 -27 -28 -29 -30 -31
leaf_value=-0.023457426808993993 -0.024380450440057402 -0.018299315444740529 0.012429677766062932 -0.037571753937234373 -0.028489384065544118 0.029149987815370253 0.011827436302059022 0.0037533293325299746 0.01105259766394971 -0.010621110158344205 0.0019694870065848952 -0.019359149907116426 -0.020329945603894343 -0.028498576797934862 0.024634484067802515 0.031659945995447802 -0.034468542818501598 -0.016596285980322312 0.022660065396639405 0.0043397356919192042 -0.031204961918841999 0.013505832245552527 -0.011281294421640645 0.030445396129037315 0.00053671646849978044 -0.013859709734528462 -0.018455922007512251 0.040751473461336042 0.018959856535088023 0
leaf_weight=5.0564072821289292 11.38393024727702 26.342563641024753 15.782246012240646 3.8736032301094365 7.2936689713969818 19.348203213419765 112.97874804073945 245.49933406035416 140.54047176847234 134.39476445107721 6.3204145629424628 16.294720720266923 9.6040867902338487 23.638256577309221 7.2901831450872105 29.776242609601468 4.66530756582506 3.2945573132019517 9.6710606743581575 80.083848331356421 43.602150327526033 6.1910714423283935 57.144480323651806 16.512717155274004 14.863694712519644 51.892257454572245 17.625505093950778 15.871127621736376 8.0481842868030053 7.598449039971455
leaf_count=60 164 661 277 26 61 128 1258 2786 1178 1427 162 387 802 279 51 236 47 85 135 975 494 55 770 115 94 898 327 119 138 101
internal_value=0.000413871 0.00242407 -0.0029142 0.00450264 -0.00383967 0.00859611 0.0032415 0.00374235 0.00156855 -0.00133856 0.0112695 0.00775496 0.00890412 -0.0178225 0.0169961 0.0230116 0.000459225 -0.00610947 -0.011814 -0.00154353 -0.0146836 -0.0075003 -0.00601064 0.0220552 0.0171722 -0.00481363 5.1987e-05 0.0303965 0.00187773 -0.0266275
internal_weight=1152.48 719.23 433.252 130.045 78.2484 41.5056 692.888 681.504 530.039 379.894 151.465 129.273 150.145 36.7428 51.7964 41.7317 11.9555 303.207 133.798 169.409 124.127 10.0647 72.9267 19.8073 34.2119 149.602 97.7094 22.1915 13.1046 51.2006
internal_count=14296 8944 5352 1175 760 283 8283 8119 6193 4213 1926 1645 1980 477 415 334 98 4177 1777 2400 1642 81 1047 200 222 2200 1302 281 198 595
is_linear=0
shrinkage=0.03


Tree=167
num_leaves=24
num_cat=0
split_feature=1 0 41 23 46 18 4 29 19 33 49 37 5 42 21 33 49 4 23 37 5 14 35
split_gain=9.58737 9.83273 9.4044 11.6902 10.8467 13.0454 11.8619 12.6694 11.8335 9.99786 7.8756 7.26008 7.01268 4.8843 3.33259 4.00449 2.82557 3.51624 2.35421 2.63264 1.42467 0.770407 0.36479
threshold=0.83616966009140026 13.945287227630617 0.99650353193283092 0.40947024524211889 0.99488958716392528 0.72265625000000011 0.84468078613281261 0.9963379204273225 0.074390973895788207 55.826837539672859 0.79417544603347789 0.16064146906137469 0.41228419542312628 0.67936623096466076 38.411836624145515 43.886753082275398 0.078192289918661131 0.88365340232849132 0.46702583134174352 0.072994265705347075 0.010814171284437181 1.9887439012527468 0.54559162259101879
decision_type=2 2 2 2 2 2 2 2 2 2 2 2 2 2 2 2 2 2 2 2 2 2 2
left_child=1 2 4 11 6 8 9 -8 -6 -1 -7 21 13 -2 15 -3 17 -5 -16 -20 -18 -4 -13
right_child=12 14 3 16 5 10 7 -9 -10 -11 -12 22 -14 -15 18 -17 20 -19 19 -21 -22 -23 -24
leaf_value=0.027998246563002174 0.0060905735564653141 -0.019815510273154972 0.012943049793966708 -0.023838962769737661 0.00072452043977608359 -0.028514596285236813 -0.012567410534732017 0.0061237408551048306 0.0089271303391588713 -0.010227585810140039 -0.0012822231649011451 -0.022095237978870551 -0.0060107706886718638 0.04370709170113412 0.006777466182440163 0.030507949314225132 0.0034581289823225826 0.014049946220194259 0.010663516594724138 -0.029954804832236042 -0.026066153575941907 0.04195706934328413 0
leaf_weight=15.160943079739811 5.3917567189782885 1.9226611130870908 3.0788523945957404 2.9303157450631252 605.55997008201666 18.292054685298353 139.51275304891169 41.602271583862603 213.87856086483225 9.1298583149909955 19.618252106942236 2.4452237661462282 6.0676586106419554 8.766502218320964 1.4942323528230215 1.7652711793780325 1.1306858975440288 3.9882004738319665 0.96012611687183635 16.909083272330463 28.372658950975165 3.3176911901682615 0.67830788157880295
leaf_count=94 34 123 28 116 6237 646 1206 226 2437 54 192 113 36 46 37 20 7 119 36 889 1548 38 25
internal_value=-2.99064e-05 -0.000406793 2.1752e-06 -0.0131361 0.000584768 0.00207162 -0.00558667 -0.00824751 0.00287738 0.0136759 -0.0148943 0.0151367 0.0199432 0.0309267 -0.0193838 0.00500193 -0.0208134 -0.00260285 -0.0241932 -0.0271639 -0.02476 0.0320353 -0.0181183
internal_weight=1151.97 1131.75 1108.7 45.9419 1062.75 857.349 205.406 181.115 819.439 24.2908 37.9103 9.52008 20.2259 14.1583 23.0514 3.68793 36.4219 6.91852 19.3634 17.8692 29.5033 6.39654 3.12353
internal_count=14307 14191 13086 1994 11092 9512 1580 1432 8674 148 838 204 116 80 1105 143 1790 235 962 925 1555 66 138
is_linear=0
shrinkage=0.03


Tree=168
num_leaves=31
num_cat=0
split_feature=4 4 4 14 16 29 41 15 44 19 20 20 28 49 10 21 32 14 14 27 27 38 41 25 16 24 25 43 7 18
split_gain=9.22183 17.4992 22.1983 16.951 17.4726 16.0068 13.4194 12.3374 12.4475 12.1019 11.7543 12.8156 13.1578 11.3364 11.0637 9.442 9.13355 8.83709 8.6837 8.54978 7.38664 11.2037 9.24841 14.8512 7.99354 7.98061 7.25932 6.97112 6.9409 6.53943
threshold=0.98343965411186229 0.94211879372596752 0.94110789895057689 7.7743957042694101 0.34863281250000006 0.94894868135452282 0.80321538448333751 0.48333333432674414 0.11050061136484148 0.060998486354947097 0.042142869904637344 0.036912361159920699 0.83734992146492015 0.76291969418525707 0.62500000000000011 58.290624618530281 0.034751625731587417 16.539000511169437 18.569724082946781 0.70684820413589489 0.98403856158256542 0.65625000000000011 0.82868278026580822 0.1782050356268883 0.34082031250000006 0.31511016190052038 0.16838646680116656 0.31592220067977911 1.2292201519012453 0.57421875000000011
decision_type=2 2 2 2 2 2 2 2 2 2 2 2 2 2 2 2 2 2 2 2 2 2 2 2 2 2 2 2 2 2
left_child=1 2 3 4 13 -5 18 17 10 -7 11 28 -13 -1 -6 19 -12 20 -3 -10 22 25 26 -24 -23 -22 -2 -18 -9 -8
right_child=7 6 -4 5 14 9 29 8 15 -11 16 12 -14 -15 -16 -17 27 -19 -20 -21 21 24 23 -25 -26 -27 -28 -29 -30 -31
leaf_value=0.0062727969038076821 -0.00074857033172064276 0.035427761100976271 -0.037497451828051413 -0.013034669932224675 0.0051810887759442242 0.0052756661492779095 0.0086630091111852114 0.029601817183057152 0.019609865859323523 0.019981010522418276 -0.03117648932220031 -0.029379051076353496 -0.00085397585797349193 -0.011320425952428275 -0.01764034197104741 -0.005454415072136851 -0.023497178665169451 -0.030478003118631379 -0.0059569248590084804 -0.02901673492348893 -0.010372791025110014 0.022580662048997262 0.0089857229414140108 -0.019184163317129018 -0.035720577698417862 0.020755873391468515 0.015559253562793493 0.017646696687061411 -0.0019721711433015386 -0.026962230365600071
leaf_weight=150.66980669484474 33.881672581192106 30.219181527150795 12.192800835473461 29.365962243638933 23.906630948418751 155.33187350025401 21.034455746877942 5.7986360793001941 2.7578639923594883 74.959292803192511 3.4312196676619342 34.346722566755489 25.221491387113929 41.07064322847873 84.256062522064894 39.261622143676504 3.1538732745684674 6.1948116933926931 4.8954838365316382 43.204299635719508 15.688722526188942 1.7204319310840208 38.645099527901039 28.251765802502632 13.269930229987947 12.305961934616787 84.391539864940569 40.062654818641022 78.554266128223389 4.866429887013509
leaf_count=2591 215 195 121 812 421 1059 262 104 20 443 22 344 348 232 1905 412 54 78 47 479 235 12 545 745 252 97 671 476 915 162
internal_value=0.000187703 0.00260796 0.000958921 0.00186763 -0.00298025 0.00746839 0.0177475 -0.00280769 -0.0070999 0.0101409 -0.00278554 -0.00703478 -0.0175644 0.0024496 -0.0125675 -0.0165682 0.0101341 0.00223952 0.0295699 -0.0256797 0.00327007 -0.00778066 0.0058795 -0.00297408 -0.0278481 0.00345126 0.0108953 0.0141127 0.000484545 0.00110452
internal_weight=1142.91 632.769 571.753 559.56 299.903 259.657 61.0156 510.143 275.793 230.291 190.569 143.921 59.5682 191.74 108.163 85.2238 46.6477 234.35 35.1147 45.9622 228.155 42.985 185.17 66.8969 14.9904 27.9947 118.273 43.2165 84.3529 25.9009
internal_count=14274 8250 7584 7463 5149 2314 666 6024 3174 1502 2263 1711 692 2823 2326 911 552 2850 242 499 2772 596 2176 1290 264 332 886 530 1019 424
is_linear=0
shrinkage=0.03


Tree=169
num_leaves=31
num_cat=0
split_feature=0 19 25 23 28 5 38 24 14 21 29 34 1 4 48 19 12 39 2 39 23 7 35 4 31 28 12 43 26 12
split_gain=10.8 15.6751 12.8815 15.1721 13.2432 16.6851 19.3215 14.6092 12.2462 15.8775 8.47972 8.65495 15.2596 9.68685 11.3681 9.94849 9.50444 9.00404 7.9662 7.45688 7.32936 5.24712 3.24382 2.99218 2.88901 3.94775 3.06194 2.74736 2.31537 1.83531
threshold=6.4215145111083993 0.12905264645814898 0.085298147052526488 0.48583693802356726 0.65377187728881847 0.17075292766094211 0.71875000000000011 0.34243179857730871 17.863945960998539 53.760433197021491 0.9640149474143983 0.67964559793472301 0.69098505377769481 0.90665599703788768 0.39095474779605871 0.067536145448684706 1.4020854830741885 0.85157442092895519 0.23437500000000003 0.91442263126373302 0.47714109718799597 2.0862113237380986 0.46218359470367437 0.89087405800819408 0.027563186362385753 0.82388821244239818 1.8366305232048037 0.94561281800270092 0.96875000000000011 1.3733280301094057
decision_type=2 2 2 2 2 2 2 2 2 2 2 2 2 2 2 2 2 2 2 2 2 2 2 2 2 2 2 2 2 2
left_child=10 2 3 -2 8 7 -7 -6 9 -4 24 13 17 14 20 16 -15 -13 -17 -10 -12 -5 -19 -16 25 -1 27 -26 -3 -23
right_child=1 28 4 21 5 6 -8 -9 19 -11 11 12 -14 15 23 18 -18 22 -20 -21 -22 29 -24 -25 26 -27 -28 -29 -30 -31
leaf_value=-0.020847381754230825 0.026338525162902693 -0.033033174038868886 0.017018577070760925 0.008668112550474635 0.0068191968590609921 -0.0097919380128300704 0.006363453800091191 -0.022098286059586303 -0.027526227132833148 -0.0066439022627757223 -0.014584602981687995 -0.0091853166168551111 -0.026963769258406611 -0.018308921168044522 0.011210114302229353 -0.021459829024495763 0.019257462711802766 0.016225439707094599 0.0029517339718424488 0.0024281268861236645 0.0067467752069784396 -0.044129410758888543 0.066183877879176636 0.045687859034135345 -0.030829189628838759 0.018650956165417256 0.014775592101154452 0.0087801372003539768 0.0030532124830560795 -0.011892930669855176
leaf_weight=3.9987277055624899 4.0957167297601726 12.393465259578075 135.54627103824168 1.9362404458224798 296.6736820677761 204.88162690051831 97.449762024451047 15.595303857233374 10.025524697732179 30.612893849611282 21.433576912619174 2.3996703927405161 3.8186634765006593 82.348711315542459 5.2543603749945742 13.486203165724872 5.6603041419293723 2.7336637855041772 69.652672605356202 22.353996338322759 39.903081300435588 11.859623791184275 4.756696670781821 5.4555704407393932 19.668844807660214 3.1637983648106456 0.90904302895069022 1.1614134209230531 1.4654567111283547 3.1782952472567549
leaf_count=175 20 285 1035 12 2391 2077 750 125 163 233 350 40 76 1749 34 748 130 44 882 250 855 132 49 31 1399 61 15 82 16 40
internal_value=-0.000230989 0.00146662 0.00201166 -0.0205943 0.00262569 0.000439681 -0.00457091 0.0052995 0.00934158 0.0126274 -0.0052663 -0.00347739 0.0188613 -0.00482098 0.0043374 -0.00869652 -0.0156699 0.0376816 -0.00118047 -0.00730342 -0.000773556 -0.032921 0.052363 0.0314309 -0.0204192 -0.00288533 -0.0256832 -0.0281823 -0.0290668 -0.0386696
internal_weight=1133.87 848.068 834.209 21.0699 813.139 614.6 302.331 312.269 198.539 166.159 285.805 256.903 13.7087 243.194 72.0466 171.148 88.009 9.89003 83.1389 32.3795 61.3367 16.9742 7.49036 10.7099 28.9018 7.16253 21.7393 20.8303 13.8589 15.0379
internal_count=14249 7529 7228 204 7024 5343 2827 2516 1681 1268 6720 4988 209 4779 1270 3509 1879 133 1630 413 1205 184 93 65 1732 236 1496 1481 301 172
is_linear=0
shrinkage=0.03


Tree=170
num_leaves=12
num_cat=0
split_feature=6 6 23 48 22 22 34 40 16 1 35
split_gain=8.44307 10.0717 8.55426 8.5111 8.99222 10.0379 7.66372 3.26619 1.59745 1.52474 1.34456
threshold=13.226967871189119 0.18542132526636126 0.75899299979209911 0.1283233314752579 0.75322845578193676 0.72011429071426403 0.63470232486724865 0.50759941339492809 0.39160156250000006 0.79840001463890087 0.73716169595718395
decision_type=2 2 2 2 2 2 2 2 2 2 2
left_child=1 2 3 8 5 -5 -6 10 -1 -4 -3
right_child=-2 7 9 4 6 -7 -8 -9 -10 -11 -12
leaf_value=-0.036056587279754575 0.029613567155175529 0.016636764658735276 -0.02776250803974362 0.00072290550492110615 0.027899958283379152 -0.021511697161444979 -0.011230054241828439 -0.030324079085892519 -0.0051971621836557408 0.010868198557565998 -0.015155203998065843
leaf_weight=5.6626473939977569 7.6669633574783793 1.798847179859876 10.276786762988191 1052.8700506687164 17.883976417593662 17.592245932202786 5.1813718103803685 11.964303382439537 2.7644223989918828 0.37003607209771949 1.0652948771603403
leaf_count=44 144 37 867 12209 165 193 59 415 51 10 51
internal_value=0.000115445 -0.00010856 0.00022662 0.000499156 0.00074584 0.000334961 0.0188838 -0.0238726 -0.0278768 -0.0253444 0.00317374
internal_weight=1135.1 1127.43 1112.6 1101.95 1093.53 1070.46 23.0653 14.8284 8.42707 10.6468 2.86414
internal_count=14245 14101 13598 12721 12626 12402 224 503 95 877 88
is_linear=0
shrinkage=0.03


Tree=171
num_leaves=28
num_cat=0
split_feature=0 0 36 46 18 46 25 41 18 13 29 46 1 45 4 7 0 23 1 22 43 50 44 40 27 29 31
split_gain=9.73484 9.41181 8.28388 11.1465 10.5743 13.0991 12.5694 8.43274 8.97292 7.62564 6.51658 6.1588 9.25843 5.92038 5.95862 4.29535 3.93902 3.66733 3.60372 3.02534 3.01609 2.7429 1.65352 1.19551 0.927608 0.775974 0.212298
threshold=13.945287227630617 4.0965287685394296 0.33980445563793188 0.99488958716392528 0.56640625000000011 0.99145802855491649 0.14329662173986438 0.99650353193283092 0.72265625000000011 46.133056640625007 0.99943783879280101 0.99913194775581371 0.73070430755615245 0.32405139505863195 0.87356704473495495 0.87548458576202404 2.8716094493865971 0.46702583134174352 0.72776126861572277 0.70482838153839122 0.25029699504375463 0.27013625204563146 0.67204302549362194 0.51010772585868847 0.85305839776992809 0.96946877241134655 0.029975064098834995
decision_type=2 2 2 2 2 2 2 2 2 2 2 2 2 2 2 2 2 2 2 2 2 2 2 2 2 2 2
left_child=1 13 3 4 6 -6 -3 8 -5 11 -9 12 -4 14 21 18 -15 -2 -16 25 -18 24 -17 -22 -1 -19 -23
right_child=17 2 9 7 5 -7 -8 10 -10 -11 -12 -13 -14 16 15 22 20 19 -20 -21 23 26 -24 -25 -26 -27 -28
leaf_value=0.031285630226982844 0.013849999348721337 0.003061683547773524 0.029722442912449534 0.0034558928874496918 0.026574562763458195 -0.0054172587513953551 -0.015851930542336145 -0.017295516415624462 -0.011969061040418772 0.045846382555208662 0.02536939398638724 -0.018910393806316698 -0.012912931003897758 -0.01653733366914693 -0.012020278371891393 -0.028651075250501406 0.056671117756251971 -0.029277649628166834 0.030439771745324348 0.0028853154592340126 0.020453304663302817 0 0.010477983959233149 -0.013430191979614323 0.0011067452988696381 -0.0050395953156641389 -0.017735504557965204
leaf_weight=2.3411119915544978 2.0564626716077354 45.708589378278702 12.93043925706298 793.02938493643887 17.14371129963547 30.560032005421817 97.925359360873699 28.4549371781759 34.415842371061444 5.457897978834807 2.6768402196466914 4.8903237408958367 6.021262800320982 1.3555313274264325 6.2349569608923039 24.694331519771371 1.2365989969111981 15.778571732575079 1.3880649521015582 3.210820162203162 0.69577277544885863 0.42085321177728507 0.4181065559387197 1.0638265656307337 1.6637330951634792 2.1152047333307555 1.5801809476688502
leaf_count=16 39 343 76 6959 111 261 725 838 508 45 19 35 33 94 251 2516 11 1008 52 56 27 24 2 70 59 37 104
internal_value=0.00023479 0.000642419 0.00119896 0.000748936 -0.00577608 0.0063279 -0.00983276 0.00221158 0.00279703 0.0166688 -0.0128583 0.00829213 0.0160579 -0.0129385 -0.0167398 -0.0217156 0.0171464 -0.0186025 -0.00130744 -0.0223839 0.0334611 0.00918137 -0.0275084 0.00143737 0.022074 -0.0269897 -0.0143795
internal_weight=1145.47 1122.31 1079.21 1049.91 191.338 47.7037 143.634 858.577 827.445 29.2999 31.1318 23.842 18.9517 43.0931 38.7413 32.7355 4.35173 23.1611 7.62302 21.1046 2.9962 6.00588 25.1124 1.7596 4.00485 17.8938 2.00103
internal_count=14319 13179 9953 9764 1440 372 1068 8324 7467 189 857 144 109 3226 3024 2821 202 1140 303 1101 108 203 2518 97 75 1045 128
is_linear=0
shrinkage=0.03


Tree=172
num_leaves=22
num_cat=0
split_feature=23 18 28 29 28 28 20 50 26 5 20 5 25 7 9 14 31 6 21 28 17
split_gain=8.3299 7.757 9.52882 19.9909 29.6538 15.0167 28.8463 13.5698 12.1181 13.175 11.6111 11.2666 9.77738 4.93702 4.12514 3.92191 2.98643 2.22015 1.51479 0.915488 0.373799
threshold=0.75899299979209911 0.83203125000000011 0.93567231297492992 0.97339454293251049 0.94045299291610729 0.91782674193382274 0.042494991794228561 0.54575994610786449 0.71875000000000011 0.22472137957811358 0.045790979638695724 0.027785272337496284 0.27578936517238622 2.0118647813797002 0.30092892050743109 8.2901487350463885 0.030643598176538948 13.226967871189119 77.454235076904311 0.84515833854675304 0.99218750000000011
decision_type=2 2 2 2 2 2 2 2 2 2 2 2 2 2 2 2 2 2 2 2 2
left_child=1 2 5 4 20 7 13 11 9 -5 -10 -1 -6 -7 15 -3 -8 -2 -16 -9 -4
right_child=17 14 3 8 12 6 16 19 10 -11 -12 -13 -14 -15 18 -17 -18 -19 -20 -21 -22
leaf_value=0.019545562837260624 -0.027940819305192797 -0.018322013160952205 0.046708313377315062 -0.022213507400636986 -0.015426182198783417 0.0091381278425621808 -0.0032585892903322961 -0.034309323894284406 0.0359558460776392 0.022756545863190751 0.00052805535488384739 -0.00023471154835367849 0.014663405783156135 -0.032306986745991313 -0.031949049773358662 0.03472566053998917 0.038718768416083231 0.014067620092268435 -0.0042227373865228023 -0.0073200837688559822 0.023023465554308183
leaf_weight=25.701410978799686 10.989039812935513 1.5937427836470335 6.550756525481118 10.645820375531914 58.133099882397801 2.258938272483646 1.5732825826853494 9.8379469171632064 34.952385521959513 10.804613279411567 11.09924772614613 874.3625876144506 10.705912439152597 33.455919662257656 10.445828391006215 1.4498697053641079 6.4432591428048909 0.55304617434740144 2.8048402909189454 2.3132347012870005 5.4380487250164151
leaf_count=224 940 116 50 65 1175 57 10 160 328 128 152 9680 303 364 272 12 113 3 51 36 33
internal_value=-0.000413187 -0.000138245 0.000171132 0.0072215 -0.0028186 -0.000926109 -0.0178974 -9.05147e-05 0.0191531 0.000309023 0.0276736 0.000347851 -0.0105607 -0.0294264 -0.020076 0.00854453 0.0307001 -0.0247276 -0.0269987 -0.0303468 0.0387957
internal_weight=1132.11 1120.57 1104.28 148.33 80.8278 955.947 43.7314 912.215 67.5021 21.4504 46.0516 900.064 68.839 35.7149 16.2943 3.04361 8.01654 11.5421 13.2507 12.1512 11.9888
internal_count=14272 13329 12878 2234 1561 10644 544 10100 673 193 480 9904 1478 421 451 128 123 943 323 196 83
is_linear=0
shrinkage=0.03


Tree=173
num_leaves=23
num_cat=0
split_feature=1 21 21 18 19 24 5 16 16 7 4 23 37 20 39 34 27 14 34 20 0 14
split_gain=8.73337 9.67235 8.41878 16.8662 22.3764 14.8783 17.1073 13.6859 20.1505 14.8602 14.1265 13.0787 12.6602 12.6356 12.196 12.0918 9.61173 4.92235 4.5388 3.03461 2.00158 0.419564
threshold=0.83616966009140026 28.628289222717289 45.593915939331062 0.30078125000000006 0.030417636036872867 0.26011507213115698 0.26514565944671636 0.32519531250000006 0.34667968750000006 4.5913395881652841 0.92484736442565929 0.47926136851310736 0.24168244004249576 0.029439321719110016 0.92784866690635692 0.52385064959526073 0.98876658082008373 7.6613314151763925 0.46726259589195257 0.032123295590281493 7.3472113609313974 13.081823825836183
decision_type=2 2 2 2 2 2 2 2 2 2 2 2 2 2 2 2 2 2 2 2 2 2
left_child=1 17 7 4 15 11 -7 13 10 -10 -9 -5 -6 16 -15 -4 -3 -1 -2 -20 -19 -22
right_child=18 2 3 5 12 6 -8 8 9 -11 -12 -13 -14 14 -16 -17 -18 20 19 -21 21 -23
leaf_value=-0.035613720974929083 -0.0049409486002481105 -0.017166945529332248 0.014758907672750236 0.0012632024718909536 -0.021024318501362448 0.0019035071114351177 0.020104472230072414 -0.0013419195511858736 -0.0059710638357777989 0.038361703090248625 -0.043107753345605335 -0.014008942522628598 0.0033465390033838817 0.00016837439851537673 0.015872552535880949 -0.011947437008742411 0.033277302413859802 0.01785765958374947 0.012516730410085325 0.042204915843909278 0 -0.020484346853506769
leaf_weight=9.3450932493433339 4.5776247996836927 24.724293713923547 41.212608426809311 110.05932257859968 102.16364933829755 374.36215604934841 52.211569388164207 12.954355643596502 18.735570581629876 9.4247117959894222 16.332306891214103 91.474617355503142 23.006495623616502 67.60364249185659 131.62795172724873 22.880177479237318 2.9426189209334543 2.1777788931503883 8.1712265908718091 6.369842203333973 1.3304896363988521 1.7779448190703986
leaf_count=136 32 506 486 1078 1217 4718 735 106 214 69 149 1664 280 943 1422 305 17 17 46 32 18 45
internal_value=0.000205359 -0.000144892 0.000184712 -0.00135976 -0.00918677 0.00100478 0.00418009 0.00462412 -0.00832918 0.00957012 -0.0253868 -0.00568883 -0.0165301 0.00793901 0.0105862 0.00514197 -0.0107234 -0.0235796 0.0197964 0.0275938 0 -0.0138496
internal_weight=1135.47 1116.35 1101.72 817.371 189.263 628.108 426.574 284.345 57.4469 28.1603 29.2867 201.534 125.17 226.899 199.232 64.0928 27.6669 14.6313 19.1187 14.5411 5.28621 3.10843
internal_count=14235 14125 13909 10483 2288 8195 5453 3426 538 283 255 2742 1497 2888 2365 791 523 216 110 78 80 63
is_linear=0
shrinkage=0.03


Tree=174
num_leaves=31
num_cat=0
split_feature=32 19 23 43 5 17 36 19 5 21 16 29 28 16 34 33 29 5 5 36 46 25 19 39 0 34 23 28 29 14
split_gain=8.55409 17.6593 18.6295 15.684 13.4674 13.1401 11.8585 10.9815 21.3807 18.5719 16.272 17.6321 12.9821 11.9024 11.3778 11.9597 11.2521 10.777 14.5056 10.2827 9.49491 9.89918 9.33304 8.28007 7.84227 7.52154 7.2915 10.9117 10.4684 7.19443
threshold=0.044397071003913886 0.048727560788393028 0.54077383875846874 0.59488368034362804 0.027785272337496284 0.97656250000000011 0.22990413755178454 0.078767906874418273 0.10473359748721124 60.045866012573249 0.31542968750000006 0.99543845653533947 0.97314348816871654 0.43652343750000006 0.35587823390960699 66.570327758789077 0.96561095118522655 0.019212962128221992 0.13971733301877978 0.23581232130527499 0.99806097149848949 0.16761381924152377 0.10196343064308168 0.98046359419822704 7.7242145538330087 0.39456285536289221 0.56902757287025463 0.6931264102458955 0.97093707323074352 2.0521872043609624
decision_type=2 2 2 2 2 2 2 2 2 2 2 2 2 2 2 2 2 2 2 2 2 2 2 2 2 2 2 2 2 2
left_child=4 3 5 6 29 -3 -2 8 10 20 11 -6 -12 16 19 -16 -11 -7 -19 -10 21 -9 -15 24 -8 -5 -4 -28 -29 -1
right_child=1 2 26 25 7 17 23 9 14 13 12 -13 -14 22 15 -17 -18 18 -20 -21 -22 -23 -24 -25 -26 -27 27 28 -30 -31
leaf_value=-0.021776932831296326 -0.02536042899345535 -0.037642812228204918 -0.029151525681365167 -0.0032505309717131168 -0.012834397179129252 -0.028331150068899393 0.0028199966538033135 -0.026708649732466019 -0.0043597913977556826 -0.0092787888447123275 -0.025676037627382454 0.026828750791712659 0.021548947806435639 -0.026984076209872556 -0.0041976035551558591 0.01211246358527893 0.02302331969771464 0.018948246519889658 -0.0018458236833324979 0.022001496154354708 0.023044843570575072 0.011204753978640276 -0.0027561266302862045 -0.015936915728216594 0.032706178176615391 0.032917362628646675 -0.032707380296656693 -0.010759700141766304 0.024497387385769211 0.028735537663557627
leaf_weight=2.1210182881914106 9.2832042488735151 5.0182579341344526 19.286851276177913 5.6020247507840386 30.548501911340281 6.0783767448738208 16.774965226883072 7.1857554598245796 21.148618666920811 16.531381534878165 77.42958671413362 13.827484048902987 4.8062861785292617 23.253026044694707 423.22572618536651 43.687632432673126 20.85577638191171 67.209744911873713 53.443042154191062 33.006263869116083 49.96416414831765 24.431884778663516 36.318596805213019 7.4768788854125878 14.73678355058655 37.876903405180201 9.7519655437208694 19.392893393291164 11.045216707047073 17.719038964714855
leaf_count=50 170 32 268 54 423 51 295 90 336 382 851 74 26 343 4949 735 179 796 618 314 621 198 616 119 109 335 279 624 137 170
internal_value=0.000103576 0.00461189 -0.000580182 0.0153551 -0.00140442 0.00569404 0.00336772 -0.00200619 -0.00382403 0.00455613 -0.014832 -9.04251e-05 -0.0226542 -0.00428525 -0.00112022 -0.00264249 0.00879259 0.00771483 0.00977341 0.0117601 0.015025 0.00194151 -0.0125521 0.0107461 0.0174649 0.0282216 -0.0143924 -0.00670098 0.00231105 0.0224057
internal_weight=1129.04 282.977 191.226 91.7508 846.061 131.749 48.2718 826.221 647.68 178.541 126.612 44.376 82.2359 96.9588 521.068 466.913 37.3872 126.731 120.653 54.1549 81.5818 31.6176 59.5716 38.9886 31.5117 43.4789 59.4769 40.1901 30.4381 19.8401
internal_count=14244 3887 2805 1082 10357 1497 693 10137 7708 2429 1374 497 877 1520 6334 5684 561 1465 1414 650 909 288 959 523 404 389 1308 1040 761 220
is_linear=0
shrinkage=0.03


Tree=175
num_leaves=19
num_cat=0
split_feature=1 31 6 11 29 4 4 27 31 5 5 32 42 27 41 4 49 35
split_gain=8.32221 10.4383 7.81292 7.84634 11.1701 8.18293 19.9648 12.4629 5.80552 5.37915 4.80689 4.42166 3.06146 2.71332 2.33397 2.22139 1.92724 0.741174
threshold=0.83616966009140026 0.020559749566018585 13.226967871189119 0.62500000000000011 0.99394196271896373 0.98343965411186229 0.94230100512504589 0.98738473653793346 0.043598199263215072 0.41228419542312628 0.1523438170552254 0.034456748515367515 0.67669683694839489 0.98695021867752086 0.66818109154701244 0.90783256292343151 0.081860769540071501 0.53934013843536388
decision_type=2 2 2 2 2 2 2 2 2 2 2 2 2 2 2 2 2 2
left_child=1 10 3 5 16 6 -3 -7 -6 12 11 15 -2 -12 -13 -1 -5 -17
right_child=9 2 -4 4 8 7 -8 -9 -10 -11 13 14 -14 -15 -16 17 -18 -19
leaf_value=0.0073655203561694207 0.007065704973594801 0.0013431424362337423 0.029419891437791161 0.0032843952652316173 0.0098372092633387618 -0.00043311077669526264 0.02056731357485966 -0.016335534370939413 -0.010400256333090141 -0.0045341252421040434 -0.033119333257992101 -0.0064855361271051399 0.037673721623131901 -0.0031443064755471394 0.030090560241692852 -0.0029947956380718716 -0.028120179068744471 -0.030688909060896056
leaf_weight=1.9949479638598875 5.2595652528107193 486.55427676183172 7.2307367091998449 1.5086309625767196 22.608425062615424 405.95379079948179 53.106505437288433 48.868449925910681 26.696548391832039 5.9278740361332884 13.551291499054061 1.8630698996130375 9.3023178111761791 3.8996227988973251 3.134618268115446 1.6384194344282148 21.979971627704799 4.0872900444082916
leaf_count=48 32 4845 140 78 319 3671 426 520 1033 35 364 26 48 56 50 15 2450 101
internal_value=0.000165747 -0.00019109 0.000302343 7.49101e-05 -0.00936087 0.000777308 0.00327503 -0.00218042 -0.0010498 0.0186574 -0.0173073 -0.00263305 0.0279757 -0.0271171 0.0171473 -0.0162792 -0.0259289 -0.0248338
internal_weight=1125.17 1104.68 1074.51 1067.28 72.7936 994.483 539.661 454.822 49.305 20.4898 30.1693 12.7183 14.5619 17.4509 4.99769 7.72066 23.4886 5.72571
internal_count=14257 14142 13482 13342 3880 9462 5271 4191 1352 115 660 240 80 420 76 164 2528 116
is_linear=0
shrinkage=0.03


Tree=176
num_leaves=31
num_cat=0
split_feature=48 29 5 20 33 25 14 43 0 41 15 4 14 25 44 25 38 27 2 39 20 22 15 16 5 34 32 34 27 17
split_gain=10.291 11.2911 13.3786 10.2622 12.4741 9.37813 9.28115 8.77751 8.2143 7.84072 9.62304 13.2612 13.1877 12.8884 11.7758 11.5249 11.186 10.0253 9.66959 8.97768 7.8356 7.47992 7.42216 6.73579 6.11244 5.49546 4.94456 3.94678 3.40998 4.32253
threshold=0.25038647651672369 0.98171594738960277 0.052490727975964553 0.042494991794228561 54.678840637207038 0.14085521548986438 5.1327908039093026 0.72117179632186901 6.0082366466522226 0.99650353193283092 0.37087912857532507 0.91865441203117382 7.6613314151763925 0.14085521548986438 0.081356864422559752 0.248226173222065 0.59375000000000011 0.91197562217712413 0.54687500000000011 0.98072063922882091 0.046180834993720062 0.63173049688339245 0.86190477013587963 0.30957031250000006 1.3028161525726321 0.39643569290637976 0.042722854763269431 0.44713445007801061 0.89393675327301036 0.99218750000000011
decision_type=2 2 2 2 2 2 2 2 2 2 2 2 2 2 2 2 2 2 2 2 2 2 2 2 2 2 2 2 2 2
left_child=1 24 -3 5 20 7 -7 -4 -6 10 17 12 13 -12 19 -16 -14 23 21 -13 -5 -19 -11 -2 28 -25 -24 -26 29 -1
right_child=9 2 3 4 8 6 -8 -9 -10 22 11 14 16 -15 15 -17 -18 18 -20 -21 -22 -23 26 25 27 -27 -28 -29 -30 -31
leaf_value=0.016231703752089724 0.032673710618028561 0.026913633931268287 -0.005358913478317337 0.019668391361539032 -0.015299426953710896 -0.023789303717456155 -0.0015152827829094427 0.030472446529125043 0.025638761797125206 -0.018998680465824827 0.0094583737115574995 -0.0017995263489567596 0.0040259615722135602 -0.015931486598548157 -0.012175872283861066 0.017936453071692265 0.020656045446882224 0.0038486594825078782 -0.021967407938170952 0.013913669905429603 -0.026151063281894017 0.022577986538632178 -0.015420851076005963 -0.02435367122304399 0.026469313116146038 0.015162090395659533 0.047125576963237902 -0.015027576513558825 -0.029036245174674173 -0.021020476965211858
leaf_weight=3.5142704714089614 19.59206813108176 11.944660527631639 22.893329734914008 3.7086646403186014 4.5629498464986709 46.216073864139616 26.854375578928739 7.2754562916234127 23.920117581263185 26.29391015809961 30.707923720125109 210.56993973231874 94.746125517878681 40.559718143427745 145.10275301174261 11.459719408536328 59.37989459047094 197.99581844964996 10.967988219112156 37.693731965031475 11.373821726068853 20.47181595209986 1.1452718847431236 3.2085068444721392 3.2680833097547284 11.77233886066824 1.9009491319302467 3.001161104766652 28.192921597044915 6.4370115653146058
leaf_count=93 213 96 255 55 208 874 236 64 124 1311 298 2194 928 398 1360 218 382 2452 189 372 77 230 62 52 50 163 53 125 887 270
internal_value=-2.87864e-05 -0.00612724 -0.0023167 -0.0048813 0.00717671 -0.0100184 -0.0157748 0.0038863 0.0186823 0.00131466 0.00182458 -0.000187449 0.00562506 -0.00497045 -0.00343694 -0.00985289 0.0105442 0.00662142 0.00428645 0.000620412 -0.0141755 0.00571227 -0.0136757 0.0214765 -0.0193305 0.00551678 0.0248694 0.00685704 -0.0237764 -0.00731012
internal_weight=1126.73 203.163 158.749 146.805 43.5656 103.239 73.0704 30.1688 28.4831 923.568 894.228 630.22 225.394 71.2676 404.826 156.562 154.126 264.009 229.436 248.264 15.0825 218.468 29.3401 34.5729 44.4134 14.9808 3.04622 6.26924 38.1442 9.95128
internal_count=14289 3414 1989 1893 464 1429 1110 319 332 10875 9449 6150 2006 696 4144 1578 1310 3299 2871 2566 132 2682 1426 428 1425 215 115 175 1250 363
is_linear=0
shrinkage=0.03


Tree=177
num_leaves=15
num_cat=0
split_feature=18 6 23 6 32 29 24 40 9 47 1 24 27 5
split_gain=10.0194 8.04835 8.71147 8.05864 7.6784 8.808 8.35502 3.95387 2.76011 2.35104 1.58389 1.08534 0.303196 0.188264
threshold=0.83203125000000011 13.226967871189119 0.75899299979209911 0.18542132526636126 0.033038433641195304 0.99805268645286571 0.25464542210102087 0.50759941339492809 0.30444945394992834 0.54869580268859874 0.79515585303306591 0.29368667304515844 0.73637643456459057 0.17075292766094211
decision_type=2 2 2 2 2 2 2 2 2 2 2 2 2 2
left_child=1 2 3 4 5 -1 -6 -5 9 -2 -4 13 -9 -10
right_child=8 -3 10 7 6 -7 -8 12 11 -11 -12 -13 -14 -15
leaf_value=-0.0023818289064576983 0.024637903837993493 0.029516511114576545 -0.02778860739323211 0.01026457233289454 -0.0022614236467805257 -0.023485382977040625 0.0036694706881723309 -0.0020103050706879264 -0.032496539650892622 -0.017444197340038995 0.011780580533704586 -0.0013825410511887342 -0.029961143045783682 -0.0073210756345426118
leaf_weight=94.800794006092474 1.3117408319376438 7.5295751728117457 10.446397632360455 2.2393905431963494 317.40133558050729 21.129542147973552 647.60103623731993 0.75557199609465797 10.595004571601747 1.4513687810394911 0.34039437770843584 1.5849111026618619 10.469255622010676 1.3029645166825492
leaf_count=1252 11 148 934 57 3772 189 7116 18 243 117 12 42 377 54
internal_value=0.000129746 0.000483647 0.000256631 0.000535121 0.000834692 -0.00642179 0.0017153 -0.0217025 -0.0225581 0.00297474 -0.0253919 -0.0278419 -0.0286435 -0.0307535
internal_weight=1128.96 1112.71 1105.18 1094.4 1080.93 115.93 965.002 13.4642 16.246 2.76311 10.7868 13.4829 11.2248 11.898
internal_count=14342 13875 13727 12781 12329 1441 10888 452 467 128 946 339 395 297
is_linear=0
shrinkage=0.03


Tree=178
num_leaves=31
num_cat=0
split_feature=36 32 19 39 23 17 5 39 19 5 16 21 34 18 22 36 44 9 23 48 48 31 39 5 45 18 45 40 25 0
split_gain=7.79693 9.12701 18.2881 14.4794 13.326 12.3778 11.5874 10.9999 10.5609 16.3559 18.6023 15.6618 13.0651 11.1866 10.2801 10.2621 9.95433 7.52429 7.05282 8.74534 6.21239 5.78189 5.67142 4.05263 3.73026 3.67745 3.33886 2.65965 3.80901 2.007
threshold=0.33980445563793188 0.043419517576694495 0.048886394128203399 0.97885712981224071 0.54077383875846874 0.97656250000000011 0.027785272337496284 0.96312457323074352 0.078767906874418273 0.10473359748721124 0.31542968750000006 60.045866012573249 0.35587823390960699 0.51953125000000011 0.51992422342300426 0.23347607254981997 0.12861869484186175 0.71551665663719188 0.56902757287025463 0.25414894521236425 0.42400975525379186 0.027047039940953258 0.95408338308334362 0.1443305239081383 0.099874585866928114 0.67578125000000011 0.19692400842905047 0.54738953709602367 0.185246616601944 9.3771729469299334
decision_type=2 2 2 2 2 2 2 2 2 2 2 2 2 2 2 2 2 2 2 2 2 2 2 2 2 2 2 2 2 2
left_child=1 6 3 7 5 -4 22 15 9 10 -8 16 -11 -13 -7 -3 -10 -5 25 -20 21 -2 27 -22 -23 -6 -9 -1 -29 -19
right_child=20 2 4 17 18 14 8 26 11 12 -12 13 -14 -15 -16 -17 -18 29 19 -21 23 24 -24 -25 -26 -27 -28 28 -30 -31
leaf_value=-0.02149839619970758 0.024817498267061155 -0.0097281193103793857 -0.038564790719902944 -0.029310515900105798 -0.032945931183104987 -0.0012863514271782414 0.0015184243712990321 0.041384628289833955 0.023889804148606236 0.012062415371121822 -0.024082024955533507 -0.031561363916460576 -0.0037696379925378875 -0.00028218746596068869 0.014779820526601426 0.017917259098018886 0.002287308038132718 -0.0053831171840628446 -0.030893920784723011 0.0014751046270354323 0.0061628942993527079 0.0072311183129514268 0.036988693576518274 0.043150501559676015 -0.024071580788015249 -0.0053963024727933483 0.016237834262302974 0.030035788110630797 -0.012171607138984899 0.025069137870237363
leaf_weight=1.9574818606488431 6.0730326748453143 15.133507955819367 4.9009016864001742 8.7297908307518792 15.707709916168826 81.097565187606961 39.459616712294519 18.768471103394408 40.750374163733795 51.547622034093365 69.790077051380649 10.957330564968286 433.57514717755839 75.418748745694757 62.601911724312231 48.375963816652074 36.58905262243934 2.8375173513777545 8.3104195035994035 37.746157675748691 4.7417708332650346 5.8582070115953666 8.9350531881209445 7.4976005065254867 5.9445559354498982 6.8880164925940326 9.4188730784226191 3.4046764224767685 2.5403351781424135 3.2136132577434182
leaf_count=32 41 245 30 148 212 919 454 163 515 620 802 160 5375 1192 740 513 317 49 276 900 38 34 82 54 44 90 105 22 60 24
internal_value=0.000166456 -0.000250047 0.00396996 0.0140942 -0.00102013 0.00401638 -0.00201969 0.0185338 -0.00258236 -0.00444205 -0.0148784 0.00413702 -0.00205985 -0.00460028 0.00574583 0.0112345 0.0138677 -0.0126869 -0.0118661 -0.0048342 0.0149773 0.00307065 0.0218702 0.0305952 -0.00894916 -0.0252595 0.0339288 0.00220447 0.0124127 0.0116256
internal_weight=1128.77 1098.66 323.73 106.478 217.253 148.6 774.926 91.6968 758.088 594.372 109.25 163.716 485.123 86.3761 143.699 63.5095 77.3394 14.7809 68.6523 46.0566 30.1152 17.8758 16.8375 12.2394 11.8028 22.5957 28.1873 7.90249 5.94501 6.05113
internal_count=14256 14045 4414 1247 3167 1689 9631 1026 9435 7251 1256 2184 5995 1352 1659 758 832 221 1478 1176 211 119 196 92 78 302 268 114 82 73
is_linear=0
shrinkage=0.03


Tree=179
num_leaves=18
num_cat=0
split_feature=6 6 38 16 25 28 33 19 16 6 1 13 34 22 40 40 22
split_gain=7.5995 9.49245 7.93706 13.7396 16.0891 18.7302 15.7213 19.3293 10.6945 10.1753 8.9801 8.85723 10.7236 10.4498 2.72847 1.59535 0.237182
threshold=13.226967871189119 0.18542132526636126 0.46875000000000006 0.32519531250000006 0.18276521563529971 0.74345842003822338 54.678840637207038 0.071980044245719924 0.34472656250000006 0.058868575841188438 0.82775169610977184 27.763823509216312 0.64092281460762035 0.708166003227234 0.45875194668769842 0.41538932919502264 0.69484576582908641
decision_type=2 2 2 2 2 2 2 2 2 2 2 2 2 2 2 2 2
left_child=1 2 10 4 5 -4 7 -5 -8 -6 11 12 -1 -13 15 -3 -16
right_child=-2 14 3 6 9 -7 8 -9 -10 -11 -12 13 -14 -15 16 -17 -18
leaf_value=-0.00068187754529891171 0.029194207038450975 -0.014518508164402146 0.0083636947180275936 -0.015532735544587532 0.011220177393370537 0.036863125398396479 0.014268489971440725 0.0067378444838609112 0.00052731075663804293 -0.015069970437463729 0.021382217077466056 -0.010619335746687261 0.038925713063661181 0.020044171030848986 -0.030087658215379176 0.023043757745726076 -0.0033529033333426893
leaf_weight=30.536157952155918 7.1846049539744845 0.99187484337016885 162.44575632247142 111.19054131023586 19.244160272413865 23.126173088559881 57.18670224561356 50.122668273048475 416.60547985765152 37.348640943178907 10.39442224614322 164.16880882065743 6.6508863912895313 9.6766316108405572 11.008229566505175 1.0640643443912265 0.84663795633241612
leaf_count=697 148 48 1873 885 154 168 473 424 5860 551 57 2303 66 89 405 24 26
internal_value=0.000389858 0.000175113 0.000500004 0.00178405 0.00784903 0.0121099 -0.000532499 -0.00859554 0.00221875 -0.00603843 -0.00455893 -0.00594563 0.0071572 -0.0087905 -0.0235967 0.00511946 -0.0288211
internal_weight=1119.79 1112.61 1098.7 877.27 242.165 185.572 635.105 161.313 473.792 56.5928 221.427 211.032 37.187 173.845 13.9108 2.05594 11.8549
internal_count=14251 14103 13600 10388 2746 2041 7642 1309 6333 705 3212 3155 763 2392 503 72 431
is_linear=0
shrinkage=0.03


Tree=180
num_leaves=31
num_cat=0
split_feature=0 36 46 13 29 34 47 31 30 18 34 25 1 13 47 19 20 20 23 5 20 47 14 36 0 32 20 23 27 32
split_gain=8.87609 8.53707 10.9167 11.325 12.7025 12.9968 9.97148 14.1092 12.6324 9.80407 11.4113 11.6989 9.25751 8.52684 8.34548 8.19752 10.6291 7.25629 5.54956 5.45995 5.39024 5.11005 5.05774 4.95538 4.58439 4.45474 4.26992 3.82441 3.28818 0.841075
threshold=12.988608360290529 0.33980445563793188 0.99488958716392528 32.168743133544929 0.99943783879280101 0.67964559793472301 0.90127840638160717 0.09300470352172853 0.40234375000000006 0.56640625000000011 0.33583407104015356 0.14329662173986438 0.66412317752838146 31.306655883789066 0.69625782966613781 0.044705623760819442 0.042329763993620879 0.035021346062421806 0.70215463638305675 0.15394009649753573 0.046180834993720062 0.63183885812759411 20.571062088012699 0.23976618051528933 4.989051580429078 0.041346304118633277 0.031684765592217452 0.46461577713489538 0.9818987548351289 0.036111021414399154
decision_type=2 2 2 2 2 2 2 2 2 2 2 2 2 2 2 2 2 2 2 2 2 2 2 2 2 2 2 2 2 2
left_child=1 2 9 4 5 -4 7 -5 -8 10 23 -12 13 -11 21 17 27 18 26 -16 22 28 -18 -1 -6 -14 -2 -17 -3 -28
right_child=15 14 3 6 24 -7 8 -9 -10 12 11 -13 25 -15 19 16 20 -19 -20 -21 -22 -23 -24 -25 -26 -27 29 -29 -30 -31
leaf_value=-0.0068891201088958571 -0.0037354136246353304 0.025363063027406804 -0.0084076594151670219 0.0039093221191296226 0 0.027573615175430985 0.00050189735334891334 0.023628370120476708 -0.024926221077676711 0.01062444037884679 -8.4139581440327463e-06 -0.01946361772249236 0.0355141479429524 -0.018831793617855253 -0.025391976938352854 0.01333606026659093 -0.016429032077347284 -0.026560758466762691 -0.02089907832992036 0.013909841366877897 -0.023744235102012543 0.047141841775545618 0.039792051998033415 0.0304629016701294 0.029562151478066932 0.0020380247203251379 0.011494247724372214 -0.033044503274845739 -0.0035001804257019449 0.040900512759039179
leaf_weight=4.4977805106900615 3.3890471421182173 7.816855484619742 186.61192162870429 504.96595229487866 7.452757520601156 8.4959724184591305 81.16109803179279 34.080887114163488 21.357916736975312 17.040684984065592 41.60136628895998 84.884181082248688 9.3692758455872518 16.31404648302123 5.0369041329249722 1.0980263780802548 1.304810641799121 4.2517304113134733 2.3465081225149325 5.7085975548252463 2.1016428463626653 6.6942793037742367 3.8959327260963619 7.3383651487529278 11.473728999495505 5.960229921154677 2.5789756346493959 23.385650826152414 5.3116273796185851 5.3888199008069932
leaf_count=47 40 53 5629 3584 209 196 725 272 319 124 309 630 53 178 35 14 78 148 183 39 96 39 37 42 69 39 28 928 35 52
internal_value=2.16298e-05 0.000603454 0.000135047 0.0015745 -0.00438121 -0.00669294 0.00356979 0.00520305 -0.00495621 -0.00640821 -0.010471 -0.0131386 0.00505309 -0.00382429 0.0159743 -0.0122367 -0.0211835 0.00372564 0.014494 -0.00485066 0.00931145 0.0270979 0.0248282 0.0166044 0.0184392 0.023604 0.023149 -0.030405 0.0140518 0.0340601
internal_weight=1122.92 1073.17 1042.61 855.6 214.034 195.108 641.566 539.047 102.519 187.006 138.322 126.486 48.6842 33.3547 30.5683 49.7411 31.7861 17.9551 13.7034 10.7455 7.30239 19.8228 5.20074 11.8361 18.9265 15.3295 11.3568 24.4837 13.1285 7.9678
internal_count=14230 12626 12425 11003 6103 5825 4900 3856 1044 1422 1028 939 394 302 201 1604 1153 451 303 74 211 127 115 89 278 92 120 942 88 80
is_linear=0
shrinkage=0.03


Tree=181
num_leaves=14
num_cat=0
split_feature=6 23 29 20 24 23 23 29 22 39 42 6 6
split_gain=7.35094 8.20604 7.78 7.68453 7.84842 14.5717 12.4622 3.74789 1.50396 1.72577 0.538564 0.967955 0.204253
threshold=13.226967871189119 0.74352878332138073 0.90309548377990734 0.025392662733793262 0.25464542210102087 0.51494875550270092 0.62015998363494884 0.98674380779266369 0.31750334799289709 0.9779038429260255 0.8434436321258546 0.15542897582054141 0.044794391840696342
decision_type=2 2 2 2 2 2 2 2 2 2 2 2 2
left_child=1 2 8 12 5 -5 -6 10 9 -1 -3 -12 -4
right_child=-2 7 3 4 6 -7 -8 -9 -10 -11 11 -13 -14
leaf_value=-0.015380429264707901 0.028854314261316016 -0.028228655516925522 -0.03479718259101218 0.0022686855384754512 0.00042718265210534983 -0.010114761301712233 0.010377521692682034 0.018102519635177866 -0.027401104943561749 0.026365448760077903 -0.018475346708613186 0.0089723312066302997 -0.011457467826985231
leaf_weight=1.2020924480166275 6.876172984018921 11.977285325527189 4.3235643338412038 194.81085028289817 590.13046621414833 150.6500356560573 139.43998205033131 1.2215765356086183 9.9462102390825731 0.48797497712075699 1.7289372906088822 1.0412507615983484 2.3230743249878287
leaf_count=98 142 1014 34 1860 5469 2124 2183 28 1052 20 147 46 52
internal_value=-2.29003e-05 -0.000230432 8.80676e-05 0.000363866 0.000579229 -0.00313649 0.00234466 -0.0209333 -0.0233119 0.000878045 -0.0253015 -0.00771932 -0.0295972
internal_weight=1116.16 1109.28 1093.31 1081.68 1075.03 345.461 729.57 15.969 11.6363 1.69007 14.7475 2.77019 6.64664
internal_count=14269 14127 12892 11722 11636 3984 7652 1235 1170 118 1207 193 86
is_linear=0
shrinkage=0.03


Tree=182
num_leaves=29
num_cat=0
split_feature=1 20 25 19 21 44 29 50 21 22 0 23 29 4 48 42 4 25 17 32 5 32 42 1 45 45 2 14
split_gain=8.75209 8.7578 8.4028 17.5263 21.4227 14.0448 11.7154 22.1204 20.8847 16.0287 15.1313 11.3346 10.8233 13.8246 11.4593 9.89109 7.57367 8.29466 7.43598 6.71682 6.02055 5.30386 4.72657 3.78424 3.78399 2.28339 2.07446 0.945267
threshold=0.83616966009140026 0.029439321719110016 0.14662452042102816 0.044195616617798812 37.763158798217781 0.021507862955331806 0.9963379204273225 0.1761613339185715 61.973684310913093 0.4283925741910935 6.4215145111083993 0.45507963001728063 0.95482736825943004 0.88548859953880321 0.23378896713256839 0.54592314362525951 0.82151567935943615 0.15242453664541247 0.99218750000000011 0.047848658636212356 0.41228419542312628 0.044481433928012855 0.67669683694839489 0.76405495405197155 0.12320027872920038 0.13666803389787677 0.64062500000000011 20.130750656127933
decision_type=2 2 2 2 2 2 2 2 2 2 2 2 2 2 2 2 2 2 2 2 2 2 2 2 2 2 2 2
left_child=1 16 6 4 15 -6 7 11 10 -9 -8 -3 13 -5 -14 -4 23 21 24 -20 22 26 -2 27 -19 -23 -18 -1
right_child=20 2 3 12 5 -7 8 9 -10 -11 -12 -13 14 -15 -16 -17 17 18 19 -21 -22 25 -24 -25 -26 -27 -28 -29
leaf_value=-0.023823443486086303 0.0053990341357325975 0.031613013289257155 -0.012138372607865168 0.019143895049659593 -0.0030791414273384143 -0.020310178986687133 0.0014419419932264017 -0.0078313428508122399 -0.040199992551931955 0.013320025656212197 0.030785815524791243 -0.02225480517662792 -0.007665161798520656 -0.011811797998517334 0.005056707303237689 0.031435726390948486 -0.03492709499389899 0.042517658311619681 -0.025706903270395595 0.028192278587327604 -0.005200049867370592 0.022779078806782309 0.042194591502354682 0.028779379958532129 -0.00066369083301541119 -0.013423163553507242 -0.0051746197550163863 0.0038823504001353434
leaf_weight=1.2094912894535803 5.4740261491388109 2.933977390639483 5.8975994151551303 14.144870257005094 78.190600594505668 94.822099898476154 25.911054630763829 46.613651547348127 4.7331333756446829 98.970764346886426 40.935788569971919 39.605907291406766 74.117823805194348 90.561131597496569 416.68958050548099 14.914387462660669 21.138567150104798 3.1854915786534574 8.7090738143306208 1.7162016304209817 5.9210384655743828 1.8719382123090316 8.5623039826750738 4.6693249274976552 2.9496072251349688 2.4205394899472594 3.0244206432253113 1.4489914048463104
leaf_count=48 35 20 69 281 1246 721 271 673 20 1497 220 392 1105 2706 3841 151 395 32 223 10 37 21 44 34 52 42 67 20
internal_value=0 -0.000367472 0.000232474 -0.00130536 -0.00911819 -0.0126025 0.00490511 0.00093284 0.0151469 0.00652003 0.0196447 -0.0178299 0.00124352 -0.00746003 0.00311777 0.01896 -0.0122265 -0.0168471 0 -0.0148805 0.0192029 -0.0263976 0.0293576 0.0144131 0.0241533 0.0031187 -0.0316759 -0.010969
internal_weight=1121.34 1101.39 1049.04 789.338 193.825 173.013 259.704 188.124 71.58 145.584 66.8468 42.5399 595.513 104.706 490.807 20.812 52.3436 45.0158 16.5604 10.4253 19.9574 28.4555 14.0363 7.32781 6.1351 4.29248 24.163 2.65848
internal_count=14273 14157 13213 10120 2187 1967 3093 2582 511 2170 491 412 7933 2987 4946 220 944 842 317 233 116 525 79 102 84 63 462 68
is_linear=0
shrinkage=0.03


Tree=183
num_leaves=15
num_cat=0
split_feature=6 6 23 28 28 25 28 28 21 2 40 1 31 24
split_gain=7.59728 8.77811 7.23627 8.98709 20.1447 19.2464 14.1952 12.9669 11.0598 10.0849 2.83467 1.57446 0.425174 0.310964
threshold=13.226967871189119 0.18542132526636126 0.75899299979209911 0.65377187728881847 0.74573025107383739 0.1735436096787453 0.72231230139732372 0.6250462830066682 52.085144042968757 0.29687500000000006 0.45875194668769842 0.79840001463890087 0.027225286699831489 0.18430384248495105
decision_type=2 2 2 2 2 2 2 2 2 2 2 2 2 2
left_child=1 2 3 7 6 -6 -5 8 -1 -9 12 -4 -3 -12
right_child=-2 10 11 4 5 -7 -8 9 -10 -11 13 -13 -14 -15
leaf_value=0.0045212582908477107 0.029027249416832757 0.016135208726358277 -0.027400638983157762 -0.0058684046821316114 0.012082389842620602 -0.0015079749165276546 -0.026877973617045848 -0.023203978242793598 -0.01185511486241103 0.021217648843006136 -0.0018182335710294054 0.012184706178616464 -0.0035364070211566555 -0.029925072207501287
leaf_weight=211.15769553929567 7.0127094155177465 0.80470827547833224 9.2030251999385619 127.17742052301764 114.36513484781608 499.54256023350172 37.065507910447195 4.1593782957643262 43.945868282346055 51.78683555405587 0.74063568585552175 0.32637019036337811 1.170486365444958 10.952688363613559
leaf_count=2020 149 25 878 1648 917 6516 502 62 633 483 24 9 46 415
internal_value=-7.65714e-05 -0.000288646 1.63931e-05 0.000258151 -0.00146216 0.00103443 -0.0107619 0.00456234 0.00165316 0.0175129 -0.0233429 -0.0247315 0.00619913 -0.0286647
internal_weight=1119.41 1112.4 1098.73 1089.2 778.151 613.908 164.243 311.05 255.104 55.9462 13.6685 9.5294 1.97519 11.6933
internal_count=14327 14178 13668 12781 9583 7433 2150 3198 2653 545 510 887 71 439
is_linear=0
shrinkage=0.03


Tree=184
num_leaves=31
num_cat=0
split_feature=39 29 5 45 24 20 21 20 23 23 16 21 16 28 24 27 22 23 5 22 44 26 14 4 36 49 17 27 27 21
split_gain=7.55544 11.6006 10.5476 16.9478 13.9822 11.5829 9.2902 15.3109 12.9688 12.3755 17.4334 16.1889 17.0599 24.7557 12.7943 14.2295 11.5998 11.5105 11.0154 10.6963 9.69088 9.09509 8.49036 13.4793 8.83058 7.35436 7.19052 11.7881 10.8912 8.23306
threshold=0.92927178740501415 0.96314409375190746 0.1443305239081383 0.23776593804359439 0.27131021022796636 0.033897895365953452 47.215839385986335 0.029788195155560974 0.38428433239459997 0.40385685861110693 0.31933593750000006 51.712699890136726 0.34472656250000006 0.79152691364288341 0.30385807156562811 0.92701607942581188 0.5868932604789735 0.7061675786972047 0.21431376785039905 0.47864164412021643 0.073622401803731932 0.78125000000000011 8.1682567596435565 0.98343965411186229 0.23073522001504901 1.403120279312134 0.99218750000000011 0.98053526878356945 0.9841068983078004 63.021198272705085
decision_type=2 2 2 2 2 2 2 2 2 2 2 2 2 2 2 2 2 2 2 2 2 2 2 2 2 2 2 2 2 2
left_child=1 26 3 4 -3 -6 7 -2 -9 10 -8 18 16 -14 15 -12 -13 20 21 -20 -10 -11 24 -24 25 -4 27 29 -29 -1
right_child=6 2 22 -5 5 -7 9 8 17 11 14 12 13 -15 -16 -17 -18 -19 19 -21 -22 -23 23 -25 -26 -27 -28 28 -30 -31
leaf_value=-0.025172816824163401 -0.011592284251090946 -0.011910573091605869 -0.02532703342834949 0.025655246800246577 -0.014248131034851258 0.013732483276264832 -0.033005450444574015 -0.023149138613484346 0.018711860215891128 -0.027865517774054792 0.02764064471521872 0.02010815406702994 -0.019354798309770205 0.0023627456182236549 0.035698684351704819 -0.0079287071294999369 -0.0076128385318383097 -0.01534659975313483 0.020919619058022733 -0.013160252810914479 0.0031025254342601691 0.0169750017090146 0.01172983302614718 -0.018133087038834036 -0.0042525473070265567 0.02455115605211107 -0.020331743462447274 0.045811569387803355 -0.0062256742974063969 0.015056611740128067
leaf_weight=17.240390960359949 32.817497885087505 49.87222167220898 36.247779422905296 28.396997517440468 15.723689932841806 64.855010993313044 6.1337826163507989 8.9667006856761855 120.07431307109073 41.80825548665598 15.931307829683645 54.942185956984758 61.692871188744903 190.317416096339 19.992372719570994 24.183234000112861 17.16790046566166 11.979022890096529 11.653945769183336 22.98019448807463 52.169311609817669 3.7526063853874794 45.872026383411139 18.145596131682396 72.794231239939108 2.0266264826059333 48.447548520751297 6.0299503076821548 6.8550425241701305 5.2660412313416591
leaf_count=533 521 521 600 255 171 474 45 73 1167 594 246 551 1028 2661 155 336 203 513 205 275 331 25 274 132 741 13 1276 55 195 105
internal_value=0.000159629 -0.00302295 -0.000495346 0.00507571 0.000411973 0.008128 0.00207432 0.00705952 0.0102868 -0.000323586 0.0115892 -0.00230649 0.000683474 -0.0029974 0.0166548 0.00645323 0.0134535 0.0120466 -0.0142874 -0.00134337 0.0140466 -0.0238226 -0.00556687 0.00307043 -0.010555 -0.0220517 -0.0129306 -0.00243647 0.0194563 -0.0153922
internal_weight=1114.34 417.773 333.934 158.848 130.451 80.5787 696.563 226.007 193.189 470.556 66.2407 404.315 324.12 252.01 60.1069 40.1145 72.1101 184.223 80.195 34.6341 172.244 45.5609 175.086 64.0176 111.069 38.2744 83.839 35.3914 12.885 22.5064
internal_count=14274 5345 3181 1421 1166 645 8929 2605 2084 6324 782 5542 4443 3689 737 582 754 2011 1099 480 1498 619 1760 406 1354 613 2164 888 250 638
is_linear=0
shrinkage=0.03


Tree=185
num_leaves=21
num_cat=0
split_feature=6 6 40 47 25 1 23 35 6 30 49 34 7 24 6 40 22 20 20 24
split_gain=7.56268 6.85317 7.14823 11.92 14.0831 15.504 8.96401 8.37147 10.6225 6.65645 6.92702 4.97555 4.90438 4.54218 3.83019 3.18075 3.04975 2.49615 1.71299 0.31274
threshold=13.226967871189119 0.18542132526636126 0.68865293264389049 0.90127840638160717 0.12236410379409791 0.72021248936653148 0.36709009110927587 0.49482578039169317 0.10576957091689111 0.37890625000000006 0.39782749116420751 0.34207732975482946 2.4397786855697636 0.31449700891971594 0.11138034984469415 0.50759941339492809 0.39549115300178533 0.033795211464166648 0.037394594401121146 0.18430384248495105
decision_type=2 2 2 2 2 2 2 2 2 2 2 2 2 2 2 2 2 2 2 2
left_child=1 2 6 4 14 -6 12 13 -9 10 -8 -11 16 -5 -4 17 -1 -3 -14 -17
right_child=-2 15 3 7 5 -7 9 8 -10 11 -12 -13 18 -15 -16 19 -18 -19 -20 -21
leaf_value=0.022261236464408515 0.028812476099664329 -0.017652538022924654 0.031425366320498783 -0.024833209558217748 0.0049970999623435673 -0.0060011594817592148 0.0035641810104822618 0.010488528186233038 -0.018355276014282194 0.025717721655686011 -0.0047809883476531935 -0.026520458414168464 -0.013237318836956799 0.0048202494372949828 0 -0.0015845924608574994 -0.016744442267301974 0.026340495505209519 -0.040440277131193046 -0.029549853623831633
leaf_weight=2.3163054361939457 6.8092760900035492 1.2479308000765734 18.111991418059919 29.176057226955891 411.15716536226682 159.0655832127668 137.70318988733925 28.008498716400936 18.014014195185155 0.98713563359342416 250.59046920202672 14.112670232774688 4.8978180973790577 4.9564901359844944 4.099386161658912 0.73051813710480829 2.9413499045185745 1.3918199406471101 8.5928418692201358 9.9992551601026189
leaf_count=18 148 41 132 1029 4355 1148 2854 518 491 30 2220 642 34 62 35 23 50 49 55 388
internal_value=-0.000597538 -0.000806783 -0.000533301 0.00138364 0.00286032 0.00191871 -0.00359066 -0.00939446 -0.000887894 -0.00260929 -0.00181223 -0.0215338 -0.0233528 -0.0204271 0.0257804 -0.0213959 0.000771751 0.00558281 -0.0323663 -0.0281991
internal_weight=1114.91 1108.1 1094.73 672.589 592.434 570.223 422.142 80.1551 46.0225 403.393 388.294 15.0998 18.7483 34.1325 22.2114 13.3695 5.25766 2.63975 13.4907 10.7298
internal_count=14322 14174 13673 7770 5670 5503 5903 2100 1009 5746 5074 672 157 1091 167 501 68 90 89 411
is_linear=0
shrinkage=0.03


Tree=186
num_leaves=22
num_cat=0
split_feature=20 36 23 28 28 25 39 20 39 5 48 25 15 42 37 20 23 23 36 2 6
split_gain=8.82806 7.93962 7.30511 7.69763 15.8939 22.7575 13.7299 13.6893 8.71783 6.76157 5.70307 5.16169 4.5162 4.51719 4.26123 3.65778 2.76422 5.46215 1.48899 0.894508 0.666394
threshold=0.025392662733793262 0.33980445563793188 0.73051738739013683 0.65377187728881847 0.74573025107383739 0.1735436096787453 0.98266166448593151 0.042221490293741233 0.95614483952522289 0.056731417775154121 0.41148844361305242 0.12555558234453204 0.93095237016677868 0.8434436321258546 0.11619673669338228 0.037394594401121146 0.42507620155811315 0.57778275012969982 0.18322262167930606 0.57812500000000011 0.11393591761589052
decision_type=2 2 2 2 2 2 2 2 2 2 2 2 2 2 2 2 2 2 2 2 2
left_child=-1 2 3 6 7 -6 8 -5 -2 -3 -8 -11 13 18 19 -15 -13 -18 -4 -14 -16
right_child=1 9 12 4 5 -7 10 -9 -10 11 -12 16 14 15 20 -17 17 -19 -20 -21 -22
leaf_value=-0.031550096681875972 0.0022271759688413835 -0.015376609489841209 0.0077418451444101971 -0.013406464911513266 0.013287035218728562 -0.0015951815379025322 -0.021893612478408889 0.010236924492948904 0.013459897990551748 -0.0085649432627941634 0.013151379694332565 0.047965689822327781 0.040668307673878829 -0.020826702067023153 -0.02240315235932783 0.023482511269939582 0.0024816090408696957 0.036727022745814679 -0.029449674273895103 0.0014222319326099376 0.0029271232226164606
leaf_weight=6.7560928063467136 152.63063180632889 4.4339677896350649 0.50301992567257059 131.43840759224258 112.63029277115129 495.018853090005 21.544093405129392 25.524603122379631 105.45144128007814 3.6361007858067778 4.3102587666362515 4.4208875522017506 1.5743098545353853 2.022983002010732 1.816410457948223 2.7436137569602579 8.9897710252553242 7.4913351382128885 16.447816170053557 0.95659234444610763 0.80613106838427473
leaf_count=119 1508 29 43 1746 895 6628 241 362 1038 22 30 24 37 142 76 64 61 77 1034 51 25
internal_value=0.000338033 0.000564187 0.000136789 0.000541969 -0.00102197 0.00117567 0.00475283 -0.00950223 0.00686264 0.0157949 -0.0156673 0.0219265 -0.0150185 -0.0208758 0.00855876 0.00380652 0.0275166 0.0194297 -0.0278091 0.0312882 -0.0151302
internal_weight=1111.15 1104.39 1075.42 1048.55 764.612 607.649 283.936 156.963 258.082 28.9721 25.8544 24.5381 26.8709 21.7174 5.15344 4.7666 20.902 16.4811 16.9508 2.5309 2.62254
internal_count=14252 14133 13920 12448 9631 7523 2817 2108 2546 213 271 184 1472 1283 189 206 162 138 1077 88 101
is_linear=0
shrinkage=0.03


Tree=187
num_leaves=31
num_cat=0
split_feature=29 48 20 27 3 7 5 16 16 5 0 15 4 24 6 7 20 39 14 3 32 18 22 5 7 23 34 35 50 35
split_gain=6.87791 6.80706 13.7467 12.2216 10.8647 10.1366 9.68293 8.89535 13.244 8.61048 7.1755 7.6816 15.6847 15.2848 9.0676 8.89178 9.66646 8.21716 5.51461 5.52516 5.21556 4.92032 3.43343 2.8353 2.57477 2.48401 4.06621 1.92686 1.87615 1.55751
threshold=0.90309548377990734 0.23183465003967288 0.042494991794228561 0.7129841446876527 0.33784338831901556 1.8062836527824404 1.2785601615905764 0.37011718750000006 0.41503906250000006 0.24039929360151294 3.7643039226531987 0.67948719859123241 0.85529214143753063 0.24726380407810214 0.032474478706717498 4.0269465446472177 0.045790979638695724 0.97826534509658825 4.0145566463470468 0.47355584800243383 0.059080088511109359 0.29296875000000006 0.51401975750923168 1.4128604531288149 4.6934707164764413 0.42719385027885443 0.53720495104789745 0.52507510781288158 0.20250348001718524 0.88352394104003917
decision_type=2 2 2 2 2 2 2 2 2 2 2 2 2 2 2 2 2 2 2 2 2 2 2 2 2 2 2 2 2 2
left_child=29 2 3 4 9 22 -7 18 21 -2 20 15 13 -13 -14 17 -17 -12 28 -20 25 -9 -5 -6 -10 26 -3 -22 -4 -1
right_child=1 10 7 5 23 6 -8 8 24 -11 11 12 14 -15 -16 16 -18 -19 19 -21 27 -23 -24 -25 -26 -27 -28 -29 -30 -31
leaf_value=-0.024250871535507923 0.022633098229898022 -0.020223928126760979 0.0025120051048061502 0.02314003738234326 0.040070690777849964 -0.025896554633684236 0.009795747090598543 0.0039320635995045818 -0.023032265957548859 -0.022677489553668346 0.0026766197333614296 -0.016634896858452111 0.011356899339645666 0.020621488902852331 -0.0059496910209181674 0.010207569560977585 -0.012613996768650892 -0.0111654199922491 0.021191110089536017 -0.017553201134489205 -0.0087552397247777775 0.038817634152080838 -0.0135973738898575 0.00043411462685391045 0.012393045246043328 -0.027499030988014497 0.019265132547608262 0.032382600188001875 -0.03394372790128216 0.013602664936663207
leaf_weight=11.150919257197526 4.5304174660705057 5.0313369454816046 1.2257634010165954 5.9624038075562549 6.5196595287416113 58.327776872552931 7.0779101906809947 5.2799172226805302 5.8149062129668883 10.994458273518829 293.79032012075186 11.716168522369115 29.163016978651285 45.19645816530101 278.17298340285197 216.76525462162681 17.138685111422092 43.382513499353081 6.6671482541132701 4.8188909902237356 0.91909938259050195 15.027442195452748 2.5089825484901667 2.296977658290416 1.6896810713224111 12.983607983449472 2.8328945096582174 1.8075534265954045 5.6233959952369332 0.33510406315326768
leaf_count=1157 48 301 30 97 76 1059 96 31 266 183 3291 76 191 316 2434 1810 149 488 60 41 36 106 118 56 27 1371 118 52 114 18
internal_value=0.000230806 0.000483608 -0.00556272 -0.0118823 0.00627096 -0.0179075 -0.0218996 0.00779081 0.0182636 -0.00870407 0.00140188 0.00182332 -0.00157243 0.0127452 -0.00426624 0.00399342 0.00847603 0.000859005 -0.00806283 0.00459195 -0.0145907 0.0304984 0.0116559 0.031146 -0.014184 -0.0198039 -0.00509194 0.0190825 -0.0275484 -0.0219052
internal_weight=1114.75 1103.27 144.366 98.2186 24.3415 73.8771 65.4057 46.1471 27.8119 15.5249 958.9 935.325 364.249 56.9126 307.336 571.077 233.904 337.173 18.3352 11.486 23.5745 20.3074 8.47139 8.81664 7.50459 20.8478 7.86423 2.72665 6.84916 11.486
internal_count=14216 13041 2408 1733 363 1370 1155 675 430 231 10633 8755 3017 392 2625 5738 1959 3779 245 101 1878 137 215 132 293 1790 419 88 144 1175
is_linear=0
shrinkage=0.03


Tree=188
num_leaves=31
num_cat=0
split_feature=39 21 20 10 19 41 19 31 4 0 23 20 32 23 33 23 29 5 45 24 20 41 18 26 5 28 36 14 35 34
split_gain=8.95981 11.5261 14.7483 13.5703 16.5015 14.9517 15.352 14.1914 14.9999 16.5114 13.4881 18.9552 14.9581 12.7351 11.9238 10.8088 9.83177 11.0063 12.2764 13.6151 19.3721 9.24151 8.80678 8.38841 7.96948 15.956 9.96904 7.85725 7.27832 9.11082
threshold=0.92927178740501415 47.215839385986335 0.029788195155560974 0.62500000000000011 0.070808205753564848 0.83083519339561474 0.08932050317525865 0.029975064098834995 0.93585792183876049 12.489952087402346 0.39426052570343023 0.038414800539612777 0.034327652305364616 0.38428433239459997 54.266193389892585 0.7061675786972047 0.96314409375190746 0.1476683393120766 0.23776593804359439 0.25569646060466772 0.039382023736834533 0.998783439397812 0.25390625000000006 0.90625000000000011 0.22472137957811358 0.65004995465278637 0.26915608346462255 6.7799291610717782 0.69689443707466137 0.54955756664276134
decision_type=2 2 2 2 2 2 2 2 2 2 2 2 2 2 2 2 2 2 2 2 2 2 2 2 2 2 2 2 2 2
left_child=16 2 -2 7 10 6 -6 -3 9 -9 11 -5 -12 -4 -10 21 28 18 19 22 -21 -15 -18 24 25 -19 -26 -7 29 -1
right_child=1 3 13 4 5 27 -8 8 14 -11 12 -13 -14 15 -16 -17 17 23 -20 20 -22 -23 -24 -25 26 -27 -28 -29 -30 -31
leaf_value=0.0028859741333420157 -0.010438528137167381 -0.014874200788712591 -0.021513840025755758 0.03324795168975983 0.025436537923253216 -0.018091680082830342 -0.00032288746081229403 0.026959368346799854 -0.015270978698131734 -0.02326244786589865 -0.034800585723620291 -0.029265219442693662 -0.0094430690881544526 0.015941228749804463 0.0077153419050980361 -0.01386173062156288 0.025393794843189346 0.0079491904155230102 0.022421341446097736 -0.0044504575477851667 0.023000519771909533 -0.02397101209292651 -0.019951617748543 0.031706123389514285 -0.0074023729697171303 -0.027440544752575347 0.013633710882407047 0.021725803281340005 -0.024031493521114351 -0.022541297177210692
leaf_weight=36.975566278677434 33.130372502841055 25.386167666409165 9.3499545734375697 12.137240330688657 34.737956549040973 30.490002597682178 49.292395583353937 49.958262507338077 25.489386738743633 5.8255148101598015 25.299341814592481 5.5860289044212541 113.44113285280764 165.03339187568054 85.772527724737301 11.909235573373733 3.4468754362314931 15.710686766542493 27.824549894314259 56.038328700466082 37.944855502806604 4.4763968926854423 31.871989256236702 4.1106342046987256 93.28481497336179 37.037639533635229 24.796784078935161 4.2663051625713697 30.241827880265191 18.03418753691949
leaf_count=656 530 299 78 103 207 1314 343 484 247 174 407 59 1577 1381 1021 524 23 122 255 558 273 96 311 48 1045 323 193 107 1091 423
internal_value=8.35029e-05 0.00217994 0.00776178 -0.000496781 -0.00476866 0.00362744 0.0104646 0.00559118 0.00878919 0.0213446 -0.0111446 0.0128741 -0.0143044 0.0109762 0.00233348 0.0127758 -0.00338045 -0.0010234 0.00471308 0.000736588 0.00672651 0.0147352 -0.0148663 -0.0061903 -0.00729886 -0.0168924 -0.00288227 -0.0126493 -0.0124084 -0.00565007
internal_weight=1108.9 691.582 223.899 467.682 275.25 118.787 84.0304 192.432 167.046 55.7838 156.464 17.7233 138.74 190.769 111.262 181.419 417.319 332.067 157.127 129.302 93.9832 169.51 35.3189 174.941 170.83 52.7483 118.082 34.7563 85.2516 55.0098
internal_count=14272 8951 2609 6342 4117 1971 550 2225 1926 658 2146 162 1984 2079 1268 2001 5321 3151 1420 1165 831 1477 334 1731 1683 445 1238 1421 2170 1079
is_linear=0
shrinkage=0.03


Tree=189
num_leaves=25
num_cat=0
split_feature=29 36 23 1 27 21 29 23 7 29 27 20 4 5 27 32 32 1 48 39 48 15 49 13
split_gain=8.7401 7.40147 8.61189 8.94025 7.75326 13.3962 12.9622 14.596 12.9451 11.007 19.1384 15.7655 10.6259 11.5775 10.3697 11.1611 9.03696 3.72717 2.66221 2.44411 2.26408 1.63179 0.345891 0.0385799
threshold=0.90787160396575939 0.33980445563793188 0.57778275012969982 0.69751486182212841 0.98403856158256542 66.288772583007827 0.99215134978294384 0.45139931142330175 4.3044338226318368 0.95876494050025951 0.98177486658096325 0.041292669251561172 0.91811594367027294 0.10810617730021478 0.98363441228866588 0.042530726641416557 0.048009697347879417 0.69667699933052074 0.39518779516220098 0.96970233321189891 0.30207356810569769 0.96666666865348827 1.0654745101928713 67.802379608154311
decision_type=2 2 2 2 2 2 2 2 2 2 2 2 2 2 2 2 2 2 2 2 2 2 2 2
left_child=21 4 3 -3 5 14 12 8 -8 10 -7 -11 16 -14 15 -2 -6 -4 -16 -5 -9 -1 23 -23
right_child=1 2 17 19 6 9 7 20 -10 11 -12 -13 13 -15 18 -17 -18 -19 -20 -21 -22 22 -24 -25
leaf_value=-0.027478342132250474 -0.0029809591897292848 0.02425803243933804 0.0094643652024085281 0.00063419002674197612 -0.004812700094761692 -0.030396984266605122 -0.025221820089876258 0.011413280820192039 0.016467731009910194 0.031734464301971521 0.038651470497889313 0.0021174290397657871 -0.030618006526589588 -0.0070609033239013887 0.0086906788517588478 0.0044891935011282117 0.034731769942038714 0.04940054681371836 0.043765261623534932 -0.025020125871829817 0.039199156733675522 -0.0070711556781125826 0.015306770627431394 0
leaf_weight=11.179780624341216 565.43290017417166 8.9194578113965743 4.1145844068378192 5.6571451276540738 26.86712866416201 10.940699829487128 13.453249745536597 5.4850773587822905 11.500941526144741 33.869491933379322 4.1953087628353378 30.888088403269649 34.097130364505574 43.021425210288726 4.2421566471457464 262.73361464426853 5.3860437332186839 6.0474187387153506 4.7824425771832466 6.3169272914528847 9.4181499276310188 0.43234373885206945 0.39226624276489019 0.26365240314044058
leaf_count=1205 6568 59 42 29 358 274 164 41 91 421 53 492 469 580 54 3072 50 36 23 37 53 55 10 22
internal_value=-8.98749e-06 0.000280687 0.0144852 0.00282175 -0.000143381 0.000887714 -0.00646365 0.00799668 -0.00599807 0.0125465 -0.00986334 0.0179004 -0.0117852 -0.0177734 -0.000234951 -0.000604899 0.0025466 0.0357958 0.0300888 -0.0135538 0.030522 -0.0242145 0.00498046 -0.00466427
internal_weight=1109.64 1097.37 31.0555 20.8935 1066.31 917.085 149.229 39.8574 24.9542 79.8936 15.136 64.7576 109.372 77.1186 837.191 828.167 32.2532 10.162 9.0246 11.9741 14.9032 12.268 1.08826 0.695996
internal_count=14258 12966 203 125 12763 10957 1806 349 255 1240 327 913 1457 1049 9717 9640 408 78 77 66 94 1292 87 77
is_linear=0
shrinkage=0.03


Tree=190
num_leaves=31
num_cat=0
split_feature=0 4 14 4 4 33 21 19 41 7 16 16 21 39 30 16 29 15 27 19 27 29 12 14 29 22 26 19 5 21
split_gain=7.59598 6.81829 14.773 15.0081 17.0187 13.8274 15.6193 13.6549 13.3458 13.2933 13.1929 12.7187 11.5017 11.9729 10.5032 10.5809 9.15182 10.8211 16.3696 10.8345 8.2381 8.18666 7.71523 7.55961 9.63858 6.17298 5.37405 7.78561 4.77849 4.75785
threshold=13.52400064468384 0.98343965411186229 7.7743957042694101 0.94211879372596752 0.93774113059043895 60.96076965332032 45.593915939331062 0.080365929752588286 0.80321538448333751 5.1145377159118661 0.34277343750000006 0.45996093750000006 44.423376083374031 0.98266166448593151 0.16796875000000003 0.45605468750000006 0.94822731614112865 0.72380954027175914 0.98021599650383007 0.060998486354947097 0.96604251861572277 0.98854231834411632 1.3766435980796816 6.6902842521667489 0.98171594738960277 0.38217911124229437 0.84375000000000011 0.044705623760819442 0.64491742849349987 62.674823760986335
decision_type=2 2 2 2 2 2 2 2 2 2 2 2 2 2 2 2 2 2 2 2 2 2 2 2 2 2 2 2 2 2
left_child=1 2 3 4 10 6 12 22 -5 -9 -1 14 13 -3 -7 -16 25 18 -18 -19 -6 -10 -8 -13 -25 -4 27 28 -2 -28
right_child=26 5 16 8 20 11 7 9 21 -11 -12 23 -14 -15 15 -17 17 19 -20 -21 -22 -23 -24 24 -26 -27 29 -29 -30 -31
leaf_value=0.0031929844117517593 0.014186592256160001 -0.0050989973915382559 0.021250719681778683 0.032804143152143618 -0.04016178979506755 -0.012257266900825804 -0.019578967204583454 0.0074910456633743468 -0.020773635579992344 -0.024866912518968078 -0.010388284573573495 -0.022695143460820952 0.029391439216642321 0.032151028262425482 0.0091602571597743359 0.049148714798336657 0.02642085438216164 -0.00061366373813505955 -0.0052999869687859599 0.015905052852325057 -0.0031838816545240716 0.019179434425430641 0.0014085340974041636 -0.012726191933499503 0.027452827331533231 -0.016649817602396432 0.02834790352641078 -0.031973422691102898 -0.022826339829922458 -0.015326970679910177
leaf_weight=172.37348294514231 7.1562115768902022 64.950417255051434 3.7957968185655799 19.048114364035428 15.461378866806628 18.756636398145929 114.86927059665322 49.457968960748985 9.4633799637667853 13.770352833671494 101.2842031980399 21.116504711681046 12.534525281749664 7.7988854595459989 119.04883773275651 5.4003338245674959 58.384865243453532 105.38102703541517 18.844027604907751 52.768525674473494 8.6356178675778192 7.2413937789387992 17.792396566597745 13.380493421806024 7.5659404022153458 19.654035367770121 3.7978258838411412 16.715755735058337 4.1034752619452775 3.2508368198759854
leaf_count=2637 224 669 85 107 203 191 954 465 228 100 2191 700 116 72 1366 63 415 649 116 301 157 123 289 209 57 408 75 745 151 150
internal_value=-0.000229944 0.00022799 0.00236519 -0.00180089 -0.00402931 -0.00247888 -0.00666621 -0.0113182 0.0162807 0.000119727 -0.00184222 0.00386161 0.00399161 -0.000683231 0.00812786 0.0112974 0.00773112 0.00952174 0.0186737 0.00494446 -0.0276845 -0.00317977 -0.0167522 -0.0104449 0.00223956 -0.00977396 -0.0137786 -0.0195758 0 0.0084307
internal_weight=1093.8 1058.78 592.336 333.508 297.755 466.443 281.174 195.89 35.7529 63.2283 273.658 185.269 85.2838 72.7493 143.206 124.449 258.828 235.378 77.2289 158.15 24.097 16.7048 132.662 42.0629 20.9464 23.4498 35.0241 27.9754 11.2597 7.04866
internal_count=14216 12871 7620 5646 5188 5251 2665 1808 458 565 4828 2586 857 741 1620 1429 1974 1481 531 950 360 351 1243 966 266 493 1345 1120 375 225
is_linear=0
shrinkage=0.03


Tree=191
num_leaves=29
num_cat=0
split_feature=29 28 29 28 28 22 18 21 18 13 20 20 28 28 18 25 27 44 23 4 14 4 23 29 33 47 17 6
split_gain=8.60493 8.16024 18.8727 25.6568 13.8241 17.6786 16.0749 18.6155 14.9987 13.045 14.8241 15.2414 14.7662 20.9302 12.7939 12.4236 11.0404 10.2042 9.92947 8.28584 7.32242 6.40693 6.13406 4.75799 3.74633 1.16331 0.996058 0.910841
threshold=0.90309548377990734 0.93567231297492992 0.98612311482429515 0.94045299291610729 0.86146211624145519 0.60499832034111034 0.58984375000000011 58.400798797607429 0.16796875000000003 33.300685882568366 0.043971218168735511 0.042142869904637344 0.81395852565765392 0.77052500844001781 0.30859375000000006 0.28786180913448339 0.98053526878356945 0.034785239025950439 0.59238091111183178 0.92350491881370556 1.3690500259399416 0.92602220177650463 0.37865440547466284 0.99510052800178539 55.574642181396491 0.79480165243148815 0.99218750000000011 13.226967871189119
decision_type=2 2 2 2 2 2 2 2 2 2 2 2 2 2 2 2 2 2 2 2 2 2 2 2 2 2 2 2
left_child=27 4 3 26 9 6 8 -8 -6 12 11 -11 13 -2 25 19 20 -12 -14 -5 -7 23 -23 -16 -17 -4 -3 -1
right_child=1 2 14 15 5 16 7 -9 -10 10 17 -13 18 -15 21 24 -18 -19 -20 -21 -22 22 -24 -25 -26 -27 -28 -29
leaf_value=-0.02748220006501911 -0.0066413104646319008 0.045464452514068401 -0.00046348269335521491 0.0042048545556345185 0.017704726093410797 -0.019157946500680065 0.032846920918208518 -0.010689340445126731 -0.023726616441820652 0.0035670529747630834 0.0011516498514083759 0.024456755818727433 -0.029838446839586499 0.017101712532376176 -0.028833063774024267 -0.0022540095059308987 -0.030522720537553845 -0.024159565556776397 0.014609447867749717 -0.016747458501996208 0.027166841656976973 -0.0033511307799635967 0.034328946745071968 0.018797915166864666 0.043858752667250651 -0.031492224047201992 0.020482805501251033 0.0054681319038143153
leaf_weight=10.281593711115416 170.13225411181338 7.1006776983849687 1.8408348774537433 23.507467659190297 7.8443637012969694 2.7824418945238056 11.694011623272671 28.058148490497842 85.822942204540595 453.45703211752698 29.001374859362841 32.916601750068367 28.521672292612493 40.501027075108141 2.448300835909321 1.964468624908476 3.5108286761678746 26.776278826873749 4.6206090925261369 55.498736335895956 20.189119257032871 3.9981133108958593 35.872384787537158 3.1508537521585822 4.2598597558680922 2.8327655799221247 6.0033777055796236 0.32830419391393739
leaf_count=1159 3809 38 18 248 57 46 126 399 994 3637 227 219 586 555 32 40 49 233 149 905 191 58 325 42 46 48 40 9
internal_value=-0.000128103 0.000141612 0.00665794 -0.000990685 -0.000884116 -0.00889726 -0.0133469 0.00253598 -0.0200748 0.000751633 0.00334539 0.00503425 -0.00499466 -0.00200254 0.0214422 -0.00714539 0.0130809 -0.0111578 -0.0233074 -0.0105012 0.0208655 0.0263536 0.0304875 -0.00278788 0.0305923 -0.0220352 0.036496 -0.025821
internal_weight=1104.92 1094.31 148.478 98.3346 945.829 159.902 133.419 39.7522 93.6673 785.927 542.151 486.374 243.776 210.633 50.1433 85.2305 26.4824 55.7777 33.1423 79.0062 22.9716 45.4697 39.8705 5.59915 6.22433 4.6736 13.1041 10.6099
internal_count=14285 13117 1840 1317 11277 1862 1576 525 1051 9415 4316 3856 5099 4364 523 1239 286 460 735 1153 237 457 383 74 86 66 78 1168
is_linear=0
shrinkage=0.03


Tree=192
num_leaves=31
num_cat=0
split_feature=7 20 20 27 5 13 27 29 6 19 16 34 49 5 24 6 0 20 24 22 16 11 5 26 16 47 0 28 22 41
split_gain=7.67002 11.6737 21.6925 21.1267 20.0023 16.5078 14.8482 18.0543 17.7476 14.4891 9.71114 14.6744 9.14759 9.08405 8.47604 7.88245 8.80014 9.17623 13.0665 7.68731 7.63774 8.06912 7.56144 7.43857 23.5965 9.78301 9.75345 8.72817 7.69261 7.10006
threshold=3.5590510368347172 0.046572187915444381 0.042068898677825935 0.98098060488700878 0.10810617730021478 38.557209014892585 0.9721493422985078 0.96946877241134655 0.10157041624188425 0.071980044245719924 0.43261718750000006 0.60486608743667614 1.5277707576751711 0.092497631907463088 0.29368667304515844 0.068180870264768614 6.4215145111083993 0.037473320960998542 0.21287274360656741 0.57668235898017894 0.38574218750000006 0.62500000000000011 0.13971733301877978 0.65625000000000011 0.32324218750000006 0.97408232092857372 5.0548510551452646 0.86146211624145519 0.49630862474441534 0.84142243862152111
decision_type=2 2 2 2 2 2 2 2 2 2 2 2 2 2 2 2 2 2 2 2 2 2 2 2 2 2 2 2 2 2
left_child=12 2 3 6 9 -6 7 -2 -8 -5 11 -4 15 -3 19 16 20 18 -18 -12 -1 -22 -13 25 27 -17 -26 -25 -27 -15
right_child=1 13 10 4 5 -7 8 -9 -10 -11 14 22 -14 29 -16 23 17 -19 -20 -21 21 -23 -24 24 26 28 -28 -29 -30 -31
leaf_value=-0.010891468544613765 -0.0099992549303064178 -0.027086096524768288 0.026678368208434517 -0.041517198983266328 -0.023802557514870079 0.0088530852832712659 0.0024856178330046239 0.0058280204102266397 0.02779404490262671 -0.0086216435261296763 -0.025872131446581983 0.013298662010590828 0.032790163126781818 0.010773107129357347 0.021209485624719734 -0.012316976805327451 -0.020003329902587515 -0.011316834575976875 0.026997411704109426 0.021831156625295056 0.019801491453661051 -0.023712032593805551 -0.033263891620965047 0.049867085193985 -0.02777885627245091 0.025366681008357036 -0.0018321775156631005 -0.0011074114873829851 -0.016543735701403061 -0.020052554269930929
leaf_weight=43.968723360216245 94.315961040905677 19.628870690008625 64.512445725500584 23.076660377206281 17.953537406749092 51.571878236951306 55.22430098708719 201.87924945913255 45.244019677396864 26.036138180876151 11.31003843562212 5.3785228161141259 5.3536497373133889 17.259241821244363 8.6733474028296751 157.37200362992007 5.510540220886468 10.176352306269107 32.17782353470102 3.128912024665623 16.864101334009323 3.9254977179225525 5.2529164655134082 9.5091931857168657 13.804610090563072 10.849773859605191 114.01433172728866 4.024525088723748 4.988274077884852 9.6378342467360181
leaf_count=676 1733 205 556 212 303 514 477 1727 451 330 197 61 31 190 69 2263 38 70 175 34 294 431 61 112 1098 197 1159 64 208 256
internal_value=0.00017545 0.00221151 0.00332004 0.000838551 -0.0102092 0.000159952 0.00416774 0.000761438 0.014074 -0.0246582 0.0161644 0.0213359 -0.00292273 -0.0121063 -0.000712553 -0.00345284 0.00331947 0.0129542 0.0197083 -0.0145961 -0.00384488 0.0107364 -0.0103315 -0.00588988 -0.000748024 -0.0100404 -0.00485163 0.0354691 0.01179 -0.000487757
internal_weight=1092.62 660.084 613.558 515.302 118.638 69.5254 396.664 296.195 100.468 49.1128 98.2562 75.1439 432.539 46.5259 23.1123 427.186 112.623 47.8647 37.6884 14.439 64.7583 20.7896 10.6314 314.563 141.353 173.21 127.819 13.5337 15.838 26.8971
internal_count=14192 7376 6725 5747 1359 817 4388 3460 928 542 978 678 6816 651 300 6785 1684 283 213 231 1401 725 122 5101 2433 2668 2257 176 405 446
is_linear=0
shrinkage=0.03


Tree=193
num_leaves=31
num_cat=0
split_feature=41 15 19 0 4 24 33 7 49 27 9 44 20 49 27 18 42 23 37 30 20 14 24 15 37 41 33 1 6 49
split_gain=8.73066 9.88825 10.2071 9.46202 9.02007 13.0935 16.3488 12.1184 9.99821 9.20709 9.12553 8.76259 9.86467 8.18778 7.68427 9.71429 8.7279 6.87617 6.6059 6.39699 5.59281 4.60702 4.48561 4.35451 4.04566 3.02677 2.97822 3.88176 2.57949 2.20183
threshold=0.99650353193283092 0.37087912857532507 0.12583475559949878 4.9515342712402353 0.85529214143753063 0.24726380407810214 54.678840637207038 1.6178621649742129 0.57609713077545177 0.96154338121414196 0.52234524488449108 0.12158167362213136 0.042068898677825935 1.4640218019485476 0.91197562217712413 0.30859375000000006 0.48947252333164221 0.40947024524211889 0.13686621189117434 0.37890625000000006 0.039135478436946876 18.569724082946781 0.23797893524169925 0.86190477013587963 0.14069679379463199 0.99479395151138317 59.377975463867195 0.71743533015251171 0.17195969820022586 1.0654745101928713
decision_type=2 2 2 2 2 2 2 2 2 2 2 2 2 2 2 2 2 2 2 2 2 2 2 2 2 2 2 2 2 2
left_child=1 2 3 20 5 10 9 18 -8 -7 -3 12 -9 -13 16 -16 -5 24 25 -20 28 -12 -22 -19 -2 -6 -25 -28 -1 -4
right_child=17 4 29 14 7 6 8 11 -10 -11 21 13 -14 -15 15 -17 -18 23 19 -21 22 -23 -24 26 -26 -27 27 -29 -30 -31
leaf_value=-0.026526084807566002 0.026051086138113945 -0.032877501409393474 -0.031708254752261411 0 -0.020860098526156962 0.011539692477197255 -0.026115727682669437 -0.0033080343321059643 0.011503986251732901 0.04446110004354855 0.018846321805679071 -0.010149393318360076 0.0074947845983751064 0.018458257393330041 -0.0046617280956614653 0.0089172171495630528 0.026904247005828795 -0.022785236802332763 0.046435798216932937 -0.013319041774586435 0.034306269557052217 -0.016894608048067205 -0.0072197560420458069 -0.014279841335803171 -0.010088168679559778 0.017415668179695115 -0.013801603337437565 0.045578400751233816 0.0076521339365694333 0.0028430788097527642
leaf_weight=13.622178220888602 4.832867104560135 9.0749526452273148 7.1684209387749416 15.98098842683248 2.9283126639202228 15.859230181667952 9.2044015559367853 362.9141639622394 15.824754368979482 16.415341057814658 7.5458332854323071 178.99016700754873 95.112732434645295 8.5105971335433406 65.345851329620928 164.85910814069211 32.387324321549386 31.297958882874809 8.1730287396348995 1.4042586826253671 2.4788901587016863 4.2268630876205862 6.1762061130721122 2.4129406393039963 4.4141420596279204 2.5085525996983051 0.91420727036893401 1.5661854161880908 1.7018199382582668 1.695141266332939
leaf_count=780 48 72 287 194 35 172 81 4032 87 113 64 1795 1124 56 581 1600 331 1650 108 112 77 41 337 73 158 34 63 22 110 23
internal_value=-0.000184125 0.000375674 0.00485281 0.00582252 -0.00151174 0.00805323 0.0154177 -0.0026584 -0.00268713 0.0292072 -0.0118314 -0.00329721 -0.00104677 -0.00874395 0.00739375 0.00504624 0.0181773 -0.0129155 0.0231104 0.0369598 -0.0118762 0.005461 0.00668427 -0.0187439 0.00920598 -0.00277172 0.00607589 0.0251533 -0.0223104 -0.0251779
internal_weight=1095.55 1050.11 311.416 302.552 738.693 78.1514 57.3037 660.542 25.0292 32.2746 20.8476 645.528 458.027 187.501 278.573 230.205 48.3683 45.4383 15.0142 9.57729 23.9791 11.7727 8.6551 36.1913 9.24701 5.43687 4.89333 2.48039 15.324 8.86356
internal_count=14260 12246 4320 4010 7926 630 453 7296 168 285 177 7007 5156 1851 2706 2181 525 2014 289 220 1304 105 414 1808 206 69 158 85 890 310
is_linear=0
shrinkage=0.03


Tree=194
num_leaves=31
num_cat=0
split_feature=32 29 4 36 24 5 29 0 14 29 23 24 34 28 29 28 14 23 4 21 1 48 39 10 36 10 4 32 34 24
split_gain=7.49445 7.52602 8.39274 6.86673 10.7611 9.27752 9.06669 8.99956 8.86931 7.62643 7.48187 17.7092 10.7715 7.27042 9.50106 6.39852 6.5393 6.4339 7.07038 6.33033 6.32049 6.24343 6.18244 6.16841 6.04402 7.12638 5.77683 5.58127 5.21073 4.95107
threshold=0.033038433641195304 0.99768838286399852 0.92672085762023937 0.22660401463508609 0.25569646060466772 0.1443305239081383 0.99943783879280101 4.0657601356506357 10.457413673400881 0.96302497386932384 0.63092312216758739 0.31511016190052038 0.36386531591415411 0.9492211937904359 0.99039754271507274 0.76469722390174877 2.9531891345977788 0.54794976115226757 0.89892131090164196 43.31140327453614 0.81797087192535411 0.41745124757289892 0.95340165495872509 0.62500000000000011 0.27468511462211614 0.62500000000000011 0.86736136674880993 0.03072183579206467 0.29841244220733648 0.32345707714557653
decision_type=2 2 2 2 2 2 2 2 2 2 2 2 2 2 2 2 2 2 2 2 2 2 2 2 2 2 2 2 2 2
left_child=1 15 -3 4 13 9 7 29 23 26 12 -12 -9 20 -15 19 27 -18 -19 24 22 -10 -2 -7 25 -1 -6 -17 -11 -5
right_child=3 2 -4 6 5 8 -8 10 21 28 11 -13 -14 14 -16 16 17 18 -20 -21 -22 -23 -24 -25 -26 -27 -28 -29 -30 -31
leaf_value=-0.012834484483117945 -0.024015452274522658 -0.0004631722457597708 -0.036774525136884458 -0.020836901574677165 0.018744614830571597 0.0023701819802955547 0.020752067268552461 0.01332090574076283 0.028533393951265269 -0.014612176957116651 0.0035945424229045686 0.031143800793924318 -0.00029679817665208085 -0.017001981745710715 0.028216997729239468 0.013218925118937568 0.023160416157627896 0.024148135324111815 -0.014244275089787492 -0.019086576464860221 0.026773984301177525 -0.011444361032295453 0.00034863170688843501 -0.02631782704292079 -0.016693803257314909 0.032974516877389247 -0.023049626335365392 -0.029722365580455389 0.018787425468230236 0.017970402911978964
leaf_weight=4.086396593833344 46.534199431305751 10.009778278879821 13.035156202036887 21.170736234635118 3.3726005565840742 9.462133635766806 22.503123671747744 56.579230917152017 7.3092125558759999 3.8286895784549406 118.34781876532361 24.724622909212485 563.66017580660991 7.3853090696502459 7.3382536228746176 3.3761595664545876 18.082702953135595 5.382628591964024 12.292188759194685 28.893683857750148 1.9119327326770861 5.2218325801659375 11.339794427622108 19.897290864144452 7.3621480495203278 7.1436959742568433 8.5670996366534364 6.7223768014227971 41.522414985578507 2.5505317074712357
leaf_count=116 743 108 110 1960 44 152 250 421 79 34 2041 317 4515 199 59 74 130 48 239 610 12 107 245 431 182 87 370 134 429 70
internal_value=0.00035434 -0.00680716 -0.0218023 0.00121117 -0.00417933 0.00227073 0.00237516 0.00182025 -0.00830695 0.0100663 0.00239769 0.00855933 0.000960044 -0.0127213 0.00570568 -0.00288139 0.00501696 0.0110659 -0.00172473 -0.0105167 -0.0173278 0.0120379 -0.0192658 -0.0171997 0.00294285 0.0163738 -0.0104759 -0.0151983 0.0156486 -0.0159848
internal_weight=1099.61 116.387 23.0449 983.227 173.691 99.1813 809.536 787.033 41.8905 57.2908 763.312 143.072 620.239 74.5095 14.7236 93.342 45.8561 35.7575 17.6748 47.4859 59.7859 12.531 57.874 29.3594 18.5922 11.2301 11.9397 10.0985 45.3511 23.7213
internal_count=14316 1838 218 12478 2904 1646 9574 9324 769 877 7294 2358 4936 1258 258 1620 625 417 287 995 1000 186 988 583 385 203 414 208 463 2030
is_linear=0
shrinkage=0.03


Tree=195
num_leaves=29
num_cat=0
split_feature=29 4 4 4 36 27 24 23 24 22 39 20 30 27 30 34 40 47 32 43 23 0 18 6 37 29 18 6
split_gain=8.27406 7.49665 15.9174 14.3045 16.9335 11.0484 15.7676 12.7454 10.8636 14.2389 11.1859 10.843 9.69335 8.86093 12.6929 10.9573 8.57226 5.72546 5.95298 5.69875 5.57033 4.48079 3.81066 2.42356 2.25214 2.55054 1.66882 0.911129
threshold=0.90309548377990734 0.98343965411186229 0.94230100512504589 0.93774113059043895 0.30627982318401342 0.98738473653793346 0.34050300717353826 0.67713260650634777 0.34912860393524175 0.51500922441482555 0.97885712981224071 0.043602082878351218 0.23046875000000003 0.97546783089637767 0.17578125000000003 0.33922594785690313 0.90950495004653942 0.76797458529472362 0.042213132604956634 0.35962627828121191 0.57901626825332653 7.3105885982513437 0.58984375000000011 0.077751424163579955 0.27382433414459234 0.98744702339172374 0.53515625000000011 13.226967871189119
decision_type=2 2 2 2 2 2 2 2 2 2 2 2 2 2 2 2 2 2 2 2 2 2 2 2 2 2 2 2
left_child=27 2 3 8 12 7 11 13 10 -10 -2 20 -5 14 -3 -15 17 22 -19 -13 -7 26 -4 -23 25 -9 -18 -1
right_child=1 5 16 4 -6 6 -8 24 9 -11 -12 19 -14 15 -16 -17 21 18 -20 -21 -22 23 -24 -25 -26 -27 -28 -29
leaf_value=-0.027401320098246234 0.004850668707053917 -0.018846550611600666 0.026452780527607449 0 0.022618737111369264 -0.038844998563269728 0.020654950031796213 -0.026477045613513963 0.0035243497456168313 -0.040015839033227849 -0.0092952367437680507 -0.016628734301987261 -0.03482349959932602 -0.018589326660872121 -0.00024634520439114108 0.010228289125763805 0.015166492704031725 -0.022126703255516467 0.015386467484988037 0.02840207369825375 -0.008923419715086851 0.015612345283525767 -0.0032841923046893983 0.043717394785478716 0.012428727088908071 0.0026321898443180097 -0.019479712100649884 0.0054982573950077621
leaf_weight=10.040337068261575 421.14467276865616 37.201856097672135 12.403690140927216 10.251283727120606 7.4888922201935193 23.577926910831593 7.7999953187536439 21.961370571865707 14.265740418341013 11.417985847219823 56.058919598348439 4.0518601306248438 24.14292764023412 12.38926619151607 246.21133028354961 104.65589651884511 1.5584090072661667 8.3018285937141609 5.4576217839494339 4.0663128877058625 8.5518613930325937 5.8196274908259538 4.9338358144741497 13.537690375931559 0.98457383923232455 2.6684437869116655 1.4270614162087438 0.32981483824551183
leaf_count=1186 5539 300 79 97 52 219 54 787 142 100 860 48 328 103 2519 971 39 164 89 53 150 50 42 71 33 42 44 9
internal_value=-0.000242317 2.47905e-05 0.00225904 0.000706301 -0.0159204 -0.00278673 -0.0162762 -0.00122396 0.00212586 -0.0164937 0.00316666 -0.0238333 -0.0247985 0.000104392 -0.0027561 0.00702089 0.017729 0.00702927 -0.00700967 0.00623894 -0.0314812 0.0315534 0.0181092 0.0365972 -0.0213278 -0.0232266 -0.00137408 -0.0256996
internal_weight=1082.7 1072.33 598.21 544.77 41.8831 474.121 48.048 426.073 502.887 25.6837 477.204 40.248 34.3942 400.458 283.413 117.045 53.4398 31.097 13.7595 8.11817 32.1298 22.3428 17.3375 19.3573 25.6144 24.6298 2.98547 10.3702
internal_count=14170 12975 7696 7118 477 5279 524 4755 6641 242 6399 470 425 3893 2819 1074 578 374 253 101 369 204 121 121 862 829 83 1195
is_linear=0
shrinkage=0.03


Tree=196
num_leaves=23
num_cat=0
split_feature=6 11 23 23 19 32 4 21 21 17 31 22 6 28 38 32 34 23 32 16 6 50
split_gain=6.7422 7.28209 7.06575 7.57071 14.507 24.8145 13.3709 12.8148 24.6019 10.7814 7.02529 5.33288 5.19905 5.50075 4.01956 4.5379 3.55655 2.82413 2.81377 1.65065 1.44334 0.972366
threshold=13.226967871189119 0.62500000000000011 0.75899299979209911 0.63092312216758739 0.052304757758975036 0.040856873616576202 0.84468078613281261 54.379989624023445 50.558847427368171 0.99218750000000011 0.043598199263215072 0.6035887897014619 0.033904178068041808 0.61617755889892589 0.46875000000000006 0.039639718830585487 0.54955756664276134 0.59356403350830089 0.054847577586770065 0.36035156250000006 0.0071039909962564715 0.50771954655647289
decision_type=2 2 2 2 2 2 2 2 2 2 2 2 2 2 2 2 2 2 2 2 2 2
left_child=1 2 3 7 5 -5 -6 8 -1 -9 11 14 13 -12 16 -16 -3 -15 21 -20 -4 -14
right_child=-2 10 20 4 6 -7 -8 9 -10 -11 12 -13 18 17 15 -17 -18 -19 19 -21 -22 -23
leaf_value=0.00092928672988487713 0.028691371221469 -0.024213738449813529 0.010390323445989042 0.0034053506607559605 0.032896055958650458 0.032365248299108494 -0.0092605324106699322 0.010492816246073414 -0.014635936662175346 0 0.023270655244883379 -0.025953978971048806 -0.028256210421041088 -0.025516406131975446 -0.00091802906044752578 0.026681098584022688 0.0131305157111753 0.021708490780544831 0.017851734147914695 -0.016416017979071437 -0.027177507540689001 0.00088213976084409041
leaf_weight=301.14468700578436 6.4914444573223582 5.0917037089820978 0.38327073771506448 86.467917928239331 6.5926878107711664 37.847060616826639 61.30064910533838 136.24100966076367 129.94953495566733 247.07187261572108 4.412334153428672 4.4757170327939084 24.423335012514151 4.9036274696700275 9.9482825482264179 9.9917652409058046 2.7660506723914295 0.53772082971408952 1.7200552304275327 1.3421943953726438 8.5541515618097019 0.80497183324769039
leaf_count=2124 141 158 13 1146 66 352 1406 1180 814 2301 50 204 2373 282 318 183 72 19 58 146 817 26
internal_value=0.000326878 0.000128328 0.000781477 0.00103184 0.00637129 0.0124339 -0.00470536 -0.000230913 -0.00377878 0.00375086 -0.00912831 0.00111356 -0.0176776 0.000800724 0.00632579 0.0133821 -0.010731 -0.0177382 -0.0240237 0.00174982 -0.0243811 -0.0272139
internal_weight=1092.46 1085.97 1015.55 1006.62 192.208 124.315 67.8933 814.407 431.094 383.313 70.4178 32.2735 38.1442 9.85368 27.7978 19.94 7.85775 5.44135 28.2906 3.06225 8.93742 25.2283
internal_count=14249 14108 10219 9389 2970 1498 1472 6419 2938 3481 3889 935 2954 351 731 501 230 301 2603 204 830 2399
is_linear=0
shrinkage=0.03


Tree=197
num_leaves=21
num_cat=0
split_feature=6 6 15 13 41 6 44 18 20 32 21 35 23 23 9 32 40 48 20 41
split_gain=6.35325 6.74203 6.89238 15.764 8.37357 10.7902 8.00699 13.3503 9.71394 8.62064 12.1764 8.75743 6.80321 9.94868 3.97625 3.52041 3.15659 2.90011 1.59118 0.385498
threshold=13.226967871189119 0.18542132526636126 0.37087912857532507 37.242937088012702 0.99191969633102428 0.069144647568464293 0.043167702853679664 0.14453125000000003 0.046681514009833343 0.037749182432889945 39.384023666381843 0.34738816320896154 0.70215463638305675 0.67552661895751964 0.35238063335418707 0.042941231280565269 0.50759941339492809 0.27155998349189764 0.033795211464166648 0.67262160778045665
decision_type=2 2 2 2 2 2 2 2 2 2 2 2 2 2 2 2 2 2 2 2
left_child=1 2 3 4 5 -1 9 14 -9 10 -4 -11 13 -5 -8 -6 18 -14 -3 -18
right_child=-2 16 6 12 15 -7 7 8 -10 11 -12 -13 17 -15 -16 -17 19 -19 -20 -21
leaf_value=0.016564011309724392 0.028373703604256992 -0.014979510506738366 0.018833315841556474 0.011714156238927504 -0.021667105372304561 -0.0019854254950790878 -0.0064899090262427444 -0.0042797589563750406 -0.023396043023097966 -0.024466964897617054 -0.0081755218623294351 0.006260941713395197 0.011244044886470385 0.042922786113017572 0.025000266756133267 0.00043028189060467738 0 -0.025847072601360602 0.020921858886235104 -0.029319494923593148
leaf_weight=33.926310052862391 6.1450374564155927 0.9457754935137922 16.394247401738539 93.823975463863462 21.191853408934552 145.51278547022957 3.9256304812151965 341.55367839056998 24.927687274524942 7.6505072417203328 108.69076013774611 233.62192709755618 2.0124419094063333 9.574881478212772 16.40149050951004 8.7437136527150852 0.60100790346041222 4.723938329378143 1.5860502880532292 9.5250668030930665
leaf_count=453 139 34 260 854 1094 1869 30 3040 281 211 1563 3071 46 89 137 431 8 178 51 408
internal_value=0.000177295 -5.55966e-06 0.00025812 0.00394559 -0.00088419 0.00157743 -0.00130537 -0.0043129 -0.00564832 0.00186498 -0.00449052 0.00517724 0.0130797 0.0150163 0.018759 -0.0153106 -0.0209532 -0.0143575 0.00621724 -0.0279645
internal_weight=1091.48 1085.33 1072.68 319.51 209.375 179.439 753.166 386.808 366.481 366.357 125.085 241.272 110.135 103.399 20.3271 29.9356 12.6579 6.73638 2.53183 10.1261
internal_count=14247 14108 13607 5014 3847 2322 8593 3488 3321 5105 1823 3282 1167 943 167 1525 501 224 85 416
is_linear=0
shrinkage=0.03


Tree=198
num_leaves=30
num_cat=0
split_feature=0 28 28 29 28 20 23 24 50 23 5 5 20 25 13 7 0 25 5 9 29 24 1 5 20 20 42 50 3
split_gain=6.96017 7.00501 14.9343 18.4052 11.0932 23.0957 16.1784 13.5966 12.6988 10.1069 11.3054 9.63518 10.6136 9.48578 8.235 6.77557 6.17811 6.10358 5.57155 3.99032 3.25246 3.30262 2.50571 2.23589 1.7398 2.5523 1.21604 0.363978 0.287478
threshold=13.945287227630617 0.93567231297492992 0.94045299291610729 0.9936310648918153 0.90074479579925548 0.042978351935744293 0.50912052392959606 0.28315848112106329 0.54575994610786449 0.47926136851310736 0.078874535858631148 0.027785272337496284 0.036834033206105239 0.27578936517238622 34.642435073852546 4.8473656177520761 4.4154937267303476 0.19076395779848102 0.10810617730021478 1.3519085645675661 0.96049025654792797 0.29170361161232 0.72021248936653148 0.092497631907463088 0.032641058787703521 0.032552555203437812 0.30027322471141821 0.27973234653472906 0.21272287517786029
decision_type=2 2 2 2 2 2 2 2 2 2 2 2 2 2 2 2 2 2 2 2 2 2 2 2 2 2 2 2 2
left_child=1 4 19 9 8 6 7 -6 11 10 -4 14 -13 -11 -1 18 23 -18 -7 22 24 27 -3 -5 25 -2 -8 -22 -10
right_child=20 2 3 16 5 15 26 -9 28 13 -12 12 -14 -15 -16 -17 17 -19 -20 -21 21 -23 -24 -25 -26 -27 -28 -29 -30
leaf_value=-0.0028461315713694734 -0.018567909320667052 0.044662088981463899 -0.028422556097722457 0.016152992892115137 -0.022248268258364599 0.033537724579134717 -0.0058331608482857554 0.01879056964934479 -0.010698691183919118 -0.013110151831322069 0.019762470121817487 0.0032206644701681842 -0.0036871905523847182 0.018947675456915211 0.032144111235210458 0.043751492049700261 0.00027432285019495049 0.038231233110291696 -0.013179165273228257 0.0026476148576552324 -0.00012566165409371317 0.021776250380934937 0.010373734822339253 -0.022472854346764552 -0.028576824362197165 0.027680060439807874 -0.035347543099464022 -0.021886833074782952 -0.035347765777309526
leaf_weight=9.2630682867020386 1.784149914048615 11.034664506791161 4.3406503652222481 1.2071366517338931 14.02935026958585 2.4698535497300309 2.023116464726626 13.046469753608106 2.034369068220256 64.145528079476207 24.29400558071211 464.34204890904948 350.21094002015889 8.5564495711587352 14.978390406817196 5.8639034484513095 5.0154003845527795 17.599397538229823 5.7652078543324023 3.9793069120496503 1.2649965509772294 2.7837407011538744 3.445928090484812 2.5453579798340797 11.965191598748786 0.74530775053426612 30.393914342625067 2.1572885341010988 7.7363067916594446
leaf_count=101 173 90 86 32 164 37 38 131 50 1050 313 5650 4070 243 110 39 37 95 157 22 15 24 41 103 839 9 391 60 98
internal_value=4.89072e-05 0.000392952 0.00647296 0.00269446 -0.00057346 -0.0116668 -0.0198497 -0.00240192 0.000397683 -0.00314568 0.0116444 0.000815831 0.000246126 -0.0090906 0.0190718 0.0216914 0.0245441 0.0303085 0.00262166 0.0309764 -0.0167682 0.000972521 0.0378935 -0.00863177 -0.0241302 -0.000109257 -0.033825 -0.0163688 -0.0319639
internal_weight=1089.02 1068.32 146.164 127.704 922.157 73.5918 59.4929 27.0758 848.565 101.337 28.6347 838.794 814.553 72.702 24.2415 14.099 26.3673 22.6148 8.23506 18.4599 20.7007 6.20603 14.4806 3.75249 14.4946 2.52946 32.417 3.42229 9.77068
internal_count=14268 13148 2112 1959 11036 957 724 295 10079 1692 399 9931 9720 1293 211 233 267 132 194 153 1120 99 131 135 1021 182 429 75 148
is_linear=0
shrinkage=0.03


Tree=199
num_leaves=21
num_cat=0
split_feature=39 18 28 5 23 28 28 20 20 50 20 0 9 9 9 14 38 14 50 28
split_gain=9.00458 6.63834 6.76726 18.0315 17.0158 22.1517 11.7127 26.7572 13.3897 12.6155 10.4744 5.75329 5.04291 4.86247 4.16832 3.22838 2.31371 1.08938 0.849213 0.0879905
threshold=0.99311453104019176 0.83203125000000011 0.93567231297492992 0.045718697831034667 0.47212083637714392 0.94045299291610729 0.90074479579925548 0.042978351935744293 0.031099994666874412 0.54575994610786449 0.036834033206105239 4.4154937267303476 0.73119980096817028 1.4269745349884035 0.30092892050743109 8.2901487350463885 0.71875000000000011 27.940044403076175 0.30554966628551489 0.83283481001853954
decision_type=2 2 2 2 2 2 2 2 2 2 2 2 2 2 2 2 2 2 2 2
left_child=1 2 6 16 11 -6 9 8 -8 10 -1 -5 -9 -2 15 -3 18 -16 -4 -11
right_child=13 14 3 4 5 -7 7 12 -10 19 -12 -13 -14 -15 17 -17 -18 -19 -20 -21
leaf_value=0.0034310733691651544 0.001720451935634152 -0.017019358685222193 -0.035962892228359231 -0.0071196641396723244 0.03577213453388798 -0.0043285953633575352 0.02604246567783524 -0.0016004652118404717 -0.025663126227881347 -0.03368917691993277 -0.0032991396328725243 0.029796684846767049 0.036374910516192786 0.042786374890887199 -0.030632963512141356 0.032056408957892545 0 -0.0025518394588895594 -0.0092009822425861403 -0.0098113360029115793
leaf_weight=476.88990333548281 4.6045713204657641 1.3610301408916705 8.3254487046506238 3.7233267433475694 13.850668716710059 73.869024562067352 4.066433845087885 4.283622945775277 52.800558203831315 8.6741594763006997 367.48961204965599 34.871165736578405 8.8751886347308737 5.7718162736855447 10.076108011067843 1.5126590251456944 2.4421479597222051 1.886441328562795 2.5404560561291865 1.5809753462672222
leaf_count=6074 52 111 99 180 97 1472 62 126 710 163 4326 262 97 36 292 13 36 30 53 31
internal_value=2.68267e-05 -0.000250092 3.39503e-05 0.00616846 0.00973478 0.00230121 -0.000894773 -0.012601 -0.0215278 7.44937e-05 0.000497974 0.0260696 0.0245609 0.02658 -0.0195309 0.00964548 -0.0257864 -0.0269746 -0.0312615 -0.0314734
internal_weight=1089.5 1079.12 1064.28 139.622 126.314 87.7197 924.66 70.0258 56.867 854.635 844.38 38.5945 13.1588 10.3764 14.8362 2.87369 13.3081 11.9625 10.8659 10.2551
internal_count=14322 14234 13788 2199 2011 1569 11589 995 772 10594 10400 442 223 88 446 124 188 322 152 194
is_linear=0
shrinkage=0.03


Tree=200
num_leaves=31
num_cat=0
split_feature=18 5 5 22 48 36 20 23 24 16 17 5 29 24 24 18 27 16 9 4 28 6 16 9 0 32 23 14 6 14
split_gain=7.12707 7.97707 11.8808 15.498 13.2836 12.3785 11.6543 10.2413 10.7691 19.2661 19.3798 9.99373 17.7191 16.4345 9.29301 13.8871 13.3331 9.27543 9.77119 7.19749 7.19618 6.34047 5.86844 4.61621 4.29641 4.74861 4.23572 3.52704 1.39397 0.844685
threshold=0.81640625000000011 0.17219264805316928 0.29970858991146093 0.37960018217563635 0.29716135561466223 0.22523655742406848 0.037114193663001067 0.69282349944114696 0.33760839700698858 0.37207031250000006 0.99218750000000011 0.10473359748721124 0.99789205193519603 0.32922010123729711 0.2630107998847962 0.30859375000000006 0.96925982832908641 0.25878906250000006 0.21279989928007129 0.93243736028671276 0.93567231297492992 0.089546345174312605 0.26855468750000006 0.30444945394992834 8.1375308036804217 0.043062264099717147 0.52275860309600841 8.2901487350463885 0.11580361425876619 27.940044403076175
decision_type=2 2 2 2 2 2 2 2 2 2 2 2 2 2 2 2 2 2 2 2 2 2 2 2 2 2 2 2 2 2
left_child=1 7 3 17 19 20 -6 8 11 10 -10 12 -1 -13 16 -16 -7 28 -19 -5 21 -4 24 27 25 -9 -22 -2 -3 -25
right_child=23 2 5 4 6 14 -8 22 9 -11 -12 13 -14 -15 15 -17 -18 18 -20 -21 26 -23 -24 29 -26 -27 -28 -29 -30 -31
leaf_value=-0.0020946429595051679 -0.017218105617039008 0.024845900635517278 -0.0047892645670157587 -0.0048725568272253716 0.0077689521243005316 0.0016968314017472917 -0.011913459106665546 -0.003703339034192205 -0.037090957584384548 -0.04882114436098603 0.010771933099441805 0.0077637646278950227 0.018965770095481675 0.040802483740772444 0.0034812850764839275 0.025376874649279575 -0.025924185072059645 0.014940714555629422 -0.040550675685188116 -0.028360914979205249 0.029448425655126519 -0.026255939796165348 -0.029396770371014493 -0.030445750548065694 -0.023018902352788206 0.048085808367978426 -0.01306753125360436 0.033567933968074337 -0.0064572895007210737 -0.0049159272198975252
leaf_weight=219.45341366471257 1.4006217641290271 2.22969156620093 25.948258469579741 22.718858275096864 76.901098756818101 142.14219171332661 40.47009645588696 3.3552189543843296 8.9743402129970473 8.156971753574906 31.146887050475925 182.68192477058619 41.940717694582418 13.808062127791343 98.568246192065999 34.866251433733851 16.660104262758978 2.6440343209542361 22.784148736856878 25.348072256660089 4.7786659284029147 24.486001654528081 12.547753459541125 10.558971991995348 2.6199353686533868 1.6942103859037159 2.4798553001601249 1.5883040023036299 1.360242325114086 2.1045163713861248
leaf_count=2611 113 35 420 399 811 1996 595 156 71 58 299 2003 341 93 1033 465 270 20 212 389 60 499 593 348 135 53 87 12 59 35
internal_value=-1.65207e-05 0.000283335 -0.00225775 -0.00818436 -0.00453423 0.00104107 0.000913716 0.00291633 0.00377034 -0.00955245 -0.00050275 0.00519936 0.00133247 0.0102956 0.00356321 0.0093711 -0.00132624 -0.0280502 -0.0343201 -0.0176458 -0.0115265 -0.0155776 -0.0174935 -0.0194947 0.00277961 0.0182537 0.0147362 0.010667 0.0135087 -0.0270929
internal_weight=1086.42 1070.77 544.386 194.456 165.438 349.93 117.371 526.379 506.162 48.2782 40.1212 457.884 261.394 196.49 292.237 133.434 158.802 29.0181 25.4282 48.0669 57.6928 50.4343 20.2171 15.6524 7.66936 5.04943 7.25852 2.98893 3.58993 12.6635
internal_count=14271 13763 7350 2520 2194 4830 1406 6413 5476 428 370 5048 2952 2096 3764 1498 2266 326 232 788 1066 919 937 508 344 209 147 125 94 383
is_linear=0
shrinkage=0.03


Tree=201
num_leaves=31
num_cat=0
split_feature=36 31 27 34 20 27 20 50 4 16 23 14 27 16 16 16 33 16 5 9 37 39 25 22 47 20 15 9 5 47
split_gain=7.03992 7.77295 7.55063 10.2273 8.6091 7.52943 19.6734 14.1464 16.4848 13.1696 12.1061 9.56203 9.00052 21.7496 15.4038 17.7442 14.6881 12.573 11.9321 8.35728 6.90282 6.73736 5.9583 5.46993 5.41221 4.91527 3.72262 3.57679 3.25089 2.55788
threshold=0.33980445563793188 0.02529873047024012 0.97250095009803783 0.6767486333847047 0.032979747280478484 0.98098060488700878 0.042142869904637344 0.2713999748229981 0.95388606190681469 0.25878906250000006 0.53732785582542431 14.016976356506349 0.97546783089637767 0.33691406250000006 0.32519531250000006 0.31347656250000006 53.877500534057624 0.46191406250000006 0.31288966536521917 0.38147281110286718 0.12840563058853152 0.86500561237335216 0.21706079691648486 0.60499832034111034 0.69625782966613781 0.032330894842743881 0.93095237016677868 0.77293795347213756 0.036101249977946288 0.62848192453384411
decision_type=2 2 2 2 2 2 2 2 2 2 2 2 2 2 2 2 2 2 2 2 2 2 2 2 2 2 2 2 2 2
left_child=1 2 3 4 25 12 7 8 -7 -9 19 -12 14 18 15 -3 -16 -15 -14 -8 26 29 -23 24 27 -1 -4 -2 -6 -22
right_child=23 5 20 -5 28 6 10 9 -10 -11 11 -13 13 17 16 -17 -18 -19 -20 -21 21 22 -24 -25 -26 -27 -28 -29 -30 -31
leaf_value=-0.010796191992802479 0.0048777861279023912 0.0025148410999112367 -0.020041837565819766 0.023750809132986914 0.007223782424108996 0.0090582452147168393 -0.020680026596142341 0.02537026317910332 -0.016444183262456946 -0.028253181900779144 -0.021902535406787344 0.021776993647796894 -0.018929698751270752 0.02613350524664303 -0.012801320064334574 0.021912744787925976 0.00055608797062613928 -0.017573439623327768 0.020992606215793068 0.026405668964426188 -0.025602199316331248 0.026273180844818292 -0.012824401941233731 0.035797687047800494 -0.011234467805275559 0.016934385453095654 0.012883825332838337 0.036572841657826961 -0.028992430772348064 0.0085333169408076878
leaf_weight=27.20887157600373 8.8451205375604385 185.36769846396055 12.542799440678207 5.2935219646897158 1.8702388971578319 46.063288972713053 2.9896733714267603 3.7130479149054727 43.218506297445856 43.607967989286408 12.922137512243355 5.6890463947784147 24.499583614524454 53.877262344467454 95.391309378203005 54.360772817861289 318.32980519370176 5.8585151843726626 8.1816930214408767 30.462441557087004 4.2449182984419194 17.835348929278556 3.5576105921063563 7.1521265697665504 8.6014349977485818 6.2176731857471159 3.1344441673718384 4.671587436925619 32.413841290632263 2.3682207551319152
leaf_count=375 54 2634 206 71 22 485 135 65 610 753 261 56 266 546 866 492 4669 190 77 285 69 144 71 56 63 69 38 42 575 36
internal_value=0.000351184 -5.66481e-05 -0.00732566 -0.013173 -0.016407 0.000854628 -0.00447921 -0.0104545 -0.00329885 -0.0235456 0.0110437 -0.00796804 0.00221202 0.0109258 0.000960244 0.00699872 -0.00253993 0.0215788 -0.00851962 0.0216324 0.00245553 0.0113037 0.019355 0.0146153 0.00638379 -0.00520882 -0.0129011 0.0178035 -0.026783 -0.0134687
internal_weight=1080.49 1051.22 116.687 73.0041 67.7106 934.533 188.666 136.603 89.2818 47.321 52.0633 18.6112 745.867 92.4171 653.45 239.728 413.721 59.7358 32.6813 33.4521 43.6833 28.0061 21.393 29.2703 22.1181 33.4265 15.6772 13.5167 34.2841 6.61314
internal_count=14281 14066 1676 1112 1041 12390 2650 1913 1095 818 737 317 9740 1079 8661 3126 5535 736 343 420 564 320 215 215 159 444 244 96 597 105
is_linear=0
shrinkage=0.03


Tree=202
num_leaves=28
num_cat=0
split_feature=36 46 4 18 49 34 10 28 47 15 50 28 29 25 4 32 36 50 27 46 22 9 22 44 25 47 49
split_gain=6.63819 7.08467 9.91092 11.1995 9.08669 8.78851 8.69883 8.55504 8.26025 8.54541 8.81962 8.16794 8.13567 7.83537 11.7641 7.77855 6.78882 5.60269 6.08998 5.48363 5.12662 5.9006 4.90142 4.67688 3.73343 3.0408 2.89828
threshold=0.33980445563793188 0.99488958716392528 0.84887146949768078 0.56640625000000011 0.98867204785346996 0.33336117863655096 0.62500000000000011 0.98051056265831005 0.8577668070793153 0.67948719859123241 0.38077276945114141 0.93037399649620067 0.99346512556076061 0.1751276031136513 0.93697112798690807 0.038038311526179321 0.23581232130527499 0.26563872396945959 0.95805561542510997 0.99145802855491649 0.60499832034111034 0.78427237272262584 0.52457323670387279 0.03809869475662709 0.19775703549385074 0.69625782966613781 0.6326597034931184
decision_type=2 2 2 2 2 2 2 2 2 2 2 2 2 2 2 2 2 2 2 2 2 2 2 2 2 2 2
left_child=1 2 4 5 17 16 24 8 9 10 -3 -11 -7 15 -15 -10 -4 -1 -19 -8 21 25 -9 -23 -5 -2 -24
right_child=20 7 3 6 -6 12 19 22 13 11 -12 -13 -14 14 -16 -17 -18 18 -20 -21 -22 23 26 -25 -26 -27 -28
leaf_value=0.036076586053681234 0.0044866698138501361 0.008238327992180005 -0.02068094589519506 0.0034841386869581378 -0.019884180036011573 -0.021394615282080639 0.026405833895477474 -0.034758431651278975 -0.0064925168649031199 -0.0034937776830166246 -0.0053491688285433126 0.011443094048045102 -0.0041214261814905909 0.00066916542750869261 -0.021384189270809251 0.0060358465107455943 0.026193323205568338 -0.024525201487069062 0.021361649826135507 0.0018763622354136015 0.033443997959647073 -0.0017454664723212795 -0.020308434944390302 0.040941177907236545 -0.030988519943203674 -0.02255017789808916 0.02062848190626761
leaf_weight=9.9987524608150178 8.7107923519797676 298.12331679824274 3.1328441977966559 4.0772657641209644 5.2679218202829352 70.841808958677575 13.294988254085181 8.4005335541442019 78.885284782154486 201.20044439216144 49.225177726475522 38.329219444189221 38.856557978317142 42.517172642168589 42.946725490852259 99.894231804646552 7.7766726156696677 3.3014231310226005 5.56542709749192 20.323453371413052 7.773050165269523 3.4960985751822573 1.7539370299782593 4.7917894721031189 6.3066620868630707 5.0936228097416452 2.5517376863863319
leaf_count=54 53 3091 50 58 23 780 88 212 1489 1821 987 466 214 1108 1399 1695 53 47 39 138 57 32 108 37 120 34 53
internal_value=0.000179172 -0.000219934 -0.00547162 -0.00812224 0.0120922 -0.0128271 0.00470528 0.000929074 0.00130955 0.00329357 0.00629431 -0.00105349 -0.0153958 -0.00308139 -0.0104974 0.000485737 0.0118745 0.0217236 0.00321836 0.0121462 0.0138938 0.00573489 -0.0225744 0.0243624 -0.0180722 -0.00613622 0.00270254
internal_weight=1082.44 1052.57 188.744 164.61 24.1335 120.608 44.0024 863.828 851.122 586.878 347.348 239.53 109.698 264.243 85.4639 178.78 10.9095 18.8656 8.86685 33.6184 29.8654 22.0923 12.7062 8.28789 10.3839 13.8044 4.30567
internal_count=14306 14093 1664 1501 163 1097 404 12429 12056 6365 4078 2287 994 5691 2507 3184 103 140 86 226 213 156 373 69 178 87 161
is_linear=0
shrinkage=0.03


Tree=203
num_leaves=13
num_cat=0
split_feature=6 23 48 0 41 16 7 14 18 27 1 40
split_gain=6.31228 6.45037 7.80612 6.9097 7.37645 7.26862 4.79473 5.84282 3.75005 1.98608 1.59544 0.898253
threshold=13.226967871189119 0.75899299979209911 0.1283233314752579 4.0657601356506357 0.998783439397812 0.26464843750000006 1.3375934362411501 2.1753629446029668 0.097656250000000014 0.98091068863868724 0.80519592761993419 0.93035742640495311
decision_type=2 2 2 2 2 2 2 2 2 2 2 2
left_child=1 2 11 6 5 -5 7 -4 -8 -6 -3 -1
right_child=-2 10 3 4 9 -7 8 -9 -10 -11 -12 -13
leaf_value=-0.034831518783468733 0.028066379930868537 -0.02709799775832801 -0.017843225151750474 0.007837178029540922 -0.025920721908853181 8.8167951758615196e-05 0.014342766511350578 0.020425700695314863 -0.023334538971034161 0.0081779353732034377 0.013011121911844049 -0.0078255144455769733
leaf_weight=5.203072950593195 6.1738481326028696 8.599544674623754 5.7169217173941416 123.50395580381155 10.551119989249854 878.66758284741081 1.8791398210451031 6.6869192693848163 22.376520772464573 1.1543130888603617 0.29689748026430685 2.6140577520709485
leaf_count=64 147 936 266 1183 278 8575 28 263 2357 47 5 37
internal_value=1.6978e-05 -0.000168596 5.39499e-05 0.000292426 0.000763169 0.00105298 -0.0123216 0.00254846 -0.0198445 -0.021943 -0.0242768 -0.0280527
internal_weight=1073.42 1067.25 1058.35 1050.54 1013.88 1002.17 36.6595 12.4038 24.2557 11.7054 8.89644 7.81713
internal_count=14186 14039 13098 12997 10083 9758 2914 529 2385 325 941 101
is_linear=0
shrinkage=0.03


Tree=204
num_leaves=31
num_cat=0
split_feature=45 0 46 4 49 13 34 34 21 39 39 23 41 6 7 18 45 17 25 28 33 24 32 7 30 39 34 35 30 36
split_gain=6.26806 6.79419 7.418 13.4301 10.6994 9.15518 9.72716 8.51942 19.2319 12.9343 7.15029 6.96665 8.09151 6.65752 5.97422 5.57311 5.53424 5.27284 5.56149 5.01232 4.57276 4.09829 3.8737 3.27131 2.71307 1.99116 1.67633 1.02955 1.69445 0.0459205
threshold=0.027880853042006496 12.988608360290529 0.99488958716392528 0.84468078613281261 1.1863713860511782 32.168743133544929 0.67964559793472301 0.51791679859161388 66.106594085693374 0.98626223206520092 0.98320010304451 0.478098675608635 0.85662519931793224 0.065916445106267943 3.2691127061843877 0.47265625000000006 0.20677752792835238 1.0078125000000002 0.25516405701637274 0.65201973915100109 55.971561431884773 0.28560984134674078 0.035636959597468383 4.5466883182525644 0.41015625000000006 0.94898539781570446 0.57958632707595836 0.5009174942970277 0.24609375000000003 0.23819044977426532
decision_type=2 2 2 2 2 2 2 2 2 2 2 2 2 2 2 2 2 2 2 2 2 2 2 2 2 2 2 2 2 2
left_child=19 2 3 14 16 6 10 9 -9 -7 -4 -3 17 -6 -2 -8 -5 18 -13 21 -16 26 29 -24 27 -26 -1 -21 -29 -14
right_child=1 11 5 4 13 7 15 8 -10 -11 -12 12 22 -15 20 -17 -18 -19 -20 24 -22 -23 23 -25 25 -27 -28 28 -30 -31
leaf_value=-0.024525662927871696 -0.005131614343818717 0.021522073915910628 -0.0027331869275937556 -0.014541846319737026 0.022626892060026084 0.0055486774183928561 -0.0006318065985716644 -0.0026064296418940158 0.023462227702279674 0.026474259171974358 -0.023349619411564444 -0.030228664183596037 -0.0010203474924475812 -0.0025086198589985256 0.039909888763148382 0.044349093340456232 0.00073199356557385328 0.021656220481233366 0.0069848486536256962 -0.035108658720247161 0.0053204669885060915 0.022294167725052171 -0.012175485067421773 0.027448369357930748 0.021105484274772289 -0.015474201060075802 0.0071439313227007872 -0.025332363910429246 0.0018363153154189299 -0.020786114431406245
leaf_weight=3.1195986350066978 6.8239159709773984 4.4819882321171454 180.77933315897826 100.33114733709954 13.527604317292569 322.28581611183472 3.9856375029776228 236.96792635996826 27.520868678111583 28.229953733272851 15.647692794329485 25.163697377312936 0.5666398117318735 26.336331652477384 9.0469261258840543 4.939546066801995 26.464981920085847 1.5028883249033231 3.6608785125426939 8.1314424667507428 6.0939489640295497 4.5314341525081545 1.7775518395937977 6.0738055794499815 1.4874118729494505 1.8799880592850966 1.6044830251485107 4.0306922944728276 2.9649270665831864 2.1270363226067275
leaf_count=70 38 56 5255 883 77 2596 140 1850 246 187 563 986 25 150 61 75 235 22 247 56 35 40 75 70 21 40 20 42 48 104
internal_value=0.000288259 0.000667218 0.00118472 -0.00415945 -0.00709948 0.00242072 -0.00304475 0.00425251 0.000172951 0.00731304 -0.00450067 -0.0105578 -0.0145773 0.00629254 0.0173555 0.0259203 -0.0113496 -0.0222851 -0.025326 -0.013528 0.0273662 0.00398703 0.00734073 0.0177765 -0.0222021 0.00112939 -0.0138764 -0.0273299 -0.0146528 -0.0188423
internal_weight=1082.09 1054.34 1008.98 188.625 166.66 820.357 205.352 615.005 264.489 350.516 196.427 45.3545 40.8725 39.8639 21.9648 8.92518 126.796 30.3275 28.8246 27.75 15.1409 9.25552 10.545 7.85136 18.4945 3.3674 4.72408 15.1271 6.99562 2.69368
internal_count=14313 13976 12391 1479 1345 10912 6033 4879 2096 2783 5818 1585 1529 227 134 215 1118 1255 1233 337 96 130 274 145 207 61 90 146 90 129
is_linear=0
shrinkage=0.03


Tree=205
num_leaves=31
num_cat=0
split_feature=0 20 44 41 20 5 27 27 16 29 29 5 28 5 27 42 34 6 24 29 41 23 29 22 24 28 20 4 39 14
split_gain=6.58478 12.0922 12.7914 11.822 11.7981 15.1828 14.7681 15.877 16.6223 14.043 13.2277 15.0384 12.5619 11.5086 10.4189 10.3654 8.46231 10.0152 11.7299 8.74189 8.34423 8.18014 7.44545 7.40669 6.79082 6.81362 6.63668 6.06558 5.73061 5.41649
threshold=6.4215145111083993 0.046681514009833343 0.038711288943886764 0.76694464683532726 0.042068898677825935 0.17424328625202182 0.98021599650383007 0.9721493422985078 0.32519531250000006 0.94424858689308178 0.94955009222030651 0.10810617730021478 0.98051056265831005 0.49760779738426214 0.98403856158256542 0.28629976511001592 0.57687106728553783 0.16167277097702029 0.28229622542858129 0.97463333606719982 0.69949829578399669 0.4066628515720368 0.99943783879280101 0.71548932790756237 0.20475094765424731 0.58338117599487316 0.046475436538457877 0.90012124180793773 0.85437244176864635 2.4522484540939335
decision_type=2 2 2 2 2 2 2 2 2 2 2 2 2 2 2 2 2 2 2 2 2 2 2 2 2 2 2 2 2 2
left_child=16 4 3 -3 6 12 7 8 -2 -9 14 -12 15 26 -8 -6 17 22 -19 -18 -15 -5 23 27 -21 29 -7 -1 -27 -26
right_child=1 2 -4 21 5 13 10 9 -10 -11 11 -13 -14 20 -16 -17 19 18 -20 24 -22 -23 -24 -25 25 28 -28 -29 -30 -31
leaf_value=-0.0030048749062384049 0.0082784188466492117 0.028774737329615614 -0.02865648916701162 0.025295745554825083 -0.0074407338261467584 -0.026288745185161826 0.031901720173529387 -0.023361601825001306 -0.0041324200614108872 0.018918443869347344 -0.026089364985845409 -0.0042113256502018586 -0.021707239412785961 -0.02348299036568912 -0.0044992943287409373 0.029025495206338528 -0.016344869059224439 -0.013013372691783076 0.0321280121760978 -0.026263149930590753 0.016955624742822521 -0.023443979888775716 0.0092580382300136328 0.018046316305037401 -0.024802922941444944 -0.009523945450063645 0.019130758120713676 -0.016221337797493601 0.022999525733129047 0.013148229725675755
leaf_weight=44.166833030991256 158.2801174458582 8.4745240197516996 23.307698400923982 3.0454900432378045 7.5211636018939307 16.456267127534378 11.39544263109565 6.8843728748615822 247.73553555831313 75.321305089630187 41.485245119780302 87.348872361704707 5.0104851773940018 4.6129810013808337 15.729231992037965 52.237590240081772 12.952877381118013 8.2831513736164215 10.934253443498163 3.3111653616651884 24.982179476413876 12.936771490611134 16.549527647672221 6.4747271654196075 5.9725872310809773 4.9331440567038944 2.6408304818905881 116.07001878658775 35.196005396195687 5.5859539767261595
leaf_count=1004 1746 83 264 18 91 209 132 325 2020 449 225 560 54 45 591 356 591 327 229 127 167 150 241 129 89 114 34 3270 586 52
internal_value=-0.000116843 0.00124081 -0.0132339 0.00189447 0.00217354 0.0110505 0.000590663 0.00316298 0.000706872 0.0151034 -0.00741158 -0.011426 0.020456 -0.00155994 0.0112772 0.0243396 -0.00416097 -0.00723304 0.0128413 0.00492162 0.0099929 -0.0130371 -0.00941266 -0.0113281 0.0101861 0.0130322 -0.0192193 -0.0126383 0.0187941 -0.00663667
internal_weight=1075.84 805.406 47.7645 24.4568 757.642 113.461 644.18 488.221 406.016 82.2057 155.959 128.834 64.7692 48.6923 27.1247 59.7588 270.43 202.479 19.2174 67.9517 29.5952 15.9823 183.261 166.712 54.9989 51.6877 19.0971 160.237 40.1291 11.5585
internal_count=14278 7519 515 251 7004 956 6048 4540 3766 774 1508 785 501 455 723 447 6759 5200 556 1559 212 168 4644 4403 968 841 243 4274 700 141
is_linear=0
shrinkage=0.03


Tree=206
num_leaves=21
num_cat=0
split_feature=6 6 15 4 24 33 9 40 9 14 27 10 32 21 2 16 35 40 6 20
split_gain=6.81578 7.0984 6.54147 14.1275 12.687 11.4586 9.79799 9.15042 8.75664 8.1167 15.0723 10.171 8.10268 5.80154 9.48114 5.50935 3.12935 1.5557 1.54935 0.290522
threshold=13.226967871189119 0.18542132526636126 0.67948719859123241 0.85529214143753063 0.24726380407810214 55.971561431884773 0.52608191967010509 0.5128004550933839 0.11311697214841844 5.0657274723052987 0.98146924376487743 0.62500000000000011 0.036492394283413894 44.093290328979499 0.45312500000000006 0.21777343750000003 0.45083546638488775 0.50759941339492809 0.19253825396299365 0.048544108867645271
decision_type=2 2 2 2 2 2 2 2 2 2 2 2 2 2 2 2 2 2 2 2
left_child=1 2 7 4 6 -6 -4 13 16 11 -11 -9 -10 15 -15 -1 -5 18 -3 -19
right_child=-2 17 3 8 5 -7 -8 9 12 10 -12 -13 -14 14 -16 -17 -18 19 -20 -21
leaf_value=-0.01639172118396438 0.028352854548828792 0.017412834939245246 -0.037938519175280884 -0.010300448939904592 0.029809569697840876 -0.00065732894887667839 0.0083408184943050533 0.0095790740770459112 -0.013322174240207782 0.01258235125067275 -0.0064595499609774393 -0.0024379239675507013 -0.0032259776647683221 0.0033962018990126878 -0.025568867503418826 0.0054155871632585294 0.028935864553451356 -0.028956258186397694 -0.017766321793760684 -0.0015214328747608444
leaf_weight=13.020380451343952 6.430921501480042 1.1910421242937439 6.593650870025157 1.6300566298887114 27.478498112177476 17.836715224664658 8.1937324274331313 81.986913161817938 101.67538875795435 152.50991961557884 48.541244902415201 267.13955003907904 243.25413094006944 15.485354655189438 26.654819060349837 39.64744401932694 7.8624389902688563 8.833320483565327 1.3129790537059305 0.72157569637056518
leaf_count=365 151 34 45 63 226 106 62 1092 1123 1480 487 4413 2549 325 620 564 136 376 55 37
internal_value=-0.000273402 -0.000474271 -0.000200274 -0.00313898 0.0101819 0.0179973 -0.013201 0.00168569 -0.00542866 0.00317454 0.00796086 0.000394811 -0.00624063 -0.00686585 -0.0150235 -0.000124626 0.0215727 -0.0224595 0 -0.0275091
internal_weight=1078 1071.57 1059.51 414.525 60.1026 45.3152 14.7874 644.986 354.422 550.178 201.051 349.126 344.93 94.808 42.1402 52.6678 9.4925 12.0589 2.50402 9.5549
internal_count=14309 14158 13656 4310 439 332 107 9346 3871 7472 1967 5505 3672 1874 945 929 199 502 89 413
is_linear=0
shrinkage=0.03


Tree=207
num_leaves=29
num_cat=0
split_feature=1 20 28 4 4 27 25 19 40 16 4 4 36 49 41 18 20 27 32 5 16 27 1 9 42 5 14 32
split_gain=7.03732 8.09334 9.387 10.632 9.34959 13.5373 13.8789 20.5926 12.6741 14.2554 12.1059 14.3786 12.7863 9.99699 9.61476 8.90734 7.86455 7.84291 7.65152 6.20049 4.58454 3.08822 3.00758 1.91994 1.68551 1.48648 1.13347 0.161743
threshold=0.83616966009140026 0.029439321719110016 0.85872095823287975 0.82151567935943615 0.98343965411186229 0.98738473653793346 0.17202047258615497 0.048413086682558067 0.63732847571372997 0.30371093750000006 0.94211879372596752 0.93774113059043895 0.31174491345882421 0.17097038030624392 0.85040917992591869 0.082031250000000014 0.036645827814936645 0.97377124428749096 0.045612404122948653 0.41228419542312628 0.47363281250000006 0.95342469215393078 0.75809228420257579 0.2669238150119782 0.74527630209922802 0.1443305239081383 20.130750656127933 0.035067504271864898
decision_type=2 2 2 2 2 2 2 2 2 2 2 2 2 2 2 2 2 2 2 2 2 2 2 2 2 2 2 2
left_child=1 2 3 22 10 8 7 -7 13 -10 11 15 -13 -6 16 -3 -12 27 23 24 -8 -16 26 -5 -2 -20 -1 -4
right_child=19 4 17 18 5 6 20 -9 9 -11 14 12 -14 -15 21 -17 -18 -19 25 -21 -22 -23 -24 -25 -26 -27 -28 -29
leaf_value=-0.023370822542021108 0.01371081312890555 -0.029488670976017421 -0.0015803303235310477 -0.01568750707689728 0.011284139048533544 -0.031280305140800213 -0.037477076742864698 0.03207550030156614 0.021145064034751866 -0.00040360322611615774 0.0049011714049120355 -0.024815306462729874 0.024568649797951151 -0.015296391349371635 -0.021102626509285044 0.0033381978977933039 0.032031386322165657 0.039587430168123557 0.024219629659347115 -0.007170124601078888 -0.0051698291677017404 0.0058320784569142687 0.027732518581271553 -0.034698781035526809 0.038935563405523524 -0.0049868313965171192 0.0063650022059097743 -0.020569930278002743
leaf_weight=1.1141349149402224 6.6396710667759198 6.5555562404915682 1.1066898466087871 10.476540584815668 14.341176484012975 7.5620932534802732 21.574692614376549 9.0108386806678009 29.473331670276821 293.38998536602594 15.483531326986848 28.81895071733743 4.7154252405744037 76.692656070692465 5.5288797373650587 449.67629594786558 27.798840008443221 4.4325301386415958 2.1560993634629986 5.7376609751954666 5.4922370270360252 8.2453776088077557 4.3875807542353868 20.846099274116568 6.617360208183527 2.2981143090873957 1.600591398309916 1.8907544498797504
leaf_count=47 43 80 26 209 391 62 317 92 376 3425 118 409 34 911 135 6320 207 26 19 36 151 202 31 474 33 44 21 55
internal_value=2.15708e-05 -0.000309606 -0.0119327 -0.017355 0.000280909 -0.00287672 -0.018578 0.00286109 -0.00117321 0.00161347 0.00292886 0.00138375 -0.017274 -0.0109993 0.0158879 0.00279649 0.0227236 0.0173509 -0.0239574 0.0176558 -0.0314462 -0.00547281 0.0143854 -0.0291149 0.0283602 0.0104492 -0.00803728 -0.0164585
internal_weight=1073.66 1054.67 50.3091 42.8792 1004.36 457.537 43.6399 16.5729 413.897 322.863 546.823 489.766 33.5344 91.0338 57.0566 456.232 43.2824 7.42997 35.7769 18.9947 27.0669 13.7743 7.10231 31.3226 13.257 4.45421 2.71473 2.99744
internal_count=14294 14182 952 845 13230 5725 622 154 5103 3801 7505 6843 443 1302 662 6400 325 107 746 112 468 337 99 683 76 63 68 81
is_linear=0
shrinkage=0.03


Tree=208
num_leaves=24
num_cat=0
split_feature=22 25 22 35 4 2 0 45 23 21 23 22 32 28 30 5 25 16 13 35 27 50 33
split_gain=7.20386 10.206 9.56127 7.23011 10.4897 10.8926 12.6498 7.27626 7.22502 14.6819 10.6024 7.17187 6.22068 3.7768 3.71432 3.5894 3.26251 3.23895 2.82309 2.48144 2.23085 4.06293 2.13596
threshold=0.74755322933197033 0.20305141061544421 0.72920152544975292 0.74241924285888683 0.92826327681541454 0.45312500000000006 8.5715889930725115 0.027880853042006496 0.62015998363494884 55.571210861206062 0.59471601247787487 0.708166003227234 0.039449261501431472 0.65201973915100109 0.41015625000000006 0.39066232740879064 0.091429207473993315 0.32714843750000006 44.415414810180671 0.53576689958572399 0.82920265197753917 0.41455611586570745 60.673334121704109
decision_type=2 2 2 2 2 2 2 2 2 2 2 2 2 2 2 2 2 2 2 2 2 2 2
left_child=2 17 3 7 5 6 -5 13 10 -10 -9 16 -7 15 -15 -1 -6 20 -3 -19 21 -2 -4
right_child=1 18 22 4 11 12 -8 8 9 -11 -12 -13 -14 14 -16 -17 -18 19 -20 -21 -22 -23 -24
leaf_value=0.014840000611408328 0.032202819025037667 -0.025631611371077837 -0.039048799210115788 0.035407228381600861 0.018151048558880414 -0.020094389060457758 -0.0095440245066448007 0.00078167095432718308 0.013369854050385169 -0.0081136639850207561 -0.012704960034205759 0.016722645289450805 0.0044236337175100693 -0.027725200351335053 0.0038452348565231743 -0.020807259199061987 -0.026978679058994634 0.019460868790938855 0.0064738343534239406 -0.017448673425901444 0.036858867769449216 -0.0087813287482827167 -0.0073631240238558196
leaf_weight=5.8481588694266993 3.3094424931332567 5.1001603901386243 5.9311950616538507 12.074466817080976 0.76574160438030858 21.691813035868108 9.1501982107292843 716.89871534379199 98.717179590254091 39.196778080658987 55.589921025093645 3.3306241631507865 14.992781306500545 15.401113847736271 3.7332751817302769 3.029305403586477 31.23768575291615 2.2102596890181294 3.374184753280133 2.3427584699820727 11.807916987454517 3.5614607729949057 3.7799639250151813
leaf_count=62 28 75 81 267 19 922 110 7354 1537 1072 779 20 413 139 71 38 1035 22 38 40 87 41 49
internal_value=-0.000195385 0.0136645 -0.000632955 -0.000336919 -0.00825985 -0.000274575 0.0163358 0.000455085 0.000928513 0.00722793 -0.000200148 -0.0208967 -0.0101429 -0.0143299 -0.0215315 0.00149713 -0.0252907 0.0237272 -0.0131977 0.000206688 0.0290061 0.0121613 -0.0288344
internal_weight=1073.08 31.7062 1041.37 1031.66 93.2433 57.9093 21.2247 938.414 910.403 137.914 772.489 35.3341 36.6846 28.0119 19.1344 8.87746 32.0034 23.2318 8.47435 4.55302 18.6788 6.8709 9.71116
internal_count=14299 331 13968 13838 2786 1712 377 11052 10742 2609 8133 1074 1335 310 210 100 1054 218 113 62 156 69 130
is_linear=0
shrinkage=0.03


Tree=209
num_leaves=31
num_cat=0
split_feature=22 33 39 20 4 17 20 25 23 41 20 22 16 21 5 44 23 29 31 14 34 13 32 36 34 1 44 20 27 48
split_gain=6.36879 6.67537 6.30517 8.19213 9.74833 7.52057 15.9315 11.2542 11.1941 11.1626 9.78754 6.83242 5.23302 8.76241 8.54418 6.41126 12.7911 5.15183 5.37293 5.31307 5.02397 5.15073 4.8473 4.78763 5.23241 4.55996 4.38443 4.27719 3.66747 2.90973
threshold=0.75322845578193676 42.694637298583991 0.85437244176864635 0.029788195155560974 0.89141723513603222 1.0078125000000002 0.032440342009067542 0.076707158237695708 0.49889841675758367 0.9984978735446931 0.03307605721056462 0.31750334799289709 0.40136718750000006 59.176961898803718 0.1443305239081383 0.07435046881437303 0.45507963001728063 0.99145829677581798 0.058255415409803397 8.2901487350463885 0.47550165653228765 31.716367721557621 0.048795023933053024 0.25911220908164984 0.59171319007873546 0.72311377525329601 0.18983269482851031 0.045509399846196182 0.89041414856910717 0.4543979167938233
decision_type=2 2 2 2 2 2 2 2 2 2 2 2 2 2 2 2 2 2 2 2 2 2 2 2 2 2 2 2 2 2
left_child=2 -2 12 4 20 7 8 -5 -7 -8 -9 -6 15 14 -14 16 -1 18 -15 -19 26 -22 -13 24 -3 29 -4 -18 -27 -17
right_child=1 23 3 5 11 6 9 10 -10 -11 -12 22 13 17 -16 25 27 19 -20 -21 21 -23 -24 -25 -26 28 -28 -29 -30 -31
leaf_value=0.028415953470326705 -0.018085681225624265 0.020087970065437218 -0.021536747061256137 -0.039128495626309004 0.015198078195661716 0.017291049977826489 0.029317706915430879 0.0078402895485291061 -0.02880031915286976 -0.021720722417950835 -0.00068083003701041968 -0.031110631135609031 0.033418941503273673 -0.027986436005200968 -0.01210584629278322 -0.029174537539347241 -0.0140167724445161 -0.01480877503082751 0.020089988965434971 0.027451397191985697 -0.021320516430409255 0.022021049184071599 0.013776300815374603 0.031949359810287223 -0.023506342596644855 -0.023533744693075245 0.019245982531618761 0.018729243067749164 0.0085994335934740252 -0.006639889710820383
leaf_weight=8.6723218145780248 3.8145141163840917 5.1314146243967134 8.461233638692649 5.3748962150420985 3.1164944465272155 7.0023417379707125 31.694346216972917 147.56618953880388 10.768902138574047 3.5730341710150233 658.59791200584732 23.627695472678173 10.695655150455421 11.449034001212569 4.6932544682640573 24.51091575413011 31.11664120934438 4.1142767064739001 1.6920634224079538 4.6492510200478137 2.1356790566351256 12.012437868863342 1.7192138982936729 13.053340181009842 3.1455673861782998 3.829078078037127 2.2344011943787327 3.0961327715776852 8.3851759005337936 7.8154810369014731
leaf_count=94 43 72 154 79 31 56 308 1931 129 56 8568 473 95 233 66 344 660 72 60 25 104 110 15 116 47 29 17 37 76 131
internal_value=8.53078e-05 0.014712 -0.000278333 0.000581053 -0.0107165 0.00129267 0.0121323 0.000566481 -0.0105256 0.0236078 0.000883002 -0.0224061 -0.00658125 0.00271476 0.0194604 -0.0105665 -0.00211019 -0.00925476 -0.020601 0.00781927 0.00290895 0.014305 -0.0275449 0.0212588 0.00244913 -0.0184174 -0.0118433 -0.0105204 -0.00226567 -0.0241791
internal_weight=1067.75 25.1448 1042.6 917.885 53.3072 864.578 53.0386 811.539 17.7712 35.2674 806.164 28.4634 124.719 37.2935 15.3889 87.4257 42.8851 21.9046 13.1411 8.76353 24.8438 14.1481 25.3469 21.3303 8.27698 44.5407 10.6956 34.2128 12.2143 32.3264
internal_count=14231 278 13953 12031 904 11127 549 10578 185 364 10499 519 1922 551 161 1371 791 390 293 97 385 214 488 235 119 580 171 697 105 475
is_linear=0
shrinkage=0.03


Tree=210
num_leaves=28
num_cat=0
split_feature=1 20 20 23 4 28 22 16 29 24 27 13 15 20 4 5 24 41 32 5 15 48 32 31 42 29 1
split_gain=6.25549 8.37219 9.38252 19.1168 9.29436 8.59767 7.64594 10.8625 7.52697 12.0911 7.3046 6.54647 14.2567 11.469 11.0202 10.4366 13.5439 8.52083 6.36725 5.48758 5.0118 3.69009 2.27269 2.21776 1.97991 1.33491 0.280561
threshold=0.83616966009140026 0.029439321719110016 0.031099994666874412 0.49481059610843664 0.82151567935943615 0.85872095823287975 0.42989669740200048 0.33300781250000006 0.9640149474143983 0.22840946912765506 0.97377124428749096 37.406698226928718 0.48333333432674414 0.033131130039691932 0.86562457680702221 0.1236931160092354 0.22840946912765506 0.82868278026580822 0.044481433928012855 0.41228419542312628 0.29670330882072454 0.14293828606605533 0.032123180106282241 0.025933283381164077 0.68642085790634166 0.99789205193519603 0.76698359847068798
decision_type=2 2 2 2 2 2 2 2 2 2 2 2 2 2 2 2 2 2 2 2 2 2 2 2 2 2 2
left_child=1 4 3 6 23 18 7 -3 22 -10 -7 15 13 -13 -14 17 -17 -4 21 24 -8 -6 -5 -1 -2 -20 -25
right_child=19 2 11 8 5 10 20 -9 9 -11 -12 12 14 -15 -16 16 -18 -19 25 -21 -22 -23 -24 26 -26 -27 -28
leaf_value=-0.0077710121015028546 0.00961238121432062 0.033867780461149917 0.0069952452236860521 0.0035333707036857022 0.0097300576089003523 -0.02252214744977879 0.0084897932640070686 -0.018442029052517222 -0.021743171705747442 0.017832643384996228 0.034340922856209301 0.029066828621641509 0.012656507612697583 0.0057686481802286561 -0.0038629318494488715 0.0043090662546203381 -0.011613620269001661 -0.0059644417997776191 -0.0079897815603817736 -0.0059552671977342016 0.041065307880896754 -0.031849231583019583 -0.033698463910781504 0.0090462838300905471 0.036416101179879007 0.018017066633889519 0.03222137263617527
leaf_weight=1.7381993914023031 5.3320072311908024 5.3688647225499135 115.9507116265595 1.4010984596097822 1.5065598888322735 2.4972679805941871 6.4390505449846414 7.1258537443354726 10.244994189823048 17.142410855740309 3.9652913874015212 21.389142509084195 40.461524123791605 137.18278904189356 291.68243702955078 64.475537229678594 180.53246150363702 73.777954902732745 2.5000508131925008 6.0823720414191476 19.657964525744319 27.539869952714071 7.4544572976883501 2.2250813157297671 7.5558354910463095 2.585440618917346 3.0703399088233709
leaf_count=35 33 31 762 85 19 77 65 63 113 207 24 173 329 1532 2982 1124 3452 1977 62 38 136 629 200 47 41 20 21
internal_value=-9.17052e-05 -0.000411081 0.000176738 0.0103242 -0.0125679 -0.0181082 0.0247608 0.00465679 -0.00521959 0.00267814 0.0118923 -0.000650833 0.00171858 0.00909251 -0.00180959 -0.00333004 -0.00741078 0.00193516 -0.0240508 0.0165375 0.0337484 -0.0293407 -0.0277426 0.0173083 0.0270334 0.005527 0.0259438
internal_weight=1066.89 1047.92 1000.29 74.8347 47.6281 40.5945 38.5917 12.4947 36.243 27.3874 6.46256 925.453 490.716 158.572 332.144 434.737 245.008 189.729 34.1319 18.9702 26.097 29.0464 8.85556 7.03362 12.8878 5.08549 5.29542
internal_count=14277 14165 13231 900 934 831 295 94 605 320 101 12331 5016 1705 3311 7315 4576 2739 730 112 201 648 285 103 74 82 68
is_linear=0
shrinkage=0.03


Tree=211
num_leaves=31
num_cat=0
split_feature=24 23 16 28 1 44 36 32 13 19 5 16 20 34 23 5 23 16 16 28 29 28 26 41 12 16 13 38 50 18
split_gain=5.97088 15.5271 15.3376 21.1079 16.7253 12.452 11.9022 11.4414 10.027 8.48801 14.997 16.1989 14.0562 25.6486 14.9851 14.9258 19.7907 17.5117 16.0333 13.448 13.107 12.7275 11.5146 10.9243 11.3787 10.1707 14.0495 9.60468 7.80156 8.01585
threshold=0.25464542210102087 0.51494875550270092 0.40136718750000006 0.93037399649620067 0.80519592761993419 0.30901856720447546 0.21740861982107165 0.069246191531419768 50.512226104736335 0.071980044245719924 0.20138878375291827 0.45996093750000006 0.037473320960998542 0.48211218416690832 0.4197081476449967 0.10314660146832468 0.4358320832252503 0.41308593750000006 0.31933593750000006 0.86350297927856456 0.95795142650604259 0.70543062686920177 0.84375000000000011 0.83605870604515087 1.2674345970153811 0.33300781250000006 36.94648742675782 0.71875000000000011 0.10338423401117326 0.30859375000000006
decision_type=2 2 2 2 2 2 2 2 2 2 2 2 2 2 2 2 2 2 2 2 2 2 2 2 2 2 2 2 2 2
left_child=1 2 6 4 8 -5 -1 28 -4 12 11 23 15 14 -14 16 -2 19 -18 -17 -13 -12 -22 24 -11 26 -15 -16 29 -3
right_child=9 7 3 5 -6 -7 -8 -9 -10 10 21 20 13 25 27 17 18 -19 -20 -21 22 -23 -24 -25 -26 -27 -28 -29 -30 -31
leaf_value=-0.014910869082572935 0.019509242724222324 0.026466070982062266 -0.03388661800586483 0.033720290704027454 0.026675008762387584 -0.019668569283100824 0.011725124632796215 0.04213581759938935 0.013559670944292517 0.0010169897150220438 0.026624782583268582 -0.031514959355730059 -0.026973109819326872 -0.026796529554588378 0.0046734088152783869 0.0067070019054396033 0.00056201545659192293 0.037122372801611452 -0.029439951063542899 -0.012744447982109216 -0.022128499085332043 -0.023547271739851806 0.010959324424717764 -0.0040355701293522924 0.022845817702103657 -0.031653819178045488 0.008111175287628284 0.034853610118699314 -0.014061975328541717 -0.014258414746977855
leaf_weight=16.425660859327763 16.614630544092506 8.4211397827602905 32.659510627388954 11.679759846534582 4.8349024588242164 4.8433350021950892 113.51687988650519 2.6620996473357073 3.9116939306259146 28.127969352412038 4.7026529507711556 11.380349811399354 9.5759232765994948 19.600221164990216 39.729904628358781 227.35320359107573 28.068159725400619 14.248672836110925 35.681548053049482 36.170965239638463 11.491187271429224 22.655604642583057 37.941426246776246 23.624811309622601 95.748318104306236 36.191191578400321 20.009340811986476 11.780899687204508 130.43117020628415 7.1096831988543263
leaf_count=208 134 71 521 180 30 34 940 32 41 266 66 394 86 334 473 2583 311 214 554 450 197 555 520 812 838 349 239 94 2594 152
internal_value=0.000106938 -0.00319115 0.00252641 -0.010177 -0.0215148 0.0176701 0.00824707 -0.0104072 -0.028506 0.00163214 0.00630637 0.00906645 -0.000595362 -0.00874122 0.00564601 0.00252547 -0.00877434 0.0058252 -0.0163795 0.0039877 -0.00387954 -0.0141826 0.00292193 0.0144143 0.0179611 -0.0202973 -0.00932303 0.0121653 -0.0116661 0.00790701
internal_weight=1067.19 336.496 187.872 57.9292 41.4061 16.5231 129.943 148.624 36.5712 730.697 235.672 208.314 495.025 136.887 61.0867 358.137 80.3643 277.773 63.7497 263.524 60.813 27.3583 49.4326 147.501 123.876 75.8008 39.6096 51.5108 145.962 15.5308
internal_count=14272 4803 1954 806 592 214 1148 2849 562 9469 3648 3027 5821 1575 653 4246 999 3247 865 3033 1111 621 717 1916 1104 922 573 567 2817 223
is_linear=0
shrinkage=0.03


Tree=212
num_leaves=31
num_cat=0
split_feature=36 45 18 18 24 49 39 18 39 16 25 18 30 24 41 32 9 20 24 6 5 29 19 0 15 35 9 3 47 45
split_gain=6.41476 6.60035 6.37968 10.2401 13.6476 8.67016 8.212 7.6883 6.62272 6.13977 5.8706 5.8589 4.46025 3.66831 3.29333 3.10594 2.66299 2.57825 3.68369 2.12666 1.76422 1.69288 1.61799 2.1115 1.57823 1.52641 1.39889 1.11109 1.01427 0.654896
threshold=0.1804212108254433 0.027880853042006496 0.72265625000000011 0.67578125000000011 0.30983379483222967 0.79417544603347789 0.99311453104019176 0.64453125000000011 0.91570788621902477 0.32519531250000006 0.19810494035482409 0.81640625000000011 0.41015625000000006 0.29847328364849096 0.62795311212539684 0.037978136911988265 1.4269745349884035 0.042068898677825935 0.28229622542858129 0.044794391840696342 0.075736049562692656 0.99459925293922435 0.027250529266893867 5.0548510551452646 0.29670330882072454 0.35363744199275976 0.77293795347213756 0.42949590086936956 0.56607434153556835 0.054325783625245101
decision_type=2 2 2 2 2 2 2 2 2 2 2 2 2 2 2 2 2 2 2 2 2 2 2 2 2 2 2 2 2 2
left_child=17 9 3 6 10 13 7 -3 11 15 -5 -7 20 19 -10 21 -8 22 28 -4 -11 -2 -1 27 -14 -25 -15 -24 -19 -27
right_child=1 2 5 4 -6 8 16 -9 14 12 -12 -13 24 26 -16 -17 -18 18 -20 -21 -22 -23 23 25 -26 29 -28 -29 -30 -31
leaf_value=0.0016913477872427525 -0.022308592471115399 0.0011804615253845944 0.005042015675114698 -0.00065019707664098906 -0.023433081637324531 0.02535524024650913 0.0049993433966883235 -0.018311478782393253 -0.027356465354404922 -0.006034017196516161 0.033195691316222464 -0.017402652094933451 0.019222212304697568 -0.014642631817040482 0.0019562125759328311 0.024717299753469302 0.040543886256906525 -0.02671977724687678 0.016982685670656462 -0.031903094997867483 -0.035291873853573935 0.0083188587588219846 -0.014093820374416959 0.00050601792257656862 -0.012312365108673453 -0.0014419379406511118 0.017528488778691426 0.016782197914350126 0 -0.032989111836839766
leaf_weight=2.238401417154825 2.4400663236156124 899.89604683069047 1.1050196785945505 5.5234473763266605 5.1076168951112768 10.915010844357314 3.4920283120591176 17.576740927412175 6.2147451548371446 3.0336363276001093 21.711949361255392 2.9378088400699189 2.0196982763009141 1.0612885946175077 6.0333962463773787 3.6399760199710727 5.1984392195008695 2.7278240753803384 4.4432305227965117 15.870950429351067 11.551500259665771 2.1424113251268864 0.98024475201964323 1.3028883670922358 1.6862698635086415 0.93359450390562315 1.9274901165626941 1.1927193799056111 2.1262486944906414 10.900885509327052
leaf_count=39 55 11465 43 81 69 85 42 342 81 30 182 55 40 65 60 45 34 36 53 696 102 15 73 23 35 17 33 28 37 258
internal_value=0.000356291 0.000742069 0.00114077 0.00167133 0.0180121 -0.00963593 0.00107864 0.000784243 0.00173309 -0.0137477 0.0264454 0.0155243 -0.0230849 -0.024016 -0.0136329 0.0069489 0.0285606 -0.0138472 -0.000556966 -0.0291846 -0.0301765 -0.008527 -0.0203171 -0.0236251 0.00466874 -0.0278851 0.0045457 0.00185613 -0.017283 -0.0310404
internal_weight=1057.93 1031.09 1004.57 958.506 32.343 46.0657 926.163 917.473 26.101 26.5136 27.2354 13.8528 18.2911 19.9647 12.2481 8.22245 8.69047 26.846 9.2973 16.976 14.5851 4.58248 17.5487 15.3103 3.70597 13.1374 2.98878 2.17296 4.85407 11.8345
internal_count=14219 13655 13333 12215 332 1118 11883 11807 281 322 263 140 207 837 141 115 76 564 126 739 132 70 438 399 75 298 98 101 73 275
is_linear=0
shrinkage=0.03


Tree=213
num_leaves=31
num_cat=0
split_feature=41 29 49 49 5 18 21 6 25 27 48 45 27 27 27 14 29 37 7 15 0 24 43 36 48 24 33 22 49 30
split_gain=7.5311 8.16126 6.19392 7.95155 14.0841 11.2542 9.97783 10.5107 10.4294 7.51906 7.36713 10.9907 7.34725 15.2566 9.45545 5.13779 4.91709 2.51381 2.45333 2.38532 3.83605 2.3793 2.79184 1.86558 1.52405 1.66856 1.51554 1.95193 1.46271 0.791149
threshold=0.99650353193283092 0.99943783879280101 1.403120279312134 0.85185348987579357 0.1236931160092354 0.73046875000000011 57.188398361206062 0.13786415755748752 0.1497621834278107 0.94958811998367321 0.38585576415061956 0.25326219201087957 0.98760354518890392 0.98835703730583202 0.98695021867752086 4.8203964233398446 0.97296544909477245 0.16150017082691195 3.804628968238831 0.86190477013587963 3.2451562881469731 0.32345707714557653 0.72756662964820873 0.25779230892658239 0.60229605436325084 0.29368667304515844 42.694637298583991 0.52885976433753978 0.056914629414677627 0.16015625000000003
decision_type=2 2 2 2 2 2 2 2 2 2 2 2 2 2 2 2 2 2 2 2 2 2 2 2 2 2 2 2 2 2
left_child=2 19 3 5 10 12 8 -8 -6 -4 11 -5 14 -14 -1 -11 -12 -3 -17 21 -21 26 -23 -24 25 -7 27 -2 -22 -28
right_child=1 17 9 4 6 24 7 -9 -10 15 16 -13 13 -15 -16 18 -18 -19 -20 20 28 22 23 -25 -26 -27 29 -29 -30 -31
leaf_value=0.0026559668180572058 -0.023923210538565144 0.027570791292014455 0.036434068502250963 -0.010106414834765161 -0.0026835899115501493 -0.028442180605786918 -0.0056431373043140014 0.03823804316217768 -0.025584250904034208 -0.019693268202651586 -0.0023800425991607975 0.031959054541122633 -0.033737921281438869 0.00059598588188258664 0.029516112243471768 0.027101593332923671 0.016739995212961094 -0.0066872874982154343 -0.0045534412371543613 0.034082618908846438 0.010314412272414057 -0.020849303763110536 -0.0050971231745710437 0.035309208553441863 0.0046644797003522311 -0.00048907044696864729 -0.0058418421343299793 0.0064177073092623067 -0.0229969815830958 -0.03020309151117536
leaf_weight=688.01361509505659 2.5249164877459469 4.4626009892672291 8.5264655621722358 45.020396701060236 27.859883608995005 13.028682427131573 28.879488708684221 4.87418867368251 52.066691478481516 5.2212326903827471 17.030634424416348 5.359341728501021 14.194995810859835 49.066051209229045 11.041574174538253 4.9276570854708552 37.127118040807545 2.2861676644533873 2.8763230233453214 1.1807613084092725 0.88827656069770489 2.2616898803971699 1.3299235552549364 1.1775624994188545 1.2915727314539243 2.5230543205980203 2.1998577527701881 3.2286263746209443 2.8558511042501777 18.207947072456591
leaf_count=8870 128 37 39 271 200 602 295 38 410 42 252 34 150 580 98 41 220 78 41 49 7 118 30 33 34 109 64 72 119 1269
internal_value=9.15193e-05 -0.0121147 0.000616213 0.000261348 -0.00478358 0.00168244 -0.0120519 0.00152512 -0.0177707 0.016166 0.00313132 -0.00503822 0.00223447 -0.00746656 0.00312606 0.00103256 0.0107389 0.0162132 0.0159017 -0.0178233 0.000865769 -0.0208269 -0.000518594 0.0176799 -0.0218592 -0.024392 -0.0242632 -0.00802382 -0.0139534 -0.0281128
internal_weight=1061.53 42.6042 1018.93 997.377 218.218 779.16 113.68 33.7537 79.9266 21.5517 104.537 50.3797 762.316 63.261 699.055 13.0252 54.1578 6.74877 7.80398 35.8554 4.92489 30.9305 4.76918 2.50749 16.8433 15.5517 26.1613 5.75354 3.74413 20.4078
internal_count=14330 2004 12326 12163 1720 10443 943 333 610 163 777 305 9698 730 8968 124 472 115 82 1889 175 1714 181 63 745 711 1533 200 126 1333
is_linear=0
shrinkage=0.03


Tree=214
num_leaves=23
num_cat=0
split_feature=36 6 11 31 34 22 22 22 25 31 6 6 47 50 47 22 10 1 39 32 5 2
split_gain=7.19038 6.44946 6.87677 7.4644 7.75442 9.01928 7.34705 7.20763 7.07259 5.80688 4.46704 4.51347 4.15776 5.99942 5.27423 4.27686 3.98851 5.27861 3.52227 3.48752 3.41124 2.57034
threshold=0.33980445563793188 13.226967871189119 0.62500000000000011 0.025101051665842537 0.66676807403564464 0.3319449126720429 0.74755322933197033 0.72920152544975292 0.20305141061544421 0.043360393494367606 0.033904178068041808 0.019775439053773883 0.69625782966613781 0.18342093378305438 0.62537285685539257 0.43284025788307195 0.87500000000000011 0.67730471491813671 0.91909676790237438 0.054847577586770065 0.13833476603031161 0.35937500000000006
decision_type=2 2 2 2 2 2 2 2 2 2 2 2 2 2 2 2 2 2 2 2 2 2
left_child=1 2 3 4 5 -1 7 -5 -8 16 11 -11 14 -14 15 -2 18 -18 -4 -12 -6 -17
right_child=12 -3 9 6 20 -7 8 -9 -10 10 19 -13 13 -15 -16 21 17 -19 -20 -21 -22 -23
leaf_value=0.019253161558936423 0.030549670328295309 0.028077166295738479 -0.010007894558299325 0.00061706847006394753 0.027478889850411029 -0.013278030549294238 0.025520108063649384 -0.02648360043154916 -0.0096260825741282113 -0.019401568370945796 -0.027821376393644612 0.016940535633246524 -0.023859013651786175 0.019362958197745948 0.041374006256504503 0.010932841435303643 0.016494811774160904 -0.022642842659749939 0.018308907361516163 0.0033911380656256509 -0.0048770177871918785 -0.019411722986818879
leaf_weight=7.4651484277565023 3.9584016278386178 6.021132660098373 4.8675790095003348 819.0109440528322 6.5979756456799787 85.934075849247165 18.64263896364719 7.9259363627061239 6.2380705419927827 4.9666907473001611 23.692477002390664 5.3374171343166381 4.5882736807689053 4.9713940187357366 6.9981892369687548 4.0539575293660146 3.4377810250734937 9.7709757480770332 11.508597770938648 3.2788471514359108 4.1229522333014756 3.9628195599652827
leaf_count=131 27 146 133 8197 57 1220 136 79 69 228 2394 134 36 36 43 27 208 377 208 203 72 41
internal_value=-0.000146299 -0.000567518 -0.000766337 -0.000107962 -0.00765346 -0.0104697 0.000818721 0.00032202 0.0165609 -0.00999495 -0.0177104 -0.000478049 0.014445 -0.00139274 0.0222452 0.00850815 0 -0.0118015 0.00962793 -0.0239341 0.0154253 -0.00422354
internal_weight=1057.35 1028.82 1022.8 955.938 104.12 93.3992 851.818 826.937 24.8807 66.8604 37.2754 10.3041 28.533 9.55967 18.9734 11.9752 29.5849 13.2088 16.3762 26.9713 10.7209 8.01678
internal_count=14202 13992 13846 9961 1480 1351 8481 8276 205 3885 2959 362 210 72 138 95 926 585 341 2597 129 68
is_linear=0
shrinkage=0.03


Tree=215
num_leaves=27
num_cat=0
split_feature=41 29 18 25 48 50 15 37 41 34 29 47 28 32 7 14 17 50 13 21 37 28 32 36 14 13
split_gain=6.64556 6.70876 6.2586 10.0037 9.80442 11.3613 7.15016 9.31289 10.6799 8.50563 6.31635 14.0926 9.91663 5.57171 5.08592 4.744 4.53612 4.23403 3.10654 2.14901 2.2016 1.15602 1.03814 0.980696 0.904112 0.103852
threshold=0.99650353193283092 0.99874681234359752 0.14453125000000003 0.076707158237695708 0.2203122675418854 0.47564356029033666 0.67948719859123241 0.20088688284158709 0.86064261198043834 0.54955756664276134 0.98712700605392467 0.90300178527832042 0.93567231297492992 0.037345137447118766 2.0118647813797002 10.119677543640138 0.99218750000000011 0.13230984658002856 30.124555587768558 55.571210861206062 0.15990043431520465 0.97959032654762279 0.059080088511109359 0.32903383672237402 2.108245968818665 38.718313217163093
decision_type=2 2 2 2 2 2 2 2 2 2 2 2 2 2 2 2 2 2 2 2 2 2 2 2 2 2
left_child=2 15 4 18 13 14 10 8 -8 -9 11 -5 -12 -1 -6 21 -16 24 -4 -19 -21 22 23 -2 -3 -15
right_child=1 17 3 6 5 -7 7 9 -10 -11 12 -13 -14 25 16 -17 -18 19 -20 20 -22 -23 -24 -25 -26 -27
leaf_value=0.013382007655577538 -0.026307766377009444 0.0054322028186529784 0.00054401989086009053 0.0005662411388332319 -0.0056322515043134977 -0.026525225213553088 -0.011834547105198252 0.0077241810135642444 0.0028313556257673501 -0.0073457473804658417 0.0030104194153803957 -0.02378573961067355 0.021596231825457151 -0.032978102527373682 -0.0011972161955701305 0.019863411505033995 0.027150504914752214 -0.022253071171557705 -0.040123366344016427 0.025751208276745562 -0.015541361944943646 0.0074853491664208125 0.0047129798138319306 0.0043961516958915155 0.031367753339908447 -0.013377021047341503
leaf_weight=3.5714883601758611 24.819662093650564 2.8764765029773098 1.9610051084309796 276.64681390614714 5.7858084938488892 4.4759106654673806 153.41030549362767 91.394650530070066 62.000414316426031 51.976040361216292 249.46959185844753 22.160680176923051 28.004265522584319 4.7702892627567053 5.6006272400263688 1.6516924479510624 34.415796458721161 4.0233037867583334 6.5169567232951522 1.5786442849785092 1.138136649969965 0.48627907165791739 0.60016359249129791 0.52523031085729499 3.1666611647233367 3.2226010486483574
leaf_count=31 1624 29 39 3860 46 83 1340 947 851 556 2423 1148 320 48 81 52 317 95 71 17 55 42 40 12 34 27
internal_value=-0.000543551 -0.0122549 -5.28282e-05 -0.000665665 0.00911138 0.0148442 -0.000351208 -0.00367299 -0.00760591 0.00222708 0.00171445 -0.0013031 0.0049678 -0.0147722 0.0194314 -0.0202597 0.0231774 0.00530691 -0.0313353 -0.0101563 0.00811822 -0.0235091 -0.0244576 -0.0254149 0.0219727 -0.0277752
internal_weight=1046.25 40.8662 1005.38 943.541 61.8425 50.2781 935.063 358.781 215.411 143.371 576.281 298.807 277.474 11.5644 45.8022 28.083 40.0164 12.7832 8.47796 6.74008 2.71678 26.4313 25.9451 25.3449 6.04314 7.99289
internal_count=14188 2000 12188 11555 633 527 11445 3694 2191 1503 7751 5008 2743 106 444 1770 398 230 110 167 72 1718 1676 1636 63 75
is_linear=0
shrinkage=0.03


Tree=216
num_leaves=31
num_cat=0
split_feature=49 27 7 21 19 27 48 22 27 49 21 38 29 29 16 37 25 36 48 14 24 21 42 24 29 29 20 16 21 29
split_gain=5.82114 8.76952 7.30941 11.1326 17.5482 14.8047 15.0466 13.5861 11.3566 11.2576 10.4546 15.153 10.0476 12.5334 12.6883 9.57543 9.06383 8.7847 7.47085 7.28854 7.24402 6.9506 6.87853 6.16393 5.88236 5.73153 4.5031 4.16671 4.12706 4.05821
threshold=1.403120279312134 0.94958811998367321 3.5363624095916752 61.224760055541999 0.11071670427918436 0.89816510677337658 0.24697645008563998 0.39754435420036321 0.94347110390663158 0.84271362423896801 59.224843978881843 0.65625000000000011 0.99394196271896373 0.99560058116912853 0.31347656250000006 0.24168244004249576 0.22259218245744708 0.23636995255947116 0.13655846565961841 4.8203964233398446 0.20299158245325091 66.849361419677749 0.93788579106330883 0.26857411861419683 0.99499860405921947 0.99900847673416149 0.052636321634054191 0.49902343750000006 56.850875854492195 0.99346512556076061
decision_type=2 2 2 2 2 2 2 2 2 2 2 2 2 2 2 2 2 2 2 2 2 2 2 2 2 2 2 2 2 2
left_child=2 -2 10 5 7 17 28 20 -8 -9 12 21 16 14 -14 -15 22 25 -19 -3 -5 23 -1 -12 27 -4 -13 -6 -7 -23
right_child=1 19 3 4 24 6 8 9 -10 -11 11 26 13 15 -16 -17 -18 18 -20 -21 -22 29 -24 -25 -26 -27 -28 -29 -30 -31
leaf_value=-0.0058115483454566639 0.036235304747176823 -0.026523774154380595 -0.0083285075860328756 0.020327212025779341 -0.028098707321618961 -0.024603503522150752 -0.011609080851356977 0.024880437316856956 0.0018624941609333161 0.0021343220267504783 -0.027507267348055767 -0.028054883107851633 -0.0072219840166593257 -0.0016031434734638391 0.035244425263019893 0.028993023958540077 -0.028110208796066811 -0.023066717521629237 0.018387319267957596 0.016033928187058476 -0.018546382953148387 5.6504117649219666e-06 0.0180606867755208 0.0016800144856124015 0.023132667342848155 0.03028792463040423 0.015009891029006376 -0.0021959050347596007 0.00019735020776100634 0.029978105882114636
leaf_weight=123.67019244423136 9.1028256416320819 4.9956411982420823 26.03657529340126 4.9587777142878648 13.328089540475052 32.0257902800804 68.897450956166722 71.607090737088583 288.33097526105121 27.497479170095176 9.4532919261837396 37.57150159298908 8.5891623175703007 126.82406750693917 19.443947083549574 8.9164078121539188 14.443795718601903 3.2630852952133855 65.276118162553757 8.1338014192879182 14.773492248845285 8.3251765626482648 10.882147369673474 16.530971327098086 2.7123896314296863 2.9588603447191408 1.6225376065121953 9.9004124540369958 7.0781086130300528 7.3416209872812024
leaf_count=2528 41 42 419 52 327 442 711 846 3128 269 156 1175 105 1118 173 110 448 31 698 84 179 225 193 343 30 21 51 146 144 69
internal_value=0.000365087 0.015216 2.79151e-05 0.00201167 0.00929664 -0.000132334 -0.00271945 0.0141768 -0.000752503 0.0186837 -0.00318009 -0.012728 -0.000669876 0.00443559 0.0223291 0.000582025 -0.00629387 0.0102709 0.0160673 -0.000677756 -0.00812337 0 -0.00373971 -0.00945326 -0.0126447 -0.00340947 -0.0258684 -0.0177286 -0.0201466 0.015187
internal_weight=1054.49 22.2323 1032.26 638.645 144.778 493.867 396.332 118.837 357.228 99.1046 393.615 80.8451 312.77 163.774 28.0331 135.74 148.996 97.5346 68.5392 13.1294 19.7323 41.6511 134.552 25.9843 25.9409 28.9954 39.194 23.2285 39.1039 15.6668
internal_count=14304 167 14137 7443 1849 5594 4425 1346 3839 1115 6694 2019 4675 1506 278 1228 3169 1169 729 126 231 793 2721 499 503 440 1226 473 586 294
is_linear=0
shrinkage=0.03


Tree=217
num_leaves=25
num_cat=0
split_feature=6 0 15 13 23 13 23 5 38 14 4 29 45 18 6 43 14 47 41 47 7 35 35 23
split_gain=6.06934 6.4238 7.5441 7.94395 7.7394 8.12017 10.1262 7.16537 7.03327 11.123 9.25057 5.91656 4.56585 4.32731 4.09272 3.81364 3.6934 3.8354 2.32252 2.06654 1.70885 1.49991 1.24698 0.973158
threshold=13.226967871189119 4.0657601356506357 0.37087912857532507 24.5128288269043 0.69282349944114696 36.94648742675782 0.67552661895751964 0.17219264805316928 0.46875000000000006 5.0657274723052987 0.80222713947296154 0.9936310648918153 0.21548955142498019 0.097656250000000014 0.038551406934857375 0.25029699504375463 6.6902842521667489 0.78910326957702648 0.9952150583267213 0.50339174270629894 2.8771004676818852 0.5009174942970277 0.5560346543788911 0.3411738276481629
decision_type=2 2 2 2 2 2 2 2 2 2 2 2 2 2 2 2 2 2 2 2 2 2 2 2
left_child=1 12 4 11 5 7 -7 -3 10 -10 -5 -4 13 -1 21 -16 20 -18 -13 -15 -6 -14 -23 -21
right_child=-2 2 3 8 16 6 -8 -9 9 -11 -12 18 14 19 15 -17 17 -19 -20 23 -22 22 -24 -25
leaf_value=0.019133369787166517 0.027965309706700369 0.0062435652653956746 -0.017819255338892406 0.020925971334430877 0.0023976860941028934 0.0088675400467370311 0.042086527854094322 -0.0059213663119795784 -0.0067747705253489547 0.0024613554392011743 -0.0096169778904219572 0.047669415807213809 -0.0053675738517521537 0.0094440965618557676 0.017667432889133611 -0.025461043676656789 -0.019745681993919885 0.028552187636687803 0.0076179735562415972 -0.0040666599471017558 -0.027800727552426911 0.03576492846155048 0.0038109601021938618 -0.027832697433629178
leaf_weight=1.542261160910132 5.9510432207025579 107.95752347819507 1.5764015523018295 8.5632693027146143 1.5980516695417453 102.89269894827157 8.1917800256051105 71.503413342521526 165.02866344468202 399.05733216740191 135.70172334671952 4.6011604839004576 1.3878639249596725 1.0069448042195315 1.7357531286543233 5.1249983893940225 1.7059036626014852 2.2817419925704598 2.5277414796873927 2.4218526459299055 10.184047417016698 2.6621462218463421 2.282278107944876 18.698586699785665
leaf_count=18 149 1119 104 96 74 960 77 951 1671 3376 1893 50 56 15 52 568 66 49 41 66 486 33 71 2296
internal_value=2.1391e-05 -0.000158834 0.000286978 -0.00139361 0.00422258 0.00535795 0.0116976 0.00137406 -0.00176451 -0.000242658 -0.00765179 0.0255498 -0.0122953 -0.0199267 0.00162424 -0.0133085 -0.015589 0.00747266 0.0365213 -0.0234885 -0.023603 0.0178209 0.0246424 -0.0255501
internal_weight=1066.19 1060.23 1023.37 717.056 306.315 290.545 111.084 179.461 708.351 564.086 144.265 8.7053 36.8627 23.6696 13.193 6.86075 15.7697 3.98765 7.1289 22.1274 11.7821 6.33229 4.94442 21.1204
internal_count=14337 14188 11013 7231 3782 3107 1037 2070 7036 5047 1989 195 3175 2395 780 620 675 115 91 2377 560 160 104 2362
is_linear=0
shrinkage=0.03


Tree=218
num_leaves=31
num_cat=0
split_feature=36 46 4 34 36 29 45 14 36 47 38 4 23 29 29 45 33 27 20 50 5 23 29 47 20 30 50 22 49 36
split_gain=6.58358 7.12529 8.76058 9.83883 8.56175 8.40276 9.27189 7.05836 6.74075 6.66927 7.10041 7.39408 13.9067 10.1081 7.0527 6.6774 6.66472 6.24254 10.6362 5.63915 4.05716 4.151 9.85264 3.94055 3.89949 3.38943 3.38924 2.27225 1.90205 0.971912
threshold=0.33980445563793188 0.99488958716392528 0.84887146949768078 0.36096659302711492 0.23581232130527499 0.99499860405921947 0.20677752792835238 2.5547759532928471 0.2754866778850556 0.8560052514076234 0.40625000000000006 0.91865441203117382 0.63347890973091137 0.9840834140777589 0.9530392885208131 0.36360998451709753 55.826837539672859 0.97998782992362987 0.042813641950488097 0.16079322993755343 0.058772550895810134 0.42507620155811315 0.98268157243728649 0.49213285744190222 0.037473320960998542 0.16796875000000003 0.37129575014114385 0.48281720280647283 1.1649433970451357 0.19516038149595263
decision_type=2 2 2 2 2 2 2 2 2 2 2 2 2 2 2 2 2 2 2 2 2 2 2 2 2 2 2 2 2 2
left_child=1 2 16 4 28 6 -5 -6 -7 10 15 12 -12 -13 25 26 24 19 -19 -16 -2 -22 23 -23 27 29 -3 -1 -4 -11
right_child=20 9 3 5 7 8 -8 -9 -10 14 11 13 -14 -15 17 -17 -18 18 -20 -21 21 22 -24 -25 -26 -27 -28 -29 -30 -31
leaf_value=0.012074019732586387 -0.011120893067606951 -0.022466778394827951 -0.026798590747742455 -0.020967426623040734 -0.010430820540861507 0.0098752491956650753 0.0021606452677511434 0.032542471890777858 -0.014354673881463298 0.03339377234304948 0.0032443365816703855 -0.0033935180812131398 0.023654930492391025 0.0060435576145175442 -0.0068378189925321336 0.025965835267187799 -0.0093966165383225653 -0.023946271163507053 0.01710222590988493 0.0032731895237670373 0.041940808290527216 -0.0040657915265610821 -0.017531756701822672 0.032717261602994048 0.00040900946456671485 -0.028390436825175426 -0.00061442314985056198 0.044444377123102057 0.0012251054925283881 -0.0059069823455804747
leaf_weight=4.6663020648993569 4.0797985559329417 19.026210409356288 4.1917099601123509 73.765533320140094 4.0124720395542672 24.602238993160427 19.202889342792332 11.918555620592086 16.325124960392714 0.33184137381613155 99.348542271298356 193.12067430303432 42.602546616923064 214.25864831439685 72.638732449617237 3.0233138971962026 8.5118071010801923 23.004314640071247 6.5637485204497343 151.34779549902305 4.6753169931471374 2.9134333608672049 6.3379309070296577 11.01240929099731 5.2993987104855469 11.64489239733666 9.8859520822297764 5.5367786595597863 3.2768202323932201 0.36471104761585593
leaf_count=39 28 288 67 824 29 147 207 95 93 12 1046 2625 595 1568 1191 58 51 505 148 3030 27 36 39 87 33 944 365 39 26 48
internal_value=0.000274546 -0.000126653 -0.00550983 -0.00810277 0.00947667 -0.0112447 -0.0161862 0.021565 2.69984e-05 0.00102706 0.00282862 0.0036381 0.0095136 0.00156515 -0.00289589 -0.0106919 0.0109991 -0.00175727 -0.0144745 -8.2899e-06 0.0141241 0.0186391 0.0114023 0.025064 0.0222703 -0.0241788 -0.0153654 0.032307 -0.0154562 0.0196952
internal_weight=1057.49 1028.47 181.31 157.295 23.3996 133.896 92.9684 15.931 40.9274 847.162 581.266 549.33 141.951 407.379 265.896 31.9355 24.0143 253.555 29.5681 223.987 29.0189 24.9391 20.2638 13.9258 15.5025 12.3414 28.9122 10.2031 7.46853 0.696552
internal_count=14290 14073 1650 1488 217 1271 1031 124 240 12423 6545 5834 1641 4193 5878 711 162 4874 653 4221 217 189 162 123 111 1004 653 78 93 60
is_linear=0
shrinkage=0.03


Tree=219
num_leaves=23
num_cat=0
split_feature=29 18 28 5 23 28 20 50 29 5 17 7 38 44 9 14 15 28 14 50 40 6
split_gain=7.2594 6.57652 8.17525 15.7562 13.278 10.9497 19.6555 11.9636 10.5402 8.98565 8.62104 5.06135 4.15821 3.38584 2.01393 1.56044 1.39215 0.867216 0.844228 0.710223 0.246314 0.0143992
threshold=0.90787160396575939 0.83203125000000011 0.93567231297492992 0.045718697831034667 0.58509990572929393 0.91782674193382274 0.042494991794228561 0.54575994610786449 0.95795142650604259 0.043230252340435989 0.99218750000000011 2.3828259706497197 0.71875000000000011 0.32200460135936743 0.30444945394992834 11.977712631225588 0.96666666865348827 0.83283481001853954 27.940044403076175 0.3097145557403565 0.92846128344535839 0.23797596991062167
decision_type=2 2 2 2 2 2 2 2 2 2 2 2 2 2 2 2 2 2 2 2 2 2
left_child=16 2 5 12 8 7 11 9 -5 -2 -6 -7 19 -8 15 -3 21 -9 -16 -4 -18 -1
right_child=1 14 3 4 10 6 13 17 -10 -11 -12 -13 -14 -15 18 -17 20 -19 -20 -21 -22 -23
leaf_value=-0.027323141746488363 0.011498346617310119 -0.01554995456609581 -0.035058774936712049 -0.0028633425371254128 0.0066174376128042989 0.0021596726901509673 0.035893351508805529 -0.035946296796556802 0.021107964054942627 -0.00075983902443747808 -0.028478683496165877 -0.031849766085152317 0.0056566936292420855 -0.0024802709193344897 -0.031089989701896081 0.020552772154118527 -0.0042048013177763671 -0.0075845736161282637 -0.0036723945805253 -0.0091536272927835519 0.01316388488390376 -0.0002729786728682841
leaf_weight=9.7058515127282536 56.722709313849919 1.1793581484816962 8.1723313877591846 20.785915643442422 13.354967034189031 4.2601832915097502 5.1688097808510056 7.8684294060803932 71.868630259879865 794.31779272621498 10.293121760245413 26.646260198904201 3.2102128899423397 2.7201594933867455 7.8261950626037997 1.1067647412419317 0.43848198885098177 2.1234911293722689 1.7627366096712647 2.4284167508594683 0.42358429497107863 0.26390621974133033
leaf_count=1191 546 112 91 296 197 77 85 115 716 9866 267 307 36 18 196 7 65 27 19 43 17 26
internal_value=-0.000563178 -0.000294606 -2.52965e-05 0.00697083 0.010623 -0.00104687 -0.0164334 -0.000331861 0.0157251 6.61966e-05 -0.00907251 -0.0271471 -0.0222225 0.0235339 -0.0216031 0.00195091 -0.023933 -0.0314301 -0.0271559 -0.0306836 0.00520463 -0.0269707
internal_weight=1052.65 1041.82 1029.94 130.114 116.303 899.828 38.7954 861.032 92.6545 851.041 23.6481 30.9064 13.811 7.88897 11.8751 2.28612 10.8318 9.99192 9.58893 10.6007 0.862066 9.96976
internal_count=14320 13021 12687 1646 1476 11041 487 10554 1012 10412 464 384 170 103 334 119 1299 142 215 134 82 1217
is_linear=0
shrinkage=0.03


Tree=220
num_leaves=27
num_cat=0
split_feature=29 45 46 18 1 18 25 16 16 25 39 45 4 45 49 32 16 37 22 35 15 33 29 49 29 14
split_gain=5.72115 4.97056 5.11158 8.52907 9.14328 8.18416 9.61356 6.30056 7.11161 9.10195 5.91859 5.68887 5.33708 3.57824 4.4492 3.44064 4.22777 2.00717 2.73971 1.568 1.39351 1.2647 0.636829 0.339974 0.13386 0.0374052
threshold=0.90787160396575939 0.027880853042006496 0.99488958716392528 0.56640625000000011 0.67876577377319347 0.22265625000000003 0.248226173222065 0.21777343750000003 0.25683593750000006 0.076707158237695708 0.97223332524299633 0.30711412429809576 0.90012124180793773 0.37112663686275488 0.071823433041572585 0.037978136911988265 0.33300781250000006 0.19793491810560229 0.4217145591974259 0.88352394104003917 0.96666666865348827 49.438749313354499 0.9936310648918153 1.0654745101928713 0.98240610957145702 32.311723709106452
decision_type=2 2 2 2 2 2 2 2 2 2 2 2 2 2 2 2 2 2 2 2 2 2 2 2 2 2
left_child=19 15 3 5 12 10 -7 13 11 -10 -3 -9 -5 14 -4 21 -17 -18 -19 20 25 22 -2 -22 -23 -1
right_child=1 2 7 4 -6 6 -8 8 9 -11 -12 -13 -14 -15 -16 16 17 18 -20 -21 23 24 -24 -25 -26 -27
leaf_value=-0.027111932336235135 -0.019007679632237567 0.013109525943375468 0.0051176086944479532 0.020547256010470496 0.030583071590681139 -0.013240710150125437 0.025809291179244281 0.013917070842224885 -0.024751984690845455 0.0017696569626817573 -0.020839250480942612 -0.023613639443635787 -0.0064020166689950225 0.02306594910459062 -0.022640707336193742 0.021227955299131792 -0.030635537677809313 -0.022166464333056499 0.0097269410229293089 0.014837558211119574 -0.0052549870249108009 -0.012824283280951273 0 0.015053874011183402 -0.038715556480109825 0
leaf_weight=9.0780355866299871 2.4330164315179008 23.142761474242437 6.43244117335417 7.565144025720655 10.422199461609123 105.1451767955441 5.0367187522351733 60.015395584283397 10.827607213286681 721.47914639068767 4.7219840828329316 2.9190325140953055 27.996983022429049 1.4343404979445029 18.459308658493683 3.9005644572898737 2.6209599056746802 2.9884348679333907 5.1232637122739106 0.29232951020822007 0.54018592275679189 2.071087536518462 3.1247159224003553 0.37518204259686172 3.8288789840880781 0.23977287509478706
leaf_count=1158 41 177 127 53 55 888 37 806 85 9504 35 34 271 19 474 53 42 22 63 17 75 51 21 10 26 29
internal_value=0.000100675 0.00033803 0.000681813 -0.00381935 0.00722958 -0.00754693 -0.0112126 0.00169714 0.00218451 0.00134021 0.00672995 0.0117873 -0.000181854 -0.0124564 -0.015431 -0.0123374 -0.0020949 -0.0119137 -0.00283689 -0.0209148 -0.0234332 -0.0239597 -0.0100866 0.00501635 -0.0332374 -0.0267341
internal_weight=1042.21 1031.69 1005.6 184.031 45.9843 138.047 110.182 821.567 795.241 732.307 27.8647 62.9344 35.5621 26.3261 24.8917 26.0909 14.6332 10.7327 8.1117 10.5255 10.2332 11.4577 5.55773 0.915368 5.89997 9.31781
internal_count=14173 12884 12565 1516 379 1137 925 11049 10429 9589 212 840 324 620 601 319 180 127 85 1289 1272 139 62 85 77 1187
is_linear=0
shrinkage=0.03


Tree=221
num_leaves=31
num_cat=0
split_feature=36 32 4 28 21 23 50 45 18 15 41 5 5 36 5 4 29 35 36 26 28 25 14 5 9 30 47 27 14 25
split_gain=6.98924 6.74169 6.20334 8.18553 7.73948 7.02644 6.28142 6.10929 6.00141 5.7408 11.1484 7.71651 11.2646 11.0902 7.14822 5.42631 5.33423 6.75189 4.72765 4.49597 4.45442 3.7602 4.28194 3.88448 2.34769 2.34704 2.22589 2.04381 1.55316 1.52501
threshold=0.33980445563793188 0.033038433641195304 0.9103912115097047 0.76469722390174877 41.394445419311531 0.53732785582542431 0.28096508979797369 0.11251695826649667 0.83203125000000011 0.37087912857532507 0.99191969633102428 0.29970858991146093 0.18416801095008853 0.23347607254981997 0.21691232174634936 0.78961080312728893 0.99853137135505687 0.68646526336669933 0.2701068669557572 0.53125000000000011 0.88189640641212474 0.12555558234453204 7.6613314151763925 0.10562806949019433 0.30444945394992834 0.19921875000000003 0.62537285685539257 0.98864641785621654 8.2901487350463885 0.17616697400808337
decision_type=2 2 2 2 2 2 2 2 2 2 2 2 2 2 2 2 2 2 2 2 2 2 2 2 2 2 2 2 2 2
left_child=1 2 3 15 16 6 -6 25 9 10 14 12 -11 -13 -3 -1 17 -4 -12 -17 -9 -2 23 -23 28 -5 -25 -7 -10 -24
right_child=21 8 4 7 5 27 -8 20 24 11 18 13 -14 -15 -16 19 -18 -19 -20 -21 -22 22 29 26 -26 -27 -28 -29 -30 -31
leaf_value=0.028356965919611232 -0.010021031779004526 0.010008190498391138 0.026674477684315814 -0.022215092254433765 0.00059017280298363903 -0.031518075757952485 -0.028735832662089129 0.048139830199594114 -0.013167313180140052 -0.00052754578652568034 -0.024917115304272042 -0.0087063986241268723 -0.012685173679873202 0.0068723626944009316 -0.00093115165870929649 -0.00014756042379330823 -0.026300128834141432 -0.020155917080750013 0.00012892299339311067 -0.028332721900884369 0.0021606865776771038 0.0043148671610409566 0.010951764924463918 0.01476688840297634 -0.02517833784593311 0.012074669897827857 0.045494482670556786 0.0031098345023155526 0.025059769117545969 -0.013195398658797873
leaf_weight=2.1707020604517338 4.1377549692988422 166.6396270643454 9.4101893310435099 2.4831288277637205 22.847553196130324 22.946914480067793 8.1015095353359339 5.60417707194574 0.90338040597271063 300.378442177549 14.123958314536141 51.429047071025707 88.149304131395184 188.99233353254385 78.198100009467453 10.816758493427189 2.6183700840920201 2.8783944549504659 11.851357470848596 9.0244321911595744 2.994740407448262 5.9386043129488888 3.846117968671023 5.1907255090773088 10.029098087456076 2.6880932175554335 7.2085342057980597 1.2899633152410377 0.93405583966523409 3.5555418888106942
leaf_count=30 26 2011 64 27 227 533 115 68 108 3306 906 854 1064 2190 1124 300 28 135 373 145 54 42 33 38 308 37 45 30 9 38
internal_value=0.000163383 -0.000260174 -0.00739085 0.00266049 -0.0125294 -0.0176575 -0.00765172 0.0200885 0.000571874 0.000865043 0.00450985 -0.000704243 -0.00331906 0.00350519 0.00651252 -0.00851089 0.00618284 0.0147882 -0.0137974 -0.0138554 0.0343326 0.0142265 0.0184656 0.0258974 -0.0197637 -0.00483624 0.0349169 -0.029506 0.00719121 -0.000480696
internal_weight=1047.38 1017.5 105.875 35.782 70.0929 55.1859 30.9491 13.7701 911.629 899.762 270.813 628.949 388.528 240.421 244.838 22.0119 14.907 12.2886 25.9753 19.8412 8.59892 29.8773 25.7395 18.3379 11.8665 5.17122 12.3993 24.2369 1.83744 7.40166
internal_count=14268 14046 1793 661 1132 905 342 186 12253 11828 4414 7414 4370 3044 3135 475 227 199 1279 445 122 222 196 125 425 64 83 563 117 71
is_linear=0
shrinkage=0.03


Tree=222
num_leaves=20
num_cat=0
split_feature=6 6 28 29 5 23 28 20 50 28 5 23 16 47 30 40 20 15 22
split_gain=5.93599 5.97497 5.73755 15.0528 13.353 14.8792 11.7753 18.864 12.2009 9.53924 8.1144 5.92549 4.50951 4.3848 3.25504 2.61512 1.79908 0.527091 0.262826
threshold=13.226967871189119 0.18542132526636126 0.93567231297492992 0.95795142650604259 0.045718697831034667 0.59356403350830089 0.91782674193382274 0.042494991794228561 0.54575994610786449 0.94045299291610729 0.043230252340435989 0.68178635835647594 0.35449218750000006 0.53996530175209057 0.21484375000000003 0.50759941339492809 0.033795211464166648 0.2225274741649628 0.73631101846694957
decision_type=2 2 2 2 2 2 2 2 2 2 2 2 2 2 2 2 2 2 2
left_child=1 2 6 9 14 -6 8 12 10 -4 -1 -11 -8 -9 -5 16 -3 -10 -17
right_child=-2 15 3 4 5 -7 7 13 17 11 -12 -13 -14 -15 -16 18 -18 -19 -20
leaf_value=0.010977957872151578 0.027622993945247094 -0.016766708530471054 0.027701268212408748 -0.031174385501812642 0.020107877443481987 -0.018952394868280167 -0.0018511808378434442 -0.0072887009653863537 -0.0073432105127344133 -0.018818680608706565 -0.00075505043100471505 0.015444059064377106 -0.033024373011833558 0.037979310186347356 0 -0.028930459699607041 0.020301410804920466 -0.03348544349275772 -0.001447326026157937
leaf_weight=55.862608472816646 5.8002539197914293 1.1599625768139952 4.528066335944458 5.9086532113142294 77.76827058789786 9.006048175157046 5.3828414885792908 2.3107350347563616 1.791226747445761 33.490470167016611 789.77715337509289 4.3676735202316186 24.660823577782139 4.8200078452937305 5.5571752449031919 8.6981182696763391 1.5621173114050177 9.2000698018819076 0.6766249989159413
leaf_count=570 151 40 40 45 808 149 99 20 37 1086 9982 146 330 109 76 397 51 173 13
internal_value=-0.000308165 -0.000492056 -0.000233955 0.0053732 0.0117999 0.01585 -0.00112453 -0.0174289 -0.000393983 -0.0093816 2.85348e-05 -0.0144929 -0.0277753 0.0238489 -0.017424 -0.0206308 0.0034387 -0.0304429 -0.0275667
internal_weight=1052.33 1046.53 1034.43 140.626 98.2401 86.7743 893.805 37.1744 856.631 42.3862 845.64 37.8581 30.0437 7.13074 11.4658 12.0968 2.72208 10.9913 9.37474
internal_count=14322 14171 13670 2350 1078 957 11320 558 10762 1272 10552 1232 429 129 121 501 91 210 410
is_linear=0
shrinkage=0.03


Tree=223
num_leaves=27
num_cat=0
split_feature=22 22 25 24 39 1 23 34 4 14 38 24 34 22 4 24 34 36 21 9 14 47 21 25 37 6
split_gain=6.43972 9.5261 6.53885 5.58244 11.2574 12.5196 8.69629 9.60262 8.19407 12.5399 17.0408 11.9518 9.04301 11.4763 8.54175 7.00511 6.73764 3.86227 3.83055 3.24994 3.18188 1.72447 1.59985 1.27725 0.578785 0.283455
threshold=0.74755322933197033 0.72011429071426403 0.20305141061544421 0.25569646060466772 0.95340165495872509 0.81797087192535411 0.48396743834018713 0.42791678011417394 0.91865441203117382 7.1364440917968759 0.59375000000000011 0.33507625758647924 0.36386531591415411 0.5113629698753358 0.95106831192970287 0.20100075751543048 0.71215501427650463 0.25685417652130133 45.490739822387702 1.5732741951942446 19.211993217468265 0.9201420545578004 54.872983932495124 0.1614007651805878 0.19200835376977923 0.12019100785255434
decision_type=2 2 2 2 2 2 2 2 2 2 2 2 2 2 2 2 2 2 2 2 2 2 2 2 2 2
left_child=1 3 17 4 5 16 15 -8 9 11 -11 -5 14 -14 -10 -6 -1 18 -2 25 22 -7 -3 -20 -19 -4
right_child=2 20 19 8 6 21 7 -9 12 10 -12 -13 13 -15 -16 -17 -18 24 23 -21 -22 -23 -24 -25 -26 -27
leaf_value=-0.012912135991440388 0.024977864850131797 -0.038913436577677346 -0.0071404311738055698 0.0023276686288073193 0.025830757231458324 0.032597700821315086 -0.019762187311462134 0.0026816896511620541 0.024741306867636217 0.0032316167811693689 0.026030284966938076 -0.024902097113940782 -0.0078848603091162435 0.0021569532431165387 0.0011977183820576947 0.0037790908613010298 0.017606346101040851 0.033921725754625064 -0.02636060719083639 0.015399764448491001 0.0024529309274019489 0.0051700510927315405 -0.0064356007071275766 0.0014751588394012645 0.012711871679996741 -0.027452088964926107
leaf_weight=141.8976748943096 2.971223325468606 7.6798820334952307 2.4228852305095634 97.375087932217866 18.19298972398974 5.2873175051063281 23.80312712257728 54.49854815856088 20.356496467487887 77.411321979481727 47.384345553815365 16.00338569120504 205.96974559640512 201.43578108015936 40.708380498224869 42.61947102996055 5.8967524953186503 10.816220936365424 2.1211119869258255 2.3247524509206414 2.5755284787155679 4.1684545818716288 2.4361013353336602 2.2775476237293333 3.7499751406721762 2.9723258400335908
leaf_count=2326 28 92 55 1856 157 38 418 935 207 812 316 230 2786 2616 471 519 95 81 20 21 29 32 41 41 41 34
internal_value=-0.000374341 -0.000785252 0.0131678 -0.000442485 -0.00389333 -0.00937133 0.00230011 -0.00426642 0.001004 0.00552492 0.0120501 -0.0016737 -0.00129495 -0.00291936 0.00936669 0.0107359 -0.0115642 0.0213184 0.00259898 -0.00943686 -0.0256441 0.0224444 -0.0326447 -0.0137885 0.0298215 -0.0213425
internal_weight=1045.36 1015.7 29.656 1003.01 296.364 157.25 139.114 78.3017 706.645 238.174 124.796 113.378 468.47 407.406 61.0649 60.8125 147.794 21.9361 7.36988 7.71996 12.6915 9.45577 10.116 4.39866 14.5662 5.39521
internal_count=14297 13976 321 13814 4520 2491 2029 1353 9294 3214 1128 2086 6080 5402 678 676 2421 211 89 110 162 70 133 61 122 89
is_linear=0
shrinkage=0.03


Tree=224
num_leaves=31
num_cat=0
split_feature=11 29 0 46 18 21 16 20 13 16 14 14 30 39 25 21 21 37 47 25 29 29 12 27 49 12 24 15 22 50
split_gain=5.95924 7.46198 5.79027 5.82853 7.25076 10.3891 13.5411 10.0273 6.12682 7.61495 7.89338 6.75034 6.60816 5.85482 5.75762 5.6642 4.76477 6.20911 7.08026 7.04087 4.07967 3.92688 3.54763 3.48732 2.77956 2.45235 2.44658 2.14407 1.86035 1.83418
threshold=0.62500000000000011 0.99394196271896373 13.945287227630617 0.99488958716392528 0.72265625000000011 65.633262634277358 0.45214843750000006 0.041292669251561172 43.151193618774421 0.23339843750000003 9.8170938491821307 24.557260513305668 0.17578125000000003 0.82949259877204906 0.24072612822055819 76.83750152587892 57.503520965576179 0.13598691672086718 0.98797121644020092 0.17692825198173526 0.96049025654792797 0.99943783879280101 1.2647228837013247 0.98053526878356945 0.081860769540071501 1.3493691086769106 0.29170361161232 0.79285714030265819 0.708166003227234 0.26444309949874883
decision_type=2 2 2 2 2 2 2 2 2 2 2 2 2 2 2 2 2 2 2 2 2 2 2 2 2 2 2 2 2 2
left_child=2 24 3 8 5 6 -5 -7 9 12 -11 14 -1 23 -10 -15 17 21 19 -19 28 27 -13 -6 -2 -18 29 -3 -4 -22
right_child=1 16 20 4 13 7 -8 -9 11 10 -12 22 -14 15 -16 -17 25 18 -20 -21 26 -23 -24 -25 -26 -27 -28 -29 -30 -31
leaf_value=-0.0067501428897078055 0.0087575927450907805 -0.027076404303038839 -0.028272439558237432 0.00072672538487198455 -0.012883615168971787 0.023972494754011 0.021295979827215619 6.9285279683042159e-05 -0.028156716129638867 -0.0077429285802458718 0.0073991172582080472 -0.011841705076431144 0.038541508383474192 -0.023191551970178529 0.011312908854067501 0.01583775512157358 -0.027269616091638096 0.024537370261939872 -0.022051597570412942 -0.014270548580425086 0.013587869460511494 0.017544462564375456 0.023217897865068528 0.027089928543911318 -0.026107120511419713 0.015109856967770527 0.023445521983193843 0.0053398506893138605 0.0024098364428468957 -0.022655685880206375
leaf_weight=4.0725018903613073 1.6743798999814341 8.8126405179500562 11.350956599577332 645.07699101720937 2.3201411273330477 37.646671838592738 29.181290926178917 27.149066668702289 21.916299711447213 98.72442744160071 43.86699257302098 3.905344187282024 6.6989008272066712 22.500442573102195 3.2170969569124273 3.0877583357505491 7.0436185747385016 19.290045376867063 4.1291948668658724 4.4937194441445163 1.0641457252204412 2.0089449114166191 4.5458224066533148 4.0766668955329806 19.256173123605549 0.69628757657483209 2.4113656911067665 1.7177177714183915 1.697310039307921 2.3878195530269295
leaf_count=42 80 167 950 6157 52 322 251 244 309 637 309 50 42 516 84 70 464 315 142 239 9 29 69 37 2468 32 21 29 43 72
internal_value=5.73211e-05 -0.0083875 0.000665888 0.00100063 0.00215552 0.00276962 0.00165161 0.014156 -0.00373275 -0.00113172 -0.00304463 -0.0151474 0.0220439 -0.0115968 -0.0227502 -0.0179505 -0.00168208 0.00253232 0.0103884 0.016804 -0.0153386 -0.0142096 0.00716046 0.0124042 -0.0229091 -0.0218213 0.00455686 -0.0215239 -0.0241803 -0.0102665
internal_weight=1046.02 69.1227 976.898 957.986 771.039 739.054 674.258 64.7957 186.947 153.363 142.591 33.5846 10.7714 31.985 25.1334 25.5882 48.1922 40.4523 27.913 23.7838 18.9116 12.5393 8.45117 6.39681 20.9306 7.73991 5.86333 10.5304 13.0483 3.45197
internal_count=14251 3965 10286 9191 7649 6974 6408 566 1542 1030 946 512 84 675 393 586 1417 921 696 554 1095 225 119 89 2548 496 102 196 993 81
is_linear=0
shrinkage=0.03


Tree=225
num_leaves=26
num_cat=0
split_feature=29 36 31 16 33 16 47 38 16 13 47 39 39 48 34 24 27 47 13 6 15 24 49 14 13
split_gain=5.79413 5.69903 6.65791 6.49967 13.1683 14.607 10.0808 10.0422 8.38441 7.09022 6.29622 6.013 5.92814 5.16258 4.46307 3.20815 3.08152 2.33126 2.75056 1.47504 1.40379 0.605661 0.233866 0.0509203 0.0158422
threshold=0.90309548377990734 0.33980445563793188 0.023414977826178077 0.32519531250000006 54.678840637207038 0.38964843750000006 0.8996713161468507 0.71875000000000011 0.31347656250000006 32.30980300903321 0.69625782966613781 0.86500561237335216 0.94223245978355419 0.35573129355907446 0.44415993988513952 0.20575568825006488 0.95996502041816723 0.63183885812759411 32.30980300903321 0.029753289185464386 0.96666666865348827 0.20247369259595874 1.0152879953384402 32.311723709106452 63.558597564697273
decision_type=2 2 2 2 2 2 2 2 2 2 2 2 2 2 2 2 2 2 2 2 2 2 2 2 2
left_child=20 2 11 7 5 -5 -6 8 -4 -9 17 15 13 -13 -14 21 -12 18 -3 -17 23 -2 24 -1 -22
right_child=1 10 3 4 6 -7 -8 9 -10 -11 16 12 14 -15 -16 19 -18 -19 -20 -21 22 -23 -24 -25 -26
leaf_value=-0.026686963728937491 -0.0042521318182436795 0.028633691248231934 0.00011387145322009684 -0.013367916516964591 0.0031328644754853537 0.0083593214421385804 -0.0091553385358316784 -0.011393396465016335 0.01219773025793932 0.038763881256906649 0.012813745158928325 -0.0079326663315921545 0.0046536508015144621 0.017162742636500607 -0.022722665145670902 0.00057876482183152715 -0.017608469517199372 0.037373508184999876 0.00025343803670300054 -0.031621928863803092 -0.0046527279395874319 0.020519702430143193 0.014092668878433549 0 0
leaf_weight=7.9906665647868031 0.94392177276313549 4.7571459291502887 229.49415119737387 125.91934190259781 400.73788298619911 34.754096639226191 69.595172271481715 2.6347742155194274 65.898826244985685 10.750200602225958 4.1389221055433136 12.928124714177104 7.0307266602758345 14.663579352665691 16.662302612676285 1.1666178735904384 6.1564021301455796 6.4383594514802089 7.0996141787618399 13.39574190287385 0.29784389759879637 0.73870299756526947 0.32971306494437158 0.22383282752707589 0.21858301863539964
leaf_count=1086 67 26 3222 1106 4084 269 2338 83 657 66 33 219 114 163 240 15 45 38 55 275 42 4 10 24 27
internal_value=4.32001e-06 0.000227013 -0.000151087 0.000503656 -0.00123812 -0.00862706 0.00129265 0.00406527 0.00285182 0.0285764 0.0132047 -0.00918105 -0.00387531 0.00543314 -0.014618 -0.0245611 -0.0050609 0.0233685 0.0132149 -0.0289781 -0.0226499 0.00909999 0.00604418 -0.0262663 -0.00302078
internal_weight=1044.97 1035.9 1007.31 939.784 631.006 160.673 470.333 308.778 295.393 13.385 28.5904 67.5297 51.2847 27.5917 23.693 16.245 10.2953 18.2951 11.8568 14.5624 9.06064 1.68262 0.84614 8.2145 0.516427
internal_count=14308 13119 12922 11825 7797 1375 6422 4028 3879 149 197 1097 736 382 354 361 78 119 81 290 1189 71 79 1110 69
is_linear=0
shrinkage=0.03


Tree=226
num_leaves=28
num_cat=0
split_feature=1 20 25 28 28 28 5 27 27 16 21 4 28 24 32 32 9 39 48 50 6 29 14 18 31 31 31
split_gain=6.69855 8.42329 7.64656 12.1496 11.2101 15.0729 10.1494 14.5435 17.1619 12.925 7.75506 7.44107 8.77031 6.30881 5.88318 4.76613 4.74688 4.50517 3.32681 3.21148 2.93491 2.80002 2.67498 2.09387 1.69024 0.85595 0.155762
threshold=0.83616966009140026 0.029439321719110016 0.14662452042102816 0.57466185092926036 0.63096213340759288 0.74573025107383739 0.15394009649753573 0.98248362541198742 0.97642099857330333 0.20996093750000003 51.913301467895515 0.8076419234275819 0.80948555469512951 0.25699222087860113 0.036492394283413894 0.044481433928012855 2.0759521722793584 0.94223245978355419 0.14293828606605533 0.33359527587890631 0.12205877900123598 0.97012647986412059 6.5802237987518319 0.44140625000000006 0.026279789395630363 0.024911994114518169 0.028423626907169822
decision_type=2 2 2 2 2 2 2 2 2 2 2 2 2 2 2 2 2 2 2 2 2 2 2 2 2 2 2
left_child=1 11 6 21 14 -6 7 8 -3 16 -11 24 15 26 -5 18 -8 25 -13 -15 -9 23 -17 -4 -1 -2 -14
right_child=17 2 3 4 5 -7 9 20 -10 10 -12 12 13 19 -16 22 -18 -19 -20 -21 -22 -23 -24 -25 -26 -27 -28
leaf_value=-0.0044581554520983181 0.035299389448918382 -0.00030054117285179921 -0.018130317376785478 -0.0025174987603900421 -0.010257448399264471 0.00076384167887974053 -0.029558184190917536 0.0004850499966902061 -0.034469882435568401 0.014951126696163785 -0.0012261776278242643 0.006875414201079161 -0.0040703806147691793 -0.001363129437986905 0.027757576249333272 -0.019232777470079988 0.015222865302895815 -0.0037785630195884771 -0.032148790764531379 0.037194505502614383 0.036679503610929025 -0.036875264257914112 0.020663834292509158 0.0242336937097948 0.026958670029751594 0.014349487725129249 -0.024542918690919218
leaf_weight=1.6776539045386005 6.3688509464263934 53.631255159154534 1.4754144141916179 7.9248665607301545 138.72350715461653 554.07947009790223 9.1231898581609112 2.9061952072661352 16.648509822553024 120.31597239826806 33.570918681914918 1.6490737749263704 1.3057796112261693 2.8663269957760349 17.479219908593222 1.6435548227746029 1.9311399958096434 5.6951482640579334 24.975488932221197 3.908845329657197 7.4555107408668846 9.4460531584918481 2.5053433012217283 0.82333141961134959 3.825144867412746 6.2095888033509254 2.7405456018168479
leaf_count=32 35 678 67 151 2070 7502 248 58 188 1385 443 19 31 53 248 55 26 38 598 41 77 87 17 17 51 39 58
internal_value=2.66019e-05 -0.000300455 0.000300508 -0.00123762 -0.000717101 -0.00145029 0.00487096 -0.00379369 -0.008807 0.00912261 0.0114175 -0.012558 -0.016954 0.005678 0.0184619 -0.0249352 -0.0208724 0.0175511 -0.0294617 0.022419 0.0277281 -0.0302786 0.00361066 0 0.0177065 0.0269965 -0.0206466
internal_weight=1040.91 1022.63 975.535 729.952 718.207 692.803 245.583 80.6415 70.2798 164.941 153.887 47.0978 41.595 10.8215 25.4041 30.7735 11.0543 18.2736 26.6246 6.77517 10.3617 11.7448 4.1489 2.29875 5.5028 12.5784 4.04633
internal_count=14312 14200 13245 10142 9971 9572 3103 1001 866 2102 1828 955 872 183 399 689 274 112 617 94 135 171 72 84 83 74 89
is_linear=0
shrinkage=0.03


Tree=227
num_leaves=27
num_cat=0
split_feature=45 39 24 50 13 28 43 20 19 31 27 29 21 21 16 34 29 9 28 30 34 5 47 27 42 1
split_gain=6.05766 5.80706 5.7165 8.30769 11.1567 10.202 10.1313 9.25277 11.3072 10.6279 7.29784 9.69271 8.60244 7.61272 11.4193 11.2127 6.21444 5.42486 3.18156 2.54592 2.51291 1.96368 1.85958 1.52916 0.337771 0.1938
threshold=0.027880853042006496 0.99311453104019176 0.25464542210102087 0.2631984949111939 33.923471450805671 0.86146211624145519 0.58596333861351024 0.033036375418305404 0.096803274005651488 0.038994956761598594 0.89643964171409618 0.99900847673416149 51.913301467895515 52.085144042968757 0.30175781250000006 0.4744658917188645 0.99950239062309276 1.1937053799629214 0.65201973915100109 0.41796875000000006 0.43346749246120458 0.39066232740879064 0.79480165243148815 0.97607484459877025 0.39148551225662237 0.7367990016937257
decision_type=2 2 2 2 2 2 2 2 2 2 2 2 2 2 2 2 2 2 2 2 2 2 2 2 2 2
left_child=18 2 10 4 6 -6 -4 9 -9 -5 11 12 -2 14 -12 -15 -13 -3 20 23 -1 25 -21 24 -20 -22
right_child=1 17 3 7 5 -7 -8 8 -10 -11 13 16 -14 15 -16 -17 -18 -19 19 22 21 -23 -24 -25 -26 -27
leaf_value=-0.020263275269248912 0.0047178677471436115 -0.0052321163382249023 0.0041069851302817087 -0.0019003249938310857 0.011893010055217311 -1.8330821442562533e-05 -0.012296976772069533 -0.0090853348927828308 0.010420444500610205 0.021525611369442987 -0.00011469965081821736 0.031507151639748328 -0.010351159483207016 -0.014955869336089276 -0.027043102862800289 0.0058910880214906799 -0.0060586408310551003 0.038434290611342584 -0.013959292441934654 -0.016470956780013313 0.00653587484290732 -0.010088064681643921 0.018762654560189967 -0.0094943784626414177 -0.038192120129623967 0.027201560761494832
leaf_weight=2.3053551805205661 85.091000566608272 3.552117233979514 83.11575593764428 47.047228949144483 188.70052483235486 97.457364299800247 55.65313937002793 158.07695073797368 31.148683075094596 26.371167652308941 24.159986955695786 13.335911661386492 55.381323478301056 37.36633266415447 34.106515576946549 57.693273465498351 4.9128106560092411 5.907314816955477 2.8452636525034922 1.5738503134343766 1.9401197469560427 1.8311841764952985 1.8044792123837394 5.2440900206565848 6.305758593371138 2.3034256240352988
leaf_count=30 1134 48 1251 871 1210 1039 1419 2247 644 477 427 133 908 603 503 862 57 42 26 16 49 32 47 50 68 15
internal_value=0.000197119 0.000575681 0.000339612 0.00187013 0.00446111 0.00783996 -0.00249126 -0.0023114 -0.00582079 0.00664991 -0.00301838 0.00147391 -0.00123308 -0.00766759 -0.0161183 -0.00234266 0.0214487 0.0228177 -0.0137817 -0.0206546 0.00112324 0.0113804 0.00165033 -0.0258513 -0.0330705 0.0213738
internal_weight=1035.23 1009.08 999.618 687.571 424.927 286.158 138.769 262.644 189.226 73.4184 312.047 158.721 140.472 153.326 58.2665 95.0596 18.2487 9.45943 26.1535 17.7734 8.38008 6.07473 3.37833 14.3951 9.15102 4.24355
internal_count=14208 13875 13785 9158 4919 2249 2670 4239 2891 1348 4627 2232 2042 2395 930 1465 190 90 333 207 126 96 63 144 94 64
is_linear=0
shrinkage=0.03


Tree=228
num_leaves=15
num_cat=0
split_feature=6 23 6 23 29 28 21 21 16 22 4 1 37 32
split_gain=5.53363 6.55387 6.17646 6.54594 14.106 10.4425 10.1826 27.5817 11.2003 8.95891 2.42456 1.60395 0.868535 0.256418
threshold=13.226967871189119 0.75500673055648815 0.18542132526636126 0.62264883518219005 0.94822731614112865 0.8884992003440858 53.638559341430671 50.558847427368171 0.34472656250000006 0.6035887897014619 0.83760616183280956 0.82775169610977184 0.096619714051485076 0.050700973719358451
decision_type=2 2 2 2 2 2 2 2 2 2 2 2 2 2
left_child=1 2 3 6 9 -6 7 -1 -8 -5 -4 -3 -12 -14
right_child=-2 11 10 4 5 -7 8 -9 -10 -11 12 -13 13 -15
leaf_value=0.00051592953668658508 0.027619249906376049 -0.027066199702838665 0.014367028258482075 -0.018549484243703014 0.011745832471547778 -0.018981833570934813 0.015197775445302868 -0.01786088217846513 0.00083787906827869035 0.011782521549996589 0.0014286738588212364 0.013421430007848312 -0.028919260283117944 -0.0015762325439122376
leaf_weight=305.24805347295478 5.6748051289468995 8.4933140125358442 0.83307787077501316 29.352215081686154 146.33273366070352 9.7184728052234259 55.623956040479243 95.679253119509667 363.05873768031597 11.402644366724415 0.70436837058514257 0.27600774727761823 8.6551970215514267 0.68531647068448442
leaf_count=2836 149 998 28 1359 1934 168 450 811 4792 322 19 4 345 62
internal_value=0.000387874 0.000209339 0.000444348 0.000697873 0.00559743 0.00970441 -0.000480349 -0.00389567 0.00278447 -0.00991222 -0.0210564 -0.0242414 -0.0253006 -0.0275497
internal_weight=1041.74 1036.06 1027.29 1016.42 196.806 156.051 819.61 400.927 418.683 40.7549 10.878 8.76932 10.0449 9.34051
internal_count=14277 14128 13126 12672 3783 2102 8889 3647 5242 1681 454 1002 426 407
is_linear=0
shrinkage=0.03


Tree=229
num_leaves=26
num_cat=0
split_feature=22 22 36 32 6 42 34 5 34 29 34 27 41 29 35 14 33 34 14 21 31 19 4 48 29
split_gain=5.7836 7.98798 6.45976 5.72692 9.51478 9.44606 7.14406 6.98213 6.62117 5.98605 17.9053 11.693 11.6703 8.09811 8.39348 5.79511 5.5787 5.55541 5.0872 4.09539 2.97014 0.931926 0.829956 0.783059 0.104424
threshold=0.74755322933197033 0.72011429071426403 0.25647836923599249 0.033038433641195304 0.10273755714297296 0.64676174521446239 0.61090752482414257 0.09067369252443315 0.50147122144699108 0.9640149474143983 0.44490811228752142 0.96862426400184642 0.93568310141563427 0.96542575955390941 0.3768067210912705 2.244282722473145 42.694637298583991 0.39643569290637976 19.211993217468265 45.414804458618171 0.065003652125597014 0.038009788841009147 0.9060555398464204 0.16771896183490756 0.96963343024253856
decision_type=2 2 2 2 2 2 2 2 2 2 2 2 2 2 2 2 2 2 2 2 2 2 2 2 2
left_child=1 3 19 4 6 7 17 -6 -7 10 12 -12 -5 20 -15 -8 -4 -1 23 -2 -11 -21 -18 -3 -25
right_child=2 18 16 9 5 8 15 -9 -10 13 11 -13 -14 14 -16 -17 22 -19 -20 21 -22 -23 -24 24 -26
leaf_value=-0.0017260601250476911 0.014058827558519026 -0.0056178826264202501 -0.010931719457325004 0.010738707617448403 0.014878624244953792 -0.0012956245561295419 -0.022169388223662347 -0.017895469400880066 0.033342245692941745 0.033762668846258108 -0.022488116412167851 -0.0032567411889368506 -0.025564962154821 -0.013061756269876608 0.0020311725213285311 0.019994188737085247 0.01257725588649128 -0.024952188962267221 0.010554958025670941 -0.029016047214359717 0 -0.002805484127620226 0.034382487682031844 -0.014589197217218424 -0.03994560540639213
leaf_weight=12.775381313287651 4.3456585011445004 1.5591365329455573 3.0370727512054172 70.715270251850598 7.4143635682994526 8.1248538342770207 3.3686596630141121 18.364831010927446 10.898504715412853 8.5683047987986338 50.011879804893397 66.246043899445795 7.9703743705758816 33.917336300481111 648.35050127981231 7.9415521959308535 4.2352546132169655 37.618810933548957 2.5411482695490113 3.5523117212578654 3.2049273976590475 2.3629899239167571 11.424985271412877 2.2538112113252264 6.3634340942371637
leaf_count=173 53 18 28 1118 98 153 52 470 178 53 1414 1708 576 620 6555 101 50 549 29 54 54 48 86 38 81
internal_value=-0.000316114 -0.000704238 0.0126691 -0.000387475 -0.00692904 0.0035053 -0.0144882 -0.00815367 0.0190727 0.000399788 -0.00422755 -0.0116765 0.00674905 0.00170805 0.00125845 0.00641163 0.0227907 -0.0192707 -0.023445 -0.00589392 0.0253895 -0.0208993 0.0297743 -0.0323883 -0.0358322
internal_weight=1037.17 1008.21 28.9583 995.492 106.507 44.8026 61.7044 25.7792 19.0234 888.985 194.944 116.258 78.6856 694.041 682.268 11.3102 18.6973 50.3942 12.7175 10.261 11.7732 5.9153 15.6602 10.1764 8.61725
internal_count=14357 14038 319 13872 1774 899 875 568 331 12098 4816 3122 1694 7282 7175 153 164 722 166 155 107 102 136 137 119
is_linear=0
shrinkage=0.03


Tree=230
num_leaves=31
num_cat=0
split_feature=0 40 41 40 34 33 34 41 23 27 27 20 28 18 21 25 41 0 47 36 10 22 46 38 7 32 40 23 37 4
split_gain=5.69476 6.34368 16.8922 10.5625 10.4487 6.90844 6.79609 5.80119 7.11177 5.44906 7.80653 5.59816 8.11581 6.88677 6.77953 6.26035 5.20415 5.04861 4.95438 4.8962 4.77137 4.8678 4.38828 4.33265 4.31012 4.25626 3.67223 3.57217 3.45958 3.19715
threshold=12.988608360290529 0.94893994927406322 0.83083519339561474 0.9806315302848817 0.45944646000862127 66.257537841796889 0.55648416280746471 0.85662519931793224 0.52144470810890209 0.7129841446876527 0.61063656210899364 0.029439321719110016 0.85872095823287975 0.14453125000000003 31.638094902038578 0.14662452042102816 0.99420139193534862 8.6687278747558612 0.49817529320716863 0.26329404115676885 0.62500000000000011 0.42513066530227667 0.99782127141952526 0.59375000000000011 1.457831144332886 0.035636959597468383 0.95209553837776195 0.46461577713489538 0.23951667547225955 0.90113490819931041
decision_type=2 2 2 2 2 2 2 2 2 2 2 2 2 2 2 2 2 2 2 2 2 2 2 2 2 2 2 2 2 2
left_child=1 9 3 5 -5 6 -3 8 22 10 20 12 13 -11 24 -16 23 -14 -7 -4 -1 -22 -2 -12 -13 -9 -21 -24 -28 -27
right_child=7 2 19 4 -6 18 -8 25 -10 11 16 14 17 -15 15 -17 -18 -19 -20 26 21 -23 27 -25 -26 29 28 -29 -30 -31
leaf_value=-0.018199293923880904 0.025774040053586182 0.019465809323003912 -0.02404419160127981 0.018919496209779358 -0.023678176615241301 -8.519964313400846e-05 -0.0094211409865482178 -0.021727768210140271 -0.026094719699014855 0.005072884193963588 0.033084663746070352 -0.0083730292601338959 0.035425684719715897 -0.024156687861538861 0.0039957984399503947 -0.0020075903232020386 -0.015836135393887587 -0.013626057042379151 0.037374222343836319 -0.025176776593153795 -0.016497198435375223 0.027229727794659202 0.016509452318758954 0.0055615417364581823 0.03094833681578274 -0.013876478116885388 0.027160104312447971 -0.023318878570220355 -0.013493788493162781 0.025975338385818513
leaf_weight=9.9818614013493079 3.7651488732080889 23.743088885210454 14.771675275871532 8.391857875511052 10.545220792293547 3.495859062299135 9.5468450793996436 2.3162705381400874 21.63348928198684 9.1947474647313339 15.932469172868883 2.718284035101532 4.0485622993437564 26.767230067634955 212.49466801795643 582.01962773303967 2.5100217662984496 2.2261842833831906 22.038367371074855 1.9035285187419484 2.750521319685503 5.0807850293349475 2.1253184732049704 8.4810902017634344 9.0201656036078912 1.5425708380062113 4.6328169564949349 4.9775702366605401 1.9784854573663322 7.0235997119452804
leaf_count=97 30 180 609 51 74 19 81 131 1191 158 129 26 48 522 2563 7369 85 40 139 25 56 49 35 120 120 63 49 76 90 97
internal_value=0.000269434 0.000740862 0.00782709 0.0145282 -0.00464865 0.0207264 0.011061 -0.0102404 -0.0164945 -6.52804e-05 0.010018 -0.000611623 -0.0111285 -0.0166671 -4.38633e-05 -0.000395195 0.0199598 0.0181296 0.0323227 -0.0141034 -0.00511116 0.0114032 0.00295114 0.0242365 0.0216647 0.00800161 0.00354135 -0.0104645 0.0144255 0.0177849
internal_weight=1037.66 994.274 101.048 77.7612 18.9371 58.8242 33.2899 43.384 32.5015 893.226 44.7367 848.489 42.2367 35.962 806.253 794.514 26.9236 6.27475 25.5342 23.2865 17.8132 7.83131 10.868 24.4136 11.7384 10.8824 8.51483 7.10289 6.6113 8.56617
internal_count=14322 12699 1317 544 125 419 261 1623 1332 11382 536 10846 768 680 10078 9932 334 88 158 773 202 105 141 249 146 291 164 111 139 160
is_linear=0
shrinkage=0.03


Tree=231
num_leaves=31
num_cat=0
split_feature=41 4 4 4 7 40 14 29 19 27 24 5 45 32 34 6 18 47 19 23 34 34 30 24 40 22 33 22 22 40
split_gain=5.54983 5.25848 10.5102 17.8974 9.73972 10.6518 9.39923 12.1206 10.9257 9.21703 11.2526 8.97528 8.74294 7.20782 7.15928 5.79351 5.61842 6.54245 5.05069 4.90984 4.32539 4.29593 3.50246 4.24382 2.25191 1.21569 1.03722 0.271516 0.254015 0.241997
threshold=0.998783439397812 0.98343965411186229 0.94211879372596752 0.94110789895057689 1.055040240287781 0.63732847571372997 7.5446379184722909 0.94822731614112865 0.058466274291276939 0.98738473653793346 0.34050300717353826 0.066810909658670439 0.36360998451709753 0.034327652305364616 0.53720495104789745 0.12736423313617709 0.57421875000000011 0.80451235175132763 0.058466274291276939 0.4066628515720368 0.56662249565124523 0.47550165653228765 0.19921875000000003 0.2912795096635819 0.49655142426490789 0.83164349198341381 32.397251129150398 0.37296865880489355 0.36003781855106359 0.66716009378433239
decision_type=2 2 2 2 2 2 2 2 2 2 2 2 2 2 2 2 2 2 2 2 2 2 2 2 2 2 2 2 2 2
left_child=1 2 3 6 14 12 8 -8 -1 13 -11 22 15 -7 24 -6 17 -13 -5 21 -18 -2 -4 -24 -3 26 -21 28 -28 -23
right_child=19 4 11 18 5 9 7 -9 -10 10 -12 16 -14 -15 -16 -17 20 -19 -20 25 -22 29 23 -25 -26 -27 27 -29 -30 -31
leaf_value=0.0013436114062644953 0.035997493643601872 0.02314564440592078 -0.038489904156844564 -0.049329817045326428 -0.017111030176530737 -0.010888822148153269 -0.013966514031095187 0.0081466180524309983 -0.012580223290771323 -0.021382806528739827 0.022471253353029262 0.032573700456535945 0.030273060434330343 0.0030330845421552223 0.056938966417049541 0.0011913685750915162 -0.015079371463214156 0.0065245627723089037 -0.0061127858633855227 0.0037011439087682959 0.021866080769525481 0 -0.023049705390767391 0.027954060004384183 -0.017154491315046629 0.007328584310667647 -0.012414563393442348 -0.029848346862553336 0.0041320583211021163 -0.01889269637573408
leaf_weight=191.34692457865458 1.8474887898191834 1.044919031672179 2.5521980090998104 6.9794600547756982 74.34771280142013 37.021274675731547 23.853618648601696 216.69001696165651 67.802075353101827 31.063529460283462 5.3883591582998625 25.362010387703776 3.3567301118746391 276.32636987243313 3.307263181079179 19.082575172418728 6.5451649356400576 14.310123782488516 4.2038051331182942 0.5776506483089151 3.5752272615209222 0.92564959637820754 1.9940305964555594 1.8698860984295604 2.178584314417094 0.47696779295802194 0.77911433018743881 11.327872621826826 0.51780606806278229 1.5043313729111103
leaf_count=2884 33 9 22 49 971 498 807 1547 1621 416 44 185 46 3212 55 405 130 183 52 12 47 14 35 35 73 12 66 756 13 53
internal_value=-9.71449e-05 0.000198612 0.00212492 0.000751702 -0.00220496 -0.0027757 0.00163017 0.0058926 -0.00232215 -0.000319004 -0.0143932 0.0143222 -0.0115297 0.00134929 0.031611 -0.0133681 0.0186615 0.0236427 -0.0351659 -0.0161826 -0.000965259 0.00972946 -0.016924 0.00168865 -0.000993495 -0.0246004 -0.0263999 -0.0281679 -0.00557932 -0.0140396
internal_weight=1038.16 1020.2 567.085 510.876 453.117 446.587 499.693 240.544 259.149 349.8 36.4519 56.2086 96.787 313.348 6.53077 93.4303 49.7925 39.6721 11.1833 17.9569 10.1204 4.27747 6.41611 3.86392 3.2235 13.6794 13.2024 12.6248 1.29692 2.42998
internal_count=14285 13326 7597 6960 5729 5592 6859 2354 4505 4170 460 637 1422 3710 137 1376 545 368 101 959 177 100 92 70 82 859 847 835 79 67
is_linear=0
shrinkage=0.03


Tree=232
num_leaves=26
num_cat=0
split_feature=23 0 15 13 23 4 37 9 39 39 32 37 50 4 45 14 14 5 7 29 39 6 49 22 6
split_gain=5.2957 4.74237 6.1243 7.11275 7.79208 17.6695 7.88171 6.55636 6.82412 8.85508 4.70135 4.59935 4.9418 4.27677 3.86926 3.98396 3.5123 5.50285 6.12306 3.37747 2.39356 1.94588 0.981045 0.620747 0.409721
threshold=0.75899299979209911 4.0657601356506357 0.37087912857532507 24.14353179931641 0.64089995622634899 0.90665599703788768 0.19793491810560229 1.4269745349884035 0.97977837920188915 0.97413951158523571 0.04167591221630574 0.21741767972707751 0.31798654794692999 0.87356704473495495 0.073284186422824873 3.4843914508819585 2.108245968818665 0.1615608632564545 1.3375934362411501 0.94955009222030651 0.95388060808181774 13.226967871189119 0.18191763758659366 0.32537266612052923 0.19021484255790713
decision_type=2 2 2 2 2 2 2 2 2 2 2 2 2 2 2 2 2 2 2 2 2 2 2 2 2
left_child=1 13 7 14 6 -6 -5 8 9 -3 -10 19 -13 20 -4 -16 23 18 -18 -9 -1 -2 -22 -15 -19
right_child=21 2 3 4 5 -7 -8 11 10 -11 -12 12 -14 16 15 -17 17 24 -20 -21 22 -23 -24 -25 -26
leaf_value=-0.01355080884498349 -0.026688243874846151 0.0026826069908361702 0.054926658368331292 -0.0056427804868666486 0.020144246335257771 -0.0038751843639818579 0.0014062758211600696 -0.0028930899880036083 -0.00078579918782861898 0.023316594471472423 -0.023572936827494822 0.012780830453021601 -0.025209090565235296 0.0012904978485979686 -0.019728557438423156 0.028274161131312928 0.037527881791903688 -0.025316915272697287 -0.0070691154007708496 0.028130908666854231 0.0012047556806522055 0.012697806821437738 0.034195339669272559 -0.028435813898640597 0.0010774289555637222
leaf_weight=1.3085217511979852 7.612530874903312 201.84047757415101 2.0478415046818546 316.10121772333514 46.253431343240663 65.160501892445609 258.07359550998081 3.2980392789468196 21.721998393535614 19.761110622901469 12.397174543351865 9.1063567978562769 3.4256705895531914 0.37610218313057231 1.8219181501772252 2.4865146451629698 3.1036959993653017 7.19455462694168 7.5857687831157818 20.378491483163089 1.4620400161948057 0.59133992344140995 2.1294909645803273 10.99630941293435 0.25073450477793802
leaf_count=97 939 2497 28 2648 505 1244 2312 79 245 214 175 117 39 20 54 53 79 848 548 148 50 4 24 1281 26
internal_value=0.000196426 0.000403688 0.000793936 -0.000740592 -0.00105813 0.00616027 -0.0024723 0.0044315 0.0026938 0.00463258 -0.00958638 0.0162211 0.00107896 -0.010378 0.0285897 0.00751745 -0.0147229 -0.00573846 0.00772569 0.0237457 0.0133385 -0.0224522 0.0246062 -0.0271854 -0.0240505
internal_weight=1026.49 1018.28 983.874 691.945 685.589 111.414 574.175 291.929 255.721 221.602 34.1192 36.2086 12.532 34.4072 6.35627 4.30843 29.5072 18.1348 10.6895 23.6765 4.90005 8.20387 3.59153 11.3724 7.44529
internal_count=14274 13331 10358 6844 6709 1749 4960 3514 3131 2711 420 383 156 2973 135 107 2802 1501 627 227 171 943 74 1301 874
is_linear=0
shrinkage=0.03


Tree=233
num_leaves=31
num_cat=0
split_feature=32 6 36 34 34 42 5 25 0 13 5 5 23 9 29 45 20 19 20 20 20 50 23 22 5 50 22 32 23 41
split_gain=6.66785 9.06792 7.2911 6.83943 9.03588 7.49222 6.79676 6.1078 5.35312 6.04476 6.16381 9.20921 6.47867 5.3267 5.19123 5.10822 4.81696 8.89293 5.29388 4.94941 4.40001 3.89389 3.98943 3.20505 6.31947 3.81035 3.14503 3.3258 2.56622 2.3184
threshold=0.033038433641195304 0.10273755714297296 0.24753774702548983 0.3509634137153626 0.46302290260791784 0.64676174521446239 0.26514565944671636 0.20981169492006305 12.988608360290529 59.213825225830085 1.5893263816833498 1.2785601615905764 0.62015998363494884 8.5653100013732928 0.98530527949333202 0.10564142465591432 0.042329763993620879 0.044705623760819442 0.044041408225893981 0.035021346062421806 0.032440342009067542 0.3303236067295075 0.47714109718799597 0.3319449126720429 0.027785272337496284 0.08674615249037744 0.45787079632282263 0.037286041304469116 0.46461577713489538 0.69949829578399669
decision_type=2 2 2 2 2 2 2 2 2 2 2 2 2 2 2 2 2 2 2 2 2 2 2 2 2 2 2 2 2 2
left_child=1 2 15 -3 29 7 -7 -6 9 10 11 12 -2 -11 -13 -1 17 19 -18 20 -10 22 -17 -4 -25 -26 27 -12 -19 -5
right_child=8 3 23 4 5 6 -8 -9 16 13 26 14 -14 -15 -16 21 18 28 -20 -21 -22 -23 -24 24 25 -27 -28 -29 -30 -31
leaf_value=-0.023463620103069339 -0.00036688465904657653 0.036779795177684732 0.0025366687321407102 0.0028377663351591884 -0.016158716855944957 0.0033103749584994227 0.046808378800024898 0.021009409843998 -0.0096653921328935695 0.030364011333433812 -0.023876472310943968 0.002063470827221585 0.0064768662918766222 -0.00064637155691031178 0.029253141783221179 -0.0070200636158068482 0.028374204194504871 0.010806979325305582 -0.018175014709041235 -0.024760928783661561 0.029222980167615552 -0.021525505735331012 0.026563959949317886 0.019766688698423174 -0.00047609216775479119 -0.031217910147584817 -0.029137805892201843 0.015731930088820404 -0.031155941561963767 -0.028542461119067969
leaf_weight=4.8212667553452802 668.08303234702908 3.8895178362727156 4.0337901938473797 2.2533566327765575 12.051406932296237 7.0509984425734711 5.5303698889911175 4.7162122412119052 3.4657378837000596 11.107374773826452 2.2514357848558566 10.922716222470628 151.80132633540779 8.0895762494765204 15.471327279228715 4.044928846647962 4.5597646094392976 0.82962512969970958 2.6917851173784584 2.9047006494365624 5.8133123598527163 2.08990085707046 8.6522558369906601 1.9718851384241123 4.3729345127940169 29.873068359098397 8.0043250196613354 3.6073807771317661 16.579881591373123 9.1177391711389628
leaf_count=105 7129 86 60 17 276 134 76 81 98 159 23 167 3187 50 170 67 73 13 166 101 96 90 93 15 32 441 130 70 798 232
internal_value=0.000226793 -0.00691327 -0.0144586 0.00324078 -0.000695703 0.00805721 0.0246903 -0.00494156 0.00105087 0.00152768 0.00114165 0.00147961 0.000902926 0.0177627 0.0185968 0.000431221 -0.00998899 -0.0153199 0.0106229 0.00403968 0.014879 0.00940482 0.0159147 -0.0216194 -0.0243863 -0.0275024 -0.0179986 -0.00031344 -0.0285149 -0.0223548
internal_weight=1020.65 104.47 59.86 44.6096 40.7201 29.349 12.5814 16.7676 916.183 879.338 860.142 846.278 819.884 19.197 26.394 19.6084 36.8448 29.5933 7.25155 12.1838 9.27905 14.7871 12.6972 40.2517 36.2179 34.246 13.8631 5.85882 17.4095 11.3711
internal_count=14235 1805 903 902 816 567 210 357 12430 11085 10876 10653 10316 209 337 355 1345 1106 239 295 194 250 160 548 488 473 223 93 811 249
is_linear=0
shrinkage=0.03


Tree=234
num_leaves=31
num_cat=0
split_feature=48 27 32 35 26 36 28 27 26 21 1 21 25 5 27 26 32 25 5 24 20 6 14 48 16 40 32 7 1 22
split_gain=6.52202 6.46692 8.74805 9.8959 11.5457 10.7982 9.71087 7.36722 10.8327 20.3651 16.9127 12.7504 11.2623 9.99954 7.78016 15.0482 14.6666 13.3687 14.5972 10.9884 7.73395 7.6335 6.48585 5.04955 4.77518 3.90623 3.08252 2.74303 2.36319 2.25887
threshold=0.16078976541757586 0.88230139017105114 0.051896968856453903 0.68646526336669933 0.71875000000000011 0.26109635829925543 0.9492211937904359 0.94129595160484325 0.71875000000000011 48.594696044921882 0.7317481040954591 41.651515960693366 0.1497621834278107 0.08215078711509706 0.98403856158256542 0.53125000000000011 0.038799794390797622 0.14662452042102816 0.42636458575725561 0.25464542210102087 0.03455083258450032 0.13263487815856936 8.5669212341308612 0.2052789852023125 0.43066406250000006 0.95621016621589672 0.043504342436790473 1.7426428198814394 0.59612426161766063 0.58054348826408397
decision_type=2 2 2 2 2 2 2 2 2 2 2 2 2 2 2 2 2 2 2 2 2 2 2 2 2 2 2 2 2 2
left_child=25 2 3 4 5 -2 -6 8 9 11 13 -3 -11 -10 15 16 -9 18 -16 -17 -19 -12 29 26 -25 27 -5 -1 -27 -4
right_child=1 7 22 23 6 -7 -8 14 10 12 21 -13 -14 -15 17 19 -18 20 -20 -21 -22 -23 -24 24 -26 28 -28 -29 -30 -31
leaf_value=0.0094354244307896986 0.00094171671311462041 -0.011732596703090381 0.021994161433382564 -0.0077189106191757218 -0.032398032129066778 0.019354503576349363 0.022000392056121372 -0.019970345564265374 -0.0065971539408134017 0.0036520259345624445 -0.039618303162320595 0.012375566118090441 -0.027545931790136525 0.025823063238670545 0.021733362628710121 -0.0052623616057216188 0.0042681804404011356 -0.025252641932926138 -0.030590343014918669 0.0073322651110328332 -0.0058586601267355395 0.011421545849938096 -0.0013333006060883943 -0.018822526272334283 0.026179548130732835 -0.014082501916343736 0.037461293378387203 -0.025778511856989098 0.025440243918746601 0.064921541368535132
leaf_weight=1.6144491657614768 55.243690625298768 37.461088502430357 4.2571690540062246 1.8322956883348553 9.8301081539830175 59.643768278765492 3.1945253899320951 46.49829218222294 11.803326296154408 12.317557250731623 7.8072330360300821 39.547316213371232 55.137774737202562 26.193518763058819 24.939542302396152 75.320602491265163 41.766732248361222 22.783699246239848 4.9288851656019679 338.5634439252317 91.588219726982061 3.1183679448440671 3.6659119515679777 26.104977886425335 1.3866380546241988 1.4222559275804081 1.948852466419339 15.612000935245304 2.1998274506768212 2.9013677813345566
leaf_count=53 779 556 62 82 136 536 49 622 174 239 83 478 681 351 300 1129 483 405 64 4499 1425 27 32 591 15 37 19 268 33 20
internal_value=4.41708e-05 0.000397552 0.0057172 0.00382062 0.00753306 0.0106111 -0.0182246 -0.000681341 -0.00580452 -0.00992814 0.00626702 0.000609518 -0.0218351 0.0157642 0.000853372 0.00262173 -0.00854782 -0.00525789 0.0122904 0.00502584 -0.00993348 -0.0250628 0.0306728 -0.011034 -0.0156082 -0.0161691 0.0179048 -0.0219771 0.0095829 0.0455854
internal_weight=1030.63 1009.78 170.009 159.185 127.912 114.887 13.0246 839.776 193.386 144.464 48.9224 77.0084 67.4553 37.9968 646.389 502.149 88.265 144.24 29.8684 413.884 114.372 10.9256 10.8244 31.2728 27.4916 20.8485 3.78115 17.2265 3.62208 7.15854
internal_count=14228 13837 2321 2207 1500 1315 185 11516 2589 1954 635 1034 920 525 8927 6733 1105 2194 364 5628 1830 110 114 707 606 391 101 321 70 82
is_linear=0
shrinkage=0.03


Tree=235
num_leaves=25
num_cat=0
split_feature=49 17 21 27 49 5 18 21 25 19 50 19 19 41 10 23 48 14 0 4 24 49 9 32
split_gain=6.13449 6.52953 13.6445 5.54524 5.22457 14.0659 10.8745 9.29655 10.6939 10.6062 8.42159 7.04225 11.4358 11.3689 6.97087 5.10189 5.01767 4.69414 2.78578 2.70728 2.52503 2.02694 1.63282 1.29637
threshold=1.403120279312134 0.97656250000000011 63.947973251342781 0.94958811998367321 0.7840978503227235 0.1443305239081383 0.72265625000000011 58.80177307128907 0.1528645604848862 0.063579622656106963 0.29926867783069616 0.072604585438966765 0.070155967026948943 0.83083519339561474 0.62500000000000011 0.72245800495147716 0.43790623545646673 4.8203964233398446 7.41094994544983 0.86852431297302257 0.29847328364849096 0.38630369305610662 0.57933819293975841 0.040209813043475158
decision_type=2 2 2 2 2 2 2 2 2 2 2 2 2 2 2 2 2 2 2 2 2 2 2 2
left_child=1 2 15 -2 6 10 11 8 -7 -9 16 12 -3 -13 -12 21 -6 -5 -17 -8 -21 23 -19 -1
right_child=3 4 -4 17 5 7 19 9 -10 -11 14 13 -14 -15 -16 18 -18 22 -20 20 -22 -23 -24 -25
leaf_value=0.015744619342277267 0.031605539794221926 0.0012549024638253508 0.033030293671244861 -0.018766453933395263 -0.0051262380714920328 -0.0026187889667026137 0.0089051238990433042 0.026998247909579921 -0.023254151419275518 -0.0088593699596895108 -0.0065001498205350342 0.013464463474416559 -0.02077722696443143 -0.0035267658669388383 0.026914135902095772 0.034464567983554059 0.0085065820953689301 0.024608831600505286 -0.015134047866833804 -0.029240810647714315 0.0016609943642247836 -0.037886016072359877 -0.0011382832686194814 -0.018066615985518019
leaf_weight=0.82680315314792752 9.3775083925575036 523.62730806588661 3.1732194890500969 4.96659135329537 72.488654999062419 37.56078200682532 1.8252187049947703 10.267564470414074 58.261128257610835 20.704832326155156 7.1040385204833028 101.34331466734875 21.091296518803574 53.314514072844759 19.45416533946991 1.0019510285928839 35.260892098303884 4.998171351850031 1.1379756180103866 14.040822272130756 2.48900451674126 12.747237852308897 3.0425805894192308 1.2724965556990353
leaf_count=42 44 7703 64 42 453 263 33 95 471 216 139 1006 284 1767 118 45 327 43 76 748 92 127 42 34
internal_value=3.30231e-05 -0.000319261 -0.0168074 0.0152244 3.4067e-05 -0.00358857 0.00135927 -0.0107214 -0.015307 0.00340648 0.00315255 0.00197437 0.00035982 0.00760285 0.0179558 -0.0276031 -0.000600132 0.00178725 0.0107137 -0.0208138 -0.0245873 -0.0336428 0.0154861 -0.00299874
internal_weight=1021.38 998.993 20.1597 22.3849 978.834 261.102 717.731 126.794 95.8219 30.9724 134.308 699.376 544.719 154.658 26.5582 16.9865 107.75 13.0073 2.13993 18.355 16.5298 14.8465 8.04075 2.0993
internal_count=14274 14103 388 171 13715 2082 11633 1045 734 311 1037 10760 7987 2773 257 324 780 127 121 873 840 203 85 76
is_linear=0
shrinkage=0.03


Tree=236
num_leaves=31
num_cat=0
split_feature=35 25 28 16 20 39 19 16 23 5 32 5 21 39 39 21 19 27 41 36 48 4 16 29 41 35 40 5 35 16
split_gain=5.23842 7.61734 8.05805 6.69134 5.29053 5.20828 6.17778 13.9505 14.7943 11.044 10.1939 13.2689 18.4946 12.4403 10.4879 9.11738 12.1313 8.60643 8.3489 7.66039 6.69341 5.15702 9.93064 4.93935 4.70411 3.84371 4.89066 3.78871 5.69422 3.49771
threshold=0.3768067210912705 0.15702964365482333 0.74573025107383739 0.45800781250000006 0.044740537181496627 0.85437244176864635 0.072604585438966765 0.41308593750000006 0.51871967315673839 0.13971733301877978 0.045818749815225608 0.11719531565904619 45.985294342041023 0.97885712981224071 0.97251147031784069 67.586017608642592 0.083218157291412367 0.99016046524047863 0.80321538448333751 0.32903383672237402 0.35029907524585729 0.92009019851684581 0.37988281250000006 0.99880871176719677 0.76976287364959728 0.44221200048923498 0.90950495004653942 0.058772550895810134 0.53739574551582348 0.42871093750000006
decision_type=2 2 2 2 2 2 2 2 2 2 2 2 2 2 2 2 2 2 2 2 2 2 2 2 2 2 2 2 2 2
left_child=1 -1 23 4 24 21 10 8 19 -10 11 12 -7 14 -12 16 -9 -13 -15 -8 -17 22 27 -3 -4 26 -23 -2 -29 -24
right_child=5 2 3 -5 -6 6 7 15 9 -11 13 17 -14 18 -16 20 -18 -19 -20 -21 -22 25 29 -25 -26 -27 -28 28 -30 -31
leaf_value=0.022773380672352368 0.020166766788029866 -0.040320743213590228 0.026100130691603812 -0.025677263757509724 -0.020918674399552698 0.0054829440002995928 0.023443123008865276 0.014805503186918827 0.010836069707428904 -0.016658984929081903 0.0082302511110458297 -0.00077383972169569606 -0.020168490475769893 0.006315095311684755 0.039222930658639264 -0.0049706585039882003 -0.015033286455462549 0.028116668638232728 -0.032938762218761075 -0.015307836123997068 0.018087498340272849 0.019636101217601606 0.037140389769939892 0 -0.011671032289259808 -0.013518539843746395 -0.020757113949192572 0.012041174297209358 -0.017794975365217697 0
leaf_weight=4.4821954048238686 3.2863533222116557 11.575547939399256 9.5272409308236146 7.4165815082378677 3.6926270409603594 37.098092138534412 64.718859767192043 14.44001356186345 31.841896960628219 20.922817951301113 72.361452010693029 412.74275506963022 75.179817649419419 8.6760999723337608 10.672216816805301 19.303176897345111 59.311006233503576 8.4921788068022561 9.1339016464771685 4.1722025191411367 24.790438890107907 6.7777059410000202 7.0173440735088644 3.5281390356831244 3.3357376547064623 63.961071840138175 3.128208345035091 6.9103083075024214 20.757842528517358 3.2583727275487036
leaf_count=74 37 168 99 327 59 398 544 236 506 483 907 5198 954 70 120 519 1044 91 197 36 316 65 70 54 118 1091 54 78 392 49
internal_value=-0.000616447 -0.0106796 -0.0150642 -0.00372889 0.00683521 -0.000159848 0.000629496 0.00472612 0.0118147 -0.000117825 -0.000917462 -0.00257772 -0.0116929 0.00777573 0.0126688 -0.00260433 -0.00903099 -0.000119086 -0.0143377 0.0208679 0.00804026 -0.00613246 0.00227759 -0.0315203 0.0159533 -0.0108345 0.0058715 -0.00624291 -0.0100785 0.0264881
internal_weight=1032.51 43.5581 39.0759 23.9722 16.5556 988.954 873.857 239.5 121.656 52.7647 634.357 533.513 112.278 100.844 83.0337 117.845 73.751 421.235 17.81 68.8911 44.0936 115.097 41.2302 15.1037 12.863 73.867 9.90591 30.9545 27.6682 10.2757
internal_count=14354 899 825 603 276 13455 11619 3684 1569 989 7935 6641 1352 1294 1027 2115 1280 5289 267 580 835 1836 626 222 217 1210 119 507 470 119
is_linear=0
shrinkage=0.03


Tree=237
num_leaves=31
num_cat=0
split_feature=18 5 5 25 28 5 23 23 36 24 16 17 32 41 39 5 24 21 17 14 34 16 34 27 48 34 21 35 35 9
split_gain=6.61517 6.19502 11.5413 15.3037 18.7207 15.5385 10.4426 9.14857 8.94036 8.60098 14.5338 14.8829 7.94448 7.92644 8.74056 7.89055 16.0027 11.2837 7.24682 7.05399 6.376 4.71503 3.8615 3.85826 3.11149 2.06112 1.64037 1.0771 1.32945 0.522866
threshold=0.83203125000000011 0.17219264805316928 0.29970858991146093 0.15428351610898974 0.95588457584381115 0.2329385504126549 0.67713260650634777 0.69282349944114696 0.22990413755178454 0.33760839700698858 0.37207031250000006 0.99218750000000011 0.038038311526179321 0.84142243862152111 0.95340165495872509 0.10473359748721124 0.33143572509288793 51.753787994384773 0.97656250000000011 1.1850050687789919 0.47550165653228765 0.26855468750000006 0.29226689040660864 0.95176291465759288 0.39518779516220098 0.38973322510719305 60.542736053466804 0.66473543643951427 0.70159947872161876 0.25659579038620001
decision_type=2 2 2 2 2 2 2 2 2 2 2 2 2 2 2 2 2 2 2 2 2 2 2 2 2 2 2 2 2 2
left_child=1 7 3 5 6 12 -5 9 13 15 11 -11 -3 14 -4 16 -1 -17 -10 -20 -7 24 -15 -6 25 -9 -2 29 -29 -28
right_child=26 2 8 4 23 20 -8 21 18 10 -12 -13 -14 22 -16 17 -18 -19 19 -21 -22 -23 -24 -25 -26 -27 27 28 -30 -31
leaf_value=0.0026631039695104589 0.0067623907218692511 0.0029109966227275148 -0.0080145117207566959 -0.022875033036830812 0.032822457255544737 -0.031467657809906263 0.0083851709740712203 0.014596350104104849 -0.029064251916995097 -0.03539593864522745 -0.045575902033969759 0.009229388711725333 0.029687924798737865 0.013071604443167885 0.026387656069925151 -0.00053336152381817524 -0.039426008014914381 0.014785327295692192 -0.010498789544523789 0.005967724619008857 -0.0021955760494479014 -0.029014206609436658 -0.023563254287634817 0 0.028054028386660431 -0.020908073209117202 0 0.013550602533546719 -0.018937328054786949 -0.031176400180178091
leaf_weight=243.64315288438229 1.1343020230997343 23.554898142116144 23.705986316665079 86.693086826126091 6.5048097562976164 10.428003360284494 10.140632528462445 1.2254162176977867 4.9549987643258637 7.7093553997110567 7.0493635128950691 28.493116231868044 16.99238544376567 2.1224017820786711 8.0839843566063774 66.190795879811049 7.4059517225250593 121.66228204022627 24.898763796896674 240.21633609617129 17.168374355183914 11.10975097841583 26.08322768996004 5.6987667160574347 1.7772821674589065 3.6215171844232827 0.67304134299047103 1.127041669795289 1.3907670277403665 7.8634118884801865
leaf_count=2946 42 277 255 1141 93 180 246 49 103 69 54 296 186 42 87 678 52 1434 456 3056 246 600 854 132 45 240 71 34 74 229
internal_value=4.88709e-05 0.000327906 -0.00200252 -0.00815827 -0.0150838 0.00293784 -0.0195185 0.0026979 0.00130752 0.00349564 -0.00910537 -0.000888983 0.0146492 -0.00906058 0.0011802 0.00476211 0.00125808 0.0093976 0.00364677 0.00437633 -0.0140753 -0.0178598 -0.0203507 0.0186908 0.00180607 -0.0104575 -0.0210569 -0.0244845 -0.00382398 -0.0292237
internal_weight=1019.32 1007.13 507.247 177.181 109.037 68.1437 96.8337 499.888 330.066 482.154 43.2518 36.2025 40.5473 59.9956 31.79 438.902 251.049 187.853 270.07 265.115 27.5964 17.734 28.2056 12.2036 6.62422 4.84693 12.1886 11.0543 2.51781 8.53645
internal_count=14267 13817 7354 2501 1612 889 1387 6463 4853 5529 419 365 463 1238 342 5110 2998 2112 3615 3512 426 934 896 225 334 289 450 408 108 300
is_linear=0
shrinkage=0.03


Tree=238
num_leaves=31
num_cat=0
split_feature=40 41 50 21 14 19 30 23 29 36 41 20 20 34 27 23 27 23 19 37 5 20 9 48 7 44 40 41 36 34
split_gain=5.65615 13.1191 10.4806 7.7734 7.54969 7.17427 5.89375 8.69193 8.06635 6.25168 6.96016 5.65524 11.866 11.5572 11.506 12.2282 11.3491 9.93185 16.486 10.7198 8.36583 6.73721 5.33884 5.29214 4.9015 4.88394 4.86117 4.7187 4.68489 4.57696
threshold=0.94893994927406322 0.83257314562797557 0.20250348001718524 55.826250076293952 12.398859024047853 0.091530915349721922 0.48046875000000006 0.40112607181072241 0.98937323689460765 0.22790978103876117 0.87753304839134227 0.036834033206105239 0.036697061732411392 0.612683266401291 0.98021599650383007 0.44416801631450659 0.98835703730583202 0.43179227411746984 0.074390973895788207 0.15280535817146304 0.072072245180606856 0.045696308836340911 1.1278643608093264 0.32293954491615301 3.3146635293960576 0.060915276408195503 0.96766725182533275 0.86064261198043834 0.26329404115676885 0.52582207322120678
decision_type=2 2 2 2 2 2 2 2 2 2 2 2 2 2 2 2 2 2 2 2 2 2 2 2 2 2 2 2 2 2
left_child=6 2 5 22 24 -2 11 27 9 10 -9 12 14 17 15 -1 -16 18 -13 -19 -15 -22 29 -14 -5 -11 -7 -8 -3 -4
right_child=1 28 3 4 -6 26 7 8 -10 25 -12 13 23 20 16 -17 -18 19 -20 -21 21 -23 -24 -25 -26 -27 -28 -29 -30 -31
leaf_value=0.012867123209298496 0.032662942664384471 -0.023102219104739738 0.0017070104084939855 -0.01140111824940796 -0.010038686230877125 0.021517707435335872 0.031166049679282111 0.033373544645729294 -0.035955480639523155 -0.023736290511533954 -0.017598813003504646 -0.028959021361345816 0.0019900712602512003 0.0081401320219555064 -0.016694617547031814 2.5846348908312211e-05 0.006728648654887712 -0.0073311222359499642 0.00088945267097745773 0.0056966673341605732 -0.024965090602683492 0.0048793491203568502 0.009887507654139132 0.039265927457911326 0.026704260608547681 0.0080447237775931324 -0.013666102375421846 -0.0081809110495175714 0.0045616942771049681 -0.034671599758109586
leaf_weight=85.902874329360202 24.125032940064557 14.927317408961246 4.2800471337977823 2.9025457245297792 9.3761991832870972 6.0165572626283375 5.1043530926108343 4.9901247476227599 12.623188826488329 16.086098361120097 3.1355523586389609 26.856690876185894 5.473823668784461 10.622508858097715 57.117251601885073 289.71151033963542 26.507876635761932 81.438202593126334 40.806647510151379 181.66265450837091 41.939308298286051 7.5479483443777999 5.7371880391146979 9.6654264370445144 18.346218319842592 5.1110200341790906 6.094194752164185 4.2034438631962985 7.7376693906262508 8.4484667526558024
leaf_count=728 197 607 61 28 143 71 49 53 322 757 230 216 42 157 803 4118 319 1344 441 2012 558 97 67 63 176 45 75 232 161 71
internal_value=-0.000377946 0.00607931 0.0114761 0.00225598 0.0114457 0.0234905 -0.00114787 -0.0109354 -0.0167442 -0.00746198 0.0136024 -0.000552679 0.00164336 -0.00322292 0.000746458 0.00299697 -0.00924258 -0.000995628 -0.0111634 0.0016403 -0.0152131 -0.0203472 -0.0126359 0.0269326 0.0210858 -0.0159209 0.00389224 0.0140359 -0.0137375 -0.0229872
internal_weight=1024.5 107.991 85.3265 49.0907 30.625 36.2358 916.507 51.2538 41.946 29.3228 8.12568 865.253 474.379 390.874 459.24 375.614 83.6251 330.764 67.6633 263.101 60.1098 49.4873 18.4657 15.1393 21.2488 21.1971 12.1108 9.3078 22.665 12.7285
internal_count=14243 1657 889 546 347 343 12586 1688 1407 1085 283 10898 6073 4825 5968 4846 1122 4013 657 3356 812 655 199 105 204 802 146 281 768 132
is_linear=0
shrinkage=0.03


Tree=239
num_leaves=31
num_cat=0
split_feature=20 20 16 5 2 28 27 27 16 16 16 29 40 22 29 34 32 28 28 30 25 32 0 27 41 44 23 29 25 16
split_gain=5.6827 10.3076 17.9003 13.6118 16.3522 12.5973 11.9825 14.1747 11.543 16.815 13.177 11.0902 10.9414 10.3775 9.51705 10.5113 15.3622 10.0177 7.89143 7.77412 9.08286 10.5208 7.31145 7.24051 5.68351 7.41145 5.43027 5.37204 4.35624 4.20057
threshold=0.046180834993720062 0.042142869904637344 0.43261718750000006 0.1236931160092354 0.35937500000000006 0.95645794272422802 0.98021599650383007 0.9721493422985078 0.32519531250000006 0.31347656250000006 0.42285156250000006 0.94424858689308178 0.77367663383483898 0.51992422342300426 0.94955009222030651 0.56778830289840709 0.040209813043475158 0.77052500844001781 0.58338117599487316 0.18359375000000003 0.18448498845100406 0.039803491905331619 9.0299091339111346 0.98363441228866588 0.82684683799743663 0.048980407416820533 0.43179227411746984 0.9858253300189973 0.21706079691648486 0.35839843750000006
decision_type=2 2 2 2 2 2 2 2 2 2 2 2 2 2 2 2 2 2 2 2 2 2 2 2 2 2 2 2 2 2
left_child=1 6 3 28 27 22 7 8 9 -1 -10 -9 -13 -7 18 17 -17 -16 -8 -2 29 -22 -4 -20 25 -23 -6 -5 -3 -21
right_child=19 2 5 4 26 13 14 11 10 -11 -12 12 -14 -15 15 16 -18 -19 23 20 21 24 -24 -25 -26 -27 -28 -29 -30 -31
leaf_value=0.00027433700098025579 -0.027003248202638549 0.033489345793345941 -0.03598536458409006 0.0090194643939908049 -0.037249415823313328 -0.011655084792662822 0.03797555705746402 -0.02279130965906314 -0.0080803516239136008 0.021474355686051959 0.0069714068449118916 0.0040496646888032884 0.023683359668173566 0.029761107511901357 -0.025642217102467776 0.015166329983221323 -0.021256195606017235 -0.0069016523971027503 0.021180798618813269 -0.002629841644905723 -0.037511894715110454 0.028167755775791059 0.012593471218088167 -0.012478550833932912 -0.02271714231573194 -0.0090873730669697329 -0.0031975969155249606 0.035584276039481305 -0.00070847199124023314 0.020623895879304948
leaf_weight=183.26920127228368 14.586759084137155 30.767400140175596 14.136179959459698 15.790614742552863 4.1458554388955262 11.423639927059414 5.220488938852216 7.268601724645122 236.85790631640702 40.342129963450134 66.07412390364334 54.996069795684889 48.283150950912386 8.7004487405065429 49.051205521915108 27.208267927868292 15.515300289960576 55.985711088986136 8.07943399238866 12.357825818005951 9.9880784852430207 7.4271380577702137 2.7834306588629252 14.690269907063337 7.2965331670129663 10.211380728287621 26.198173438431695 13.207308117998762 3.5109166234033173 13.97354564827401
leaf_count=2913 178 311 385 188 32 127 99 420 2883 439 1226 624 398 110 497 277 179 494 130 218 94 81 51 737 361 137 304 100 114 140
internal_value=-0.000200151 0.000435309 0.00822463 0.0151767 0.00622039 -0.00920355 -0.000821701 0.00108993 -0.00096111 0.00419101 -0.00477533 0.0108071 0.0133963 0.00666999 -0.00773526 -0.0107754 0.00168704 -0.0158409 0.00802838 -0.00804743 -0.00312398 -0.0130324 -0.0275695 -2.0285e-05 -0.00204287 0.00710848 -0.00898573 0.0220015 0.0299808 0.00990378
internal_weight=1019.35 943.506 130.664 93.6203 59.342 37.0437 812.842 637.091 526.543 223.611 302.932 110.548 103.279 20.1241 175.751 147.76 42.7236 105.037 27.9902 75.8413 61.2545 34.9231 16.9196 22.7697 24.9351 17.6385 30.344 28.9979 34.2783 26.3314
internal_count=14247 13038 1722 1049 624 673 11316 8903 7461 3352 4109 1442 1022 237 2413 1447 456 991 966 1209 1031 673 436 867 579 218 336 288 425 358
is_linear=0
shrinkage=0.03


Tree=240
num_leaves=31
num_cat=0
split_feature=6 7 41 25 24 14 44 20 13 19 41 0 24 28 35 41 36 19 0 32 28 40 21 35 14 21 20 47 44 4
split_gain=5.33722 5.48853 8.53082 9.59266 7.90036 7.04413 9.25881 11.1887 10.9245 9.45618 8.95347 7.88836 7.52738 7.48758 10.3088 9.74403 9.22172 8.54486 6.41008 6.40649 6.91104 6.62479 5.82564 4.92284 4.30721 4.05186 4.38526 3.45171 1.93611 0.398879
threshold=13.226967871189119 6.35746192932129 0.75055748224258434 0.17259822040796283 0.29949387907981878 5.0657274723052987 0.043167702853679664 0.044740537181496627 32.168743133544929 0.066313058137893691 0.87920483946800243 12.854410171508791 0.25015991926193243 0.55225560069084179 0.62630811333656322 0.99728029966354381 0.34424032270908361 0.074390973895788207 6.5845015048980722 0.038555186241865165 0.54833251237869274 0.58675116300582897 59.224843978881843 0.44473792612552648 37.610967636108406 60.600395202636726 0.036323627457022674 0.75788813829422008 0.21807064861059192 0.98343965411186229
decision_type=2 2 2 2 2 2 2 2 2 2 2 2 2 2 2 2 2 2 2 2 2 2 2 2 2 2 2 2 2 2
left_child=1 5 4 19 24 13 10 9 -9 -8 11 -7 -12 14 18 -16 17 -15 -1 21 -21 -4 29 -24 27 26 -5 -3 -18 -6
right_child=-2 2 3 25 22 6 7 8 -10 -11 12 -13 -14 16 15 -17 28 -19 -20 20 -22 -23 23 -25 -26 -27 -28 -29 -30 -31
leaf_value=-0.015296913223569401 0.027246146551013352 -0.035391638635360698 0.0015446284687339301 0.022527444689462127 0.027997115264980655 0.014831085080694242 -0.0035791356665443915 0.011223520780846676 -0.027422421542328945 0.0083693044537159235 -0.014654420307125359 -0.01177089144327146 0.0066614337282512315 -0.0084513055062195603 0.020923744652594327 -0.021430249139637036 0.0048300019526667628 0.0013499797219212618 0.0072339061634024678 -0.024014045734687448 0.016896975839702351 -0.035791495083043794 -0.038215489287053137 0.0031080252632799442 0.0033698287737731515 0.031727195581675138 -0.0049580604710535315 -0.0021227314565153985 0.032308502592201173 0.0071374729332180252
leaf_weight=23.051791903097183 5.2762871850281945 20.423227942548699 6.3260511481203165 7.4411403338890585 3.2885427896399042 114.80917281191796 137.53427538275719 8.2657488710246998 23.296535834670067 103.49025718832854 22.87554638274014 10.122827973449601 38.609242227277718 235.37901862256695 37.979735501925461 4.7003056911053127 4.4955191402696055 119.94337077118689 20.500628755427897 4.5039617891889057 10.3926535686478 10.876356391701846 3.3936651959083957 5.7196645413059741 3.4344329803716382 6.8499153177253893 12.687899922486393 3.6064936823677263 5.9528149385005236 2.7299318816512823
leaf_count=310 144 221 80 72 31 723 1323 77 296 1075 564 337 750 4007 571 355 37 2577 133 32 90 76 33 60 48 57 97 33 37 41
internal_value=-0.000325455 -0.000498805 -0.00707531 0.000298282 -0.0171431 0.000238837 0.00285655 -0.000660111 -0.0171756 0.00155223 0.00799086 0.0125754 -0.00132877 -0.00241324 0.00548028 0.0158068 -0.00429222 -0.00513984 -0.00469974 -0.0105872 0.00360637 -0.0225661 0.000165384 -0.0142407 -0.0264557 0.0132724 0.00564587 -0.0308026 0.0222022 0.0213279
internal_weight=1017.96 1012.68 101.674 59.078 42.596 911.007 459.004 272.587 31.5623 241.025 186.417 124.932 61.4848 452.003 86.2325 42.68 365.771 355.322 43.5524 32.099 14.8966 17.2024 15.1318 9.11333 27.4642 26.979 20.129 24.0297 10.4483 6.01847
internal_count=14287 14143 971 504 467 13172 5145 2771 373 2398 2374 1060 1314 8027 1369 926 6658 6584 443 278 122 156 165 93 302 226 169 254 74 72
is_linear=0
shrinkage=0.03


Tree=241
num_leaves=31
num_cat=0
split_feature=11 49 27 46 4 0 17 34 4 15 0 21 31 3 14 1 3 14 5 9 31 36 40 33 32 32 13 13 3 42
split_gain=5.42403 4.81043 7.2988 6.24301 6.68178 6.80736 6.24889 15.2957 5.6112 5.47087 5.38052 5.75175 5.37405 5.3336 5.04746 2.89617 2.15731 3.91884 3.01352 2.1181 1.92448 1.79665 0.974107 0.87088 0.605386 0.554964 0.544875 0.492586 0.382624 0.152654
threshold=0.87500000000000011 1.403120279312134 0.94958811998367321 0.99488958716392528 0.84468078613281261 9.4428324699401873 0.97656250000000011 0.33336117863655096 0.74510920047760021 0.14835165441036227 12.988608360290529 45.593915939331062 0.027389394119381908 0.34819826483726507 4.8203964233398446 0.79064396023750316 0.3282149881124497 1.0139154791831972 0.08215078711509706 0.57933819293975841 0.02571830898523331 0.27631805837154394 0.62263447046279918 46.879655838012702 0.036111021414399154 0.058228246867656715 47.705389022827156 41.399919509887702 0.70697414875030529 0.96238207817077648
decision_type=2 2 2 2 2 2 2 2 2 2 2 2 2 2 2 2 2 2 2 2 2 2 2 2 2 2 2 2 2 2
left_child=1 3 -3 4 8 9 7 -5 -1 -6 13 -12 -10 -8 -4 -7 21 -18 28 -16 -9 25 23 -23 -25 27 -20 29 -19 -2
right_child=16 2 14 6 5 15 10 20 12 -11 11 -13 -14 -15 19 -17 17 18 26 -21 -22 22 -24 24 -26 -27 -28 -29 -30 -31
leaf_value=-0.018100406821217042 -0.028494806464166692 0.032234905605991557 -0.020941559669371782 0.032868356465616734 0.0079570171291034452 -0.025442376953811754 -0.0002263800739488312 0.00083429417588831473 -0.011378688880395992 -0.0079223115016429212 0.0070448445172193183 -0.017723857114736268 0.025059932405400703 0.0050929761489650052 0.024205565256473317 0.0028119677087034586 0.037785776171410046 0 -0.024540796835093061 -0.0041432548391625856 -0.035496094861461248 0.017452571386864103 -0.016984651326171621 0.0070096111423432611 -0.016961448901544451 0 0.0028564030244877668 0.0013002937911851546 0.027712750640516877 -0.0012734061879585837
leaf_weight=4.3926328844390836 10.895650622667745 9.3019255492836255 5.6292551615042603 3.3632067508297068 23.156321072485298 22.470974862808365 484.90922748466255 1.235435917507856 4.0223560137674239 100.30209041084163 11.523792698746545 25.454146762378514 14.10554980393499 259.0535666202195 4.9386576684191805 3.3581367598380885 0.94591359118930896 0.69900993350893237 4.09686465136474 3.2631604094058275 11.602242078981361 1.614828153396956 1.811386175220832 0.80095986591186363 1.0048319486668331 0.51558733254205513 0.31029662396758784 0.25485882908105928 0.58241522347088903 0.52264887921046543
leaf_count=32 1196 44 48 36 139 559 6075 50 33 751 337 1011 93 2691 42 29 17 60 400 43 212 37 147 27 35 42 16 17 13 59
internal_value=-0.000469496 -0.000118176 0.0131082 -0.000450228 -0.00562155 -0.00793304 0.000666237 -0.0172116 0.00925946 -0.00487982 0.00106249 -0.0099437 0.0166456 0.00162618 -0.000859124 -0.0216892 -0.0142559 0 -0.0105797 0.0133762 -0.0319754 -0.0195404 -0.00328879 0.00548671 -0.00655103 -0.0255106 -0.0218855 -0.0267709 0.0195384 -0.0276933
internal_weight=1016.14 992.083 23.133 968.95 171.808 149.288 797.142 16.2009 22.5205 123.458 780.941 36.9779 18.1279 743.963 13.8311 25.8291 24.0553 6.6345 5.68859 8.20182 12.8377 17.4208 5.23201 3.42062 1.80579 12.1887 4.40716 11.6732 1.28143 11.4183
internal_count=14291 12225 177 12048 1636 1478 10412 298 158 890 10114 1348 126 8766 133 588 2066 506 489 85 262 1560 246 99 62 1314 416 1272 73 1255
is_linear=0
shrinkage=0.03


Tree=242
num_leaves=31
num_cat=0
split_feature=39 18 19 16 16 20 16 16 35 32 33 18 5 28 27 5 29 46 6 28 32 9 22 29 4 3 29 16 15 20
split_gain=6.118 5.96843 5.8413 10.4311 14.2217 24.5739 17.1868 12.2247 10.5174 10.4392 9.27028 6.93645 6.47414 6.45266 5.84552 13.2125 10.9427 4.55397 4.36348 4.66376 5.11768 4.23648 5.3079 5.89772 5.19867 4.14588 3.9571 3.85599 4.34906 3.80523
threshold=0.85437244176864635 0.73046875000000011 0.074390973895788207 0.34472656250000006 0.37402343750000006 0.034403467550873763 0.37792968750000006 0.33886718750000006 0.64049857854843151 0.038130093365907676 69.033008575439467 0.66796875000000011 0.085096884518861785 0.91354522109031688 0.97607484459877025 0.20138878375291827 0.95939680933952343 0.99463710188865673 0.042741401121020324 0.66070708632469188 0.038992524147033698 0.40498404204845434 0.39965835213661199 0.97988080978393566 0.86736136674880993 0.88141933083534252 0.9992055892944337 0.49902343750000006 0.81666666269302379 0.029788195155560974
decision_type=2 2 2 2 2 2 2 2 2 2 2 2 2 2 2 2 2 2 2 2 2 2 2 2 2 2 2 2 2 2
left_child=17 2 3 7 5 -5 -6 9 -9 -2 14 13 -13 -12 16 -16 -4 18 -1 20 -20 29 -23 24 -24 -25 27 -3 -29 -19
right_child=1 26 10 4 6 -7 -8 8 -10 -11 11 12 -14 -15 15 -17 -18 21 19 -21 -22 22 23 25 -26 -27 -28 28 -30 -31
leaf_value=0.012907450462548063 -0.0033424932642572716 -0.024928047022186713 -0.019523597614990468 0.0046097877255380539 0.029211755557047803 -0.024365507964390135 -0.0023106720091139962 0.030732121806635884 -0.019233812034887488 0.0067061287327794487 -0.019442832281149593 -0.011861833362699503 0.028362253733512623 0.003595620519992849 0.019879766880523262 -0.016638547853786767 0.0088065308106725186 0.0051888871801200878 -0.027250277278895525 -0.030024310592570824 0.021285217311138513 -0.016484433087494331 0.017165530621598039 0.017983210890822592 -0.01125491222109703 -0.010619132343844257 0.017969377921797019 -0.017907011240702802 0.016580812907710751 -0.022985628910614335
leaf_weight=2.9621449318947297 185.46110895532183 15.524233563861348 13.993340753251685 43.015212902915664 16.569813047535717 65.263292692601681 135.07704444171395 21.71793175209314 3.765200348920188 184.43866014759988 26.395938778645359 4.952902312623336 8.5024978676810843 17.445796694839373 68.298197581316344 9.3718760650372115 66.250225270865485 5.3745304816402522 2.4081407666672048 15.994700060458852 3.5810337052680552 12.992024876526555 6.4386441045207929 25.481307707843374 25.048383113986347 4.6764737246558061 2.6233120504766694 6.0155708877719007 5.1764808421721682 14.088618110807145
leaf_count=25 2645 544 371 535 160 617 1996 142 69 2188 588 72 136 327 750 151 615 72 41 219 32 234 87 217 607 40 27 280 57 389
internal_value=0.000124256 0.000974788 0.00143218 1.67992e-05 -0.00463666 -0.0128903 0.0012828 0.00308754 0.0227887 0.00166441 0.00570807 -0.00453591 0.013552 -0.0103326 0.00944901 0.0152797 0.00364973 -0.00623442 -0.0174006 -0.0219988 0.000234007 -0.00309085 0.000182519 0.00395014 -0.0050015 0.0132532 -0.0120972 -0.0156996 -0.0016582 -0.0151856
internal_weight=1018.9 899.859 870.519 655.308 259.925 108.279 151.647 395.383 25.4831 369.9 215.211 57.2971 13.4554 43.8417 157.914 77.6701 80.2436 119.046 24.946 21.9839 5.98917 94.1 74.6368 61.6448 31.487 30.1578 29.3396 26.7163 11.1921 19.4631
internal_count=14233 12270 11362 8352 3308 1152 2156 5044 211 4833 3010 1123 208 915 1887 901 986 1963 317 292 73 1646 1185 951 694 257 908 881 337 461
is_linear=0
shrinkage=0.03


Tree=243
num_leaves=27
num_cat=0
split_feature=23 20 32 30 20 16 18 27 27 29 16 25 29 49 22 29 47 29 29 31 4 24 13 14 21 6
split_gain=5.10269 4.79851 8.32371 9.47316 8.25857 14.2803 14.2734 11.2663 16.2531 14.1662 11.3459 10.3979 9.79996 10.9707 9.16351 9.00204 8.20424 8.08005 6.97101 5.26414 5.15405 4.89022 4.65359 4.19642 2.75803 1.82633
threshold=0.75899299979209911 0.046572187915444381 0.039880583062767989 0.19921875000000003 0.042142869904637344 0.43261718750000006 0.37890625000000006 0.98021599650383007 0.97269377112388622 0.94424858689308178 0.32519531250000006 0.20981169492006305 0.94955009222030651 0.58105742931365978 0.51992422342300426 0.9858253300189973 0.92006945610046398 0.98240610957145702 0.91841700673103344 0.028423626907169822 0.86562457680702221 0.2452996298670769 41.982599258422859 10.596415996551515 61.334388732910163 13.226967871189119
decision_type=2 2 2 2 2 2 2 2 2 2 2 2 2 2 2 2 2 2 2 2 2 2 2 2 2 2
left_child=1 4 16 20 7 6 15 8 10 -10 -1 23 18 -14 -13 -6 -3 22 -9 -8 -4 -19 -5 -7 -22 -2
right_child=25 2 3 17 5 11 19 12 9 -11 -12 14 13 -15 -16 -17 -18 21 -20 -21 24 -23 -24 -25 -26 -27
leaf_value=0.0048211227320370089 -0.026565800777813179 -0.040282931419620985 0.014239654864772794 -0.027148609414589121 -0.021560658162265316 -0.034307044571175185 0.0027295904949138157 -0.021817265574191207 -0.026245608805854404 0.016021968893878181 -0.0040318265112201613 -0.011965126712156533 -0.019322040815055119 -0.0027490107952056675 0.025906845817729902 0.0089399357925097726 0.011937095470762453 0.026659847391961807 0.015485593148743421 0.027556147225112557 -0.035006537553330254 0.001032214927170975 0.0069533210163973099 0.0069945598378978293 -0.0043265184096076791 0.012104570371543659
leaf_weight=221.39706954651047 7.3309060946339732 9.8947847895324212 2.544696790864692 7.3084392902674136 11.22097618691623 11.675747098401187 9.7709994532633555 4.5262839141069007 6.7890460813650853 91.666609077365138 313.42906056984793 12.002278972824572 63.314012860821094 83.53725464316085 9.2961248966166732 29.294621000532061 2.9851003433577707 14.314026870066302 24.027115040109493 46.684037694823928 10.07090126769617 12.513206079369409 5.5730428308015689 2.1774622970260671 4.181260133627803 0.56772854179143895
leaf_count=2824 942 99 26 317 177 221 84 468 382 826 4222 282 890 507 138 261 30 125 437 522 101 210 136 26 67 4
internal_value=0.000211115 0.000412865 -0.00713839 -0.0019326 0.00097995 0.00790441 0.0138177 -0.00015602 0.00170548 0.0128426 -0.000359295 -0.00825624 -0.00686535 -0.00999702 0.00485085 0.000104531 -0.027976 0.00602721 0.00893269 0.0234338 -0.0201999 0.0152806 -0.0127406 -0.0275794 -0.0270762 -0.0224012
internal_weight=1018.09 1010.19 69.3855 56.5056 940.809 132.122 96.9706 808.686 633.282 98.4557 534.826 35.1516 175.405 146.851 21.2984 40.5156 12.8799 39.7087 28.5534 56.455 16.7969 26.8272 12.8815 13.8532 14.2522 7.89863
internal_count=14324 13378 1111 982 12267 1711 1044 10556 8254 1208 7046 667 2302 1397 420 438 129 788 905 606 194 335 453 247 168 946
is_linear=0
shrinkage=0.03


Tree=244
num_leaves=31
num_cat=0
split_feature=32 19 5 5 16 5 35 19 19 36 31 0 22 16 18 29 18 21 24 16 29 29 25 31 27 24 24 29 35 25
split_gain=5.7034 11.0887 11.733 16.1916 14.2167 10.8852 9.54862 7.87899 7.71575 7.33905 7.71362 6.90331 6.87612 6.65019 6.6445 6.48297 6.41238 10.6417 12.9696 9.74568 14.9596 13.3923 9.19547 6.39011 6.34861 6.14354 8.26586 9.98518 10.6197 9.11127
threshold=0.044329624623060233 0.048886394128203399 0.1443305239081383 0.51510852575302135 0.45019531250000006 0.10127421841025354 0.49731068313121801 0.083986364305019393 0.10767942667007448 0.26219025254249578 0.09300470352172853 6.265996217727662 0.57177582383155834 0.22363281250000003 0.44921875000000006 0.97818571329116832 0.47265625000000006 59.487705230712898 0.27922554314136511 0.34472656250000006 0.95742923021316539 0.96314409375190746 0.18448498845100406 0.077229592949152007 0.93583080172538768 0.25569646060466772 0.32647630572319036 0.99394196271896373 0.51908618211746227 0.13965088874101642
decision_type=2 2 2 2 2 2 2 2 2 2 2 2 2 2 2 2 2 2 2 2 2 2 2 2 2 2 2 2 2 2
left_child=9 6 5 4 8 7 23 12 -4 25 16 -8 -3 -13 -5 -9 19 18 -18 21 -21 -11 -19 -2 -7 -1 27 29 -29 -27
right_child=1 2 3 14 -6 24 11 15 -10 10 -12 13 -14 -15 -16 -17 17 22 -20 20 -22 -23 -24 -25 -26 26 -28 28 -30 -31
leaf_value=-0.010297818369595329 0.0079630473441442817 -0.0012099479566977814 -0.031150886352853565 0.015803889408537799 0.017473662931041464 -0.016250361125024319 0.00089366250072386605 -0.023764018588892464 0.00917313908787625 -0.013915212053915797 0.027625328036213748 -0.0072518561763260606 0.02870050856174599 0.026110920957231845 -0.018134997732654749 0.0013860935798539692 -0.0017656063268286497 0.016567013929033793 0.027106431414024711 0.012730735010452889 -0.013968346843140363 0.0058521642602507289 -0.010749530050887938 -0.031331686816041593 0.024540584471812746 -0.020608929396616162 -0.01509657240455216 -0.0034279185432519966 0.024318761722678564 0.00038229873498392728
leaf_weight=116.80168956483249 7.3935529980808479 16.54236885311548 36.181826784624718 22.385745974956084 6.9794508329359806 3.0859015735331914 18.262308151461184 15.939652470115105 4.2532307150540865 36.6218789415434 8.6716792654478905 5.4764783731661728 10.580597843741996 46.828160351840779 5.7010865656193337 19.567708636634052 22.807988125714473 14.512966609909197 34.067606606753543 22.748336801072583 92.010924493544735 169.60299338062759 37.759203020832501 5.7747249978128821 29.356990883883554 21.931592357461341 33.164940835209563 21.240739622153342 27.61736354441382 97.199008291645441
leaf_count=2195 74 253 562 312 181 66 457 407 95 942 203 87 108 358 139 292 275 146 369 227 708 1395 517 126 441 512 419 294 264 1830
internal_value=-7.64627e-05 0.00379841 -0.000588008 -0.00936672 -0.0199244 0.00637721 0.0126708 -0.000941403 -0.0267179 -0.00138587 0.00112339 0.0170342 0.010957 0.0224909 0.00842517 -0.0101636 0.000519302 0.00677165 0.015646 -0.00161186 -0.00858571 0.00227714 -0.00294037 -0.0100524 0.020201 -0.00485093 -0.001638 0.0010749 0.0123691 -0.00359654
internal_weight=1011.07 254.31 170.575 75.5013 47.4145 95.0732 83.7352 62.6303 40.4351 756.759 438.804 70.5669 27.123 52.3046 28.0868 35.5074 430.132 109.148 56.8756 320.984 114.759 206.225 52.2722 13.1683 32.4429 317.955 201.154 167.989 48.8581 119.131
internal_count=14254 3958 2856 1289 838 1567 1102 1060 657 10296 4782 902 361 445 451 699 4579 1307 644 3272 935 2337 663 200 507 5514 3319 2900 558 2342
is_linear=0
shrinkage=0.03


Tree=245
num_leaves=30
num_cat=0
split_feature=45 0 46 47 29 15 14 4 49 41 35 27 34 49 28 21 29 10 50 48 27 17 2 23 50 18 35 21 44
split_gain=5.30841 5.29364 5.70253 7.29579 7.35023 7.03245 8.13458 6.15939 7.29117 6.01886 5.40836 4.6322 4.54879 3.89153 3.66264 3.52913 3.43536 2.10402 2.06524 2.02532 1.86078 1.57609 2.86041 1.29969 1.25161 0.643688 0.516277 0.483094 0.328639
threshold=0.027880853042006496 13.945287227630617 0.99463710188865673 0.85422906279563915 0.95527571439743053 0.37087912857532507 4.8990576267242441 0.84468078613281261 1.0300911664962771 0.98657017946243297 0.61278155446052562 0.97877347469329845 0.43346749246120458 0.81003838777542125 0.65201973915100109 54.379989624023445 0.9858253300189973 0.62500000000000011 0.47564356029033666 0.3738615363836289 0.95805561542510997 0.99218750000000011 0.32812500000000006 0.47926136851310736 0.49526421725749975 0.72265625000000011 0.51331564784049999 38.411836624145515 0.031498016789555557
decision_type=2 2 2 2 2 2 2 2 2 2 2 2 2 2 2 2 2 2 2 2 2 2 2 2 2 2 2 2 2
left_child=12 2 7 5 19 9 -7 13 15 -4 -6 -10 26 20 17 -9 18 -14 23 -5 -2 -16 -23 -3 -20 -26 -1 -25 -19
right_child=1 16 3 4 10 6 -8 8 11 -11 -12 -13 14 -15 21 -17 -18 28 24 -21 -22 22 -24 27 25 -27 -28 -29 -30
leaf_value=-0.036904424492684947 0.0065807103507109317 0.0050386046428176892 0.010017952605105341 -0.028527844032724063 -0.0043513842202161012 -0.005815224473567358 0.0038670650070882395 -0.019393574702645241 -0.0036872583113021279 -0.018332664102899691 0.0054258575799203826 0.017104660426959718 -0.0079747828048907423 -0.0042733125959656488 0.0027471995593851837 -0.0050618542932813074 0.022828197146135518 0.0060740274462487837 0.022434152167828389 0.00068638178424721091 0.035513448353502092 -0.030898392871391258 0.0036267716447584177 -0.0047872923359481429 -0.017135703477087524 0.0086482693614955471 -0.012373752424199427 -0.028690604167266542 0.029997852497298003
leaf_weight=5.0588294862536731 4.3890353774186242 0.80817572074011579 155.71788831916638 10.932099330762865 162.7932842784794 102.84247802349273 312.8157191890059 39.887123599648476 41.074568672571331 6.0760735303629181 72.752654631738551 11.490964999422429 2.1660309899598387 7.0769838951528063 3.2500269056763473 27.423678798833862 1.0214170962572087 1.7753014564514158 0.79147076769731883 2.3034063696395597 4.7301081977784634 5.5502367398003116 2.719636253779754 1.628432115423492 1.4713429210241882 0.42260733246803273 3.0464531336911023 10.889454580727032 2.46613410115242
leaf_count=35 39 22 1593 931 2934 1187 2671 486 255 498 1744 76 30 35 47 275 5 59 19 100 31 74 29 102 142 3 59 802 14
internal_value=7.82914e-05 0.000442804 0.000746799 0.00168787 -0.00259301 0.00353866 0.00145606 -0.00491613 -0.00729101 0.00882876 -0.00130865 0.00103637 -0.0130327 0.011889 -0.00383785 -0.0137581 -0.0156546 0.0129039 -0.0194835 -0.0235418 0.0239111 -0.0136763 -0.0200544 -0.0240532 0.00275274 -0.00934539 -0.0303854 -0.0263872 0.0236259
internal_weight=1005.37 979.339 962.306 826.234 248.781 577.452 415.658 136.072 119.876 161.794 235.546 52.5655 26.0326 16.1961 17.9274 67.3108 17.0329 6.40747 16.0115 13.2355 9.11914 11.5199 8.26987 13.3261 2.68542 1.89395 8.10528 12.5179 4.24144
internal_count=14297 13950 12855 11658 5709 5949 3858 1197 1092 2091 4678 331 347 105 253 761 1095 103 1090 1031 70 150 103 926 164 145 94 904 73
is_linear=0
shrinkage=0.03


Tree=246
num_leaves=31
num_cat=0
split_feature=36 46 18 25 30 21 21 18 0 20 34 4 20 20 44 16 41 5 49 48 29 24 5 31 22 46 35 27 6 9
split_gain=5.3846 5.16422 9.74035 12.0805 7.71233 7.18266 6.3818 7.82283 5.86369 8.24364 8.60677 8.05008 7.94828 13.6843 12.672 12.4245 11.4485 9.72078 6.45942 5.71556 6.27149 5.11133 4.49792 4.30917 4.06684 5.68771 3.53806 3.47349 3.12005 3.11939
threshold=0.33980445563793188 0.99463710188865673 0.56640625000000011 0.14329662173986438 0.17578125000000003 37.763158798217781 53.861251831054695 0.59765625000000011 6.3780524730682382 0.045299829915165908 0.57101890444755565 0.91534316539764415 0.04510071128606797 0.042068898677825935 0.039607843384146697 0.32519531250000006 0.76694464683532726 0.17602343857288363 0.084228515625000014 0.35421565175056463 0.98744702339172374 0.25392729043960577 0.31925007700920111 0.051534963771700866 0.60499832034111034 0.99913194775581371 0.58271667361259472 0.95223113894462597 0.033904178068041808 0.78427237272262584
decision_type=2 2 2 2 2 2 2 2 2 2 2 2 2 2 2 2 2 2 2 2 2 2 2 2 2 2 2 2 2 2
left_child=1 2 3 4 26 -5 -4 -8 9 10 11 -3 13 15 16 -10 -14 -15 -12 20 -11 -9 -6 -7 25 29 -1 -26 -16 -2
right_child=24 8 6 5 22 23 7 21 12 19 18 -13 14 17 28 -17 -18 -19 -20 -21 -22 -23 -24 -25 27 -27 -28 -29 -30 -31
leaf_value=0.0056371679754182967 0.004023333949725566 -0.0011936496504953984 -0.022702079317295943 0.015992331283063821 0.0024658034689235991 -0.022620308341725796 0.040668411085113418 -0.021953800705643324 0.0081259486220616323 -0.026101909917194955 0.039647707522279023 -0.016543295432133141 0.025694751740859854 0.024368615590827147 0.0057610713588088554 -0.0017748826286502059 -0.0094259769955822251 0.00095868281771211187 0.0010473942861532349 0.030290203353075411 0.011691024620770785 0.011391993156623016 0.029869648164850889 0.0086429881868165543 0.047035371429303481 -0.017768654705507727 -0.027199116041429518 0.0063203421983405632 -0.027558564578516694 0.032447079726161961
leaf_weight=4.0370895601809007 10.241221941774716 52.785857006325386 4.2086654675658783 4.4176734182983628 13.139766857377255 57.276737296022475 6.1964807994663742 4.2574059197213527 166.41057703201659 4.4449154892936411 3.3079938818700603 74.754878739244305 12.183438721578566 41.997844909317791 2.3222916871309307 356.38416076777503 21.747225487837568 25.961225877515972 44.213418135303073 8.4987588198855502 13.355361960129811 18.268877103342675 8.7282335185445827 3.6087185638025394 3.8951919344253829 5.9204917696770272 6.8997907864395529 3.9680424937978387 22.600032964372076 4.8115019788965574
leaf_count=25 64 1561 60 70 98 527 38 60 1986 328 72 2592 117 330 11 3217 245 240 1395 89 289 158 63 40 26 52 116 36 333 41
internal_value=0.000127617 -0.000250602 -0.00577311 -0.0105016 0.00419976 -0.017884 0.00811969 0.0133487 0.000602058 -0.00385377 -0.00622666 -0.0102725 0.00199166 0.00304637 -0.00841917 0.00138042 0.00347346 0.0156128 0.00455795 0.0114812 0.00120776 0.00429693 0.0143626 -0.0206091 0.0126849 0.00504367 -0.0153702 0.029859 -0.0242356 0.014751
internal_weight=1010.84 982.007 131.039 98.108 32.8049 65.3031 32.9314 28.7228 850.968 201.361 175.062 127.541 649.607 590.754 58.853 522.795 33.9307 67.9591 47.5214 26.299 17.8003 22.5263 21.868 60.8855 28.8365 20.9732 10.9369 7.86323 24.9223 15.0527
internal_count=14279 14060 1255 939 302 637 316 256 12805 6326 5620 4153 6479 5773 706 5203 362 570 1467 706 617 218 161 567 219 157 141 62 344 105
is_linear=0
shrinkage=0.03


Tree=247
num_leaves=14
num_cat=0
split_feature=6 6 39 39 41 4 4 7 9 46 27 31 23
split_gain=5.35895 5.9563 5.12346 6.29758 7.97945 6.15938 10.6956 9.71213 3.67551 2.83164 1.14299 1.44205 0.561109
threshold=13.226967871189119 0.18542132526636126 0.99311453104019176 0.98914945125579845 0.64664775133132946 0.98343965411186229 0.94230100512504589 5.1145377159118661 1.4269745349884035 0.99806097149848949 0.91197562217712413 0.031419936567544944 0.48396743834018713
decision_type=2 2 2 2 2 2 2 2 2 2 2 2 2
left_child=1 2 3 5 -5 6 -1 -7 -4 -6 11 -3 -12
right_child=-2 10 8 4 9 7 -8 -9 -10 -11 12 -13 -14
leaf_value=0.0011385098827979773 0.027315523666475626 0.020598117072177576 0.00017504075694727385 0.030587826036893966 0.0020986947466491912 6.744952947390573e-05 0.015780316704993247 -0.010837117635072684 0.037069102277861837 -0.029374425867801267 0 -0.014705828626688683 -0.028255616659469022
leaf_weight=485.9336172969779 5.500126384664326 0.64177039614878539 4.4818136010435392 1.8711197350639874 2.7579131168313333 333.29464186058613 48.582417627505492 93.111206259927712 4.8034706651233137 13.571641061105765 0.5785835796268638 1.8069687921088187 7.5582840509014204
leaf_count=7016 152 21 50 13 25 4600 615 973 29 271 29 76 366
internal_value=0.000163965 -9.68873e-06 0.00023774 1.33996e-05 -0.0169955 0.000356015 0.0025019 -0.00232647 0.0213012 -0.0240714 -0.0213982 -0.00129364 -0.0263164
internal_weight=1004.49 998.993 988.408 979.123 18.2007 960.922 534.516 426.406 9.28528 16.3296 10.5856 2.44874 8.13687
internal_count=14236 14084 13592 13513 309 13204 7631 5573 79 296 492 97 395
is_linear=0
shrinkage=0.03


Tree=248
num_leaves=31
num_cat=0
split_feature=29 40 34 49 41 21 36 29 35 14 49 0 28 16 18 22 37 24 28 2 21 21 40 2 24 43 31 43 15 49
split_gain=5.32438 4.92075 7.84851 10.1402 9.51066 9.45702 7.96531 6.15194 6.7918 5.71133 5.55962 5.41492 5.39917 11.7599 16.9791 14.2926 13.433 10.9778 9.47206 7.87932 7.37413 16.6106 14.7848 5.86438 6.46224 4.2615 1.8426 1.49343 1.35371 0.241963
threshold=0.90309548377990734 0.95319336652755748 0.52582207322120678 0.84271362423896801 0.8225485384464265 55.826250076293952 0.26657840609550482 0.98501682281494152 0.45295611023902899 12.12730646133423 0.45693431794643408 6.7165870666503915 0.65377187728881847 0.27050781250000006 0.30078125000000006 0.5791832208633424 0.26401682198047643 0.25569646060466772 0.6250462830066682 0.48437500000000006 52.085144042968757 49.942440032958991 0.89416033029556286 0.29687500000000006 0.26546458899974829 0.64051404595375072 0.042521487921476371 0.48862613737583166 0.96666666865348827 1.0654745101928713
decision_type=2 2 2 2 2 2 2 2 2 2 2 2 2 2 2 2 2 2 2 2 2 2 2 2 2 2 2 2 2 2
left_child=28 12 6 4 5 -4 7 10 -9 11 -3 -8 18 15 16 19 -15 -16 20 -14 21 -2 -22 -20 -25 -17 -5 -6 -1 -30
right_child=1 2 3 26 27 -7 9 8 -10 -11 -12 -13 13 14 17 25 -18 -19 23 -21 22 -23 -24 24 -26 -27 -28 -29 29 -31
leaf_value=-0.026043517160082651 0.00042768968581842855 -0.029822338656841276 -0.010870037329425297 -0.0052695665811880264 -0.00089232433696877949 0.032059336137367063 -0.0047750693961144614 -0.022459735458227569 0.025445487667492786 -0.0028245190018262199 0.0056689164860537948 0.037616612714186946 0.037175332367408803 -0.014553169283305295 -0.0078541889254660231 -0.026898020321696983 0.028459155220840342 0.0026930953363280235 -0.020812125127195262 0.0077086936479005179 -0.021407522424309357 0.034484901707359995 0.021003881751214662 0 0.024278675880962896 0.0078546481699013002 -0.035530704515820459 -0.030224847892497974 -0.0032913647904180333 0.014230712603657859
leaf_weight=7.652691589551976 187.07639263616875 6.3061806462355907 6.3469693660736146 3.1676870039664191 2.57601750770118 12.206468157703055 2.761825177818543 2.4643541141413143 11.872310772305353 4.8392249871976665 7.8921381297986954 18.588041611248627 15.901366365607826 128.47654884739313 122.60408469918184 7.6975649199448508 5.9297063304111353 314.35051340638893 3.0151372078107661 17.707871517748572 29.770701839122921 12.861210815957746 8.7962396054062975 13.823235052521339 33.637749618617818 4.2468606485053897 7.0721186201553792 4.4770799307152629 0.47900849534198631 0.33011562749743462
leaf_count=1122 2504 175 54 29 101 90 68 56 169 48 109 124 133 1414 1730 151 56 4035 59 225 591 249 70 217 314 72 66 189 70 8
internal_value=6.42618e-05 0.000279637 0.00690899 -0.00388033 0.00623132 0.0174153 0.013973 0.00268343 0.0160878 0.0256125 -0.0108222 0.0320303 -0.000386737 -0.00197411 -0.00315469 0.0125187 -0.0124372 -0.000270669 0.00298675 0.0224081 0.000452916 0.00279411 -0.0113723 0.0146597 0.017358 -0.0146577 -0.027738 -0.0213253 -0.0223304 0.00611375
internal_weight=1004.93 996.466 90.5704 35.8463 25.6065 18.5534 54.7241 28.535 14.3367 26.1891 14.1983 21.3499 905.895 616.915 571.361 45.5537 134.406 436.955 288.981 33.6092 238.505 199.938 38.5669 50.4761 47.461 11.9444 10.2398 7.0531 8.46182 0.809124
internal_count=14298 13098 1278 529 434 144 749 509 225 240 284 192 11820 7816 7235 581 1470 5765 4004 358 3414 2753 661 590 531 223 95 290 1200 78
is_linear=0
shrinkage=0.03


Tree=249
num_leaves=24
num_cat=0
split_feature=6 35 34 25 32 25 17 38 27 24 18 5 4 27 2 27 41 29 47 48 7 25 24
split_gain=4.94289 4.8868 6.68964 7.71557 5.02715 11.0942 10.9805 11.3535 9.26164 9.43153 9.40727 11.0811 10.0077 9.1935 8.81062 7.48565 4.46253 3.59365 3.51191 2.62384 2.55314 1.95592 1.641
threshold=13.226967871189119 0.3768067210912705 0.56778830289840709 0.15658368915319446 0.037823278456926353 0.1751276031136513 0.97656250000000011 0.46875000000000006 0.98835703730583202 0.27541561424732214 0.50390625000000011 0.1236931160092354 0.79335579276084911 0.98760354518890392 0.29687500000000006 0.98864641785621654 0.78769046068191539 0.99263238906860363 0.58300521969795238 0.35713535547256475 4.1267645359039316 0.1782050356268883 0.30767440795898443
decision_type=2 2 2 2 2 2 2 2 2 2 2 2 2 2 2 2 2 2 2 2 2 2 2
left_child=1 2 3 -1 8 6 -6 -8 10 -10 12 -12 -3 14 -7 -15 19 21 -11 -4 -18 -5 -19
right_child=-2 4 16 17 5 13 7 -9 9 18 11 -13 -14 15 -16 -17 20 22 -20 -21 -22 -23 -24
leaf_value=0.023122230365320025 0.026940352873824479 0.021073881442918822 0.028581975607099963 0.017230078860953419 -0.034360359999809846 0.0062571958119222197 -0.002703099332432575 0.011226970830990965 -0.026415986924726978 -0.0051527807070920256 0.015802555691388009 -0.0092234023326594645 -0.0069891535113561706 -0.035107799948752738 -0.0046465013943987896 -0.0053240668183776605 -0.027471215128736431 -0.037195723514870091 0.027572093970523879 0 0.0074698973624643785 -0.014331690782631204 -0.0063912857398913166
leaf_weight=2.4828367056325105 5.0486935633234671 10.903889118228106 5.3673382280394453 1.5280741176102335 4.8071429263800374 113.60447487264173 72.122468517743982 187.8116589357378 3.2658827396808219 2.9852537342812893 41.691586855100468 24.409401998622343 289.95952688029502 11.582605634466743 158.52480554359499 21.042811471968889 3.7695085284067309 13.172538171056656 17.879842420341447 5.040939497994259 2.3534110778709874 4.8108865375979804 2.5513777390588066
leaf_count=35 142 116 36 24 65 1975 948 2273 69 58 535 444 3965 158 2075 372 175 237 158 54 53 260 22
internal_value=-9.30776e-05 -0.000259059 -0.0102673 -0.0199269 0.000176026 0.0019761 0.00645963 0.00735483 -0.00243586 0.0151739 -0.00364009 0.00651667 -0.00589571 -0.00191734 -7.73611e-05 -0.0167167 0.0042228 -0.025694 0.0227313 0.0157785 -0.0144568 -0.00500356 -0.0330578
internal_weight=1006.72 1001.67 41.0769 24.5457 960.591 569.496 264.741 259.934 391.095 24.131 366.964 66.101 300.863 304.755 272.129 32.6254 16.5312 22.0629 20.8651 10.4083 6.12292 6.33896 15.7239
internal_count=14249 14107 896 578 13211 7866 3286 3221 5345 285 5060 979 4081 4580 4050 530 318 543 216 90 228 284 259
is_linear=0
shrinkage=0.03


end of trees

feature_importances:
vertical_axis_alignment=522
vertical_y_mean=381
term_crop=320
term_alignment=268
vertical_bbox_width=229
vertical_bbox_height=226
vertical_x_std=223
prepared_line_count=222
term_camera_prior=214
term_third_axis=211
vertical_mean_length=207
vertical_mean_score=201
vertical_x_mean=184
horizontal_axis_alignment=181
best_energy_gap=175
vertical_y_std=170
vertical_total_length=146
vertical_count=145
horizontal_y_mean=136
horizontal_x_std=132
horizontal_mean_length=131
horizontal_x_mean=130
horizontal_bbox_width=124
frozen_energy=116
intersection_y_std=116
term_consensus=109
term_jacobian=106
horizontal_strength=104
horizontal_mean_score=98
horizontal_total_length=90
intersection_inside_ratio=89
horizontal_bbox_height=84
term_identity=79
intersection_x_std=77
horizontal_y_std=74
supporter_overlap=73
intersection_center_distance=70
supporter_center_distance=69
horizontal_cell_coverage=58
frozen_rank_percentile=57
supporter_count_ratio=51
horizontal_count=49
supporter_length_ratio=37
crop_scale=33
vp_cluster_count=33
term_coverage=32
vertical_strength=29
vertical_cell_coverage=27
intersection_finite_ratio=26
term_orthogonality=25

parameters:
[boosting: gbdt]
[objective: binary]
[metric: binary_logloss]
[tree_learner: serial]
[device_type: cpu]
[data_sample_strategy: bagging]
[data: ]
[valid: ]
[num_iterations: 250]
[learning_rate: 0.03]
[num_leaves: 31]
[num_threads: 4]
[seed: 20260727]
[deterministic: 1]
[force_col_wise: 1]
[force_row_wise: 0]
[histogram_pool_size: -1]
[max_depth: 6]
[min_data_in_leaf: 30]
[min_sum_hessian_in_leaf: 0.001]
[bagging_fraction: 0.9]
[pos_bagging_fraction: 1]
[neg_bagging_fraction: 1]
[bagging_freq: 1]
[bagging_seed: 20260727]
[bagging_by_query: 0]
[feature_fraction: 0.9]
[feature_fraction_bynode: 1]
[feature_fraction_seed: 20260727]
[extra_trees: 0]
[extra_seed: 3530]
[early_stopping_round: 0]
[early_stopping_min_delta: 0]
[first_metric_only: 0]
[max_delta_step: 0]
[lambda_l1: 0.1]
[lambda_l2: 1]
[linear_lambda: 0]
[min_gain_to_split: 0]
[drop_rate: 0.1]
[max_drop: 50]
[skip_drop: 0.5]
[xgboost_dart_mode: 0]
[uniform_drop: 0]
[drop_seed: 15643]
[top_rate: 0.2]
[other_rate: 0.1]
[min_data_per_group: 100]
[max_cat_threshold: 32]
[cat_l2: 10]
[cat_smooth: 10]
[max_cat_to_onehot: 4]
[top_k: 20]
[monotone_constraints: ]
[monotone_constraints_method: basic]
[monotone_penalty: 0]
[feature_contri: ]
[forcedsplits_filename: ]
[refit_decay_rate: 0.9]
[cegb_tradeoff: 1]
[cegb_penalty_split: 0]
[cegb_penalty_feature_lazy: ]
[cegb_penalty_feature_coupled: ]
[path_smooth: 0]
[interaction_constraints: ]
[verbosity: -1]
[saved_feature_importance_type: 0]
[use_quantized_grad: 0]
[num_grad_quant_bins: 4]
[quant_train_renew_leaf: 0]
[stochastic_rounding: 1]
[linear_tree: 0]
[max_bin: 255]
[max_bin_by_feature: ]
[min_data_in_bin: 3]
[bin_construct_sample_cnt: 200000]
[data_random_seed: 4455]
[is_enable_sparse: 1]
[enable_bundle: 1]
[use_missing: 1]
[zero_as_missing: 0]
[feature_pre_filter: 1]
[pre_partition: 0]
[two_round: 0]
[header: 0]
[label_column: ]
[weight_column: ]
[group_column: ]
[ignore_column: ]
[categorical_feature: ]
[forcedbins_filename: ]
[precise_float_parser: 0]
[parser_config_file: ]
[objective_seed: 14425]
[num_class: 1]
[is_unbalance: 0]
[scale_pos_weight: 1]
[sigmoid: 1]
[boost_from_average: 1]
[reg_sqrt: 0]
[alpha: 0.9]
[fair_c: 1]
[poisson_max_delta_step: 0.7]
[tweedie_variance_power: 1.5]
[lambdarank_truncation_level: 30]
[lambdarank_norm: 1]
[label_gain: ]
[lambdarank_position_bias_regularization: 0]
[eval_at: ]
[multi_error_top_k: 1]
[auc_mu_weights: ]
[num_machines: 1]
[local_listen_port: 12400]
[time_out: 120]
[machine_list_filename: ]
[machines: ]
[gpu_platform_id: -1]
[gpu_device_id: -1]
[gpu_use_dp: 0]
[num_gpu: 1]

end of parameters

pandas_categorical:null
